Copyright 1986-2022 Xilinx, Inc. All Rights Reserved.
------------------------------------------------------------------------------------------------------------------------------------------------------------------------------------------------------------------------------------------------
| Tool Version : Vivado v.2022.2 (win64) Build 3671981 Fri Oct 14 05:00:03 MDT 2022
| Date         : Mon Oct  5 23:05:13 2026
| Host         : LAPTOP-6D98Q4KP running 64-bit major release  (build 9200)
| Command      : report_timing_summary -max_paths 10 -report_unconstrained -file wrapper_nexys_top_timing_summary_routed.rpt -pb wrapper_nexys_top_timing_summary_routed.pb -rpx wrapper_nexys_top_timing_summary_routed.rpx -warn_on_violation
| Design       : wrapper_nexys_top
| Device       : 7a100t-csg324
| Speed File   : -1  PRODUCTION 1.23 2018-06-13
------------------------------------------------------------------------------------------------------------------------------------------------------------------------------------------------------------------------------------------------

Timing Summary Report

------------------------------------------------------------------------------------------------
| Timer Settings
| --------------
------------------------------------------------------------------------------------------------

  Enable Multi Corner Analysis               :  Yes
  Enable Pessimism Removal                   :  Yes
  Pessimism Removal Resolution               :  Nearest Common Node
  Enable Input Delay Default Clock           :  No
  Enable Preset / Clear Arcs                 :  No
  Disable Flight Delays                      :  No
  Ignore I/O Paths                           :  No
  Timing Early Launch at Borrowing Latches   :  No
  Borrow Time for Max Delay Exceptions       :  Yes
  Merge Timing Exceptions                    :  Yes

  Corner  Analyze    Analyze    
  Name    Max Paths  Min Paths  
  ------  ---------  ---------  
  Slow    Yes        Yes        
  Fast    Yes        Yes        


------------------------------------------------------------------------------------------------
| Report Methodology
| ------------------
------------------------------------------------------------------------------------------------

Rule       Severity          Description                  Violations  
---------  ----------------  ---------------------------  ----------  
TIMING-17  Critical Warning  Non-clocked sequential cell  3           

Note: This report is based on the most recent report_methodology run and may not be up-to-date. Run report_methodology on the current design for the latest report.



check_timing report

Table of Contents
-----------------
1. checking no_clock (3)
2. checking constant_clock (0)
3. checking pulse_width_clock (0)
4. checking unconstrained_internal_endpoints (3)
5. checking no_input_delay (2)
6. checking no_output_delay (15)
7. checking multiple_clock (0)
8. checking generated_clocks (0)
9. checking loops (0)
10. checking partial_input_delay (0)
11. checking partial_output_delay (0)
12. checking latch_loops (0)

1. checking no_clock (3)
------------------------
 There are 3 register/latch pins with no clock driven by root clock pin: clk_sevenseg/clk_int_reg/Q (HIGH)


2. checking constant_clock (0)
------------------------------
 There are 0 register/latch pins with constant_clock.


3. checking pulse_width_clock (0)
---------------------------------
 There are 0 register/latch pins which need pulse_width check


4. checking unconstrained_internal_endpoints (3)
------------------------------------------------
 There are 3 pins that are not constrained for maximum delay. (HIGH)

 There are 0 pins that are not constrained for maximum delay due to constant clock.


5. checking no_input_delay (2)
------------------------------
 There are 2 input ports with no input delay specified. (HIGH)

 There are 0 input ports with no input delay but user has a false path constraint.


6. checking no_output_delay (15)
--------------------------------
 There are 15 ports with no output delay specified. (HIGH)

 There are 0 ports with no output delay but user has a false path constraint

 There are 0 ports with no output delay but with a timing clock defined on it or propagating through it


7. checking multiple_clock (0)
------------------------------
 There are 0 register/latch pins with multiple clocks.


8. checking generated_clocks (0)
--------------------------------
 There are 0 generated clocks that are not connected to a clock source.


9. checking loops (0)
---------------------
 There are 0 combinational loops in the design.


10. checking partial_input_delay (0)
------------------------------------
 There are 0 input ports with partial input delay specified.


11. checking partial_output_delay (0)
-------------------------------------
 There are 0 ports with partial output delay specified.


12. checking latch_loops (0)
----------------------------
 There are 0 combinational latch loops in the design through latch input



------------------------------------------------------------------------------------------------
| Design Timing Summary
| ---------------------
------------------------------------------------------------------------------------------------

    WNS(ns)      TNS(ns)  TNS Failing Endpoints  TNS Total Endpoints      WHS(ns)      THS(ns)  THS Failing Endpoints  THS Total Endpoints     WPWS(ns)     TPWS(ns)  TPWS Failing Endpoints  TPWS Total Endpoints  
    -------      -------  ---------------------  -------------------      -------      -------  ---------------------  -------------------     --------     --------  ----------------------  --------------------  
      0.210        0.000                      0                 2377        0.037        0.000                      0                 2377        3.000        0.000                       0                   830  


All user specified timing constraints are met.


------------------------------------------------------------------------------------------------
| Clock Summary
| -------------
------------------------------------------------------------------------------------------------

Clock                 Waveform(ns)       Period(ns)      Frequency(MHz)
-----                 ------------       ----------      --------------
clk_100MHz            {0.000 5.000}      10.000          100.000         
  clk_out1_clk_wiz_0  {0.000 6.623}      13.245          75.500          
  clkfbout_clk_wiz_0  {0.000 10.000}     20.000          50.000          


------------------------------------------------------------------------------------------------
| Intra Clock Table
| -----------------
------------------------------------------------------------------------------------------------

Clock                     WNS(ns)      TNS(ns)  TNS Failing Endpoints  TNS Total Endpoints      WHS(ns)      THS(ns)  THS Failing Endpoints  THS Total Endpoints     WPWS(ns)     TPWS(ns)  TPWS Failing Endpoints  TPWS Total Endpoints  
-----                     -------      -------  ---------------------  -------------------      -------      -------  ---------------------  -------------------     --------     --------  ----------------------  --------------------  
clk_100MHz                                                                                                                                                              3.000        0.000                       0                     1  
  clk_out1_clk_wiz_0        0.210        0.000                      0                 2377        0.037        0.000                      0                 2377        5.373        0.000                       0                   826  
  clkfbout_clk_wiz_0                                                                                                                                                   17.845        0.000                       0                     3  


------------------------------------------------------------------------------------------------
| Inter Clock Table
| -----------------
------------------------------------------------------------------------------------------------

From Clock    To Clock          WNS(ns)      TNS(ns)  TNS Failing Endpoints  TNS Total Endpoints      WHS(ns)      THS(ns)  THS Failing Endpoints  THS Total Endpoints  
----------    --------          -------      -------  ---------------------  -------------------      -------      -------  ---------------------  -------------------  


------------------------------------------------------------------------------------------------
| Other Path Groups Table
| -----------------------
------------------------------------------------------------------------------------------------

Path Group    From Clock    To Clock          WNS(ns)      TNS(ns)  TNS Failing Endpoints  TNS Total Endpoints      WHS(ns)      THS(ns)  THS Failing Endpoints  THS Total Endpoints  
----------    ----------    --------          -------      -------  ---------------------  -------------------      -------      -------  ---------------------  -------------------  


------------------------------------------------------------------------------------------------
| User Ignored Path Table
| -----------------------
------------------------------------------------------------------------------------------------

Path Group    From Clock    To Clock    
----------    ----------    --------    


------------------------------------------------------------------------------------------------
| Unconstrained Path Table
| ------------------------
------------------------------------------------------------------------------------------------

Path Group          From Clock          To Clock          
----------          ----------          --------          
(none)                                                      
(none)              clk_out1_clk_wiz_0                      
(none)              clkfbout_clk_wiz_0                      
(none)                                  clk_out1_clk_wiz_0  


------------------------------------------------------------------------------------------------
| Timing Details
| --------------
------------------------------------------------------------------------------------------------


---------------------------------------------------------------------------------------------------
From Clock:  clk_100MHz
  To Clock:  clk_100MHz

Setup :           NA  Failing Endpoints,  Worst Slack           NA  ,  Total Violation           NA
Hold  :           NA  Failing Endpoints,  Worst Slack           NA  ,  Total Violation           NA
PW    :            0  Failing Endpoints,  Worst Slack        3.000ns,  Total Violation        0.000ns
---------------------------------------------------------------------------------------------------


Pulse Width Checks
--------------------------------------------------------------------------------------
Clock Name:         clk_100MHz
Waveform(ns):       { 0.000 5.000 }
Period(ns):         10.000
Sources:            { clk_100MHz }

Check Type        Corner  Lib Pin            Reference Pin  Required(ns)  Actual(ns)  Slack(ns)  Location         Pin
Min Period        n/a     MMCME2_ADV/CLKIN1  n/a            1.249         10.000      8.751      MMCME2_ADV_X1Y2  clk_wiz_inst/inst/mmcm_adv_inst/CLKIN1
Max Period        n/a     MMCME2_ADV/CLKIN1  n/a            100.000       10.000      90.000     MMCME2_ADV_X1Y2  clk_wiz_inst/inst/mmcm_adv_inst/CLKIN1
Low Pulse Width   Slow    MMCME2_ADV/CLKIN1  n/a            2.000         5.000       3.000      MMCME2_ADV_X1Y2  clk_wiz_inst/inst/mmcm_adv_inst/CLKIN1
Low Pulse Width   Fast    MMCME2_ADV/CLKIN1  n/a            2.000         5.000       3.000      MMCME2_ADV_X1Y2  clk_wiz_inst/inst/mmcm_adv_inst/CLKIN1
High Pulse Width  Slow    MMCME2_ADV/CLKIN1  n/a            2.000         5.000       3.000      MMCME2_ADV_X1Y2  clk_wiz_inst/inst/mmcm_adv_inst/CLKIN1
High Pulse Width  Fast    MMCME2_ADV/CLKIN1  n/a            2.000         5.000       3.000      MMCME2_ADV_X1Y2  clk_wiz_inst/inst/mmcm_adv_inst/CLKIN1



---------------------------------------------------------------------------------------------------
From Clock:  clk_out1_clk_wiz_0
  To Clock:  clk_out1_clk_wiz_0

Setup :            0  Failing Endpoints,  Worst Slack        0.210ns,  Total Violation        0.000ns
Hold  :            0  Failing Endpoints,  Worst Slack        0.037ns,  Total Violation        0.000ns
PW    :            0  Failing Endpoints,  Worst Slack        5.373ns,  Total Violation        0.000ns
---------------------------------------------------------------------------------------------------


Max Delay Paths
--------------------------------------------------------------------------------------
Slack (MET) :             0.210ns  (required time - arrival time)
  Source:                 toppyty/Core_Unit/DatapathCore/ff_Execute/ff_InstrE/qout_reg[22]/C
                            (rising edge-triggered cell FDRE clocked by clk_out1_clk_wiz_0  {rise@0.000ns fall@6.623ns period=13.245ns})
  Destination:            toppyty/Core_Unit/DatapathCore/ff_Fetch/ff_RE_interior/qout_reg[30]/D
                            (rising edge-triggered cell FDRE clocked by clk_out1_clk_wiz_0  {rise@0.000ns fall@6.623ns period=13.245ns})
  Path Group:             clk_out1_clk_wiz_0
  Path Type:              Setup (Max at Slow Process Corner)
  Requirement:            13.245ns  (clk_out1_clk_wiz_0 rise@13.245ns - clk_out1_clk_wiz_0 rise@0.000ns)
  Data Path Delay:        12.926ns  (logic 3.427ns (26.512%)  route 9.499ns (73.488%))
  Logic Levels:           19  (CARRY4=8 LUT5=4 LUT6=7)
  Clock Path Skew:        -0.125ns (DCD - SCD + CPR)
    Destination Clock Delay (DCD):    -1.511ns = ( 11.734 - 13.245 ) 
    Source Clock Delay      (SCD):    -0.827ns
    Clock Pessimism Removal (CPR):    0.559ns
  Clock Uncertainty:      0.093ns  ((TSJ^2 + DJ^2)^1/2) / 2 + PE
    Total System Jitter     (TSJ):    0.071ns
    Discrete Jitter          (DJ):    0.172ns
    Phase Error              (PE):    0.000ns

    Location             Delay type                Incr(ns)  Path(ns)    Netlist Resource(s)
  -------------------------------------------------------------------    -------------------
                         (clock clk_out1_clk_wiz_0 rise edge)
                                                      0.000     0.000 r  
    E3                                                0.000     0.000 r  clk_100MHz (IN)
                         net (fo=0)                   0.000     0.000    clk_wiz_inst/inst/clk_in1
    E3                   IBUF (Prop_ibuf_I_O)         1.482     1.482 r  clk_wiz_inst/inst/clkin1_ibufg/O
                         net (fo=1, routed)           1.233     2.715    clk_wiz_inst/inst/clk_in1_clk_wiz_0
    MMCME2_ADV_X1Y2      MMCME2_ADV (Prop_mmcme2_adv_CLKIN1_CLKOUT0)
                                                     -7.070    -4.355 r  clk_wiz_inst/inst/mmcm_adv_inst/CLKOUT0
                         net (fo=1, routed)           1.719    -2.636    clk_wiz_inst/inst/clk_out1_clk_wiz_0
    BUFGCTRL_X0Y16       BUFG (Prop_bufg_I_O)         0.096    -2.540 r  clk_wiz_inst/inst/clkout1_buf/O
                         net (fo=824, routed)         1.713    -0.827    toppyty/Core_Unit/DatapathCore/ff_Execute/ff_InstrE/clk_out1
    SLICE_X6Y68          FDRE                                         r  toppyty/Core_Unit/DatapathCore/ff_Execute/ff_InstrE/qout_reg[22]/C
  -------------------------------------------------------------------    -------------------
    SLICE_X6Y68          FDRE (Prop_fdre_C_Q)         0.518    -0.309 r  toppyty/Core_Unit/DatapathCore/ff_Execute/ff_InstrE/qout_reg[22]/Q
                         net (fo=7, routed)           0.849     0.540    toppyty/Core_Unit/DatapathCore/ff_Execute/ff_InstrE/qout_reg[22]_0
    SLICE_X4Y68          LUT6 (Prop_lut6_I4_O)        0.124     0.664 r  toppyty/Core_Unit/DatapathCore/ff_Execute/ff_InstrE/qout[31]_i_7__0/O
                         net (fo=1, routed)           0.667     1.331    toppyty/Core_Unit/DatapathCore/ff_Execute/ff_InstrE/qout[31]_i_7__0_n_0
    SLICE_X4Y68          LUT6 (Prop_lut6_I5_O)        0.124     1.455 r  toppyty/Core_Unit/DatapathCore/ff_Execute/ff_InstrE/qout[31]_i_3/O
                         net (fo=42, routed)          1.178     2.633    toppyty/Core_Unit/DatapathCore/ff_Execute/ff_InstrE/qout_reg[24]_2[0]
    SLICE_X5Y77          LUT5 (Prop_lut5_I4_O)        0.124     2.757 r  toppyty/Core_Unit/DatapathCore/ff_Execute/ff_InstrE/qout[23]_i_1__3/O
                         net (fo=3, routed)           0.738     3.494    toppyty/Core_Unit/DatapathCore/ff_Execute/ff_InstrE/qout_reg[31]_0[17]
    SLICE_X4Y76          LUT6 (Prop_lut6_I0_O)        0.124     3.618 r  toppyty/Core_Unit/DatapathCore/ff_Execute/ff_InstrE/qout[31]_i_11/O
                         net (fo=2, routed)           0.733     4.351    toppyty/Core_Unit/DatapathCore/ff_Execute/ff_InstrE/qout[31]_i_11_n_0
    SLICE_X8Y74          LUT5 (Prop_lut5_I4_O)        0.124     4.475 r  toppyty/Core_Unit/DatapathCore/ff_Execute/ff_InstrE/qout[31]_i_6/O
                         net (fo=1, routed)           1.013     5.488    toppyty/Core_Unit/DatapathCore/ff_Execute/ff_InstrE/qout[31]_i_6_n_0
    SLICE_X9Y69          LUT6 (Prop_lut6_I0_O)        0.124     5.612 f  toppyty/Core_Unit/DatapathCore/ff_Execute/ff_InstrE/qout[31]_i_2/O
                         net (fo=91, routed)          1.041     6.653    toppyty/Core_Unit/DatapathCore/ff_Execute/ff_InstrE/qout_reg[29]_5
    SLICE_X8Y77          LUT6 (Prop_lut6_I3_O)        0.124     6.777 f  toppyty/Core_Unit/DatapathCore/ff_Execute/ff_InstrE/qout[20]_i_2/O
                         net (fo=2, routed)           0.807     7.584    toppyty/Core_Unit/DatapathCore/ff_Execute/ff_InstrE/data10[19]
    SLICE_X7Y77          LUT5 (Prop_lut5_I0_O)        0.124     7.708 f  toppyty/Core_Unit/DatapathCore/ff_Execute/ff_InstrE/qout[30]_i_47/O
                         net (fo=1, routed)           0.407     8.115    toppyty/Core_Unit/DatapathCore/ff_Execute/ff_AluControlE/qout[30]_i_6_1
    SLICE_X7Y77          LUT5 (Prop_lut5_I1_O)        0.124     8.239 f  toppyty/Core_Unit/DatapathCore/ff_Execute/ff_AluControlE/qout[30]_i_20/O
                         net (fo=1, routed)           1.328     9.567    toppyty/Core_Unit/DatapathCore/ff_Execute/ff_AluControlE/qout[30]_i_20_n_0
    SLICE_X9Y68          LUT6 (Prop_lut6_I4_O)        0.124     9.691 r  toppyty/Core_Unit/DatapathCore/ff_Execute/ff_AluControlE/qout[30]_i_6/O
                         net (fo=36, routed)          0.408    10.099    toppyty/Core_Unit/DatapathCore/ff_Execute/ff_AluControlE/qout[30]_i_6_n_0
    SLICE_X9Y66          LUT6 (Prop_lut6_I2_O)        0.124    10.223 r  toppyty/Core_Unit/DatapathCore/ff_Execute/ff_AluControlE/qout[1]_i_2/O
                         net (fo=1, routed)           0.332    10.555    toppyty/Core_Unit/DatapathCore/ff_Execute/ff_AluControlE/qout[1]_i_2_n_0
    SLICE_X8Y66          CARRY4 (Prop_carry4_DI[1]_CO[3])
                                                      0.520    11.075 r  toppyty/Core_Unit/DatapathCore/ff_Execute/ff_AluControlE/qout_reg[1]_i_1/CO[3]
                         net (fo=1, routed)           0.000    11.075    toppyty/Core_Unit/DatapathCore/ff_Execute/ff_AluControlE/qout_reg[1]_i_1_n_0
    SLICE_X8Y67          CARRY4 (Prop_carry4_CI_CO[3])
                                                      0.117    11.192 r  toppyty/Core_Unit/DatapathCore/ff_Execute/ff_AluControlE/qout_reg[5]_i_1/CO[3]
                         net (fo=1, routed)           0.000    11.192    toppyty/Core_Unit/DatapathCore/ff_Execute/ff_AluControlE/qout_reg[5]_i_1_n_0
    SLICE_X8Y68          CARRY4 (Prop_carry4_CI_CO[3])
                                                      0.117    11.309 r  toppyty/Core_Unit/DatapathCore/ff_Execute/ff_AluControlE/qout_reg[9]_i_1/CO[3]
                         net (fo=1, routed)           0.000    11.309    toppyty/Core_Unit/DatapathCore/ff_Execute/ff_AluControlE/qout_reg[9]_i_1_n_0
    SLICE_X8Y69          CARRY4 (Prop_carry4_CI_CO[3])
                                                      0.117    11.426 r  toppyty/Core_Unit/DatapathCore/ff_Execute/ff_AluControlE/qout_reg[13]_i_1/CO[3]
                         net (fo=1, routed)           0.000    11.426    toppyty/Core_Unit/DatapathCore/ff_Execute/ff_AluControlE/qout_reg[13]_i_1_n_0
    SLICE_X8Y70          CARRY4 (Prop_carry4_CI_CO[3])
                                                      0.117    11.543 r  toppyty/Core_Unit/DatapathCore/ff_Execute/ff_AluControlE/qout_reg[17]_i_1/CO[3]
                         net (fo=1, routed)           0.000    11.543    toppyty/Core_Unit/DatapathCore/ff_Execute/ff_AluControlE/qout_reg[17]_i_1_n_0
    SLICE_X8Y71          CARRY4 (Prop_carry4_CI_CO[3])
                                                      0.117    11.660 r  toppyty/Core_Unit/DatapathCore/ff_Execute/ff_AluControlE/qout_reg[21]_i_1/CO[3]
                         net (fo=1, routed)           0.000    11.660    toppyty/Core_Unit/DatapathCore/ff_Execute/ff_AluControlE/qout_reg[21]_i_1_n_0
    SLICE_X8Y72          CARRY4 (Prop_carry4_CI_CO[3])
                                                      0.117    11.777 r  toppyty/Core_Unit/DatapathCore/ff_Execute/ff_AluControlE/qout_reg[25]_i_1/CO[3]
                         net (fo=1, routed)           0.000    11.777    toppyty/Core_Unit/DatapathCore/ff_Execute/ff_AluControlE/qout_reg[25]_i_1_n_0
    SLICE_X8Y73          CARRY4 (Prop_carry4_CI_O[1])
                                                      0.323    12.100 r  toppyty/Core_Unit/DatapathCore/ff_Execute/ff_AluControlE/qout_reg[29]_i_1/O[1]
                         net (fo=1, routed)           0.000    12.100    toppyty/Core_Unit/DatapathCore/ff_Fetch/ff_RE_interior/qout_reg[31]_0[1]
    SLICE_X8Y73          FDRE                                         r  toppyty/Core_Unit/DatapathCore/ff_Fetch/ff_RE_interior/qout_reg[30]/D
  -------------------------------------------------------------------    -------------------

                         (clock clk_out1_clk_wiz_0 rise edge)
                                                     13.245    13.245 r  
    E3                                                0.000    13.245 r  clk_100MHz (IN)
                         net (fo=0)                   0.000    13.245    clk_wiz_inst/inst/clk_in1
    E3                   IBUF (Prop_ibuf_I_O)         1.411    14.656 r  clk_wiz_inst/inst/clkin1_ibufg/O
                         net (fo=1, routed)           1.162    15.818    clk_wiz_inst/inst/clk_in1_clk_wiz_0
    MMCME2_ADV_X1Y2      MMCME2_ADV (Prop_mmcme2_adv_CLKIN1_CLKOUT0)
                                                     -7.324     8.494 r  clk_wiz_inst/inst/mmcm_adv_inst/CLKOUT0
                         net (fo=1, routed)           1.639    10.133    clk_wiz_inst/inst/clk_out1_clk_wiz_0
    BUFGCTRL_X0Y16       BUFG (Prop_bufg_I_O)         0.091    10.224 r  clk_wiz_inst/inst/clkout1_buf/O
                         net (fo=824, routed)         1.509    11.734    toppyty/Core_Unit/DatapathCore/ff_Fetch/ff_RE_interior/clk_out1
    SLICE_X8Y73          FDRE                                         r  toppyty/Core_Unit/DatapathCore/ff_Fetch/ff_RE_interior/qout_reg[30]/C
                         clock pessimism              0.559    12.293    
                         clock uncertainty           -0.093    12.200    
    SLICE_X8Y73          FDRE (Setup_fdre_C_D)        0.109    12.309    toppyty/Core_Unit/DatapathCore/ff_Fetch/ff_RE_interior/qout_reg[30]
  -------------------------------------------------------------------
                         required time                         12.309    
                         arrival time                         -12.100    
  -------------------------------------------------------------------
                         slack                                  0.210    

Slack (MET) :             0.294ns  (required time - arrival time)
  Source:                 toppyty/Core_Unit/DatapathCore/ff_Execute/ff_InstrE/qout_reg[22]/C
                            (rising edge-triggered cell FDRE clocked by clk_out1_clk_wiz_0  {rise@0.000ns fall@6.623ns period=13.245ns})
  Destination:            toppyty/Core_Unit/DatapathCore/ff_Fetch/ff_RE_interior/qout_reg[31]/D
                            (rising edge-triggered cell FDRE clocked by clk_out1_clk_wiz_0  {rise@0.000ns fall@6.623ns period=13.245ns})
  Path Group:             clk_out1_clk_wiz_0
  Path Type:              Setup (Max at Slow Process Corner)
  Requirement:            13.245ns  (clk_out1_clk_wiz_0 rise@13.245ns - clk_out1_clk_wiz_0 rise@0.000ns)
  Data Path Delay:        12.842ns  (logic 3.343ns (26.031%)  route 9.499ns (73.969%))
  Logic Levels:           19  (CARRY4=8 LUT5=4 LUT6=7)
  Clock Path Skew:        -0.125ns (DCD - SCD + CPR)
    Destination Clock Delay (DCD):    -1.511ns = ( 11.734 - 13.245 ) 
    Source Clock Delay      (SCD):    -0.827ns
    Clock Pessimism Removal (CPR):    0.559ns
  Clock Uncertainty:      0.093ns  ((TSJ^2 + DJ^2)^1/2) / 2 + PE
    Total System Jitter     (TSJ):    0.071ns
    Discrete Jitter          (DJ):    0.172ns
    Phase Error              (PE):    0.000ns

    Location             Delay type                Incr(ns)  Path(ns)    Netlist Resource(s)
  -------------------------------------------------------------------    -------------------
                         (clock clk_out1_clk_wiz_0 rise edge)
                                                      0.000     0.000 r  
    E3                                                0.000     0.000 r  clk_100MHz (IN)
                         net (fo=0)                   0.000     0.000    clk_wiz_inst/inst/clk_in1
    E3                   IBUF (Prop_ibuf_I_O)         1.482     1.482 r  clk_wiz_inst/inst/clkin1_ibufg/O
                         net (fo=1, routed)           1.233     2.715    clk_wiz_inst/inst/clk_in1_clk_wiz_0
    MMCME2_ADV_X1Y2      MMCME2_ADV (Prop_mmcme2_adv_CLKIN1_CLKOUT0)
                                                     -7.070    -4.355 r  clk_wiz_inst/inst/mmcm_adv_inst/CLKOUT0
                         net (fo=1, routed)           1.719    -2.636    clk_wiz_inst/inst/clk_out1_clk_wiz_0
    BUFGCTRL_X0Y16       BUFG (Prop_bufg_I_O)         0.096    -2.540 r  clk_wiz_inst/inst/clkout1_buf/O
                         net (fo=824, routed)         1.713    -0.827    toppyty/Core_Unit/DatapathCore/ff_Execute/ff_InstrE/clk_out1
    SLICE_X6Y68          FDRE                                         r  toppyty/Core_Unit/DatapathCore/ff_Execute/ff_InstrE/qout_reg[22]/C
  -------------------------------------------------------------------    -------------------
    SLICE_X6Y68          FDRE (Prop_fdre_C_Q)         0.518    -0.309 r  toppyty/Core_Unit/DatapathCore/ff_Execute/ff_InstrE/qout_reg[22]/Q
                         net (fo=7, routed)           0.849     0.540    toppyty/Core_Unit/DatapathCore/ff_Execute/ff_InstrE/qout_reg[22]_0
    SLICE_X4Y68          LUT6 (Prop_lut6_I4_O)        0.124     0.664 r  toppyty/Core_Unit/DatapathCore/ff_Execute/ff_InstrE/qout[31]_i_7__0/O
                         net (fo=1, routed)           0.667     1.331    toppyty/Core_Unit/DatapathCore/ff_Execute/ff_InstrE/qout[31]_i_7__0_n_0
    SLICE_X4Y68          LUT6 (Prop_lut6_I5_O)        0.124     1.455 r  toppyty/Core_Unit/DatapathCore/ff_Execute/ff_InstrE/qout[31]_i_3/O
                         net (fo=42, routed)          1.178     2.633    toppyty/Core_Unit/DatapathCore/ff_Execute/ff_InstrE/qout_reg[24]_2[0]
    SLICE_X5Y77          LUT5 (Prop_lut5_I4_O)        0.124     2.757 r  toppyty/Core_Unit/DatapathCore/ff_Execute/ff_InstrE/qout[23]_i_1__3/O
                         net (fo=3, routed)           0.738     3.494    toppyty/Core_Unit/DatapathCore/ff_Execute/ff_InstrE/qout_reg[31]_0[17]
    SLICE_X4Y76          LUT6 (Prop_lut6_I0_O)        0.124     3.618 r  toppyty/Core_Unit/DatapathCore/ff_Execute/ff_InstrE/qout[31]_i_11/O
                         net (fo=2, routed)           0.733     4.351    toppyty/Core_Unit/DatapathCore/ff_Execute/ff_InstrE/qout[31]_i_11_n_0
    SLICE_X8Y74          LUT5 (Prop_lut5_I4_O)        0.124     4.475 r  toppyty/Core_Unit/DatapathCore/ff_Execute/ff_InstrE/qout[31]_i_6/O
                         net (fo=1, routed)           1.013     5.488    toppyty/Core_Unit/DatapathCore/ff_Execute/ff_InstrE/qout[31]_i_6_n_0
    SLICE_X9Y69          LUT6 (Prop_lut6_I0_O)        0.124     5.612 f  toppyty/Core_Unit/DatapathCore/ff_Execute/ff_InstrE/qout[31]_i_2/O
                         net (fo=91, routed)          1.041     6.653    toppyty/Core_Unit/DatapathCore/ff_Execute/ff_InstrE/qout_reg[29]_5
    SLICE_X8Y77          LUT6 (Prop_lut6_I3_O)        0.124     6.777 f  toppyty/Core_Unit/DatapathCore/ff_Execute/ff_InstrE/qout[20]_i_2/O
                         net (fo=2, routed)           0.807     7.584    toppyty/Core_Unit/DatapathCore/ff_Execute/ff_InstrE/data10[19]
    SLICE_X7Y77          LUT5 (Prop_lut5_I0_O)        0.124     7.708 f  toppyty/Core_Unit/DatapathCore/ff_Execute/ff_InstrE/qout[30]_i_47/O
                         net (fo=1, routed)           0.407     8.115    toppyty/Core_Unit/DatapathCore/ff_Execute/ff_AluControlE/qout[30]_i_6_1
    SLICE_X7Y77          LUT5 (Prop_lut5_I1_O)        0.124     8.239 f  toppyty/Core_Unit/DatapathCore/ff_Execute/ff_AluControlE/qout[30]_i_20/O
                         net (fo=1, routed)           1.328     9.567    toppyty/Core_Unit/DatapathCore/ff_Execute/ff_AluControlE/qout[30]_i_20_n_0
    SLICE_X9Y68          LUT6 (Prop_lut6_I4_O)        0.124     9.691 r  toppyty/Core_Unit/DatapathCore/ff_Execute/ff_AluControlE/qout[30]_i_6/O
                         net (fo=36, routed)          0.408    10.099    toppyty/Core_Unit/DatapathCore/ff_Execute/ff_AluControlE/qout[30]_i_6_n_0
    SLICE_X9Y66          LUT6 (Prop_lut6_I2_O)        0.124    10.223 r  toppyty/Core_Unit/DatapathCore/ff_Execute/ff_AluControlE/qout[1]_i_2/O
                         net (fo=1, routed)           0.332    10.555    toppyty/Core_Unit/DatapathCore/ff_Execute/ff_AluControlE/qout[1]_i_2_n_0
    SLICE_X8Y66          CARRY4 (Prop_carry4_DI[1]_CO[3])
                                                      0.520    11.075 r  toppyty/Core_Unit/DatapathCore/ff_Execute/ff_AluControlE/qout_reg[1]_i_1/CO[3]
                         net (fo=1, routed)           0.000    11.075    toppyty/Core_Unit/DatapathCore/ff_Execute/ff_AluControlE/qout_reg[1]_i_1_n_0
    SLICE_X8Y67          CARRY4 (Prop_carry4_CI_CO[3])
                                                      0.117    11.192 r  toppyty/Core_Unit/DatapathCore/ff_Execute/ff_AluControlE/qout_reg[5]_i_1/CO[3]
                         net (fo=1, routed)           0.000    11.192    toppyty/Core_Unit/DatapathCore/ff_Execute/ff_AluControlE/qout_reg[5]_i_1_n_0
    SLICE_X8Y68          CARRY4 (Prop_carry4_CI_CO[3])
                                                      0.117    11.309 r  toppyty/Core_Unit/DatapathCore/ff_Execute/ff_AluControlE/qout_reg[9]_i_1/CO[3]
                         net (fo=1, routed)           0.000    11.309    toppyty/Core_Unit/DatapathCore/ff_Execute/ff_AluControlE/qout_reg[9]_i_1_n_0
    SLICE_X8Y69          CARRY4 (Prop_carry4_CI_CO[3])
                                                      0.117    11.426 r  toppyty/Core_Unit/DatapathCore/ff_Execute/ff_AluControlE/qout_reg[13]_i_1/CO[3]
                         net (fo=1, routed)           0.000    11.426    toppyty/Core_Unit/DatapathCore/ff_Execute/ff_AluControlE/qout_reg[13]_i_1_n_0
    SLICE_X8Y70          CARRY4 (Prop_carry4_CI_CO[3])
                                                      0.117    11.543 r  toppyty/Core_Unit/DatapathCore/ff_Execute/ff_AluControlE/qout_reg[17]_i_1/CO[3]
                         net (fo=1, routed)           0.000    11.543    toppyty/Core_Unit/DatapathCore/ff_Execute/ff_AluControlE/qout_reg[17]_i_1_n_0
    SLICE_X8Y71          CARRY4 (Prop_carry4_CI_CO[3])
                                                      0.117    11.660 r  toppyty/Core_Unit/DatapathCore/ff_Execute/ff_AluControlE/qout_reg[21]_i_1/CO[3]
                         net (fo=1, routed)           0.000    11.660    toppyty/Core_Unit/DatapathCore/ff_Execute/ff_AluControlE/qout_reg[21]_i_1_n_0
    SLICE_X8Y72          CARRY4 (Prop_carry4_CI_CO[3])
                                                      0.117    11.777 r  toppyty/Core_Unit/DatapathCore/ff_Execute/ff_AluControlE/qout_reg[25]_i_1/CO[3]
                         net (fo=1, routed)           0.000    11.777    toppyty/Core_Unit/DatapathCore/ff_Execute/ff_AluControlE/qout_reg[25]_i_1_n_0
    SLICE_X8Y73          CARRY4 (Prop_carry4_CI_O[2])
                                                      0.239    12.016 r  toppyty/Core_Unit/DatapathCore/ff_Execute/ff_AluControlE/qout_reg[29]_i_1/O[2]
                         net (fo=1, routed)           0.000    12.016    toppyty/Core_Unit/DatapathCore/ff_Fetch/ff_RE_interior/qout_reg[31]_0[2]
    SLICE_X8Y73          FDRE                                         r  toppyty/Core_Unit/DatapathCore/ff_Fetch/ff_RE_interior/qout_reg[31]/D
  -------------------------------------------------------------------    -------------------

                         (clock clk_out1_clk_wiz_0 rise edge)
                                                     13.245    13.245 r  
    E3                                                0.000    13.245 r  clk_100MHz (IN)
                         net (fo=0)                   0.000    13.245    clk_wiz_inst/inst/clk_in1
    E3                   IBUF (Prop_ibuf_I_O)         1.411    14.656 r  clk_wiz_inst/inst/clkin1_ibufg/O
                         net (fo=1, routed)           1.162    15.818    clk_wiz_inst/inst/clk_in1_clk_wiz_0
    MMCME2_ADV_X1Y2      MMCME2_ADV (Prop_mmcme2_adv_CLKIN1_CLKOUT0)
                                                     -7.324     8.494 r  clk_wiz_inst/inst/mmcm_adv_inst/CLKOUT0
                         net (fo=1, routed)           1.639    10.133    clk_wiz_inst/inst/clk_out1_clk_wiz_0
    BUFGCTRL_X0Y16       BUFG (Prop_bufg_I_O)         0.091    10.224 r  clk_wiz_inst/inst/clkout1_buf/O
                         net (fo=824, routed)         1.509    11.734    toppyty/Core_Unit/DatapathCore/ff_Fetch/ff_RE_interior/clk_out1
    SLICE_X8Y73          FDRE                                         r  toppyty/Core_Unit/DatapathCore/ff_Fetch/ff_RE_interior/qout_reg[31]/C
                         clock pessimism              0.559    12.293    
                         clock uncertainty           -0.093    12.200    
    SLICE_X8Y73          FDRE (Setup_fdre_C_D)        0.109    12.309    toppyty/Core_Unit/DatapathCore/ff_Fetch/ff_RE_interior/qout_reg[31]
  -------------------------------------------------------------------
                         required time                         12.309    
                         arrival time                         -12.016    
  -------------------------------------------------------------------
                         slack                                  0.294    

Slack (MET) :             0.297ns  (required time - arrival time)
  Source:                 toppyty/Core_Unit/DatapathCore/ff_Execute/ff_InstrE/qout_reg[22]/C
                            (rising edge-triggered cell FDRE clocked by clk_out1_clk_wiz_0  {rise@0.000ns fall@6.623ns period=13.245ns})
  Destination:            toppyty/Core_Unit/DatapathCore/ff_Execute/ff_RD2E/qout_reg[21]/R
                            (rising edge-triggered cell FDRE clocked by clk_out1_clk_wiz_0  {rise@0.000ns fall@6.623ns period=13.245ns})
  Path Group:             clk_out1_clk_wiz_0
  Path Type:              Setup (Max at Slow Process Corner)
  Requirement:            13.245ns  (clk_out1_clk_wiz_0 rise@13.245ns - clk_out1_clk_wiz_0 rise@0.000ns)
  Data Path Delay:        12.286ns  (logic 1.882ns (15.319%)  route 10.404ns (84.681%))
  Logic Levels:           11  (LUT5=4 LUT6=7)
  Clock Path Skew:        -0.045ns (DCD - SCD + CPR)
    Destination Clock Delay (DCD):    -1.431ns = ( 11.814 - 13.245 ) 
    Source Clock Delay      (SCD):    -0.827ns
    Clock Pessimism Removal (CPR):    0.559ns
  Clock Uncertainty:      0.093ns  ((TSJ^2 + DJ^2)^1/2) / 2 + PE
    Total System Jitter     (TSJ):    0.071ns
    Discrete Jitter          (DJ):    0.172ns
    Phase Error              (PE):    0.000ns

    Location             Delay type                Incr(ns)  Path(ns)    Netlist Resource(s)
  -------------------------------------------------------------------    -------------------
                         (clock clk_out1_clk_wiz_0 rise edge)
                                                      0.000     0.000 r  
    E3                                                0.000     0.000 r  clk_100MHz (IN)
                         net (fo=0)                   0.000     0.000    clk_wiz_inst/inst/clk_in1
    E3                   IBUF (Prop_ibuf_I_O)         1.482     1.482 r  clk_wiz_inst/inst/clkin1_ibufg/O
                         net (fo=1, routed)           1.233     2.715    clk_wiz_inst/inst/clk_in1_clk_wiz_0
    MMCME2_ADV_X1Y2      MMCME2_ADV (Prop_mmcme2_adv_CLKIN1_CLKOUT0)
                                                     -7.070    -4.355 r  clk_wiz_inst/inst/mmcm_adv_inst/CLKOUT0
                         net (fo=1, routed)           1.719    -2.636    clk_wiz_inst/inst/clk_out1_clk_wiz_0
    BUFGCTRL_X0Y16       BUFG (Prop_bufg_I_O)         0.096    -2.540 r  clk_wiz_inst/inst/clkout1_buf/O
                         net (fo=824, routed)         1.713    -0.827    toppyty/Core_Unit/DatapathCore/ff_Execute/ff_InstrE/clk_out1
    SLICE_X6Y68          FDRE                                         r  toppyty/Core_Unit/DatapathCore/ff_Execute/ff_InstrE/qout_reg[22]/C
  -------------------------------------------------------------------    -------------------
    SLICE_X6Y68          FDRE (Prop_fdre_C_Q)         0.518    -0.309 r  toppyty/Core_Unit/DatapathCore/ff_Execute/ff_InstrE/qout_reg[22]/Q
                         net (fo=7, routed)           0.849     0.540    toppyty/Core_Unit/DatapathCore/ff_Execute/ff_InstrE/qout_reg[22]_0
    SLICE_X4Y68          LUT6 (Prop_lut6_I4_O)        0.124     0.664 r  toppyty/Core_Unit/DatapathCore/ff_Execute/ff_InstrE/qout[31]_i_7__0/O
                         net (fo=1, routed)           0.667     1.331    toppyty/Core_Unit/DatapathCore/ff_Execute/ff_InstrE/qout[31]_i_7__0_n_0
    SLICE_X4Y68          LUT6 (Prop_lut6_I5_O)        0.124     1.455 r  toppyty/Core_Unit/DatapathCore/ff_Execute/ff_InstrE/qout[31]_i_3/O
                         net (fo=42, routed)          1.178     2.633    toppyty/Core_Unit/DatapathCore/ff_Execute/ff_InstrE/qout_reg[24]_2[0]
    SLICE_X5Y77          LUT5 (Prop_lut5_I4_O)        0.124     2.757 r  toppyty/Core_Unit/DatapathCore/ff_Execute/ff_InstrE/qout[23]_i_1__3/O
                         net (fo=3, routed)           0.738     3.494    toppyty/Core_Unit/DatapathCore/ff_Execute/ff_InstrE/qout_reg[31]_0[17]
    SLICE_X4Y76          LUT6 (Prop_lut6_I0_O)        0.124     3.618 r  toppyty/Core_Unit/DatapathCore/ff_Execute/ff_InstrE/qout[31]_i_11/O
                         net (fo=2, routed)           0.733     4.351    toppyty/Core_Unit/DatapathCore/ff_Execute/ff_InstrE/qout[31]_i_11_n_0
    SLICE_X8Y74          LUT5 (Prop_lut5_I4_O)        0.124     4.475 r  toppyty/Core_Unit/DatapathCore/ff_Execute/ff_InstrE/qout[31]_i_6/O
                         net (fo=1, routed)           1.013     5.488    toppyty/Core_Unit/DatapathCore/ff_Execute/ff_InstrE/qout[31]_i_6_n_0
    SLICE_X9Y69          LUT6 (Prop_lut6_I0_O)        0.124     5.612 f  toppyty/Core_Unit/DatapathCore/ff_Execute/ff_InstrE/qout[31]_i_2/O
                         net (fo=91, routed)          1.041     6.653    toppyty/Core_Unit/DatapathCore/ff_Execute/ff_InstrE/qout_reg[29]_5
    SLICE_X8Y77          LUT6 (Prop_lut6_I3_O)        0.124     6.777 f  toppyty/Core_Unit/DatapathCore/ff_Execute/ff_InstrE/qout[20]_i_2/O
                         net (fo=2, routed)           0.807     7.584    toppyty/Core_Unit/DatapathCore/ff_Execute/ff_InstrE/data10[19]
    SLICE_X7Y77          LUT5 (Prop_lut5_I0_O)        0.124     7.708 f  toppyty/Core_Unit/DatapathCore/ff_Execute/ff_InstrE/qout[30]_i_47/O
                         net (fo=1, routed)           0.407     8.115    toppyty/Core_Unit/DatapathCore/ff_Execute/ff_AluControlE/qout[30]_i_6_1
    SLICE_X7Y77          LUT5 (Prop_lut5_I1_O)        0.124     8.239 f  toppyty/Core_Unit/DatapathCore/ff_Execute/ff_AluControlE/qout[30]_i_20/O
                         net (fo=1, routed)           1.328     9.567    toppyty/Core_Unit/DatapathCore/ff_Execute/ff_AluControlE/qout[30]_i_20_n_0
    SLICE_X9Y68          LUT6 (Prop_lut6_I4_O)        0.124     9.691 r  toppyty/Core_Unit/DatapathCore/ff_Execute/ff_AluControlE/qout[30]_i_6/O
                         net (fo=36, routed)          0.401    10.092    toppyty/Core_Unit/DatapathCore/ff_Execute/ff_AluControlE/qout[30]_i_6_n_0
    SLICE_X9Y67          LUT6 (Prop_lut6_I1_O)        0.124    10.216 r  toppyty/Core_Unit/DatapathCore/ff_Execute/ff_AluControlE/qout[18]_i_1__1/O
                         net (fo=176, routed)         1.243    11.459    toppyty/Core_Unit/DatapathCore/ff_Execute/ff_RD2E/qout_reg[0]_0[0]
    SLICE_X6Y77          FDRE                                         r  toppyty/Core_Unit/DatapathCore/ff_Execute/ff_RD2E/qout_reg[21]/R
  -------------------------------------------------------------------    -------------------

                         (clock clk_out1_clk_wiz_0 rise edge)
                                                     13.245    13.245 r  
    E3                                                0.000    13.245 r  clk_100MHz (IN)
                         net (fo=0)                   0.000    13.245    clk_wiz_inst/inst/clk_in1
    E3                   IBUF (Prop_ibuf_I_O)         1.411    14.656 r  clk_wiz_inst/inst/clkin1_ibufg/O
                         net (fo=1, routed)           1.162    15.818    clk_wiz_inst/inst/clk_in1_clk_wiz_0
    MMCME2_ADV_X1Y2      MMCME2_ADV (Prop_mmcme2_adv_CLKIN1_CLKOUT0)
                                                     -7.324     8.494 r  clk_wiz_inst/inst/mmcm_adv_inst/CLKOUT0
                         net (fo=1, routed)           1.639    10.133    clk_wiz_inst/inst/clk_out1_clk_wiz_0
    BUFGCTRL_X0Y16       BUFG (Prop_bufg_I_O)         0.091    10.224 r  clk_wiz_inst/inst/clkout1_buf/O
                         net (fo=824, routed)         1.589    11.814    toppyty/Core_Unit/DatapathCore/ff_Execute/ff_RD2E/clk_out1
    SLICE_X6Y77          FDRE                                         r  toppyty/Core_Unit/DatapathCore/ff_Execute/ff_RD2E/qout_reg[21]/C
                         clock pessimism              0.559    12.373    
                         clock uncertainty           -0.093    12.280    
    SLICE_X6Y77          FDRE (Setup_fdre_C_R)       -0.524    11.756    toppyty/Core_Unit/DatapathCore/ff_Execute/ff_RD2E/qout_reg[21]
  -------------------------------------------------------------------
                         required time                         11.756    
                         arrival time                         -11.459    
  -------------------------------------------------------------------
                         slack                                  0.297    

Slack (MET) :             0.314ns  (required time - arrival time)
  Source:                 toppyty/Core_Unit/DatapathCore/ff_Execute/ff_InstrE/qout_reg[22]/C
                            (rising edge-triggered cell FDRE clocked by clk_out1_clk_wiz_0  {rise@0.000ns fall@6.623ns period=13.245ns})
  Destination:            toppyty/Core_Unit/DatapathCore/ff_Fetch/ff_RE_interior/qout_reg[29]/D
                            (rising edge-triggered cell FDRE clocked by clk_out1_clk_wiz_0  {rise@0.000ns fall@6.623ns period=13.245ns})
  Path Group:             clk_out1_clk_wiz_0
  Path Type:              Setup (Max at Slow Process Corner)
  Requirement:            13.245ns  (clk_out1_clk_wiz_0 rise@13.245ns - clk_out1_clk_wiz_0 rise@0.000ns)
  Data Path Delay:        12.822ns  (logic 3.323ns (25.916%)  route 9.499ns (74.084%))
  Logic Levels:           19  (CARRY4=8 LUT5=4 LUT6=7)
  Clock Path Skew:        -0.125ns (DCD - SCD + CPR)
    Destination Clock Delay (DCD):    -1.511ns = ( 11.734 - 13.245 ) 
    Source Clock Delay      (SCD):    -0.827ns
    Clock Pessimism Removal (CPR):    0.559ns
  Clock Uncertainty:      0.093ns  ((TSJ^2 + DJ^2)^1/2) / 2 + PE
    Total System Jitter     (TSJ):    0.071ns
    Discrete Jitter          (DJ):    0.172ns
    Phase Error              (PE):    0.000ns

    Location             Delay type                Incr(ns)  Path(ns)    Netlist Resource(s)
  -------------------------------------------------------------------    -------------------
                         (clock clk_out1_clk_wiz_0 rise edge)
                                                      0.000     0.000 r  
    E3                                                0.000     0.000 r  clk_100MHz (IN)
                         net (fo=0)                   0.000     0.000    clk_wiz_inst/inst/clk_in1
    E3                   IBUF (Prop_ibuf_I_O)         1.482     1.482 r  clk_wiz_inst/inst/clkin1_ibufg/O
                         net (fo=1, routed)           1.233     2.715    clk_wiz_inst/inst/clk_in1_clk_wiz_0
    MMCME2_ADV_X1Y2      MMCME2_ADV (Prop_mmcme2_adv_CLKIN1_CLKOUT0)
                                                     -7.070    -4.355 r  clk_wiz_inst/inst/mmcm_adv_inst/CLKOUT0
                         net (fo=1, routed)           1.719    -2.636    clk_wiz_inst/inst/clk_out1_clk_wiz_0
    BUFGCTRL_X0Y16       BUFG (Prop_bufg_I_O)         0.096    -2.540 r  clk_wiz_inst/inst/clkout1_buf/O
                         net (fo=824, routed)         1.713    -0.827    toppyty/Core_Unit/DatapathCore/ff_Execute/ff_InstrE/clk_out1
    SLICE_X6Y68          FDRE                                         r  toppyty/Core_Unit/DatapathCore/ff_Execute/ff_InstrE/qout_reg[22]/C
  -------------------------------------------------------------------    -------------------
    SLICE_X6Y68          FDRE (Prop_fdre_C_Q)         0.518    -0.309 r  toppyty/Core_Unit/DatapathCore/ff_Execute/ff_InstrE/qout_reg[22]/Q
                         net (fo=7, routed)           0.849     0.540    toppyty/Core_Unit/DatapathCore/ff_Execute/ff_InstrE/qout_reg[22]_0
    SLICE_X4Y68          LUT6 (Prop_lut6_I4_O)        0.124     0.664 r  toppyty/Core_Unit/DatapathCore/ff_Execute/ff_InstrE/qout[31]_i_7__0/O
                         net (fo=1, routed)           0.667     1.331    toppyty/Core_Unit/DatapathCore/ff_Execute/ff_InstrE/qout[31]_i_7__0_n_0
    SLICE_X4Y68          LUT6 (Prop_lut6_I5_O)        0.124     1.455 r  toppyty/Core_Unit/DatapathCore/ff_Execute/ff_InstrE/qout[31]_i_3/O
                         net (fo=42, routed)          1.178     2.633    toppyty/Core_Unit/DatapathCore/ff_Execute/ff_InstrE/qout_reg[24]_2[0]
    SLICE_X5Y77          LUT5 (Prop_lut5_I4_O)        0.124     2.757 r  toppyty/Core_Unit/DatapathCore/ff_Execute/ff_InstrE/qout[23]_i_1__3/O
                         net (fo=3, routed)           0.738     3.494    toppyty/Core_Unit/DatapathCore/ff_Execute/ff_InstrE/qout_reg[31]_0[17]
    SLICE_X4Y76          LUT6 (Prop_lut6_I0_O)        0.124     3.618 r  toppyty/Core_Unit/DatapathCore/ff_Execute/ff_InstrE/qout[31]_i_11/O
                         net (fo=2, routed)           0.733     4.351    toppyty/Core_Unit/DatapathCore/ff_Execute/ff_InstrE/qout[31]_i_11_n_0
    SLICE_X8Y74          LUT5 (Prop_lut5_I4_O)        0.124     4.475 r  toppyty/Core_Unit/DatapathCore/ff_Execute/ff_InstrE/qout[31]_i_6/O
                         net (fo=1, routed)           1.013     5.488    toppyty/Core_Unit/DatapathCore/ff_Execute/ff_InstrE/qout[31]_i_6_n_0
    SLICE_X9Y69          LUT6 (Prop_lut6_I0_O)        0.124     5.612 f  toppyty/Core_Unit/DatapathCore/ff_Execute/ff_InstrE/qout[31]_i_2/O
                         net (fo=91, routed)          1.041     6.653    toppyty/Core_Unit/DatapathCore/ff_Execute/ff_InstrE/qout_reg[29]_5
    SLICE_X8Y77          LUT6 (Prop_lut6_I3_O)        0.124     6.777 f  toppyty/Core_Unit/DatapathCore/ff_Execute/ff_InstrE/qout[20]_i_2/O
                         net (fo=2, routed)           0.807     7.584    toppyty/Core_Unit/DatapathCore/ff_Execute/ff_InstrE/data10[19]
    SLICE_X7Y77          LUT5 (Prop_lut5_I0_O)        0.124     7.708 f  toppyty/Core_Unit/DatapathCore/ff_Execute/ff_InstrE/qout[30]_i_47/O
                         net (fo=1, routed)           0.407     8.115    toppyty/Core_Unit/DatapathCore/ff_Execute/ff_AluControlE/qout[30]_i_6_1
    SLICE_X7Y77          LUT5 (Prop_lut5_I1_O)        0.124     8.239 f  toppyty/Core_Unit/DatapathCore/ff_Execute/ff_AluControlE/qout[30]_i_20/O
                         net (fo=1, routed)           1.328     9.567    toppyty/Core_Unit/DatapathCore/ff_Execute/ff_AluControlE/qout[30]_i_20_n_0
    SLICE_X9Y68          LUT6 (Prop_lut6_I4_O)        0.124     9.691 r  toppyty/Core_Unit/DatapathCore/ff_Execute/ff_AluControlE/qout[30]_i_6/O
                         net (fo=36, routed)          0.408    10.099    toppyty/Core_Unit/DatapathCore/ff_Execute/ff_AluControlE/qout[30]_i_6_n_0
    SLICE_X9Y66          LUT6 (Prop_lut6_I2_O)        0.124    10.223 r  toppyty/Core_Unit/DatapathCore/ff_Execute/ff_AluControlE/qout[1]_i_2/O
                         net (fo=1, routed)           0.332    10.555    toppyty/Core_Unit/DatapathCore/ff_Execute/ff_AluControlE/qout[1]_i_2_n_0
    SLICE_X8Y66          CARRY4 (Prop_carry4_DI[1]_CO[3])
                                                      0.520    11.075 r  toppyty/Core_Unit/DatapathCore/ff_Execute/ff_AluControlE/qout_reg[1]_i_1/CO[3]
                         net (fo=1, routed)           0.000    11.075    toppyty/Core_Unit/DatapathCore/ff_Execute/ff_AluControlE/qout_reg[1]_i_1_n_0
    SLICE_X8Y67          CARRY4 (Prop_carry4_CI_CO[3])
                                                      0.117    11.192 r  toppyty/Core_Unit/DatapathCore/ff_Execute/ff_AluControlE/qout_reg[5]_i_1/CO[3]
                         net (fo=1, routed)           0.000    11.192    toppyty/Core_Unit/DatapathCore/ff_Execute/ff_AluControlE/qout_reg[5]_i_1_n_0
    SLICE_X8Y68          CARRY4 (Prop_carry4_CI_CO[3])
                                                      0.117    11.309 r  toppyty/Core_Unit/DatapathCore/ff_Execute/ff_AluControlE/qout_reg[9]_i_1/CO[3]
                         net (fo=1, routed)           0.000    11.309    toppyty/Core_Unit/DatapathCore/ff_Execute/ff_AluControlE/qout_reg[9]_i_1_n_0
    SLICE_X8Y69          CARRY4 (Prop_carry4_CI_CO[3])
                                                      0.117    11.426 r  toppyty/Core_Unit/DatapathCore/ff_Execute/ff_AluControlE/qout_reg[13]_i_1/CO[3]
                         net (fo=1, routed)           0.000    11.426    toppyty/Core_Unit/DatapathCore/ff_Execute/ff_AluControlE/qout_reg[13]_i_1_n_0
    SLICE_X8Y70          CARRY4 (Prop_carry4_CI_CO[3])
                                                      0.117    11.543 r  toppyty/Core_Unit/DatapathCore/ff_Execute/ff_AluControlE/qout_reg[17]_i_1/CO[3]
                         net (fo=1, routed)           0.000    11.543    toppyty/Core_Unit/DatapathCore/ff_Execute/ff_AluControlE/qout_reg[17]_i_1_n_0
    SLICE_X8Y71          CARRY4 (Prop_carry4_CI_CO[3])
                                                      0.117    11.660 r  toppyty/Core_Unit/DatapathCore/ff_Execute/ff_AluControlE/qout_reg[21]_i_1/CO[3]
                         net (fo=1, routed)           0.000    11.660    toppyty/Core_Unit/DatapathCore/ff_Execute/ff_AluControlE/qout_reg[21]_i_1_n_0
    SLICE_X8Y72          CARRY4 (Prop_carry4_CI_CO[3])
                                                      0.117    11.777 r  toppyty/Core_Unit/DatapathCore/ff_Execute/ff_AluControlE/qout_reg[25]_i_1/CO[3]
                         net (fo=1, routed)           0.000    11.777    toppyty/Core_Unit/DatapathCore/ff_Execute/ff_AluControlE/qout_reg[25]_i_1_n_0
    SLICE_X8Y73          CARRY4 (Prop_carry4_CI_O[0])
                                                      0.219    11.996 r  toppyty/Core_Unit/DatapathCore/ff_Execute/ff_AluControlE/qout_reg[29]_i_1/O[0]
                         net (fo=1, routed)           0.000    11.996    toppyty/Core_Unit/DatapathCore/ff_Fetch/ff_RE_interior/qout_reg[31]_0[0]
    SLICE_X8Y73          FDRE                                         r  toppyty/Core_Unit/DatapathCore/ff_Fetch/ff_RE_interior/qout_reg[29]/D
  -------------------------------------------------------------------    -------------------

                         (clock clk_out1_clk_wiz_0 rise edge)
                                                     13.245    13.245 r  
    E3                                                0.000    13.245 r  clk_100MHz (IN)
                         net (fo=0)                   0.000    13.245    clk_wiz_inst/inst/clk_in1
    E3                   IBUF (Prop_ibuf_I_O)         1.411    14.656 r  clk_wiz_inst/inst/clkin1_ibufg/O
                         net (fo=1, routed)           1.162    15.818    clk_wiz_inst/inst/clk_in1_clk_wiz_0
    MMCME2_ADV_X1Y2      MMCME2_ADV (Prop_mmcme2_adv_CLKIN1_CLKOUT0)
                                                     -7.324     8.494 r  clk_wiz_inst/inst/mmcm_adv_inst/CLKOUT0
                         net (fo=1, routed)           1.639    10.133    clk_wiz_inst/inst/clk_out1_clk_wiz_0
    BUFGCTRL_X0Y16       BUFG (Prop_bufg_I_O)         0.091    10.224 r  clk_wiz_inst/inst/clkout1_buf/O
                         net (fo=824, routed)         1.509    11.734    toppyty/Core_Unit/DatapathCore/ff_Fetch/ff_RE_interior/clk_out1
    SLICE_X8Y73          FDRE                                         r  toppyty/Core_Unit/DatapathCore/ff_Fetch/ff_RE_interior/qout_reg[29]/C
                         clock pessimism              0.559    12.293    
                         clock uncertainty           -0.093    12.200    
    SLICE_X8Y73          FDRE (Setup_fdre_C_D)        0.109    12.309    toppyty/Core_Unit/DatapathCore/ff_Fetch/ff_RE_interior/qout_reg[29]
  -------------------------------------------------------------------
                         required time                         12.309    
                         arrival time                         -11.996    
  -------------------------------------------------------------------
                         slack                                  0.314    

Slack (MET) :             0.328ns  (required time - arrival time)
  Source:                 toppyty/Core_Unit/DatapathCore/ff_Execute/ff_InstrE/qout_reg[22]/C
                            (rising edge-triggered cell FDRE clocked by clk_out1_clk_wiz_0  {rise@0.000ns fall@6.623ns period=13.245ns})
  Destination:            toppyty/Core_Unit/DatapathCore/ff_Fetch/ff_RE_interior/qout_reg[26]/D
                            (rising edge-triggered cell FDRE clocked by clk_out1_clk_wiz_0  {rise@0.000ns fall@6.623ns period=13.245ns})
  Path Group:             clk_out1_clk_wiz_0
  Path Type:              Setup (Max at Slow Process Corner)
  Requirement:            13.245ns  (clk_out1_clk_wiz_0 rise@13.245ns - clk_out1_clk_wiz_0 rise@0.000ns)
  Data Path Delay:        12.809ns  (logic 3.310ns (25.840%)  route 9.499ns (74.160%))
  Logic Levels:           18  (CARRY4=7 LUT5=4 LUT6=7)
  Clock Path Skew:        -0.124ns (DCD - SCD + CPR)
    Destination Clock Delay (DCD):    -1.510ns = ( 11.735 - 13.245 ) 
    Source Clock Delay      (SCD):    -0.827ns
    Clock Pessimism Removal (CPR):    0.559ns
  Clock Uncertainty:      0.093ns  ((TSJ^2 + DJ^2)^1/2) / 2 + PE
    Total System Jitter     (TSJ):    0.071ns
    Discrete Jitter          (DJ):    0.172ns
    Phase Error              (PE):    0.000ns

    Location             Delay type                Incr(ns)  Path(ns)    Netlist Resource(s)
  -------------------------------------------------------------------    -------------------
                         (clock clk_out1_clk_wiz_0 rise edge)
                                                      0.000     0.000 r  
    E3                                                0.000     0.000 r  clk_100MHz (IN)
                         net (fo=0)                   0.000     0.000    clk_wiz_inst/inst/clk_in1
    E3                   IBUF (Prop_ibuf_I_O)         1.482     1.482 r  clk_wiz_inst/inst/clkin1_ibufg/O
                         net (fo=1, routed)           1.233     2.715    clk_wiz_inst/inst/clk_in1_clk_wiz_0
    MMCME2_ADV_X1Y2      MMCME2_ADV (Prop_mmcme2_adv_CLKIN1_CLKOUT0)
                                                     -7.070    -4.355 r  clk_wiz_inst/inst/mmcm_adv_inst/CLKOUT0
                         net (fo=1, routed)           1.719    -2.636    clk_wiz_inst/inst/clk_out1_clk_wiz_0
    BUFGCTRL_X0Y16       BUFG (Prop_bufg_I_O)         0.096    -2.540 r  clk_wiz_inst/inst/clkout1_buf/O
                         net (fo=824, routed)         1.713    -0.827    toppyty/Core_Unit/DatapathCore/ff_Execute/ff_InstrE/clk_out1
    SLICE_X6Y68          FDRE                                         r  toppyty/Core_Unit/DatapathCore/ff_Execute/ff_InstrE/qout_reg[22]/C
  -------------------------------------------------------------------    -------------------
    SLICE_X6Y68          FDRE (Prop_fdre_C_Q)         0.518    -0.309 r  toppyty/Core_Unit/DatapathCore/ff_Execute/ff_InstrE/qout_reg[22]/Q
                         net (fo=7, routed)           0.849     0.540    toppyty/Core_Unit/DatapathCore/ff_Execute/ff_InstrE/qout_reg[22]_0
    SLICE_X4Y68          LUT6 (Prop_lut6_I4_O)        0.124     0.664 r  toppyty/Core_Unit/DatapathCore/ff_Execute/ff_InstrE/qout[31]_i_7__0/O
                         net (fo=1, routed)           0.667     1.331    toppyty/Core_Unit/DatapathCore/ff_Execute/ff_InstrE/qout[31]_i_7__0_n_0
    SLICE_X4Y68          LUT6 (Prop_lut6_I5_O)        0.124     1.455 r  toppyty/Core_Unit/DatapathCore/ff_Execute/ff_InstrE/qout[31]_i_3/O
                         net (fo=42, routed)          1.178     2.633    toppyty/Core_Unit/DatapathCore/ff_Execute/ff_InstrE/qout_reg[24]_2[0]
    SLICE_X5Y77          LUT5 (Prop_lut5_I4_O)        0.124     2.757 r  toppyty/Core_Unit/DatapathCore/ff_Execute/ff_InstrE/qout[23]_i_1__3/O
                         net (fo=3, routed)           0.738     3.494    toppyty/Core_Unit/DatapathCore/ff_Execute/ff_InstrE/qout_reg[31]_0[17]
    SLICE_X4Y76          LUT6 (Prop_lut6_I0_O)        0.124     3.618 r  toppyty/Core_Unit/DatapathCore/ff_Execute/ff_InstrE/qout[31]_i_11/O
                         net (fo=2, routed)           0.733     4.351    toppyty/Core_Unit/DatapathCore/ff_Execute/ff_InstrE/qout[31]_i_11_n_0
    SLICE_X8Y74          LUT5 (Prop_lut5_I4_O)        0.124     4.475 r  toppyty/Core_Unit/DatapathCore/ff_Execute/ff_InstrE/qout[31]_i_6/O
                         net (fo=1, routed)           1.013     5.488    toppyty/Core_Unit/DatapathCore/ff_Execute/ff_InstrE/qout[31]_i_6_n_0
    SLICE_X9Y69          LUT6 (Prop_lut6_I0_O)        0.124     5.612 f  toppyty/Core_Unit/DatapathCore/ff_Execute/ff_InstrE/qout[31]_i_2/O
                         net (fo=91, routed)          1.041     6.653    toppyty/Core_Unit/DatapathCore/ff_Execute/ff_InstrE/qout_reg[29]_5
    SLICE_X8Y77          LUT6 (Prop_lut6_I3_O)        0.124     6.777 f  toppyty/Core_Unit/DatapathCore/ff_Execute/ff_InstrE/qout[20]_i_2/O
                         net (fo=2, routed)           0.807     7.584    toppyty/Core_Unit/DatapathCore/ff_Execute/ff_InstrE/data10[19]
    SLICE_X7Y77          LUT5 (Prop_lut5_I0_O)        0.124     7.708 f  toppyty/Core_Unit/DatapathCore/ff_Execute/ff_InstrE/qout[30]_i_47/O
                         net (fo=1, routed)           0.407     8.115    toppyty/Core_Unit/DatapathCore/ff_Execute/ff_AluControlE/qout[30]_i_6_1
    SLICE_X7Y77          LUT5 (Prop_lut5_I1_O)        0.124     8.239 f  toppyty/Core_Unit/DatapathCore/ff_Execute/ff_AluControlE/qout[30]_i_20/O
                         net (fo=1, routed)           1.328     9.567    toppyty/Core_Unit/DatapathCore/ff_Execute/ff_AluControlE/qout[30]_i_20_n_0
    SLICE_X9Y68          LUT6 (Prop_lut6_I4_O)        0.124     9.691 r  toppyty/Core_Unit/DatapathCore/ff_Execute/ff_AluControlE/qout[30]_i_6/O
                         net (fo=36, routed)          0.408    10.099    toppyty/Core_Unit/DatapathCore/ff_Execute/ff_AluControlE/qout[30]_i_6_n_0
    SLICE_X9Y66          LUT6 (Prop_lut6_I2_O)        0.124    10.223 r  toppyty/Core_Unit/DatapathCore/ff_Execute/ff_AluControlE/qout[1]_i_2/O
                         net (fo=1, routed)           0.332    10.555    toppyty/Core_Unit/DatapathCore/ff_Execute/ff_AluControlE/qout[1]_i_2_n_0
    SLICE_X8Y66          CARRY4 (Prop_carry4_DI[1]_CO[3])
                                                      0.520    11.075 r  toppyty/Core_Unit/DatapathCore/ff_Execute/ff_AluControlE/qout_reg[1]_i_1/CO[3]
                         net (fo=1, routed)           0.000    11.075    toppyty/Core_Unit/DatapathCore/ff_Execute/ff_AluControlE/qout_reg[1]_i_1_n_0
    SLICE_X8Y67          CARRY4 (Prop_carry4_CI_CO[3])
                                                      0.117    11.192 r  toppyty/Core_Unit/DatapathCore/ff_Execute/ff_AluControlE/qout_reg[5]_i_1/CO[3]
                         net (fo=1, routed)           0.000    11.192    toppyty/Core_Unit/DatapathCore/ff_Execute/ff_AluControlE/qout_reg[5]_i_1_n_0
    SLICE_X8Y68          CARRY4 (Prop_carry4_CI_CO[3])
                                                      0.117    11.309 r  toppyty/Core_Unit/DatapathCore/ff_Execute/ff_AluControlE/qout_reg[9]_i_1/CO[3]
                         net (fo=1, routed)           0.000    11.309    toppyty/Core_Unit/DatapathCore/ff_Execute/ff_AluControlE/qout_reg[9]_i_1_n_0
    SLICE_X8Y69          CARRY4 (Prop_carry4_CI_CO[3])
                                                      0.117    11.426 r  toppyty/Core_Unit/DatapathCore/ff_Execute/ff_AluControlE/qout_reg[13]_i_1/CO[3]
                         net (fo=1, routed)           0.000    11.426    toppyty/Core_Unit/DatapathCore/ff_Execute/ff_AluControlE/qout_reg[13]_i_1_n_0
    SLICE_X8Y70          CARRY4 (Prop_carry4_CI_CO[3])
                                                      0.117    11.543 r  toppyty/Core_Unit/DatapathCore/ff_Execute/ff_AluControlE/qout_reg[17]_i_1/CO[3]
                         net (fo=1, routed)           0.000    11.543    toppyty/Core_Unit/DatapathCore/ff_Execute/ff_AluControlE/qout_reg[17]_i_1_n_0
    SLICE_X8Y71          CARRY4 (Prop_carry4_CI_CO[3])
                                                      0.117    11.660 r  toppyty/Core_Unit/DatapathCore/ff_Execute/ff_AluControlE/qout_reg[21]_i_1/CO[3]
                         net (fo=1, routed)           0.000    11.660    toppyty/Core_Unit/DatapathCore/ff_Execute/ff_AluControlE/qout_reg[21]_i_1_n_0
    SLICE_X8Y72          CARRY4 (Prop_carry4_CI_O[1])
                                                      0.323    11.983 r  toppyty/Core_Unit/DatapathCore/ff_Execute/ff_AluControlE/qout_reg[25]_i_1/O[1]
                         net (fo=1, routed)           0.000    11.983    toppyty/Core_Unit/DatapathCore/ff_Fetch/ff_RE_interior/qout_reg[28]_0[1]
    SLICE_X8Y72          FDRE                                         r  toppyty/Core_Unit/DatapathCore/ff_Fetch/ff_RE_interior/qout_reg[26]/D
  -------------------------------------------------------------------    -------------------

                         (clock clk_out1_clk_wiz_0 rise edge)
                                                     13.245    13.245 r  
    E3                                                0.000    13.245 r  clk_100MHz (IN)
                         net (fo=0)                   0.000    13.245    clk_wiz_inst/inst/clk_in1
    E3                   IBUF (Prop_ibuf_I_O)         1.411    14.656 r  clk_wiz_inst/inst/clkin1_ibufg/O
                         net (fo=1, routed)           1.162    15.818    clk_wiz_inst/inst/clk_in1_clk_wiz_0
    MMCME2_ADV_X1Y2      MMCME2_ADV (Prop_mmcme2_adv_CLKIN1_CLKOUT0)
                                                     -7.324     8.494 r  clk_wiz_inst/inst/mmcm_adv_inst/CLKOUT0
                         net (fo=1, routed)           1.639    10.133    clk_wiz_inst/inst/clk_out1_clk_wiz_0
    BUFGCTRL_X0Y16       BUFG (Prop_bufg_I_O)         0.091    10.224 r  clk_wiz_inst/inst/clkout1_buf/O
                         net (fo=824, routed)         1.510    11.735    toppyty/Core_Unit/DatapathCore/ff_Fetch/ff_RE_interior/clk_out1
    SLICE_X8Y72          FDRE                                         r  toppyty/Core_Unit/DatapathCore/ff_Fetch/ff_RE_interior/qout_reg[26]/C
                         clock pessimism              0.559    12.294    
                         clock uncertainty           -0.093    12.201    
    SLICE_X8Y72          FDRE (Setup_fdre_C_D)        0.109    12.310    toppyty/Core_Unit/DatapathCore/ff_Fetch/ff_RE_interior/qout_reg[26]
  -------------------------------------------------------------------
                         required time                         12.310    
                         arrival time                         -11.983    
  -------------------------------------------------------------------
                         slack                                  0.328    

Slack (MET) :             0.336ns  (required time - arrival time)
  Source:                 toppyty/Core_Unit/DatapathCore/ff_Execute/ff_InstrE/qout_reg[22]/C
                            (rising edge-triggered cell FDRE clocked by clk_out1_clk_wiz_0  {rise@0.000ns fall@6.623ns period=13.245ns})
  Destination:            toppyty/Core_Unit/DatapathCore/ff_Fetch/ff_RE_interior/qout_reg[28]/D
                            (rising edge-triggered cell FDRE clocked by clk_out1_clk_wiz_0  {rise@0.000ns fall@6.623ns period=13.245ns})
  Path Group:             clk_out1_clk_wiz_0
  Path Type:              Setup (Max at Slow Process Corner)
  Requirement:            13.245ns  (clk_out1_clk_wiz_0 rise@13.245ns - clk_out1_clk_wiz_0 rise@0.000ns)
  Data Path Delay:        12.801ns  (logic 3.302ns (25.794%)  route 9.499ns (74.206%))
  Logic Levels:           18  (CARRY4=7 LUT5=4 LUT6=7)
  Clock Path Skew:        -0.124ns (DCD - SCD + CPR)
    Destination Clock Delay (DCD):    -1.510ns = ( 11.735 - 13.245 ) 
    Source Clock Delay      (SCD):    -0.827ns
    Clock Pessimism Removal (CPR):    0.559ns
  Clock Uncertainty:      0.093ns  ((TSJ^2 + DJ^2)^1/2) / 2 + PE
    Total System Jitter     (TSJ):    0.071ns
    Discrete Jitter          (DJ):    0.172ns
    Phase Error              (PE):    0.000ns

    Location             Delay type                Incr(ns)  Path(ns)    Netlist Resource(s)
  -------------------------------------------------------------------    -------------------
                         (clock clk_out1_clk_wiz_0 rise edge)
                                                      0.000     0.000 r  
    E3                                                0.000     0.000 r  clk_100MHz (IN)
                         net (fo=0)                   0.000     0.000    clk_wiz_inst/inst/clk_in1
    E3                   IBUF (Prop_ibuf_I_O)         1.482     1.482 r  clk_wiz_inst/inst/clkin1_ibufg/O
                         net (fo=1, routed)           1.233     2.715    clk_wiz_inst/inst/clk_in1_clk_wiz_0
    MMCME2_ADV_X1Y2      MMCME2_ADV (Prop_mmcme2_adv_CLKIN1_CLKOUT0)
                                                     -7.070    -4.355 r  clk_wiz_inst/inst/mmcm_adv_inst/CLKOUT0
                         net (fo=1, routed)           1.719    -2.636    clk_wiz_inst/inst/clk_out1_clk_wiz_0
    BUFGCTRL_X0Y16       BUFG (Prop_bufg_I_O)         0.096    -2.540 r  clk_wiz_inst/inst/clkout1_buf/O
                         net (fo=824, routed)         1.713    -0.827    toppyty/Core_Unit/DatapathCore/ff_Execute/ff_InstrE/clk_out1
    SLICE_X6Y68          FDRE                                         r  toppyty/Core_Unit/DatapathCore/ff_Execute/ff_InstrE/qout_reg[22]/C
  -------------------------------------------------------------------    -------------------
    SLICE_X6Y68          FDRE (Prop_fdre_C_Q)         0.518    -0.309 r  toppyty/Core_Unit/DatapathCore/ff_Execute/ff_InstrE/qout_reg[22]/Q
                         net (fo=7, routed)           0.849     0.540    toppyty/Core_Unit/DatapathCore/ff_Execute/ff_InstrE/qout_reg[22]_0
    SLICE_X4Y68          LUT6 (Prop_lut6_I4_O)        0.124     0.664 r  toppyty/Core_Unit/DatapathCore/ff_Execute/ff_InstrE/qout[31]_i_7__0/O
                         net (fo=1, routed)           0.667     1.331    toppyty/Core_Unit/DatapathCore/ff_Execute/ff_InstrE/qout[31]_i_7__0_n_0
    SLICE_X4Y68          LUT6 (Prop_lut6_I5_O)        0.124     1.455 r  toppyty/Core_Unit/DatapathCore/ff_Execute/ff_InstrE/qout[31]_i_3/O
                         net (fo=42, routed)          1.178     2.633    toppyty/Core_Unit/DatapathCore/ff_Execute/ff_InstrE/qout_reg[24]_2[0]
    SLICE_X5Y77          LUT5 (Prop_lut5_I4_O)        0.124     2.757 r  toppyty/Core_Unit/DatapathCore/ff_Execute/ff_InstrE/qout[23]_i_1__3/O
                         net (fo=3, routed)           0.738     3.494    toppyty/Core_Unit/DatapathCore/ff_Execute/ff_InstrE/qout_reg[31]_0[17]
    SLICE_X4Y76          LUT6 (Prop_lut6_I0_O)        0.124     3.618 r  toppyty/Core_Unit/DatapathCore/ff_Execute/ff_InstrE/qout[31]_i_11/O
                         net (fo=2, routed)           0.733     4.351    toppyty/Core_Unit/DatapathCore/ff_Execute/ff_InstrE/qout[31]_i_11_n_0
    SLICE_X8Y74          LUT5 (Prop_lut5_I4_O)        0.124     4.475 r  toppyty/Core_Unit/DatapathCore/ff_Execute/ff_InstrE/qout[31]_i_6/O
                         net (fo=1, routed)           1.013     5.488    toppyty/Core_Unit/DatapathCore/ff_Execute/ff_InstrE/qout[31]_i_6_n_0
    SLICE_X9Y69          LUT6 (Prop_lut6_I0_O)        0.124     5.612 f  toppyty/Core_Unit/DatapathCore/ff_Execute/ff_InstrE/qout[31]_i_2/O
                         net (fo=91, routed)          1.041     6.653    toppyty/Core_Unit/DatapathCore/ff_Execute/ff_InstrE/qout_reg[29]_5
    SLICE_X8Y77          LUT6 (Prop_lut6_I3_O)        0.124     6.777 f  toppyty/Core_Unit/DatapathCore/ff_Execute/ff_InstrE/qout[20]_i_2/O
                         net (fo=2, routed)           0.807     7.584    toppyty/Core_Unit/DatapathCore/ff_Execute/ff_InstrE/data10[19]
    SLICE_X7Y77          LUT5 (Prop_lut5_I0_O)        0.124     7.708 f  toppyty/Core_Unit/DatapathCore/ff_Execute/ff_InstrE/qout[30]_i_47/O
                         net (fo=1, routed)           0.407     8.115    toppyty/Core_Unit/DatapathCore/ff_Execute/ff_AluControlE/qout[30]_i_6_1
    SLICE_X7Y77          LUT5 (Prop_lut5_I1_O)        0.124     8.239 f  toppyty/Core_Unit/DatapathCore/ff_Execute/ff_AluControlE/qout[30]_i_20/O
                         net (fo=1, routed)           1.328     9.567    toppyty/Core_Unit/DatapathCore/ff_Execute/ff_AluControlE/qout[30]_i_20_n_0
    SLICE_X9Y68          LUT6 (Prop_lut6_I4_O)        0.124     9.691 r  toppyty/Core_Unit/DatapathCore/ff_Execute/ff_AluControlE/qout[30]_i_6/O
                         net (fo=36, routed)          0.408    10.099    toppyty/Core_Unit/DatapathCore/ff_Execute/ff_AluControlE/qout[30]_i_6_n_0
    SLICE_X9Y66          LUT6 (Prop_lut6_I2_O)        0.124    10.223 r  toppyty/Core_Unit/DatapathCore/ff_Execute/ff_AluControlE/qout[1]_i_2/O
                         net (fo=1, routed)           0.332    10.555    toppyty/Core_Unit/DatapathCore/ff_Execute/ff_AluControlE/qout[1]_i_2_n_0
    SLICE_X8Y66          CARRY4 (Prop_carry4_DI[1]_CO[3])
                                                      0.520    11.075 r  toppyty/Core_Unit/DatapathCore/ff_Execute/ff_AluControlE/qout_reg[1]_i_1/CO[3]
                         net (fo=1, routed)           0.000    11.075    toppyty/Core_Unit/DatapathCore/ff_Execute/ff_AluControlE/qout_reg[1]_i_1_n_0
    SLICE_X8Y67          CARRY4 (Prop_carry4_CI_CO[3])
                                                      0.117    11.192 r  toppyty/Core_Unit/DatapathCore/ff_Execute/ff_AluControlE/qout_reg[5]_i_1/CO[3]
                         net (fo=1, routed)           0.000    11.192    toppyty/Core_Unit/DatapathCore/ff_Execute/ff_AluControlE/qout_reg[5]_i_1_n_0
    SLICE_X8Y68          CARRY4 (Prop_carry4_CI_CO[3])
                                                      0.117    11.309 r  toppyty/Core_Unit/DatapathCore/ff_Execute/ff_AluControlE/qout_reg[9]_i_1/CO[3]
                         net (fo=1, routed)           0.000    11.309    toppyty/Core_Unit/DatapathCore/ff_Execute/ff_AluControlE/qout_reg[9]_i_1_n_0
    SLICE_X8Y69          CARRY4 (Prop_carry4_CI_CO[3])
                                                      0.117    11.426 r  toppyty/Core_Unit/DatapathCore/ff_Execute/ff_AluControlE/qout_reg[13]_i_1/CO[3]
                         net (fo=1, routed)           0.000    11.426    toppyty/Core_Unit/DatapathCore/ff_Execute/ff_AluControlE/qout_reg[13]_i_1_n_0
    SLICE_X8Y70          CARRY4 (Prop_carry4_CI_CO[3])
                                                      0.117    11.543 r  toppyty/Core_Unit/DatapathCore/ff_Execute/ff_AluControlE/qout_reg[17]_i_1/CO[3]
                         net (fo=1, routed)           0.000    11.543    toppyty/Core_Unit/DatapathCore/ff_Execute/ff_AluControlE/qout_reg[17]_i_1_n_0
    SLICE_X8Y71          CARRY4 (Prop_carry4_CI_CO[3])
                                                      0.117    11.660 r  toppyty/Core_Unit/DatapathCore/ff_Execute/ff_AluControlE/qout_reg[21]_i_1/CO[3]
                         net (fo=1, routed)           0.000    11.660    toppyty/Core_Unit/DatapathCore/ff_Execute/ff_AluControlE/qout_reg[21]_i_1_n_0
    SLICE_X8Y72          CARRY4 (Prop_carry4_CI_O[3])
                                                      0.315    11.975 r  toppyty/Core_Unit/DatapathCore/ff_Execute/ff_AluControlE/qout_reg[25]_i_1/O[3]
                         net (fo=1, routed)           0.000    11.975    toppyty/Core_Unit/DatapathCore/ff_Fetch/ff_RE_interior/qout_reg[28]_0[3]
    SLICE_X8Y72          FDRE                                         r  toppyty/Core_Unit/DatapathCore/ff_Fetch/ff_RE_interior/qout_reg[28]/D
  -------------------------------------------------------------------    -------------------

                         (clock clk_out1_clk_wiz_0 rise edge)
                                                     13.245    13.245 r  
    E3                                                0.000    13.245 r  clk_100MHz (IN)
                         net (fo=0)                   0.000    13.245    clk_wiz_inst/inst/clk_in1
    E3                   IBUF (Prop_ibuf_I_O)         1.411    14.656 r  clk_wiz_inst/inst/clkin1_ibufg/O
                         net (fo=1, routed)           1.162    15.818    clk_wiz_inst/inst/clk_in1_clk_wiz_0
    MMCME2_ADV_X1Y2      MMCME2_ADV (Prop_mmcme2_adv_CLKIN1_CLKOUT0)
                                                     -7.324     8.494 r  clk_wiz_inst/inst/mmcm_adv_inst/CLKOUT0
                         net (fo=1, routed)           1.639    10.133    clk_wiz_inst/inst/clk_out1_clk_wiz_0
    BUFGCTRL_X0Y16       BUFG (Prop_bufg_I_O)         0.091    10.224 r  clk_wiz_inst/inst/clkout1_buf/O
                         net (fo=824, routed)         1.510    11.735    toppyty/Core_Unit/DatapathCore/ff_Fetch/ff_RE_interior/clk_out1
    SLICE_X8Y72          FDRE                                         r  toppyty/Core_Unit/DatapathCore/ff_Fetch/ff_RE_interior/qout_reg[28]/C
                         clock pessimism              0.559    12.294    
                         clock uncertainty           -0.093    12.201    
    SLICE_X8Y72          FDRE (Setup_fdre_C_D)        0.109    12.310    toppyty/Core_Unit/DatapathCore/ff_Fetch/ff_RE_interior/qout_reg[28]
  -------------------------------------------------------------------
                         required time                         12.310    
                         arrival time                         -11.975    
  -------------------------------------------------------------------
                         slack                                  0.336    

Slack (MET) :             0.412ns  (required time - arrival time)
  Source:                 toppyty/Core_Unit/DatapathCore/ff_Execute/ff_InstrE/qout_reg[22]/C
                            (rising edge-triggered cell FDRE clocked by clk_out1_clk_wiz_0  {rise@0.000ns fall@6.623ns period=13.245ns})
  Destination:            toppyty/Core_Unit/DatapathCore/ff_Fetch/ff_RE_interior/qout_reg[27]/D
                            (rising edge-triggered cell FDRE clocked by clk_out1_clk_wiz_0  {rise@0.000ns fall@6.623ns period=13.245ns})
  Path Group:             clk_out1_clk_wiz_0
  Path Type:              Setup (Max at Slow Process Corner)
  Requirement:            13.245ns  (clk_out1_clk_wiz_0 rise@13.245ns - clk_out1_clk_wiz_0 rise@0.000ns)
  Data Path Delay:        12.725ns  (logic 3.226ns (25.351%)  route 9.499ns (74.649%))
  Logic Levels:           18  (CARRY4=7 LUT5=4 LUT6=7)
  Clock Path Skew:        -0.124ns (DCD - SCD + CPR)
    Destination Clock Delay (DCD):    -1.510ns = ( 11.735 - 13.245 ) 
    Source Clock Delay      (SCD):    -0.827ns
    Clock Pessimism Removal (CPR):    0.559ns
  Clock Uncertainty:      0.093ns  ((TSJ^2 + DJ^2)^1/2) / 2 + PE
    Total System Jitter     (TSJ):    0.071ns
    Discrete Jitter          (DJ):    0.172ns
    Phase Error              (PE):    0.000ns

    Location             Delay type                Incr(ns)  Path(ns)    Netlist Resource(s)
  -------------------------------------------------------------------    -------------------
                         (clock clk_out1_clk_wiz_0 rise edge)
                                                      0.000     0.000 r  
    E3                                                0.000     0.000 r  clk_100MHz (IN)
                         net (fo=0)                   0.000     0.000    clk_wiz_inst/inst/clk_in1
    E3                   IBUF (Prop_ibuf_I_O)         1.482     1.482 r  clk_wiz_inst/inst/clkin1_ibufg/O
                         net (fo=1, routed)           1.233     2.715    clk_wiz_inst/inst/clk_in1_clk_wiz_0
    MMCME2_ADV_X1Y2      MMCME2_ADV (Prop_mmcme2_adv_CLKIN1_CLKOUT0)
                                                     -7.070    -4.355 r  clk_wiz_inst/inst/mmcm_adv_inst/CLKOUT0
                         net (fo=1, routed)           1.719    -2.636    clk_wiz_inst/inst/clk_out1_clk_wiz_0
    BUFGCTRL_X0Y16       BUFG (Prop_bufg_I_O)         0.096    -2.540 r  clk_wiz_inst/inst/clkout1_buf/O
                         net (fo=824, routed)         1.713    -0.827    toppyty/Core_Unit/DatapathCore/ff_Execute/ff_InstrE/clk_out1
    SLICE_X6Y68          FDRE                                         r  toppyty/Core_Unit/DatapathCore/ff_Execute/ff_InstrE/qout_reg[22]/C
  -------------------------------------------------------------------    -------------------
    SLICE_X6Y68          FDRE (Prop_fdre_C_Q)         0.518    -0.309 r  toppyty/Core_Unit/DatapathCore/ff_Execute/ff_InstrE/qout_reg[22]/Q
                         net (fo=7, routed)           0.849     0.540    toppyty/Core_Unit/DatapathCore/ff_Execute/ff_InstrE/qout_reg[22]_0
    SLICE_X4Y68          LUT6 (Prop_lut6_I4_O)        0.124     0.664 r  toppyty/Core_Unit/DatapathCore/ff_Execute/ff_InstrE/qout[31]_i_7__0/O
                         net (fo=1, routed)           0.667     1.331    toppyty/Core_Unit/DatapathCore/ff_Execute/ff_InstrE/qout[31]_i_7__0_n_0
    SLICE_X4Y68          LUT6 (Prop_lut6_I5_O)        0.124     1.455 r  toppyty/Core_Unit/DatapathCore/ff_Execute/ff_InstrE/qout[31]_i_3/O
                         net (fo=42, routed)          1.178     2.633    toppyty/Core_Unit/DatapathCore/ff_Execute/ff_InstrE/qout_reg[24]_2[0]
    SLICE_X5Y77          LUT5 (Prop_lut5_I4_O)        0.124     2.757 r  toppyty/Core_Unit/DatapathCore/ff_Execute/ff_InstrE/qout[23]_i_1__3/O
                         net (fo=3, routed)           0.738     3.494    toppyty/Core_Unit/DatapathCore/ff_Execute/ff_InstrE/qout_reg[31]_0[17]
    SLICE_X4Y76          LUT6 (Prop_lut6_I0_O)        0.124     3.618 r  toppyty/Core_Unit/DatapathCore/ff_Execute/ff_InstrE/qout[31]_i_11/O
                         net (fo=2, routed)           0.733     4.351    toppyty/Core_Unit/DatapathCore/ff_Execute/ff_InstrE/qout[31]_i_11_n_0
    SLICE_X8Y74          LUT5 (Prop_lut5_I4_O)        0.124     4.475 r  toppyty/Core_Unit/DatapathCore/ff_Execute/ff_InstrE/qout[31]_i_6/O
                         net (fo=1, routed)           1.013     5.488    toppyty/Core_Unit/DatapathCore/ff_Execute/ff_InstrE/qout[31]_i_6_n_0
    SLICE_X9Y69          LUT6 (Prop_lut6_I0_O)        0.124     5.612 f  toppyty/Core_Unit/DatapathCore/ff_Execute/ff_InstrE/qout[31]_i_2/O
                         net (fo=91, routed)          1.041     6.653    toppyty/Core_Unit/DatapathCore/ff_Execute/ff_InstrE/qout_reg[29]_5
    SLICE_X8Y77          LUT6 (Prop_lut6_I3_O)        0.124     6.777 f  toppyty/Core_Unit/DatapathCore/ff_Execute/ff_InstrE/qout[20]_i_2/O
                         net (fo=2, routed)           0.807     7.584    toppyty/Core_Unit/DatapathCore/ff_Execute/ff_InstrE/data10[19]
    SLICE_X7Y77          LUT5 (Prop_lut5_I0_O)        0.124     7.708 f  toppyty/Core_Unit/DatapathCore/ff_Execute/ff_InstrE/qout[30]_i_47/O
                         net (fo=1, routed)           0.407     8.115    toppyty/Core_Unit/DatapathCore/ff_Execute/ff_AluControlE/qout[30]_i_6_1
    SLICE_X7Y77          LUT5 (Prop_lut5_I1_O)        0.124     8.239 f  toppyty/Core_Unit/DatapathCore/ff_Execute/ff_AluControlE/qout[30]_i_20/O
                         net (fo=1, routed)           1.328     9.567    toppyty/Core_Unit/DatapathCore/ff_Execute/ff_AluControlE/qout[30]_i_20_n_0
    SLICE_X9Y68          LUT6 (Prop_lut6_I4_O)        0.124     9.691 r  toppyty/Core_Unit/DatapathCore/ff_Execute/ff_AluControlE/qout[30]_i_6/O
                         net (fo=36, routed)          0.408    10.099    toppyty/Core_Unit/DatapathCore/ff_Execute/ff_AluControlE/qout[30]_i_6_n_0
    SLICE_X9Y66          LUT6 (Prop_lut6_I2_O)        0.124    10.223 r  toppyty/Core_Unit/DatapathCore/ff_Execute/ff_AluControlE/qout[1]_i_2/O
                         net (fo=1, routed)           0.332    10.555    toppyty/Core_Unit/DatapathCore/ff_Execute/ff_AluControlE/qout[1]_i_2_n_0
    SLICE_X8Y66          CARRY4 (Prop_carry4_DI[1]_CO[3])
                                                      0.520    11.075 r  toppyty/Core_Unit/DatapathCore/ff_Execute/ff_AluControlE/qout_reg[1]_i_1/CO[3]
                         net (fo=1, routed)           0.000    11.075    toppyty/Core_Unit/DatapathCore/ff_Execute/ff_AluControlE/qout_reg[1]_i_1_n_0
    SLICE_X8Y67          CARRY4 (Prop_carry4_CI_CO[3])
                                                      0.117    11.192 r  toppyty/Core_Unit/DatapathCore/ff_Execute/ff_AluControlE/qout_reg[5]_i_1/CO[3]
                         net (fo=1, routed)           0.000    11.192    toppyty/Core_Unit/DatapathCore/ff_Execute/ff_AluControlE/qout_reg[5]_i_1_n_0
    SLICE_X8Y68          CARRY4 (Prop_carry4_CI_CO[3])
                                                      0.117    11.309 r  toppyty/Core_Unit/DatapathCore/ff_Execute/ff_AluControlE/qout_reg[9]_i_1/CO[3]
                         net (fo=1, routed)           0.000    11.309    toppyty/Core_Unit/DatapathCore/ff_Execute/ff_AluControlE/qout_reg[9]_i_1_n_0
    SLICE_X8Y69          CARRY4 (Prop_carry4_CI_CO[3])
                                                      0.117    11.426 r  toppyty/Core_Unit/DatapathCore/ff_Execute/ff_AluControlE/qout_reg[13]_i_1/CO[3]
                         net (fo=1, routed)           0.000    11.426    toppyty/Core_Unit/DatapathCore/ff_Execute/ff_AluControlE/qout_reg[13]_i_1_n_0
    SLICE_X8Y70          CARRY4 (Prop_carry4_CI_CO[3])
                                                      0.117    11.543 r  toppyty/Core_Unit/DatapathCore/ff_Execute/ff_AluControlE/qout_reg[17]_i_1/CO[3]
                         net (fo=1, routed)           0.000    11.543    toppyty/Core_Unit/DatapathCore/ff_Execute/ff_AluControlE/qout_reg[17]_i_1_n_0
    SLICE_X8Y71          CARRY4 (Prop_carry4_CI_CO[3])
                                                      0.117    11.660 r  toppyty/Core_Unit/DatapathCore/ff_Execute/ff_AluControlE/qout_reg[21]_i_1/CO[3]
                         net (fo=1, routed)           0.000    11.660    toppyty/Core_Unit/DatapathCore/ff_Execute/ff_AluControlE/qout_reg[21]_i_1_n_0
    SLICE_X8Y72          CARRY4 (Prop_carry4_CI_O[2])
                                                      0.239    11.899 r  toppyty/Core_Unit/DatapathCore/ff_Execute/ff_AluControlE/qout_reg[25]_i_1/O[2]
                         net (fo=1, routed)           0.000    11.899    toppyty/Core_Unit/DatapathCore/ff_Fetch/ff_RE_interior/qout_reg[28]_0[2]
    SLICE_X8Y72          FDRE                                         r  toppyty/Core_Unit/DatapathCore/ff_Fetch/ff_RE_interior/qout_reg[27]/D
  -------------------------------------------------------------------    -------------------

                         (clock clk_out1_clk_wiz_0 rise edge)
                                                     13.245    13.245 r  
    E3                                                0.000    13.245 r  clk_100MHz (IN)
                         net (fo=0)                   0.000    13.245    clk_wiz_inst/inst/clk_in1
    E3                   IBUF (Prop_ibuf_I_O)         1.411    14.656 r  clk_wiz_inst/inst/clkin1_ibufg/O
                         net (fo=1, routed)           1.162    15.818    clk_wiz_inst/inst/clk_in1_clk_wiz_0
    MMCME2_ADV_X1Y2      MMCME2_ADV (Prop_mmcme2_adv_CLKIN1_CLKOUT0)
                                                     -7.324     8.494 r  clk_wiz_inst/inst/mmcm_adv_inst/CLKOUT0
                         net (fo=1, routed)           1.639    10.133    clk_wiz_inst/inst/clk_out1_clk_wiz_0
    BUFGCTRL_X0Y16       BUFG (Prop_bufg_I_O)         0.091    10.224 r  clk_wiz_inst/inst/clkout1_buf/O
                         net (fo=824, routed)         1.510    11.735    toppyty/Core_Unit/DatapathCore/ff_Fetch/ff_RE_interior/clk_out1
    SLICE_X8Y72          FDRE                                         r  toppyty/Core_Unit/DatapathCore/ff_Fetch/ff_RE_interior/qout_reg[27]/C
                         clock pessimism              0.559    12.294    
                         clock uncertainty           -0.093    12.201    
    SLICE_X8Y72          FDRE (Setup_fdre_C_D)        0.109    12.310    toppyty/Core_Unit/DatapathCore/ff_Fetch/ff_RE_interior/qout_reg[27]
  -------------------------------------------------------------------
                         required time                         12.310    
                         arrival time                         -11.899    
  -------------------------------------------------------------------
                         slack                                  0.412    

Slack (MET) :             0.418ns  (required time - arrival time)
  Source:                 toppyty/Core_Unit/DatapathCore/ff_Execute/ff_InstrE/qout_reg[22]/C
                            (rising edge-triggered cell FDRE clocked by clk_out1_clk_wiz_0  {rise@0.000ns fall@6.623ns period=13.245ns})
  Destination:            toppyty/Core_Unit/DatapathCore/ff_Decode/ff_PCF/ff_RE_interior/qout_reg[2]/R
                            (rising edge-triggered cell FDRE clocked by clk_out1_clk_wiz_0  {rise@0.000ns fall@6.623ns period=13.245ns})
  Path Group:             clk_out1_clk_wiz_0
  Path Type:              Setup (Max at Slow Process Corner)
  Requirement:            13.245ns  (clk_out1_clk_wiz_0 rise@13.245ns - clk_out1_clk_wiz_0 rise@0.000ns)
  Data Path Delay:        12.096ns  (logic 1.882ns (15.559%)  route 10.214ns (84.441%))
  Logic Levels:           11  (LUT5=4 LUT6=7)
  Clock Path Skew:        -0.114ns (DCD - SCD + CPR)
    Destination Clock Delay (DCD):    -1.500ns = ( 11.745 - 13.245 ) 
    Source Clock Delay      (SCD):    -0.827ns
    Clock Pessimism Removal (CPR):    0.559ns
  Clock Uncertainty:      0.093ns  ((TSJ^2 + DJ^2)^1/2) / 2 + PE
    Total System Jitter     (TSJ):    0.071ns
    Discrete Jitter          (DJ):    0.172ns
    Phase Error              (PE):    0.000ns

    Location             Delay type                Incr(ns)  Path(ns)    Netlist Resource(s)
  -------------------------------------------------------------------    -------------------
                         (clock clk_out1_clk_wiz_0 rise edge)
                                                      0.000     0.000 r  
    E3                                                0.000     0.000 r  clk_100MHz (IN)
                         net (fo=0)                   0.000     0.000    clk_wiz_inst/inst/clk_in1
    E3                   IBUF (Prop_ibuf_I_O)         1.482     1.482 r  clk_wiz_inst/inst/clkin1_ibufg/O
                         net (fo=1, routed)           1.233     2.715    clk_wiz_inst/inst/clk_in1_clk_wiz_0
    MMCME2_ADV_X1Y2      MMCME2_ADV (Prop_mmcme2_adv_CLKIN1_CLKOUT0)
                                                     -7.070    -4.355 r  clk_wiz_inst/inst/mmcm_adv_inst/CLKOUT0
                         net (fo=1, routed)           1.719    -2.636    clk_wiz_inst/inst/clk_out1_clk_wiz_0
    BUFGCTRL_X0Y16       BUFG (Prop_bufg_I_O)         0.096    -2.540 r  clk_wiz_inst/inst/clkout1_buf/O
                         net (fo=824, routed)         1.713    -0.827    toppyty/Core_Unit/DatapathCore/ff_Execute/ff_InstrE/clk_out1
    SLICE_X6Y68          FDRE                                         r  toppyty/Core_Unit/DatapathCore/ff_Execute/ff_InstrE/qout_reg[22]/C
  -------------------------------------------------------------------    -------------------
    SLICE_X6Y68          FDRE (Prop_fdre_C_Q)         0.518    -0.309 r  toppyty/Core_Unit/DatapathCore/ff_Execute/ff_InstrE/qout_reg[22]/Q
                         net (fo=7, routed)           0.849     0.540    toppyty/Core_Unit/DatapathCore/ff_Execute/ff_InstrE/qout_reg[22]_0
    SLICE_X4Y68          LUT6 (Prop_lut6_I4_O)        0.124     0.664 r  toppyty/Core_Unit/DatapathCore/ff_Execute/ff_InstrE/qout[31]_i_7__0/O
                         net (fo=1, routed)           0.667     1.331    toppyty/Core_Unit/DatapathCore/ff_Execute/ff_InstrE/qout[31]_i_7__0_n_0
    SLICE_X4Y68          LUT6 (Prop_lut6_I5_O)        0.124     1.455 r  toppyty/Core_Unit/DatapathCore/ff_Execute/ff_InstrE/qout[31]_i_3/O
                         net (fo=42, routed)          1.178     2.633    toppyty/Core_Unit/DatapathCore/ff_Execute/ff_InstrE/qout_reg[24]_2[0]
    SLICE_X5Y77          LUT5 (Prop_lut5_I4_O)        0.124     2.757 r  toppyty/Core_Unit/DatapathCore/ff_Execute/ff_InstrE/qout[23]_i_1__3/O
                         net (fo=3, routed)           0.738     3.494    toppyty/Core_Unit/DatapathCore/ff_Execute/ff_InstrE/qout_reg[31]_0[17]
    SLICE_X4Y76          LUT6 (Prop_lut6_I0_O)        0.124     3.618 r  toppyty/Core_Unit/DatapathCore/ff_Execute/ff_InstrE/qout[31]_i_11/O
                         net (fo=2, routed)           0.733     4.351    toppyty/Core_Unit/DatapathCore/ff_Execute/ff_InstrE/qout[31]_i_11_n_0
    SLICE_X8Y74          LUT5 (Prop_lut5_I4_O)        0.124     4.475 r  toppyty/Core_Unit/DatapathCore/ff_Execute/ff_InstrE/qout[31]_i_6/O
                         net (fo=1, routed)           1.013     5.488    toppyty/Core_Unit/DatapathCore/ff_Execute/ff_InstrE/qout[31]_i_6_n_0
    SLICE_X9Y69          LUT6 (Prop_lut6_I0_O)        0.124     5.612 f  toppyty/Core_Unit/DatapathCore/ff_Execute/ff_InstrE/qout[31]_i_2/O
                         net (fo=91, routed)          1.041     6.653    toppyty/Core_Unit/DatapathCore/ff_Execute/ff_InstrE/qout_reg[29]_5
    SLICE_X8Y77          LUT6 (Prop_lut6_I3_O)        0.124     6.777 f  toppyty/Core_Unit/DatapathCore/ff_Execute/ff_InstrE/qout[20]_i_2/O
                         net (fo=2, routed)           0.807     7.584    toppyty/Core_Unit/DatapathCore/ff_Execute/ff_InstrE/data10[19]
    SLICE_X7Y77          LUT5 (Prop_lut5_I0_O)        0.124     7.708 f  toppyty/Core_Unit/DatapathCore/ff_Execute/ff_InstrE/qout[30]_i_47/O
                         net (fo=1, routed)           0.407     8.115    toppyty/Core_Unit/DatapathCore/ff_Execute/ff_AluControlE/qout[30]_i_6_1
    SLICE_X7Y77          LUT5 (Prop_lut5_I1_O)        0.124     8.239 f  toppyty/Core_Unit/DatapathCore/ff_Execute/ff_AluControlE/qout[30]_i_20/O
                         net (fo=1, routed)           1.328     9.567    toppyty/Core_Unit/DatapathCore/ff_Execute/ff_AluControlE/qout[30]_i_20_n_0
    SLICE_X9Y68          LUT6 (Prop_lut6_I4_O)        0.124     9.691 r  toppyty/Core_Unit/DatapathCore/ff_Execute/ff_AluControlE/qout[30]_i_6/O
                         net (fo=36, routed)          0.513    10.204    toppyty/Core_Unit/DatapathCore/ff_Execute/ff_AluControlE/qout[30]_i_6_n_0
    SLICE_X9Y67          LUT6 (Prop_lut6_I4_O)        0.124    10.328 r  toppyty/Core_Unit/DatapathCore/ff_Execute/ff_AluControlE/qout[30]_i_1__1/O
                         net (fo=89, routed)          0.941    11.269    toppyty/Core_Unit/DatapathCore/ff_Decode/ff_PCF/ff_RE_interior/SR[0]
    SLICE_X10Y66         FDRE                                         r  toppyty/Core_Unit/DatapathCore/ff_Decode/ff_PCF/ff_RE_interior/qout_reg[2]/R
  -------------------------------------------------------------------    -------------------

                         (clock clk_out1_clk_wiz_0 rise edge)
                                                     13.245    13.245 r  
    E3                                                0.000    13.245 r  clk_100MHz (IN)
                         net (fo=0)                   0.000    13.245    clk_wiz_inst/inst/clk_in1
    E3                   IBUF (Prop_ibuf_I_O)         1.411    14.656 r  clk_wiz_inst/inst/clkin1_ibufg/O
                         net (fo=1, routed)           1.162    15.818    clk_wiz_inst/inst/clk_in1_clk_wiz_0
    MMCME2_ADV_X1Y2      MMCME2_ADV (Prop_mmcme2_adv_CLKIN1_CLKOUT0)
                                                     -7.324     8.494 r  clk_wiz_inst/inst/mmcm_adv_inst/CLKOUT0
                         net (fo=1, routed)           1.639    10.133    clk_wiz_inst/inst/clk_out1_clk_wiz_0
    BUFGCTRL_X0Y16       BUFG (Prop_bufg_I_O)         0.091    10.224 r  clk_wiz_inst/inst/clkout1_buf/O
                         net (fo=824, routed)         1.520    11.745    toppyty/Core_Unit/DatapathCore/ff_Decode/ff_PCF/ff_RE_interior/clk_out1
    SLICE_X10Y66         FDRE                                         r  toppyty/Core_Unit/DatapathCore/ff_Decode/ff_PCF/ff_RE_interior/qout_reg[2]/C
                         clock pessimism              0.559    12.304    
                         clock uncertainty           -0.093    12.211    
    SLICE_X10Y66         FDRE (Setup_fdre_C_R)       -0.524    11.687    toppyty/Core_Unit/DatapathCore/ff_Decode/ff_PCF/ff_RE_interior/qout_reg[2]
  -------------------------------------------------------------------
                         required time                         11.687    
                         arrival time                         -11.269    
  -------------------------------------------------------------------
                         slack                                  0.418    

Slack (MET) :             0.418ns  (required time - arrival time)
  Source:                 toppyty/Core_Unit/DatapathCore/ff_Execute/ff_InstrE/qout_reg[22]/C
                            (rising edge-triggered cell FDRE clocked by clk_out1_clk_wiz_0  {rise@0.000ns fall@6.623ns period=13.245ns})
  Destination:            toppyty/Core_Unit/DatapathCore/ff_Decode/ff_PCF/ff_RE_interior/qout_reg[4]/R
                            (rising edge-triggered cell FDRE clocked by clk_out1_clk_wiz_0  {rise@0.000ns fall@6.623ns period=13.245ns})
  Path Group:             clk_out1_clk_wiz_0
  Path Type:              Setup (Max at Slow Process Corner)
  Requirement:            13.245ns  (clk_out1_clk_wiz_0 rise@13.245ns - clk_out1_clk_wiz_0 rise@0.000ns)
  Data Path Delay:        12.096ns  (logic 1.882ns (15.559%)  route 10.214ns (84.441%))
  Logic Levels:           11  (LUT5=4 LUT6=7)
  Clock Path Skew:        -0.114ns (DCD - SCD + CPR)
    Destination Clock Delay (DCD):    -1.500ns = ( 11.745 - 13.245 ) 
    Source Clock Delay      (SCD):    -0.827ns
    Clock Pessimism Removal (CPR):    0.559ns
  Clock Uncertainty:      0.093ns  ((TSJ^2 + DJ^2)^1/2) / 2 + PE
    Total System Jitter     (TSJ):    0.071ns
    Discrete Jitter          (DJ):    0.172ns
    Phase Error              (PE):    0.000ns

    Location             Delay type                Incr(ns)  Path(ns)    Netlist Resource(s)
  -------------------------------------------------------------------    -------------------
                         (clock clk_out1_clk_wiz_0 rise edge)
                                                      0.000     0.000 r  
    E3                                                0.000     0.000 r  clk_100MHz (IN)
                         net (fo=0)                   0.000     0.000    clk_wiz_inst/inst/clk_in1
    E3                   IBUF (Prop_ibuf_I_O)         1.482     1.482 r  clk_wiz_inst/inst/clkin1_ibufg/O
                         net (fo=1, routed)           1.233     2.715    clk_wiz_inst/inst/clk_in1_clk_wiz_0
    MMCME2_ADV_X1Y2      MMCME2_ADV (Prop_mmcme2_adv_CLKIN1_CLKOUT0)
                                                     -7.070    -4.355 r  clk_wiz_inst/inst/mmcm_adv_inst/CLKOUT0
                         net (fo=1, routed)           1.719    -2.636    clk_wiz_inst/inst/clk_out1_clk_wiz_0
    BUFGCTRL_X0Y16       BUFG (Prop_bufg_I_O)         0.096    -2.540 r  clk_wiz_inst/inst/clkout1_buf/O
                         net (fo=824, routed)         1.713    -0.827    toppyty/Core_Unit/DatapathCore/ff_Execute/ff_InstrE/clk_out1
    SLICE_X6Y68          FDRE                                         r  toppyty/Core_Unit/DatapathCore/ff_Execute/ff_InstrE/qout_reg[22]/C
  -------------------------------------------------------------------    -------------------
    SLICE_X6Y68          FDRE (Prop_fdre_C_Q)         0.518    -0.309 r  toppyty/Core_Unit/DatapathCore/ff_Execute/ff_InstrE/qout_reg[22]/Q
                         net (fo=7, routed)           0.849     0.540    toppyty/Core_Unit/DatapathCore/ff_Execute/ff_InstrE/qout_reg[22]_0
    SLICE_X4Y68          LUT6 (Prop_lut6_I4_O)        0.124     0.664 r  toppyty/Core_Unit/DatapathCore/ff_Execute/ff_InstrE/qout[31]_i_7__0/O
                         net (fo=1, routed)           0.667     1.331    toppyty/Core_Unit/DatapathCore/ff_Execute/ff_InstrE/qout[31]_i_7__0_n_0
    SLICE_X4Y68          LUT6 (Prop_lut6_I5_O)        0.124     1.455 r  toppyty/Core_Unit/DatapathCore/ff_Execute/ff_InstrE/qout[31]_i_3/O
                         net (fo=42, routed)          1.178     2.633    toppyty/Core_Unit/DatapathCore/ff_Execute/ff_InstrE/qout_reg[24]_2[0]
    SLICE_X5Y77          LUT5 (Prop_lut5_I4_O)        0.124     2.757 r  toppyty/Core_Unit/DatapathCore/ff_Execute/ff_InstrE/qout[23]_i_1__3/O
                         net (fo=3, routed)           0.738     3.494    toppyty/Core_Unit/DatapathCore/ff_Execute/ff_InstrE/qout_reg[31]_0[17]
    SLICE_X4Y76          LUT6 (Prop_lut6_I0_O)        0.124     3.618 r  toppyty/Core_Unit/DatapathCore/ff_Execute/ff_InstrE/qout[31]_i_11/O
                         net (fo=2, routed)           0.733     4.351    toppyty/Core_Unit/DatapathCore/ff_Execute/ff_InstrE/qout[31]_i_11_n_0
    SLICE_X8Y74          LUT5 (Prop_lut5_I4_O)        0.124     4.475 r  toppyty/Core_Unit/DatapathCore/ff_Execute/ff_InstrE/qout[31]_i_6/O
                         net (fo=1, routed)           1.013     5.488    toppyty/Core_Unit/DatapathCore/ff_Execute/ff_InstrE/qout[31]_i_6_n_0
    SLICE_X9Y69          LUT6 (Prop_lut6_I0_O)        0.124     5.612 f  toppyty/Core_Unit/DatapathCore/ff_Execute/ff_InstrE/qout[31]_i_2/O
                         net (fo=91, routed)          1.041     6.653    toppyty/Core_Unit/DatapathCore/ff_Execute/ff_InstrE/qout_reg[29]_5
    SLICE_X8Y77          LUT6 (Prop_lut6_I3_O)        0.124     6.777 f  toppyty/Core_Unit/DatapathCore/ff_Execute/ff_InstrE/qout[20]_i_2/O
                         net (fo=2, routed)           0.807     7.584    toppyty/Core_Unit/DatapathCore/ff_Execute/ff_InstrE/data10[19]
    SLICE_X7Y77          LUT5 (Prop_lut5_I0_O)        0.124     7.708 f  toppyty/Core_Unit/DatapathCore/ff_Execute/ff_InstrE/qout[30]_i_47/O
                         net (fo=1, routed)           0.407     8.115    toppyty/Core_Unit/DatapathCore/ff_Execute/ff_AluControlE/qout[30]_i_6_1
    SLICE_X7Y77          LUT5 (Prop_lut5_I1_O)        0.124     8.239 f  toppyty/Core_Unit/DatapathCore/ff_Execute/ff_AluControlE/qout[30]_i_20/O
                         net (fo=1, routed)           1.328     9.567    toppyty/Core_Unit/DatapathCore/ff_Execute/ff_AluControlE/qout[30]_i_20_n_0
    SLICE_X9Y68          LUT6 (Prop_lut6_I4_O)        0.124     9.691 r  toppyty/Core_Unit/DatapathCore/ff_Execute/ff_AluControlE/qout[30]_i_6/O
                         net (fo=36, routed)          0.513    10.204    toppyty/Core_Unit/DatapathCore/ff_Execute/ff_AluControlE/qout[30]_i_6_n_0
    SLICE_X9Y67          LUT6 (Prop_lut6_I4_O)        0.124    10.328 r  toppyty/Core_Unit/DatapathCore/ff_Execute/ff_AluControlE/qout[30]_i_1__1/O
                         net (fo=89, routed)          0.941    11.269    toppyty/Core_Unit/DatapathCore/ff_Decode/ff_PCF/ff_RE_interior/SR[0]
    SLICE_X10Y66         FDRE                                         r  toppyty/Core_Unit/DatapathCore/ff_Decode/ff_PCF/ff_RE_interior/qout_reg[4]/R
  -------------------------------------------------------------------    -------------------

                         (clock clk_out1_clk_wiz_0 rise edge)
                                                     13.245    13.245 r  
    E3                                                0.000    13.245 r  clk_100MHz (IN)
                         net (fo=0)                   0.000    13.245    clk_wiz_inst/inst/clk_in1
    E3                   IBUF (Prop_ibuf_I_O)         1.411    14.656 r  clk_wiz_inst/inst/clkin1_ibufg/O
                         net (fo=1, routed)           1.162    15.818    clk_wiz_inst/inst/clk_in1_clk_wiz_0
    MMCME2_ADV_X1Y2      MMCME2_ADV (Prop_mmcme2_adv_CLKIN1_CLKOUT0)
                                                     -7.324     8.494 r  clk_wiz_inst/inst/mmcm_adv_inst/CLKOUT0
                         net (fo=1, routed)           1.639    10.133    clk_wiz_inst/inst/clk_out1_clk_wiz_0
    BUFGCTRL_X0Y16       BUFG (Prop_bufg_I_O)         0.091    10.224 r  clk_wiz_inst/inst/clkout1_buf/O
                         net (fo=824, routed)         1.520    11.745    toppyty/Core_Unit/DatapathCore/ff_Decode/ff_PCF/ff_RE_interior/clk_out1
    SLICE_X10Y66         FDRE                                         r  toppyty/Core_Unit/DatapathCore/ff_Decode/ff_PCF/ff_RE_interior/qout_reg[4]/C
                         clock pessimism              0.559    12.304    
                         clock uncertainty           -0.093    12.211    
    SLICE_X10Y66         FDRE (Setup_fdre_C_R)       -0.524    11.687    toppyty/Core_Unit/DatapathCore/ff_Decode/ff_PCF/ff_RE_interior/qout_reg[4]
  -------------------------------------------------------------------
                         required time                         11.687    
                         arrival time                         -11.269    
  -------------------------------------------------------------------
                         slack                                  0.418    

Slack (MET) :             0.432ns  (required time - arrival time)
  Source:                 toppyty/Core_Unit/DatapathCore/ff_Execute/ff_InstrE/qout_reg[22]/C
                            (rising edge-triggered cell FDRE clocked by clk_out1_clk_wiz_0  {rise@0.000ns fall@6.623ns period=13.245ns})
  Destination:            toppyty/Core_Unit/DatapathCore/ff_Fetch/ff_RE_interior/qout_reg[25]/D
                            (rising edge-triggered cell FDRE clocked by clk_out1_clk_wiz_0  {rise@0.000ns fall@6.623ns period=13.245ns})
  Path Group:             clk_out1_clk_wiz_0
  Path Type:              Setup (Max at Slow Process Corner)
  Requirement:            13.245ns  (clk_out1_clk_wiz_0 rise@13.245ns - clk_out1_clk_wiz_0 rise@0.000ns)
  Data Path Delay:        12.705ns  (logic 3.206ns (25.233%)  route 9.499ns (74.767%))
  Logic Levels:           18  (CARRY4=7 LUT5=4 LUT6=7)
  Clock Path Skew:        -0.124ns (DCD - SCD + CPR)
    Destination Clock Delay (DCD):    -1.510ns = ( 11.735 - 13.245 ) 
    Source Clock Delay      (SCD):    -0.827ns
    Clock Pessimism Removal (CPR):    0.559ns
  Clock Uncertainty:      0.093ns  ((TSJ^2 + DJ^2)^1/2) / 2 + PE
    Total System Jitter     (TSJ):    0.071ns
    Discrete Jitter          (DJ):    0.172ns
    Phase Error              (PE):    0.000ns

    Location             Delay type                Incr(ns)  Path(ns)    Netlist Resource(s)
  -------------------------------------------------------------------    -------------------
                         (clock clk_out1_clk_wiz_0 rise edge)
                                                      0.000     0.000 r  
    E3                                                0.000     0.000 r  clk_100MHz (IN)
                         net (fo=0)                   0.000     0.000    clk_wiz_inst/inst/clk_in1
    E3                   IBUF (Prop_ibuf_I_O)         1.482     1.482 r  clk_wiz_inst/inst/clkin1_ibufg/O
                         net (fo=1, routed)           1.233     2.715    clk_wiz_inst/inst/clk_in1_clk_wiz_0
    MMCME2_ADV_X1Y2      MMCME2_ADV (Prop_mmcme2_adv_CLKIN1_CLKOUT0)
                                                     -7.070    -4.355 r  clk_wiz_inst/inst/mmcm_adv_inst/CLKOUT0
                         net (fo=1, routed)           1.719    -2.636    clk_wiz_inst/inst/clk_out1_clk_wiz_0
    BUFGCTRL_X0Y16       BUFG (Prop_bufg_I_O)         0.096    -2.540 r  clk_wiz_inst/inst/clkout1_buf/O
                         net (fo=824, routed)         1.713    -0.827    toppyty/Core_Unit/DatapathCore/ff_Execute/ff_InstrE/clk_out1
    SLICE_X6Y68          FDRE                                         r  toppyty/Core_Unit/DatapathCore/ff_Execute/ff_InstrE/qout_reg[22]/C
  -------------------------------------------------------------------    -------------------
    SLICE_X6Y68          FDRE (Prop_fdre_C_Q)         0.518    -0.309 r  toppyty/Core_Unit/DatapathCore/ff_Execute/ff_InstrE/qout_reg[22]/Q
                         net (fo=7, routed)           0.849     0.540    toppyty/Core_Unit/DatapathCore/ff_Execute/ff_InstrE/qout_reg[22]_0
    SLICE_X4Y68          LUT6 (Prop_lut6_I4_O)        0.124     0.664 r  toppyty/Core_Unit/DatapathCore/ff_Execute/ff_InstrE/qout[31]_i_7__0/O
                         net (fo=1, routed)           0.667     1.331    toppyty/Core_Unit/DatapathCore/ff_Execute/ff_InstrE/qout[31]_i_7__0_n_0
    SLICE_X4Y68          LUT6 (Prop_lut6_I5_O)        0.124     1.455 r  toppyty/Core_Unit/DatapathCore/ff_Execute/ff_InstrE/qout[31]_i_3/O
                         net (fo=42, routed)          1.178     2.633    toppyty/Core_Unit/DatapathCore/ff_Execute/ff_InstrE/qout_reg[24]_2[0]
    SLICE_X5Y77          LUT5 (Prop_lut5_I4_O)        0.124     2.757 r  toppyty/Core_Unit/DatapathCore/ff_Execute/ff_InstrE/qout[23]_i_1__3/O
                         net (fo=3, routed)           0.738     3.494    toppyty/Core_Unit/DatapathCore/ff_Execute/ff_InstrE/qout_reg[31]_0[17]
    SLICE_X4Y76          LUT6 (Prop_lut6_I0_O)        0.124     3.618 r  toppyty/Core_Unit/DatapathCore/ff_Execute/ff_InstrE/qout[31]_i_11/O
                         net (fo=2, routed)           0.733     4.351    toppyty/Core_Unit/DatapathCore/ff_Execute/ff_InstrE/qout[31]_i_11_n_0
    SLICE_X8Y74          LUT5 (Prop_lut5_I4_O)        0.124     4.475 r  toppyty/Core_Unit/DatapathCore/ff_Execute/ff_InstrE/qout[31]_i_6/O
                         net (fo=1, routed)           1.013     5.488    toppyty/Core_Unit/DatapathCore/ff_Execute/ff_InstrE/qout[31]_i_6_n_0
    SLICE_X9Y69          LUT6 (Prop_lut6_I0_O)        0.124     5.612 f  toppyty/Core_Unit/DatapathCore/ff_Execute/ff_InstrE/qout[31]_i_2/O
                         net (fo=91, routed)          1.041     6.653    toppyty/Core_Unit/DatapathCore/ff_Execute/ff_InstrE/qout_reg[29]_5
    SLICE_X8Y77          LUT6 (Prop_lut6_I3_O)        0.124     6.777 f  toppyty/Core_Unit/DatapathCore/ff_Execute/ff_InstrE/qout[20]_i_2/O
                         net (fo=2, routed)           0.807     7.584    toppyty/Core_Unit/DatapathCore/ff_Execute/ff_InstrE/data10[19]
    SLICE_X7Y77          LUT5 (Prop_lut5_I0_O)        0.124     7.708 f  toppyty/Core_Unit/DatapathCore/ff_Execute/ff_InstrE/qout[30]_i_47/O
                         net (fo=1, routed)           0.407     8.115    toppyty/Core_Unit/DatapathCore/ff_Execute/ff_AluControlE/qout[30]_i_6_1
    SLICE_X7Y77          LUT5 (Prop_lut5_I1_O)        0.124     8.239 f  toppyty/Core_Unit/DatapathCore/ff_Execute/ff_AluControlE/qout[30]_i_20/O
                         net (fo=1, routed)           1.328     9.567    toppyty/Core_Unit/DatapathCore/ff_Execute/ff_AluControlE/qout[30]_i_20_n_0
    SLICE_X9Y68          LUT6 (Prop_lut6_I4_O)        0.124     9.691 r  toppyty/Core_Unit/DatapathCore/ff_Execute/ff_AluControlE/qout[30]_i_6/O
                         net (fo=36, routed)          0.408    10.099    toppyty/Core_Unit/DatapathCore/ff_Execute/ff_AluControlE/qout[30]_i_6_n_0
    SLICE_X9Y66          LUT6 (Prop_lut6_I2_O)        0.124    10.223 r  toppyty/Core_Unit/DatapathCore/ff_Execute/ff_AluControlE/qout[1]_i_2/O
                         net (fo=1, routed)           0.332    10.555    toppyty/Core_Unit/DatapathCore/ff_Execute/ff_AluControlE/qout[1]_i_2_n_0
    SLICE_X8Y66          CARRY4 (Prop_carry4_DI[1]_CO[3])
                                                      0.520    11.075 r  toppyty/Core_Unit/DatapathCore/ff_Execute/ff_AluControlE/qout_reg[1]_i_1/CO[3]
                         net (fo=1, routed)           0.000    11.075    toppyty/Core_Unit/DatapathCore/ff_Execute/ff_AluControlE/qout_reg[1]_i_1_n_0
    SLICE_X8Y67          CARRY4 (Prop_carry4_CI_CO[3])
                                                      0.117    11.192 r  toppyty/Core_Unit/DatapathCore/ff_Execute/ff_AluControlE/qout_reg[5]_i_1/CO[3]
                         net (fo=1, routed)           0.000    11.192    toppyty/Core_Unit/DatapathCore/ff_Execute/ff_AluControlE/qout_reg[5]_i_1_n_0
    SLICE_X8Y68          CARRY4 (Prop_carry4_CI_CO[3])
                                                      0.117    11.309 r  toppyty/Core_Unit/DatapathCore/ff_Execute/ff_AluControlE/qout_reg[9]_i_1/CO[3]
                         net (fo=1, routed)           0.000    11.309    toppyty/Core_Unit/DatapathCore/ff_Execute/ff_AluControlE/qout_reg[9]_i_1_n_0
    SLICE_X8Y69          CARRY4 (Prop_carry4_CI_CO[3])
                                                      0.117    11.426 r  toppyty/Core_Unit/DatapathCore/ff_Execute/ff_AluControlE/qout_reg[13]_i_1/CO[3]
                         net (fo=1, routed)           0.000    11.426    toppyty/Core_Unit/DatapathCore/ff_Execute/ff_AluControlE/qout_reg[13]_i_1_n_0
    SLICE_X8Y70          CARRY4 (Prop_carry4_CI_CO[3])
                                                      0.117    11.543 r  toppyty/Core_Unit/DatapathCore/ff_Execute/ff_AluControlE/qout_reg[17]_i_1/CO[3]
                         net (fo=1, routed)           0.000    11.543    toppyty/Core_Unit/DatapathCore/ff_Execute/ff_AluControlE/qout_reg[17]_i_1_n_0
    SLICE_X8Y71          CARRY4 (Prop_carry4_CI_CO[3])
                                                      0.117    11.660 r  toppyty/Core_Unit/DatapathCore/ff_Execute/ff_AluControlE/qout_reg[21]_i_1/CO[3]
                         net (fo=1, routed)           0.000    11.660    toppyty/Core_Unit/DatapathCore/ff_Execute/ff_AluControlE/qout_reg[21]_i_1_n_0
    SLICE_X8Y72          CARRY4 (Prop_carry4_CI_O[0])
                                                      0.219    11.879 r  toppyty/Core_Unit/DatapathCore/ff_Execute/ff_AluControlE/qout_reg[25]_i_1/O[0]
                         net (fo=1, routed)           0.000    11.879    toppyty/Core_Unit/DatapathCore/ff_Fetch/ff_RE_interior/qout_reg[28]_0[0]
    SLICE_X8Y72          FDRE                                         r  toppyty/Core_Unit/DatapathCore/ff_Fetch/ff_RE_interior/qout_reg[25]/D
  -------------------------------------------------------------------    -------------------

                         (clock clk_out1_clk_wiz_0 rise edge)
                                                     13.245    13.245 r  
    E3                                                0.000    13.245 r  clk_100MHz (IN)
                         net (fo=0)                   0.000    13.245    clk_wiz_inst/inst/clk_in1
    E3                   IBUF (Prop_ibuf_I_O)         1.411    14.656 r  clk_wiz_inst/inst/clkin1_ibufg/O
                         net (fo=1, routed)           1.162    15.818    clk_wiz_inst/inst/clk_in1_clk_wiz_0
    MMCME2_ADV_X1Y2      MMCME2_ADV (Prop_mmcme2_adv_CLKIN1_CLKOUT0)
                                                     -7.324     8.494 r  clk_wiz_inst/inst/mmcm_adv_inst/CLKOUT0
                         net (fo=1, routed)           1.639    10.133    clk_wiz_inst/inst/clk_out1_clk_wiz_0
    BUFGCTRL_X0Y16       BUFG (Prop_bufg_I_O)         0.091    10.224 r  clk_wiz_inst/inst/clkout1_buf/O
                         net (fo=824, routed)         1.510    11.735    toppyty/Core_Unit/DatapathCore/ff_Fetch/ff_RE_interior/clk_out1
    SLICE_X8Y72          FDRE                                         r  toppyty/Core_Unit/DatapathCore/ff_Fetch/ff_RE_interior/qout_reg[25]/C
                         clock pessimism              0.559    12.294    
                         clock uncertainty           -0.093    12.201    
    SLICE_X8Y72          FDRE (Setup_fdre_C_D)        0.109    12.310    toppyty/Core_Unit/DatapathCore/ff_Fetch/ff_RE_interior/qout_reg[25]
  -------------------------------------------------------------------
                         required time                         12.310    
                         arrival time                         -11.879    
  -------------------------------------------------------------------
                         slack                                  0.432    





Min Delay Paths
--------------------------------------------------------------------------------------
Slack (MET) :             0.037ns  (arrival time - required time)
  Source:                 toppyty/Core_Unit/DatapathCore/ff_Memory/ff_WriteDataM/qout_reg[14]/C
                            (rising edge-triggered cell FDRE clocked by clk_out1_clk_wiz_0  {rise@0.000ns fall@6.623ns period=13.245ns})
  Destination:            toppyty/Data_Mem/RAM_reg_0_63_14_14/SP/I
                            (rising edge-triggered cell RAMS64E clocked by clk_out1_clk_wiz_0  {rise@0.000ns fall@6.623ns period=13.245ns})
  Path Group:             clk_out1_clk_wiz_0
  Path Type:              Hold (Min at Fast Process Corner)
  Requirement:            0.000ns  (clk_out1_clk_wiz_0 rise@0.000ns - clk_out1_clk_wiz_0 rise@0.000ns)
  Data Path Delay:        0.197ns  (logic 0.141ns (71.611%)  route 0.056ns (28.389%))
  Logic Levels:           0  
  Clock Path Skew:        0.013ns (DCD - SCD - CPR)
    Destination Clock Delay (DCD):    -0.812ns
    Source Clock Delay      (SCD):    -0.573ns
    Clock Pessimism Removal (CPR):    -0.252ns

    Location             Delay type                Incr(ns)  Path(ns)    Netlist Resource(s)
  -------------------------------------------------------------------    -------------------
                         (clock clk_out1_clk_wiz_0 rise edge)
                                                      0.000     0.000 r  
    E3                                                0.000     0.000 r  clk_100MHz (IN)
                         net (fo=0)                   0.000     0.000    clk_wiz_inst/inst/clk_in1
    E3                   IBUF (Prop_ibuf_I_O)         0.250     0.250 r  clk_wiz_inst/inst/clkin1_ibufg/O
                         net (fo=1, routed)           0.440     0.690    clk_wiz_inst/inst/clk_in1_clk_wiz_0
    MMCME2_ADV_X1Y2      MMCME2_ADV (Prop_mmcme2_adv_CLKIN1_CLKOUT0)
                                                     -2.379    -1.689 r  clk_wiz_inst/inst/mmcm_adv_inst/CLKOUT0
                         net (fo=1, routed)           0.499    -1.190    clk_wiz_inst/inst/clk_out1_clk_wiz_0
    BUFGCTRL_X0Y16       BUFG (Prop_bufg_I_O)         0.026    -1.164 r  clk_wiz_inst/inst/clkout1_buf/O
                         net (fo=824, routed)         0.591    -0.573    toppyty/Core_Unit/DatapathCore/ff_Memory/ff_WriteDataM/clk_out1
    SLICE_X3Y75          FDRE                                         r  toppyty/Core_Unit/DatapathCore/ff_Memory/ff_WriteDataM/qout_reg[14]/C
  -------------------------------------------------------------------    -------------------
    SLICE_X3Y75          FDRE (Prop_fdre_C_Q)         0.141    -0.432 r  toppyty/Core_Unit/DatapathCore/ff_Memory/ff_WriteDataM/qout_reg[14]/Q
                         net (fo=1, routed)           0.056    -0.376    toppyty/Data_Mem/RAM_reg_0_63_14_14/D
    SLICE_X2Y75          RAMS64E                                      r  toppyty/Data_Mem/RAM_reg_0_63_14_14/SP/I
  -------------------------------------------------------------------    -------------------

                         (clock clk_out1_clk_wiz_0 rise edge)
                                                      0.000     0.000 r  
    E3                                                0.000     0.000 r  clk_100MHz (IN)
                         net (fo=0)                   0.000     0.000    clk_wiz_inst/inst/clk_in1
    E3                   IBUF (Prop_ibuf_I_O)         0.438     0.438 r  clk_wiz_inst/inst/clkin1_ibufg/O
                         net (fo=1, routed)           0.480     0.918    clk_wiz_inst/inst/clk_in1_clk_wiz_0
    MMCME2_ADV_X1Y2      MMCME2_ADV (Prop_mmcme2_adv_CLKIN1_CLKOUT0)
                                                     -3.163    -2.245 r  clk_wiz_inst/inst/mmcm_adv_inst/CLKOUT0
                         net (fo=1, routed)           0.544    -1.702    clk_wiz_inst/inst/clk_out1_clk_wiz_0
    BUFGCTRL_X0Y16       BUFG (Prop_bufg_I_O)         0.029    -1.673 r  clk_wiz_inst/inst/clkout1_buf/O
                         net (fo=824, routed)         0.861    -0.812    toppyty/Data_Mem/RAM_reg_0_63_14_14/WCLK
    SLICE_X2Y75          RAMS64E                                      r  toppyty/Data_Mem/RAM_reg_0_63_14_14/SP/CLK
                         clock pessimism              0.252    -0.560    
    SLICE_X2Y75          RAMS64E (Hold_rams64e_CLK_I)
                                                      0.147    -0.413    toppyty/Data_Mem/RAM_reg_0_63_14_14/SP
  -------------------------------------------------------------------
                         required time                          0.413    
                         arrival time                          -0.376    
  -------------------------------------------------------------------
                         slack                                  0.037    

Slack (MET) :             0.078ns  (arrival time - required time)
  Source:                 toppyty/Core_Unit/DatapathCore/ff_Memory/ff_WriteDataM/qout_reg[18]/C
                            (rising edge-triggered cell FDRE clocked by clk_out1_clk_wiz_0  {rise@0.000ns fall@6.623ns period=13.245ns})
  Destination:            toppyty/Data_Mem/RAM_reg_0_63_18_18/SP/I
                            (rising edge-triggered cell RAMS64E clocked by clk_out1_clk_wiz_0  {rise@0.000ns fall@6.623ns period=13.245ns})
  Path Group:             clk_out1_clk_wiz_0
  Path Type:              Hold (Min at Fast Process Corner)
  Requirement:            0.000ns  (clk_out1_clk_wiz_0 rise@0.000ns - clk_out1_clk_wiz_0 rise@0.000ns)
  Data Path Delay:        0.240ns  (logic 0.141ns (58.691%)  route 0.099ns (41.309%))
  Logic Levels:           0  
  Clock Path Skew:        0.015ns (DCD - SCD - CPR)
    Destination Clock Delay (DCD):    -0.806ns
    Source Clock Delay      (SCD):    -0.569ns
    Clock Pessimism Removal (CPR):    -0.252ns

    Location             Delay type                Incr(ns)  Path(ns)    Netlist Resource(s)
  -------------------------------------------------------------------    -------------------
                         (clock clk_out1_clk_wiz_0 rise edge)
                                                      0.000     0.000 r  
    E3                                                0.000     0.000 r  clk_100MHz (IN)
                         net (fo=0)                   0.000     0.000    clk_wiz_inst/inst/clk_in1
    E3                   IBUF (Prop_ibuf_I_O)         0.250     0.250 r  clk_wiz_inst/inst/clkin1_ibufg/O
                         net (fo=1, routed)           0.440     0.690    clk_wiz_inst/inst/clk_in1_clk_wiz_0
    MMCME2_ADV_X1Y2      MMCME2_ADV (Prop_mmcme2_adv_CLKIN1_CLKOUT0)
                                                     -2.379    -1.689 r  clk_wiz_inst/inst/mmcm_adv_inst/CLKOUT0
                         net (fo=1, routed)           0.499    -1.190    clk_wiz_inst/inst/clk_out1_clk_wiz_0
    BUFGCTRL_X0Y16       BUFG (Prop_bufg_I_O)         0.026    -1.164 r  clk_wiz_inst/inst/clkout1_buf/O
                         net (fo=824, routed)         0.595    -0.569    toppyty/Core_Unit/DatapathCore/ff_Memory/ff_WriteDataM/clk_out1
    SLICE_X1Y70          FDRE                                         r  toppyty/Core_Unit/DatapathCore/ff_Memory/ff_WriteDataM/qout_reg[18]/C
  -------------------------------------------------------------------    -------------------
    SLICE_X1Y70          FDRE (Prop_fdre_C_Q)         0.141    -0.428 r  toppyty/Core_Unit/DatapathCore/ff_Memory/ff_WriteDataM/qout_reg[18]/Q
                         net (fo=1, routed)           0.099    -0.329    toppyty/Data_Mem/RAM_reg_0_63_18_18/D
    SLICE_X2Y69          RAMS64E                                      r  toppyty/Data_Mem/RAM_reg_0_63_18_18/SP/I
  -------------------------------------------------------------------    -------------------

                         (clock clk_out1_clk_wiz_0 rise edge)
                                                      0.000     0.000 r  
    E3                                                0.000     0.000 r  clk_100MHz (IN)
                         net (fo=0)                   0.000     0.000    clk_wiz_inst/inst/clk_in1
    E3                   IBUF (Prop_ibuf_I_O)         0.438     0.438 r  clk_wiz_inst/inst/clkin1_ibufg/O
                         net (fo=1, routed)           0.480     0.918    clk_wiz_inst/inst/clk_in1_clk_wiz_0
    MMCME2_ADV_X1Y2      MMCME2_ADV (Prop_mmcme2_adv_CLKIN1_CLKOUT0)
                                                     -3.163    -2.245 r  clk_wiz_inst/inst/mmcm_adv_inst/CLKOUT0
                         net (fo=1, routed)           0.544    -1.702    clk_wiz_inst/inst/clk_out1_clk_wiz_0
    BUFGCTRL_X0Y16       BUFG (Prop_bufg_I_O)         0.029    -1.673 r  clk_wiz_inst/inst/clkout1_buf/O
                         net (fo=824, routed)         0.867    -0.806    toppyty/Data_Mem/RAM_reg_0_63_18_18/WCLK
    SLICE_X2Y69          RAMS64E                                      r  toppyty/Data_Mem/RAM_reg_0_63_18_18/SP/CLK
                         clock pessimism              0.252    -0.554    
    SLICE_X2Y69          RAMS64E (Hold_rams64e_CLK_I)
                                                      0.147    -0.407    toppyty/Data_Mem/RAM_reg_0_63_18_18/SP
  -------------------------------------------------------------------
                         required time                          0.407    
                         arrival time                          -0.329    
  -------------------------------------------------------------------
                         slack                                  0.078    

Slack (MET) :             0.081ns  (arrival time - required time)
  Source:                 toppyty/Core_Unit/DatapathCore/ff_Memory/ff_WriteDataM/qout_reg[8]/C
                            (rising edge-triggered cell FDRE clocked by clk_out1_clk_wiz_0  {rise@0.000ns fall@6.623ns period=13.245ns})
  Destination:            toppyty/Data_Mem/RAM_reg_0_63_8_8/SP/I
                            (rising edge-triggered cell RAMS64E clocked by clk_out1_clk_wiz_0  {rise@0.000ns fall@6.623ns period=13.245ns})
  Path Group:             clk_out1_clk_wiz_0
  Path Type:              Hold (Min at Fast Process Corner)
  Requirement:            0.000ns  (clk_out1_clk_wiz_0 rise@0.000ns - clk_out1_clk_wiz_0 rise@0.000ns)
  Data Path Delay:        0.187ns  (logic 0.128ns (68.470%)  route 0.059ns (31.530%))
  Logic Levels:           0  
  Clock Path Skew:        0.013ns (DCD - SCD - CPR)
    Destination Clock Delay (DCD):    -0.801ns
    Source Clock Delay      (SCD):    -0.564ns
    Clock Pessimism Removal (CPR):    -0.250ns

    Location             Delay type                Incr(ns)  Path(ns)    Netlist Resource(s)
  -------------------------------------------------------------------    -------------------
                         (clock clk_out1_clk_wiz_0 rise edge)
                                                      0.000     0.000 r  
    E3                                                0.000     0.000 r  clk_100MHz (IN)
                         net (fo=0)                   0.000     0.000    clk_wiz_inst/inst/clk_in1
    E3                   IBUF (Prop_ibuf_I_O)         0.250     0.250 r  clk_wiz_inst/inst/clkin1_ibufg/O
                         net (fo=1, routed)           0.440     0.690    clk_wiz_inst/inst/clk_in1_clk_wiz_0
    MMCME2_ADV_X1Y2      MMCME2_ADV (Prop_mmcme2_adv_CLKIN1_CLKOUT0)
                                                     -2.379    -1.689 r  clk_wiz_inst/inst/mmcm_adv_inst/CLKOUT0
                         net (fo=1, routed)           0.499    -1.190    clk_wiz_inst/inst/clk_out1_clk_wiz_0
    BUFGCTRL_X0Y16       BUFG (Prop_bufg_I_O)         0.026    -1.164 r  clk_wiz_inst/inst/clkout1_buf/O
                         net (fo=824, routed)         0.600    -0.564    toppyty/Core_Unit/DatapathCore/ff_Memory/ff_WriteDataM/clk_out1
    SLICE_X3Y64          FDRE                                         r  toppyty/Core_Unit/DatapathCore/ff_Memory/ff_WriteDataM/qout_reg[8]/C
  -------------------------------------------------------------------    -------------------
    SLICE_X3Y64          FDRE (Prop_fdre_C_Q)         0.128    -0.436 r  toppyty/Core_Unit/DatapathCore/ff_Memory/ff_WriteDataM/qout_reg[8]/Q
                         net (fo=1, routed)           0.059    -0.377    toppyty/Data_Mem/RAM_reg_0_63_8_8/D
    SLICE_X2Y64          RAMS64E                                      r  toppyty/Data_Mem/RAM_reg_0_63_8_8/SP/I
  -------------------------------------------------------------------    -------------------

                         (clock clk_out1_clk_wiz_0 rise edge)
                                                      0.000     0.000 r  
    E3                                                0.000     0.000 r  clk_100MHz (IN)
                         net (fo=0)                   0.000     0.000    clk_wiz_inst/inst/clk_in1
    E3                   IBUF (Prop_ibuf_I_O)         0.438     0.438 r  clk_wiz_inst/inst/clkin1_ibufg/O
                         net (fo=1, routed)           0.480     0.918    clk_wiz_inst/inst/clk_in1_clk_wiz_0
    MMCME2_ADV_X1Y2      MMCME2_ADV (Prop_mmcme2_adv_CLKIN1_CLKOUT0)
                                                     -3.163    -2.245 r  clk_wiz_inst/inst/mmcm_adv_inst/CLKOUT0
                         net (fo=1, routed)           0.544    -1.702    clk_wiz_inst/inst/clk_out1_clk_wiz_0
    BUFGCTRL_X0Y16       BUFG (Prop_bufg_I_O)         0.029    -1.673 r  clk_wiz_inst/inst/clkout1_buf/O
                         net (fo=824, routed)         0.872    -0.801    toppyty/Data_Mem/RAM_reg_0_63_8_8/WCLK
    SLICE_X2Y64          RAMS64E                                      r  toppyty/Data_Mem/RAM_reg_0_63_8_8/SP/CLK
                         clock pessimism              0.250    -0.551    
    SLICE_X2Y64          RAMS64E (Hold_rams64e_CLK_I)
                                                      0.093    -0.458    toppyty/Data_Mem/RAM_reg_0_63_8_8/SP
  -------------------------------------------------------------------
                         required time                          0.458    
                         arrival time                          -0.377    
  -------------------------------------------------------------------
                         slack                                  0.081    

Slack (MET) :             0.085ns  (arrival time - required time)
  Source:                 toppyty/Core_Unit/DatapathCore/ff_Memory/ff_WriteDataM/qout_reg[23]/C
                            (rising edge-triggered cell FDRE clocked by clk_out1_clk_wiz_0  {rise@0.000ns fall@6.623ns period=13.245ns})
  Destination:            toppyty/Data_Mem/RAM_reg_0_63_23_23/SP/I
                            (rising edge-triggered cell RAMS64E clocked by clk_out1_clk_wiz_0  {rise@0.000ns fall@6.623ns period=13.245ns})
  Path Group:             clk_out1_clk_wiz_0
  Path Type:              Hold (Min at Fast Process Corner)
  Requirement:            0.000ns  (clk_out1_clk_wiz_0 rise@0.000ns - clk_out1_clk_wiz_0 rise@0.000ns)
  Data Path Delay:        0.242ns  (logic 0.141ns (58.263%)  route 0.101ns (41.737%))
  Logic Levels:           0  
  Clock Path Skew:        0.013ns (DCD - SCD - CPR)
    Destination Clock Delay (DCD):    -0.814ns
    Source Clock Delay      (SCD):    -0.573ns
    Clock Pessimism Removal (CPR):    -0.254ns

    Location             Delay type                Incr(ns)  Path(ns)    Netlist Resource(s)
  -------------------------------------------------------------------    -------------------
                         (clock clk_out1_clk_wiz_0 rise edge)
                                                      0.000     0.000 r  
    E3                                                0.000     0.000 r  clk_100MHz (IN)
                         net (fo=0)                   0.000     0.000    clk_wiz_inst/inst/clk_in1
    E3                   IBUF (Prop_ibuf_I_O)         0.250     0.250 r  clk_wiz_inst/inst/clkin1_ibufg/O
                         net (fo=1, routed)           0.440     0.690    clk_wiz_inst/inst/clk_in1_clk_wiz_0
    MMCME2_ADV_X1Y2      MMCME2_ADV (Prop_mmcme2_adv_CLKIN1_CLKOUT0)
                                                     -2.379    -1.689 r  clk_wiz_inst/inst/mmcm_adv_inst/CLKOUT0
                         net (fo=1, routed)           0.499    -1.190    clk_wiz_inst/inst/clk_out1_clk_wiz_0
    BUFGCTRL_X0Y16       BUFG (Prop_bufg_I_O)         0.026    -1.164 r  clk_wiz_inst/inst/clkout1_buf/O
                         net (fo=824, routed)         0.591    -0.573    toppyty/Core_Unit/DatapathCore/ff_Memory/ff_WriteDataM/clk_out1
    SLICE_X5Y76          FDRE                                         r  toppyty/Core_Unit/DatapathCore/ff_Memory/ff_WriteDataM/qout_reg[23]/C
  -------------------------------------------------------------------    -------------------
    SLICE_X5Y76          FDRE (Prop_fdre_C_Q)         0.141    -0.432 r  toppyty/Core_Unit/DatapathCore/ff_Memory/ff_WriteDataM/qout_reg[23]/Q
                         net (fo=1, routed)           0.101    -0.331    toppyty/Data_Mem/RAM_reg_0_63_23_23/D
    SLICE_X6Y76          RAMS64E                                      r  toppyty/Data_Mem/RAM_reg_0_63_23_23/SP/I
  -------------------------------------------------------------------    -------------------

                         (clock clk_out1_clk_wiz_0 rise edge)
                                                      0.000     0.000 r  
    E3                                                0.000     0.000 r  clk_100MHz (IN)
                         net (fo=0)                   0.000     0.000    clk_wiz_inst/inst/clk_in1
    E3                   IBUF (Prop_ibuf_I_O)         0.438     0.438 r  clk_wiz_inst/inst/clkin1_ibufg/O
                         net (fo=1, routed)           0.480     0.918    clk_wiz_inst/inst/clk_in1_clk_wiz_0
    MMCME2_ADV_X1Y2      MMCME2_ADV (Prop_mmcme2_adv_CLKIN1_CLKOUT0)
                                                     -3.163    -2.245 r  clk_wiz_inst/inst/mmcm_adv_inst/CLKOUT0
                         net (fo=1, routed)           0.544    -1.702    clk_wiz_inst/inst/clk_out1_clk_wiz_0
    BUFGCTRL_X0Y16       BUFG (Prop_bufg_I_O)         0.029    -1.673 r  clk_wiz_inst/inst/clkout1_buf/O
                         net (fo=824, routed)         0.859    -0.814    toppyty/Data_Mem/RAM_reg_0_63_23_23/WCLK
    SLICE_X6Y76          RAMS64E                                      r  toppyty/Data_Mem/RAM_reg_0_63_23_23/SP/CLK
                         clock pessimism              0.254    -0.560    
    SLICE_X6Y76          RAMS64E (Hold_rams64e_CLK_I)
                                                      0.144    -0.416    toppyty/Data_Mem/RAM_reg_0_63_23_23/SP
  -------------------------------------------------------------------
                         required time                          0.416    
                         arrival time                          -0.331    
  -------------------------------------------------------------------
                         slack                                  0.085    

Slack (MET) :             0.091ns  (arrival time - required time)
  Source:                 toppyty/Core_Unit/DatapathCore/ff_Memory/ff_WriteDataM/qout_reg[26]/C
                            (rising edge-triggered cell FDRE clocked by clk_out1_clk_wiz_0  {rise@0.000ns fall@6.623ns period=13.245ns})
  Destination:            toppyty/Data_Mem/RAM_reg_0_63_26_26/SP/I
                            (rising edge-triggered cell RAMS64E clocked by clk_out1_clk_wiz_0  {rise@0.000ns fall@6.623ns period=13.245ns})
  Path Group:             clk_out1_clk_wiz_0
  Path Type:              Hold (Min at Fast Process Corner)
  Requirement:            0.000ns  (clk_out1_clk_wiz_0 rise@0.000ns - clk_out1_clk_wiz_0 rise@0.000ns)
  Data Path Delay:        0.251ns  (logic 0.141ns (56.174%)  route 0.110ns (43.826%))
  Logic Levels:           0  
  Clock Path Skew:        0.014ns (DCD - SCD - CPR)
    Destination Clock Delay (DCD):    -0.811ns
    Source Clock Delay      (SCD):    -0.573ns
    Clock Pessimism Removal (CPR):    -0.252ns

    Location             Delay type                Incr(ns)  Path(ns)    Netlist Resource(s)
  -------------------------------------------------------------------    -------------------
                         (clock clk_out1_clk_wiz_0 rise edge)
                                                      0.000     0.000 r  
    E3                                                0.000     0.000 r  clk_100MHz (IN)
                         net (fo=0)                   0.000     0.000    clk_wiz_inst/inst/clk_in1
    E3                   IBUF (Prop_ibuf_I_O)         0.250     0.250 r  clk_wiz_inst/inst/clkin1_ibufg/O
                         net (fo=1, routed)           0.440     0.690    clk_wiz_inst/inst/clk_in1_clk_wiz_0
    MMCME2_ADV_X1Y2      MMCME2_ADV (Prop_mmcme2_adv_CLKIN1_CLKOUT0)
                                                     -2.379    -1.689 r  clk_wiz_inst/inst/mmcm_adv_inst/CLKOUT0
                         net (fo=1, routed)           0.499    -1.190    clk_wiz_inst/inst/clk_out1_clk_wiz_0
    BUFGCTRL_X0Y16       BUFG (Prop_bufg_I_O)         0.026    -1.164 r  clk_wiz_inst/inst/clkout1_buf/O
                         net (fo=824, routed)         0.591    -0.573    toppyty/Core_Unit/DatapathCore/ff_Memory/ff_WriteDataM/clk_out1
    SLICE_X3Y75          FDRE                                         r  toppyty/Core_Unit/DatapathCore/ff_Memory/ff_WriteDataM/qout_reg[26]/C
  -------------------------------------------------------------------    -------------------
    SLICE_X3Y75          FDRE (Prop_fdre_C_Q)         0.141    -0.432 r  toppyty/Core_Unit/DatapathCore/ff_Memory/ff_WriteDataM/qout_reg[26]/Q
                         net (fo=1, routed)           0.110    -0.322    toppyty/Data_Mem/RAM_reg_0_63_26_26/D
    SLICE_X2Y76          RAMS64E                                      r  toppyty/Data_Mem/RAM_reg_0_63_26_26/SP/I
  -------------------------------------------------------------------    -------------------

                         (clock clk_out1_clk_wiz_0 rise edge)
                                                      0.000     0.000 r  
    E3                                                0.000     0.000 r  clk_100MHz (IN)
                         net (fo=0)                   0.000     0.000    clk_wiz_inst/inst/clk_in1
    E3                   IBUF (Prop_ibuf_I_O)         0.438     0.438 r  clk_wiz_inst/inst/clkin1_ibufg/O
                         net (fo=1, routed)           0.480     0.918    clk_wiz_inst/inst/clk_in1_clk_wiz_0
    MMCME2_ADV_X1Y2      MMCME2_ADV (Prop_mmcme2_adv_CLKIN1_CLKOUT0)
                                                     -3.163    -2.245 r  clk_wiz_inst/inst/mmcm_adv_inst/CLKOUT0
                         net (fo=1, routed)           0.544    -1.702    clk_wiz_inst/inst/clk_out1_clk_wiz_0
    BUFGCTRL_X0Y16       BUFG (Prop_bufg_I_O)         0.029    -1.673 r  clk_wiz_inst/inst/clkout1_buf/O
                         net (fo=824, routed)         0.862    -0.811    toppyty/Data_Mem/RAM_reg_0_63_26_26/WCLK
    SLICE_X2Y76          RAMS64E                                      r  toppyty/Data_Mem/RAM_reg_0_63_26_26/SP/CLK
                         clock pessimism              0.252    -0.559    
    SLICE_X2Y76          RAMS64E (Hold_rams64e_CLK_I)
                                                      0.146    -0.413    toppyty/Data_Mem/RAM_reg_0_63_26_26/SP
  -------------------------------------------------------------------
                         required time                          0.413    
                         arrival time                          -0.322    
  -------------------------------------------------------------------
                         slack                                  0.091    

Slack (MET) :             0.094ns  (arrival time - required time)
  Source:                 toppyty/Core_Unit/DatapathCore/ff_Memory/ff_WriteDataM/qout_reg[4]/C
                            (rising edge-triggered cell FDRE clocked by clk_out1_clk_wiz_0  {rise@0.000ns fall@6.623ns period=13.245ns})
  Destination:            toppyty/Data_Mem/RAM_reg_0_63_4_4/SP/I
                            (rising edge-triggered cell RAMS64E clocked by clk_out1_clk_wiz_0  {rise@0.000ns fall@6.623ns period=13.245ns})
  Path Group:             clk_out1_clk_wiz_0
  Path Type:              Hold (Min at Fast Process Corner)
  Requirement:            0.000ns  (clk_out1_clk_wiz_0 rise@0.000ns - clk_out1_clk_wiz_0 rise@0.000ns)
  Data Path Delay:        0.253ns  (logic 0.141ns (55.730%)  route 0.112ns (44.270%))
  Logic Levels:           0  
  Clock Path Skew:        0.013ns (DCD - SCD - CPR)
    Destination Clock Delay (DCD):    -0.804ns
    Source Clock Delay      (SCD):    -0.565ns
    Clock Pessimism Removal (CPR):    -0.252ns

    Location             Delay type                Incr(ns)  Path(ns)    Netlist Resource(s)
  -------------------------------------------------------------------    -------------------
                         (clock clk_out1_clk_wiz_0 rise edge)
                                                      0.000     0.000 r  
    E3                                                0.000     0.000 r  clk_100MHz (IN)
                         net (fo=0)                   0.000     0.000    clk_wiz_inst/inst/clk_in1
    E3                   IBUF (Prop_ibuf_I_O)         0.250     0.250 r  clk_wiz_inst/inst/clkin1_ibufg/O
                         net (fo=1, routed)           0.440     0.690    clk_wiz_inst/inst/clk_in1_clk_wiz_0
    MMCME2_ADV_X1Y2      MMCME2_ADV (Prop_mmcme2_adv_CLKIN1_CLKOUT0)
                                                     -2.379    -1.689 r  clk_wiz_inst/inst/mmcm_adv_inst/CLKOUT0
                         net (fo=1, routed)           0.499    -1.190    clk_wiz_inst/inst/clk_out1_clk_wiz_0
    BUFGCTRL_X0Y16       BUFG (Prop_bufg_I_O)         0.026    -1.164 r  clk_wiz_inst/inst/clkout1_buf/O
                         net (fo=824, routed)         0.599    -0.565    toppyty/Core_Unit/DatapathCore/ff_Memory/ff_WriteDataM/clk_out1
    SLICE_X3Y66          FDRE                                         r  toppyty/Core_Unit/DatapathCore/ff_Memory/ff_WriteDataM/qout_reg[4]/C
  -------------------------------------------------------------------    -------------------
    SLICE_X3Y66          FDRE (Prop_fdre_C_Q)         0.141    -0.424 r  toppyty/Core_Unit/DatapathCore/ff_Memory/ff_WriteDataM/qout_reg[4]/Q
                         net (fo=1, routed)           0.112    -0.312    toppyty/Data_Mem/RAM_reg_0_63_4_4/D
    SLICE_X2Y67          RAMS64E                                      r  toppyty/Data_Mem/RAM_reg_0_63_4_4/SP/I
  -------------------------------------------------------------------    -------------------

                         (clock clk_out1_clk_wiz_0 rise edge)
                                                      0.000     0.000 r  
    E3                                                0.000     0.000 r  clk_100MHz (IN)
                         net (fo=0)                   0.000     0.000    clk_wiz_inst/inst/clk_in1
    E3                   IBUF (Prop_ibuf_I_O)         0.438     0.438 r  clk_wiz_inst/inst/clkin1_ibufg/O
                         net (fo=1, routed)           0.480     0.918    clk_wiz_inst/inst/clk_in1_clk_wiz_0
    MMCME2_ADV_X1Y2      MMCME2_ADV (Prop_mmcme2_adv_CLKIN1_CLKOUT0)
                                                     -3.163    -2.245 r  clk_wiz_inst/inst/mmcm_adv_inst/CLKOUT0
                         net (fo=1, routed)           0.544    -1.702    clk_wiz_inst/inst/clk_out1_clk_wiz_0
    BUFGCTRL_X0Y16       BUFG (Prop_bufg_I_O)         0.029    -1.673 r  clk_wiz_inst/inst/clkout1_buf/O
                         net (fo=824, routed)         0.869    -0.804    toppyty/Data_Mem/RAM_reg_0_63_4_4/WCLK
    SLICE_X2Y67          RAMS64E                                      r  toppyty/Data_Mem/RAM_reg_0_63_4_4/SP/CLK
                         clock pessimism              0.252    -0.552    
    SLICE_X2Y67          RAMS64E (Hold_rams64e_CLK_I)
                                                      0.146    -0.406    toppyty/Data_Mem/RAM_reg_0_63_4_4/SP
  -------------------------------------------------------------------
                         required time                          0.406    
                         arrival time                          -0.312    
  -------------------------------------------------------------------
                         slack                                  0.094    

Slack (MET) :             0.121ns  (arrival time - required time)
  Source:                 toppyty/Core_Unit/DatapathCore/ff_Decode/ff_RDIM/ff_RE_interior/qout_reg[5]/C
                            (rising edge-triggered cell FDRE clocked by clk_out1_clk_wiz_0  {rise@0.000ns fall@6.623ns period=13.245ns})
  Destination:            toppyty/Core_Unit/DatapathCore/ff_Execute/ff_ImmExtE/qout_reg[3]/D
                            (rising edge-triggered cell FDRE clocked by clk_out1_clk_wiz_0  {rise@0.000ns fall@6.623ns period=13.245ns})
  Path Group:             clk_out1_clk_wiz_0
  Path Type:              Hold (Min at Fast Process Corner)
  Requirement:            0.000ns  (clk_out1_clk_wiz_0 rise@0.000ns - clk_out1_clk_wiz_0 rise@0.000ns)
  Data Path Delay:        0.254ns  (logic 0.186ns (73.141%)  route 0.068ns (26.859%))
  Logic Levels:           1  (LUT6=1)
  Clock Path Skew:        0.013ns (DCD - SCD - CPR)
    Destination Clock Delay (DCD):    -0.805ns
    Source Clock Delay      (SCD):    -0.565ns
    Clock Pessimism Removal (CPR):    -0.253ns

    Location             Delay type                Incr(ns)  Path(ns)    Netlist Resource(s)
  -------------------------------------------------------------------    -------------------
                         (clock clk_out1_clk_wiz_0 rise edge)
                                                      0.000     0.000 r  
    E3                                                0.000     0.000 r  clk_100MHz (IN)
                         net (fo=0)                   0.000     0.000    clk_wiz_inst/inst/clk_in1
    E3                   IBUF (Prop_ibuf_I_O)         0.250     0.250 r  clk_wiz_inst/inst/clkin1_ibufg/O
                         net (fo=1, routed)           0.440     0.690    clk_wiz_inst/inst/clk_in1_clk_wiz_0
    MMCME2_ADV_X1Y2      MMCME2_ADV (Prop_mmcme2_adv_CLKIN1_CLKOUT0)
                                                     -2.379    -1.689 r  clk_wiz_inst/inst/mmcm_adv_inst/CLKOUT0
                         net (fo=1, routed)           0.499    -1.190    clk_wiz_inst/inst/clk_out1_clk_wiz_0
    BUFGCTRL_X0Y16       BUFG (Prop_bufg_I_O)         0.026    -1.164 r  clk_wiz_inst/inst/clkout1_buf/O
                         net (fo=824, routed)         0.599    -0.565    toppyty/Core_Unit/DatapathCore/ff_Decode/ff_RDIM/ff_RE_interior/clk_out1
    SLICE_X7Y65          FDRE                                         r  toppyty/Core_Unit/DatapathCore/ff_Decode/ff_RDIM/ff_RE_interior/qout_reg[5]/C
  -------------------------------------------------------------------    -------------------
    SLICE_X7Y65          FDRE (Prop_fdre_C_Q)         0.141    -0.424 r  toppyty/Core_Unit/DatapathCore/ff_Decode/ff_RDIM/ff_RE_interior/qout_reg[5]/Q
                         net (fo=15, routed)          0.068    -0.356    toppyty/Core_Unit/DatapathCore/ff_Decode/ff_RDIM/ff_RE_interior/Q[3]
    SLICE_X6Y65          LUT6 (Prop_lut6_I3_O)        0.045    -0.311 r  toppyty/Core_Unit/DatapathCore/ff_Decode/ff_RDIM/ff_RE_interior/qout[3]_i_1__5/O
                         net (fo=1, routed)           0.000    -0.311    toppyty/Core_Unit/DatapathCore/ff_Execute/ff_ImmExtE/qout_reg[18]_7[3]
    SLICE_X6Y65          FDRE                                         r  toppyty/Core_Unit/DatapathCore/ff_Execute/ff_ImmExtE/qout_reg[3]/D
  -------------------------------------------------------------------    -------------------

                         (clock clk_out1_clk_wiz_0 rise edge)
                                                      0.000     0.000 r  
    E3                                                0.000     0.000 r  clk_100MHz (IN)
                         net (fo=0)                   0.000     0.000    clk_wiz_inst/inst/clk_in1
    E3                   IBUF (Prop_ibuf_I_O)         0.438     0.438 r  clk_wiz_inst/inst/clkin1_ibufg/O
                         net (fo=1, routed)           0.480     0.918    clk_wiz_inst/inst/clk_in1_clk_wiz_0
    MMCME2_ADV_X1Y2      MMCME2_ADV (Prop_mmcme2_adv_CLKIN1_CLKOUT0)
                                                     -3.163    -2.245 r  clk_wiz_inst/inst/mmcm_adv_inst/CLKOUT0
                         net (fo=1, routed)           0.544    -1.702    clk_wiz_inst/inst/clk_out1_clk_wiz_0
    BUFGCTRL_X0Y16       BUFG (Prop_bufg_I_O)         0.029    -1.673 r  clk_wiz_inst/inst/clkout1_buf/O
                         net (fo=824, routed)         0.868    -0.805    toppyty/Core_Unit/DatapathCore/ff_Execute/ff_ImmExtE/clk_out1
    SLICE_X6Y65          FDRE                                         r  toppyty/Core_Unit/DatapathCore/ff_Execute/ff_ImmExtE/qout_reg[3]/C
                         clock pessimism              0.253    -0.552    
    SLICE_X6Y65          FDRE (Hold_fdre_C_D)         0.120    -0.432    toppyty/Core_Unit/DatapathCore/ff_Execute/ff_ImmExtE/qout_reg[3]
  -------------------------------------------------------------------
                         required time                          0.432    
                         arrival time                          -0.311    
  -------------------------------------------------------------------
                         slack                                  0.121    

Slack (MET) :             0.124ns  (arrival time - required time)
  Source:                 toppyty/Core_Unit/DatapathCore/ff_Memory/ff_PCPlus4M/qout_reg[28]/C
                            (rising edge-triggered cell FDRE clocked by clk_out1_clk_wiz_0  {rise@0.000ns fall@6.623ns period=13.245ns})
  Destination:            toppyty/Core_Unit/DatapathCore/ff_Writeback/ff_PCPlus4W/qout_reg[28]/D
                            (rising edge-triggered cell FDRE clocked by clk_out1_clk_wiz_0  {rise@0.000ns fall@6.623ns period=13.245ns})
  Path Group:             clk_out1_clk_wiz_0
  Path Type:              Hold (Min at Fast Process Corner)
  Requirement:            0.000ns  (clk_out1_clk_wiz_0 rise@0.000ns - clk_out1_clk_wiz_0 rise@0.000ns)
  Data Path Delay:        0.200ns  (logic 0.141ns (70.589%)  route 0.059ns (29.411%))
  Logic Levels:           0  
  Clock Path Skew:        0.000ns (DCD - SCD - CPR)
    Destination Clock Delay (DCD):    -0.811ns
    Source Clock Delay      (SCD):    -0.572ns
    Clock Pessimism Removal (CPR):    -0.239ns

    Location             Delay type                Incr(ns)  Path(ns)    Netlist Resource(s)
  -------------------------------------------------------------------    -------------------
                         (clock clk_out1_clk_wiz_0 rise edge)
                                                      0.000     0.000 r  
    E3                                                0.000     0.000 r  clk_100MHz (IN)
                         net (fo=0)                   0.000     0.000    clk_wiz_inst/inst/clk_in1
    E3                   IBUF (Prop_ibuf_I_O)         0.250     0.250 r  clk_wiz_inst/inst/clkin1_ibufg/O
                         net (fo=1, routed)           0.440     0.690    clk_wiz_inst/inst/clk_in1_clk_wiz_0
    MMCME2_ADV_X1Y2      MMCME2_ADV (Prop_mmcme2_adv_CLKIN1_CLKOUT0)
                                                     -2.379    -1.689 r  clk_wiz_inst/inst/mmcm_adv_inst/CLKOUT0
                         net (fo=1, routed)           0.499    -1.190    clk_wiz_inst/inst/clk_out1_clk_wiz_0
    BUFGCTRL_X0Y16       BUFG (Prop_bufg_I_O)         0.026    -1.164 r  clk_wiz_inst/inst/clkout1_buf/O
                         net (fo=824, routed)         0.592    -0.572    toppyty/Core_Unit/DatapathCore/ff_Memory/ff_PCPlus4M/clk_out1
    SLICE_X0Y76          FDRE                                         r  toppyty/Core_Unit/DatapathCore/ff_Memory/ff_PCPlus4M/qout_reg[28]/C
  -------------------------------------------------------------------    -------------------
    SLICE_X0Y76          FDRE (Prop_fdre_C_Q)         0.141    -0.431 r  toppyty/Core_Unit/DatapathCore/ff_Memory/ff_PCPlus4M/qout_reg[28]/Q
                         net (fo=1, routed)           0.059    -0.373    toppyty/Core_Unit/DatapathCore/ff_Writeback/ff_PCPlus4W/qout_reg[31]_0[28]
    SLICE_X0Y76          FDRE                                         r  toppyty/Core_Unit/DatapathCore/ff_Writeback/ff_PCPlus4W/qout_reg[28]/D
  -------------------------------------------------------------------    -------------------

                         (clock clk_out1_clk_wiz_0 rise edge)
                                                      0.000     0.000 r  
    E3                                                0.000     0.000 r  clk_100MHz (IN)
                         net (fo=0)                   0.000     0.000    clk_wiz_inst/inst/clk_in1
    E3                   IBUF (Prop_ibuf_I_O)         0.438     0.438 r  clk_wiz_inst/inst/clkin1_ibufg/O
                         net (fo=1, routed)           0.480     0.918    clk_wiz_inst/inst/clk_in1_clk_wiz_0
    MMCME2_ADV_X1Y2      MMCME2_ADV (Prop_mmcme2_adv_CLKIN1_CLKOUT0)
                                                     -3.163    -2.245 r  clk_wiz_inst/inst/mmcm_adv_inst/CLKOUT0
                         net (fo=1, routed)           0.544    -1.702    clk_wiz_inst/inst/clk_out1_clk_wiz_0
    BUFGCTRL_X0Y16       BUFG (Prop_bufg_I_O)         0.029    -1.673 r  clk_wiz_inst/inst/clkout1_buf/O
                         net (fo=824, routed)         0.862    -0.811    toppyty/Core_Unit/DatapathCore/ff_Writeback/ff_PCPlus4W/clk_out1
    SLICE_X0Y76          FDRE                                         r  toppyty/Core_Unit/DatapathCore/ff_Writeback/ff_PCPlus4W/qout_reg[28]/C
                         clock pessimism              0.239    -0.572    
    SLICE_X0Y76          FDRE (Hold_fdre_C_D)         0.076    -0.496    toppyty/Core_Unit/DatapathCore/ff_Writeback/ff_PCPlus4W/qout_reg[28]
  -------------------------------------------------------------------
                         required time                          0.496    
                         arrival time                          -0.373    
  -------------------------------------------------------------------
                         slack                                  0.124    

Slack (MET) :             0.125ns  (arrival time - required time)
  Source:                 toppyty/Core_Unit/DatapathCore/ff_Decode/ff_PCPlus4F/ff_RE_interior/qout_reg[12]/C
                            (rising edge-triggered cell FDRE clocked by clk_out1_clk_wiz_0  {rise@0.000ns fall@6.623ns period=13.245ns})
  Destination:            toppyty/Core_Unit/DatapathCore/ff_Execute/ff_PCPlus4E/qout_reg[12]/D
                            (rising edge-triggered cell FDRE clocked by clk_out1_clk_wiz_0  {rise@0.000ns fall@6.623ns period=13.245ns})
  Path Group:             clk_out1_clk_wiz_0
  Path Type:              Hold (Min at Fast Process Corner)
  Requirement:            0.000ns  (clk_out1_clk_wiz_0 rise@0.000ns - clk_out1_clk_wiz_0 rise@0.000ns)
  Data Path Delay:        0.221ns  (logic 0.141ns (63.771%)  route 0.080ns (36.229%))
  Logic Levels:           0  
  Clock Path Skew:        0.013ns (DCD - SCD - CPR)
    Destination Clock Delay (DCD):    -0.808ns
    Source Clock Delay      (SCD):    -0.568ns
    Clock Pessimism Removal (CPR):    -0.253ns

    Location             Delay type                Incr(ns)  Path(ns)    Netlist Resource(s)
  -------------------------------------------------------------------    -------------------
                         (clock clk_out1_clk_wiz_0 rise edge)
                                                      0.000     0.000 r  
    E3                                                0.000     0.000 r  clk_100MHz (IN)
                         net (fo=0)                   0.000     0.000    clk_wiz_inst/inst/clk_in1
    E3                   IBUF (Prop_ibuf_I_O)         0.250     0.250 r  clk_wiz_inst/inst/clkin1_ibufg/O
                         net (fo=1, routed)           0.440     0.690    clk_wiz_inst/inst/clk_in1_clk_wiz_0
    MMCME2_ADV_X1Y2      MMCME2_ADV (Prop_mmcme2_adv_CLKIN1_CLKOUT0)
                                                     -2.379    -1.689 r  clk_wiz_inst/inst/mmcm_adv_inst/CLKOUT0
                         net (fo=1, routed)           0.499    -1.190    clk_wiz_inst/inst/clk_out1_clk_wiz_0
    BUFGCTRL_X0Y16       BUFG (Prop_bufg_I_O)         0.026    -1.164 r  clk_wiz_inst/inst/clkout1_buf/O
                         net (fo=824, routed)         0.596    -0.568    toppyty/Core_Unit/DatapathCore/ff_Decode/ff_PCPlus4F/ff_RE_interior/clk_out1
    SLICE_X7Y68          FDRE                                         r  toppyty/Core_Unit/DatapathCore/ff_Decode/ff_PCPlus4F/ff_RE_interior/qout_reg[12]/C
  -------------------------------------------------------------------    -------------------
    SLICE_X7Y68          FDRE (Prop_fdre_C_Q)         0.141    -0.427 r  toppyty/Core_Unit/DatapathCore/ff_Decode/ff_PCPlus4F/ff_RE_interior/qout_reg[12]/Q
                         net (fo=1, routed)           0.080    -0.347    toppyty/Core_Unit/DatapathCore/ff_Execute/ff_PCPlus4E/qout_reg[31]_2[11]
    SLICE_X6Y68          FDRE                                         r  toppyty/Core_Unit/DatapathCore/ff_Execute/ff_PCPlus4E/qout_reg[12]/D
  -------------------------------------------------------------------    -------------------

                         (clock clk_out1_clk_wiz_0 rise edge)
                                                      0.000     0.000 r  
    E3                                                0.000     0.000 r  clk_100MHz (IN)
                         net (fo=0)                   0.000     0.000    clk_wiz_inst/inst/clk_in1
    E3                   IBUF (Prop_ibuf_I_O)         0.438     0.438 r  clk_wiz_inst/inst/clkin1_ibufg/O
                         net (fo=1, routed)           0.480     0.918    clk_wiz_inst/inst/clk_in1_clk_wiz_0
    MMCME2_ADV_X1Y2      MMCME2_ADV (Prop_mmcme2_adv_CLKIN1_CLKOUT0)
                                                     -3.163    -2.245 r  clk_wiz_inst/inst/mmcm_adv_inst/CLKOUT0
                         net (fo=1, routed)           0.544    -1.702    clk_wiz_inst/inst/clk_out1_clk_wiz_0
    BUFGCTRL_X0Y16       BUFG (Prop_bufg_I_O)         0.029    -1.673 r  clk_wiz_inst/inst/clkout1_buf/O
                         net (fo=824, routed)         0.865    -0.808    toppyty/Core_Unit/DatapathCore/ff_Execute/ff_PCPlus4E/clk_out1
    SLICE_X6Y68          FDRE                                         r  toppyty/Core_Unit/DatapathCore/ff_Execute/ff_PCPlus4E/qout_reg[12]/C
                         clock pessimism              0.253    -0.555    
    SLICE_X6Y68          FDRE (Hold_fdre_C_D)         0.083    -0.472    toppyty/Core_Unit/DatapathCore/ff_Execute/ff_PCPlus4E/qout_reg[12]
  -------------------------------------------------------------------
                         required time                          0.472    
                         arrival time                          -0.347    
  -------------------------------------------------------------------
                         slack                                  0.125    

Slack (MET) :             0.128ns  (arrival time - required time)
  Source:                 toppyty/Core_Unit/DatapathCore/ff_Memory/ff_PCPlus4M/qout_reg[17]/C
                            (rising edge-triggered cell FDRE clocked by clk_out1_clk_wiz_0  {rise@0.000ns fall@6.623ns period=13.245ns})
  Destination:            toppyty/Core_Unit/DatapathCore/ff_Writeback/ff_PCPlus4W/qout_reg[17]/D
                            (rising edge-triggered cell FDRE clocked by clk_out1_clk_wiz_0  {rise@0.000ns fall@6.623ns period=13.245ns})
  Path Group:             clk_out1_clk_wiz_0
  Path Type:              Hold (Min at Fast Process Corner)
  Requirement:            0.000ns  (clk_out1_clk_wiz_0 rise@0.000ns - clk_out1_clk_wiz_0 rise@0.000ns)
  Data Path Delay:        0.199ns  (logic 0.141ns (70.953%)  route 0.058ns (29.047%))
  Logic Levels:           0  
  Clock Path Skew:        0.000ns (DCD - SCD - CPR)
    Destination Clock Delay (DCD):    -0.811ns
    Source Clock Delay      (SCD):    -0.572ns
    Clock Pessimism Removal (CPR):    -0.239ns

    Location             Delay type                Incr(ns)  Path(ns)    Netlist Resource(s)
  -------------------------------------------------------------------    -------------------
                         (clock clk_out1_clk_wiz_0 rise edge)
                                                      0.000     0.000 r  
    E3                                                0.000     0.000 r  clk_100MHz (IN)
                         net (fo=0)                   0.000     0.000    clk_wiz_inst/inst/clk_in1
    E3                   IBUF (Prop_ibuf_I_O)         0.250     0.250 r  clk_wiz_inst/inst/clkin1_ibufg/O
                         net (fo=1, routed)           0.440     0.690    clk_wiz_inst/inst/clk_in1_clk_wiz_0
    MMCME2_ADV_X1Y2      MMCME2_ADV (Prop_mmcme2_adv_CLKIN1_CLKOUT0)
                                                     -2.379    -1.689 r  clk_wiz_inst/inst/mmcm_adv_inst/CLKOUT0
                         net (fo=1, routed)           0.499    -1.190    clk_wiz_inst/inst/clk_out1_clk_wiz_0
    BUFGCTRL_X0Y16       BUFG (Prop_bufg_I_O)         0.026    -1.164 r  clk_wiz_inst/inst/clkout1_buf/O
                         net (fo=824, routed)         0.592    -0.572    toppyty/Core_Unit/DatapathCore/ff_Memory/ff_PCPlus4M/clk_out1
    SLICE_X0Y76          FDRE                                         r  toppyty/Core_Unit/DatapathCore/ff_Memory/ff_PCPlus4M/qout_reg[17]/C
  -------------------------------------------------------------------    -------------------
    SLICE_X0Y76          FDRE (Prop_fdre_C_Q)         0.141    -0.431 r  toppyty/Core_Unit/DatapathCore/ff_Memory/ff_PCPlus4M/qout_reg[17]/Q
                         net (fo=1, routed)           0.058    -0.374    toppyty/Core_Unit/DatapathCore/ff_Writeback/ff_PCPlus4W/qout_reg[31]_0[17]
    SLICE_X0Y76          FDRE                                         r  toppyty/Core_Unit/DatapathCore/ff_Writeback/ff_PCPlus4W/qout_reg[17]/D
  -------------------------------------------------------------------    -------------------

                         (clock clk_out1_clk_wiz_0 rise edge)
                                                      0.000     0.000 r  
    E3                                                0.000     0.000 r  clk_100MHz (IN)
                         net (fo=0)                   0.000     0.000    clk_wiz_inst/inst/clk_in1
    E3                   IBUF (Prop_ibuf_I_O)         0.438     0.438 r  clk_wiz_inst/inst/clkin1_ibufg/O
                         net (fo=1, routed)           0.480     0.918    clk_wiz_inst/inst/clk_in1_clk_wiz_0
    MMCME2_ADV_X1Y2      MMCME2_ADV (Prop_mmcme2_adv_CLKIN1_CLKOUT0)
                                                     -3.163    -2.245 r  clk_wiz_inst/inst/mmcm_adv_inst/CLKOUT0
                         net (fo=1, routed)           0.544    -1.702    clk_wiz_inst/inst/clk_out1_clk_wiz_0
    BUFGCTRL_X0Y16       BUFG (Prop_bufg_I_O)         0.029    -1.673 r  clk_wiz_inst/inst/clkout1_buf/O
                         net (fo=824, routed)         0.862    -0.811    toppyty/Core_Unit/DatapathCore/ff_Writeback/ff_PCPlus4W/clk_out1
    SLICE_X0Y76          FDRE                                         r  toppyty/Core_Unit/DatapathCore/ff_Writeback/ff_PCPlus4W/qout_reg[17]/C
                         clock pessimism              0.239    -0.572    
    SLICE_X0Y76          FDRE (Hold_fdre_C_D)         0.071    -0.501    toppyty/Core_Unit/DatapathCore/ff_Writeback/ff_PCPlus4W/qout_reg[17]
  -------------------------------------------------------------------
                         required time                          0.501    
                         arrival time                          -0.374    
  -------------------------------------------------------------------
                         slack                                  0.128    





Pulse Width Checks
--------------------------------------------------------------------------------------
Clock Name:         clk_out1_clk_wiz_0
Waveform(ns):       { 0.000 6.623 }
Period(ns):         13.245
Sources:            { clk_wiz_inst/inst/mmcm_adv_inst/CLKOUT0 }

Check Type        Corner  Lib Pin             Reference Pin  Required(ns)  Actual(ns)  Slack(ns)  Location         Pin
Min Period        n/a     BUFG/I              n/a            2.155         13.245      11.090     BUFGCTRL_X0Y16   clk_wiz_inst/inst/clkout1_buf/I
Min Period        n/a     MMCME2_ADV/CLKOUT0  n/a            1.249         13.245      11.996     MMCME2_ADV_X1Y2  clk_wiz_inst/inst/mmcm_adv_inst/CLKOUT0
Min Period        n/a     FDRE/C              n/a            1.000         13.245      12.245     SLICE_X8Y48      clk_sevenseg/clk_int_reg/C
Min Period        n/a     FDRE/C              n/a            1.000         13.245      12.245     SLICE_X9Y44      clk_sevenseg/counter_reg[0]/C
Min Period        n/a     FDRE/C              n/a            1.000         13.245      12.245     SLICE_X9Y46      clk_sevenseg/counter_reg[10]/C
Min Period        n/a     FDRE/C              n/a            1.000         13.245      12.245     SLICE_X9Y46      clk_sevenseg/counter_reg[11]/C
Min Period        n/a     FDRE/C              n/a            1.000         13.245      12.245     SLICE_X9Y47      clk_sevenseg/counter_reg[12]/C
Min Period        n/a     FDRE/C              n/a            1.000         13.245      12.245     SLICE_X9Y47      clk_sevenseg/counter_reg[13]/C
Min Period        n/a     FDRE/C              n/a            1.000         13.245      12.245     SLICE_X9Y47      clk_sevenseg/counter_reg[14]/C
Min Period        n/a     FDRE/C              n/a            1.000         13.245      12.245     SLICE_X9Y47      clk_sevenseg/counter_reg[15]/C
Max Period        n/a     MMCME2_ADV/CLKOUT0  n/a            213.360       13.245      200.115    MMCME2_ADV_X1Y2  clk_wiz_inst/inst/mmcm_adv_inst/CLKOUT0
Low Pulse Width   Slow    RAMD64E/CLK         n/a            1.250         6.623       5.373      SLICE_X6Y57      cpci/Memmy/Reg_File_Block_reg_0_63_0_2/RAMA/CLK
Low Pulse Width   Fast    RAMD64E/CLK         n/a            1.250         6.623       5.373      SLICE_X6Y57      cpci/Memmy/Reg_File_Block_reg_0_63_0_2/RAMA/CLK
Low Pulse Width   Slow    RAMD64E/CLK         n/a            1.250         6.623       5.373      SLICE_X6Y57      cpci/Memmy/Reg_File_Block_reg_0_63_0_2/RAMB/CLK
Low Pulse Width   Fast    RAMD64E/CLK         n/a            1.250         6.623       5.373      SLICE_X6Y57      cpci/Memmy/Reg_File_Block_reg_0_63_0_2/RAMB/CLK
Low Pulse Width   Slow    RAMD64E/CLK         n/a            1.250         6.623       5.373      SLICE_X6Y57      cpci/Memmy/Reg_File_Block_reg_0_63_0_2/RAMC/CLK
Low Pulse Width   Fast    RAMD64E/CLK         n/a            1.250         6.623       5.373      SLICE_X6Y57      cpci/Memmy/Reg_File_Block_reg_0_63_0_2/RAMC/CLK
Low Pulse Width   Slow    RAMD64E/CLK         n/a            1.250         6.623       5.373      SLICE_X6Y57      cpci/Memmy/Reg_File_Block_reg_0_63_0_2/RAMD/CLK
Low Pulse Width   Fast    RAMD64E/CLK         n/a            1.250         6.623       5.373      SLICE_X6Y57      cpci/Memmy/Reg_File_Block_reg_0_63_0_2/RAMD/CLK
Low Pulse Width   Slow    RAMD64E/CLK         n/a            1.250         6.623       5.373      SLICE_X6Y55      cpci/Memmy/Reg_File_Block_reg_0_63_12_14/RAMA/CLK
Low Pulse Width   Fast    RAMD64E/CLK         n/a            1.250         6.623       5.373      SLICE_X6Y55      cpci/Memmy/Reg_File_Block_reg_0_63_12_14/RAMA/CLK
High Pulse Width  Slow    RAMD64E/CLK         n/a            1.250         6.623       5.373      SLICE_X6Y57      cpci/Memmy/Reg_File_Block_reg_0_63_0_2/RAMA/CLK
High Pulse Width  Fast    RAMD64E/CLK         n/a            1.250         6.623       5.373      SLICE_X6Y57      cpci/Memmy/Reg_File_Block_reg_0_63_0_2/RAMA/CLK
High Pulse Width  Slow    RAMD64E/CLK         n/a            1.250         6.623       5.373      SLICE_X6Y57      cpci/Memmy/Reg_File_Block_reg_0_63_0_2/RAMB/CLK
High Pulse Width  Fast    RAMD64E/CLK         n/a            1.250         6.623       5.373      SLICE_X6Y57      cpci/Memmy/Reg_File_Block_reg_0_63_0_2/RAMB/CLK
High Pulse Width  Slow    RAMD64E/CLK         n/a            1.250         6.623       5.373      SLICE_X6Y57      cpci/Memmy/Reg_File_Block_reg_0_63_0_2/RAMC/CLK
High Pulse Width  Fast    RAMD64E/CLK         n/a            1.250         6.623       5.373      SLICE_X6Y57      cpci/Memmy/Reg_File_Block_reg_0_63_0_2/RAMC/CLK
High Pulse Width  Slow    RAMD64E/CLK         n/a            1.250         6.623       5.373      SLICE_X6Y57      cpci/Memmy/Reg_File_Block_reg_0_63_0_2/RAMD/CLK
High Pulse Width  Fast    RAMD64E/CLK         n/a            1.250         6.623       5.373      SLICE_X6Y57      cpci/Memmy/Reg_File_Block_reg_0_63_0_2/RAMD/CLK
High Pulse Width  Slow    RAMD64E/CLK         n/a            1.250         6.623       5.373      SLICE_X6Y55      cpci/Memmy/Reg_File_Block_reg_0_63_12_14/RAMA/CLK
High Pulse Width  Fast    RAMD64E/CLK         n/a            1.250         6.623       5.373      SLICE_X6Y55      cpci/Memmy/Reg_File_Block_reg_0_63_12_14/RAMA/CLK



---------------------------------------------------------------------------------------------------
From Clock:  clkfbout_clk_wiz_0
  To Clock:  clkfbout_clk_wiz_0

Setup :           NA  Failing Endpoints,  Worst Slack           NA  ,  Total Violation           NA
Hold  :           NA  Failing Endpoints,  Worst Slack           NA  ,  Total Violation           NA
PW    :            0  Failing Endpoints,  Worst Slack       17.845ns,  Total Violation        0.000ns
---------------------------------------------------------------------------------------------------


Pulse Width Checks
--------------------------------------------------------------------------------------
Clock Name:         clkfbout_clk_wiz_0
Waveform(ns):       { 0.000 10.000 }
Period(ns):         20.000
Sources:            { clk_wiz_inst/inst/mmcm_adv_inst/CLKFBOUT }

Check Type  Corner  Lib Pin              Reference Pin  Required(ns)  Actual(ns)  Slack(ns)  Location         Pin
Min Period  n/a     BUFG/I               n/a            2.155         20.000      17.845     BUFGCTRL_X0Y17   clk_wiz_inst/inst/clkf_buf/I
Min Period  n/a     MMCME2_ADV/CLKFBOUT  n/a            1.249         20.000      18.751     MMCME2_ADV_X1Y2  clk_wiz_inst/inst/mmcm_adv_inst/CLKFBOUT
Min Period  n/a     MMCME2_ADV/CLKFBIN   n/a            1.249         20.000      18.751     MMCME2_ADV_X1Y2  clk_wiz_inst/inst/mmcm_adv_inst/CLKFBIN
Max Period  n/a     MMCME2_ADV/CLKFBIN   n/a            100.000       20.000      80.000     MMCME2_ADV_X1Y2  clk_wiz_inst/inst/mmcm_adv_inst/CLKFBIN
Max Period  n/a     MMCME2_ADV/CLKFBOUT  n/a            213.360       20.000      193.360    MMCME2_ADV_X1Y2  clk_wiz_inst/inst/mmcm_adv_inst/CLKFBOUT



--------------------------------------------------------------------------------------
Path Group:  (none)
From Clock:  
  To Clock:  

Max Delay            18 Endpoints
Min Delay            18 Endpoints
--------------------------------------------------------------------------------------


Max Delay Paths
--------------------------------------------------------------------------------------
Slack:                    inf
  Source:                 swt_mode
                            (input port)
  Destination:            Seg7_fpga[3]
                            (output port)
  Path Group:             (none)
  Path Type:              Max at Slow Process Corner
  Data Path Delay:        15.006ns  (logic 6.025ns (40.150%)  route 8.981ns (59.850%))
  Logic Levels:           6  (IBUF=1 LUT4=1 LUT6=2 MUXF7=1 OBUF=1)

    Location             Delay type                Incr(ns)  Path(ns)    Netlist Resource(s)
  -------------------------------------------------------------------    -------------------
    L16                                               0.000     0.000 r  swt_mode (IN)
                         net (fo=0)                   0.000     0.000    swt_mode
    L16                  IBUF (Prop_ibuf_I_O)         1.480     1.480 r  swt_mode_IBUF_inst/O
                         net (fo=32, routed)          3.447     4.927    cpci/countty_inst/swt_mode_IBUF
    SLICE_X4Y55          LUT6 (Prop_lut6_I3_O)        0.124     5.051 r  cpci/countty_inst/Seg7_fpga_OBUF[6]_inst_i_28/O
                         net (fo=1, routed)           0.000     5.051    cpci/countty_inst/Seg7_fpga_OBUF[6]_inst_i_28_n_0
    SLICE_X4Y55          MUXF7 (Prop_muxf7_I0_O)      0.212     5.263 r  cpci/countty_inst/Seg7_fpga_OBUF[6]_inst_i_9/O
                         net (fo=1, routed)           0.808     6.071    cpci/countty_inst/Seg7_fpga_OBUF[6]_inst_i_9_n_0
    SLICE_X4Y56          LUT6 (Prop_lut6_I5_O)        0.299     6.370 r  cpci/countty_inst/Seg7_fpga_OBUF[6]_inst_i_2/O
                         net (fo=7, routed)           0.964     7.334    cpci/countty_inst/sel0[0]
    SLICE_X0Y58          LUT4 (Prop_lut4_I2_O)        0.152     7.486 r  cpci/countty_inst/Seg7_fpga_OBUF[3]_inst_i_1/O
                         net (fo=1, routed)           3.762    11.248    Seg7_fpga_OBUF[3]
    K13                  OBUF (Prop_obuf_I_O)         3.758    15.006 r  Seg7_fpga_OBUF[3]_inst/O
                         net (fo=0)                   0.000    15.006    Seg7_fpga[3]
    K13                                                               r  Seg7_fpga[3] (OUT)
  -------------------------------------------------------------------    -------------------

Slack:                    inf
  Source:                 swt_mode
                            (input port)
  Destination:            Seg7_fpga[4]
                            (output port)
  Path Group:             (none)
  Path Type:              Max at Slow Process Corner
  Data Path Delay:        14.242ns  (logic 5.732ns (40.244%)  route 8.511ns (59.756%))
  Logic Levels:           6  (IBUF=1 LUT4=1 LUT6=2 MUXF7=1 OBUF=1)

    Location             Delay type                Incr(ns)  Path(ns)    Netlist Resource(s)
  -------------------------------------------------------------------    -------------------
    L16                                               0.000     0.000 r  swt_mode (IN)
                         net (fo=0)                   0.000     0.000    swt_mode
    L16                  IBUF (Prop_ibuf_I_O)         1.480     1.480 r  swt_mode_IBUF_inst/O
                         net (fo=32, routed)          3.447     4.927    cpci/countty_inst/swt_mode_IBUF
    SLICE_X4Y55          LUT6 (Prop_lut6_I3_O)        0.124     5.051 f  cpci/countty_inst/Seg7_fpga_OBUF[6]_inst_i_28/O
                         net (fo=1, routed)           0.000     5.051    cpci/countty_inst/Seg7_fpga_OBUF[6]_inst_i_28_n_0
    SLICE_X4Y55          MUXF7 (Prop_muxf7_I0_O)      0.212     5.263 f  cpci/countty_inst/Seg7_fpga_OBUF[6]_inst_i_9/O
                         net (fo=1, routed)           0.808     6.071    cpci/countty_inst/Seg7_fpga_OBUF[6]_inst_i_9_n_0
    SLICE_X4Y56          LUT6 (Prop_lut6_I5_O)        0.299     6.370 f  cpci/countty_inst/Seg7_fpga_OBUF[6]_inst_i_2/O
                         net (fo=7, routed)           1.157     7.528    cpci/countty_inst/sel0[0]
    SLICE_X0Y58          LUT4 (Prop_lut4_I0_O)        0.124     7.652 r  cpci/countty_inst/Seg7_fpga_OBUF[4]_inst_i_1/O
                         net (fo=1, routed)           3.098    10.749    Seg7_fpga_OBUF[4]
    K16                  OBUF (Prop_obuf_I_O)         3.493    14.242 r  Seg7_fpga_OBUF[4]_inst/O
                         net (fo=0)                   0.000    14.242    Seg7_fpga[4]
    K16                                                               r  Seg7_fpga[4] (OUT)
  -------------------------------------------------------------------    -------------------

Slack:                    inf
  Source:                 swt_mode
                            (input port)
  Destination:            Seg7_fpga[0]
                            (output port)
  Path Group:             (none)
  Path Type:              Max at Slow Process Corner
  Data Path Delay:        13.484ns  (logic 5.776ns (42.835%)  route 7.708ns (57.165%))
  Logic Levels:           6  (IBUF=1 LUT4=1 LUT6=2 MUXF7=1 OBUF=1)

    Location             Delay type                Incr(ns)  Path(ns)    Netlist Resource(s)
  -------------------------------------------------------------------    -------------------
    L16                                               0.000     0.000 r  swt_mode (IN)
                         net (fo=0)                   0.000     0.000    swt_mode
    L16                  IBUF (Prop_ibuf_I_O)         1.480     1.480 r  swt_mode_IBUF_inst/O
                         net (fo=32, routed)          3.447     4.927    cpci/countty_inst/swt_mode_IBUF
    SLICE_X4Y55          LUT6 (Prop_lut6_I3_O)        0.124     5.051 r  cpci/countty_inst/Seg7_fpga_OBUF[6]_inst_i_28/O
                         net (fo=1, routed)           0.000     5.051    cpci/countty_inst/Seg7_fpga_OBUF[6]_inst_i_28_n_0
    SLICE_X4Y55          MUXF7 (Prop_muxf7_I0_O)      0.212     5.263 r  cpci/countty_inst/Seg7_fpga_OBUF[6]_inst_i_9/O
                         net (fo=1, routed)           0.808     6.071    cpci/countty_inst/Seg7_fpga_OBUF[6]_inst_i_9_n_0
    SLICE_X4Y56          LUT6 (Prop_lut6_I5_O)        0.299     6.370 r  cpci/countty_inst/Seg7_fpga_OBUF[6]_inst_i_2/O
                         net (fo=7, routed)           0.972     7.342    cpci/countty_inst/sel0[0]
    SLICE_X0Y58          LUT4 (Prop_lut4_I1_O)        0.124     7.466 r  cpci/countty_inst/Seg7_fpga_OBUF[0]_inst_i_1/O
                         net (fo=1, routed)           2.481     9.947    Seg7_fpga_OBUF[0]
    L18                  OBUF (Prop_obuf_I_O)         3.537    13.484 r  Seg7_fpga_OBUF[0]_inst/O
                         net (fo=0)                   0.000    13.484    Seg7_fpga[0]
    L18                                                               r  Seg7_fpga[0] (OUT)
  -------------------------------------------------------------------    -------------------

Slack:                    inf
  Source:                 swt_mode
                            (input port)
  Destination:            Seg7_fpga[2]
                            (output port)
  Path Group:             (none)
  Path Type:              Max at Slow Process Corner
  Data Path Delay:        13.247ns  (logic 5.772ns (43.573%)  route 7.475ns (56.427%))
  Logic Levels:           6  (IBUF=1 LUT4=1 LUT6=2 MUXF7=1 OBUF=1)

    Location             Delay type                Incr(ns)  Path(ns)    Netlist Resource(s)
  -------------------------------------------------------------------    -------------------
    L16                                               0.000     0.000 r  swt_mode (IN)
                         net (fo=0)                   0.000     0.000    swt_mode
    L16                  IBUF (Prop_ibuf_I_O)         1.480     1.480 r  swt_mode_IBUF_inst/O
                         net (fo=32, routed)          3.447     4.927    cpci/countty_inst/swt_mode_IBUF
    SLICE_X4Y55          LUT6 (Prop_lut6_I3_O)        0.124     5.051 r  cpci/countty_inst/Seg7_fpga_OBUF[6]_inst_i_28/O
                         net (fo=1, routed)           0.000     5.051    cpci/countty_inst/Seg7_fpga_OBUF[6]_inst_i_28_n_0
    SLICE_X4Y55          MUXF7 (Prop_muxf7_I0_O)      0.212     5.263 r  cpci/countty_inst/Seg7_fpga_OBUF[6]_inst_i_9/O
                         net (fo=1, routed)           0.808     6.071    cpci/countty_inst/Seg7_fpga_OBUF[6]_inst_i_9_n_0
    SLICE_X4Y56          LUT6 (Prop_lut6_I5_O)        0.299     6.370 r  cpci/countty_inst/Seg7_fpga_OBUF[6]_inst_i_2/O
                         net (fo=7, routed)           0.964     7.334    cpci/countty_inst/sel0[0]
    SLICE_X0Y58          LUT4 (Prop_lut4_I3_O)        0.124     7.458 r  cpci/countty_inst/Seg7_fpga_OBUF[2]_inst_i_1/O
                         net (fo=1, routed)           2.255     9.713    Seg7_fpga_OBUF[2]
    P15                  OBUF (Prop_obuf_I_O)         3.534    13.247 r  Seg7_fpga_OBUF[2]_inst/O
                         net (fo=0)                   0.000    13.247    Seg7_fpga[2]
    P15                                                               r  Seg7_fpga[2] (OUT)
  -------------------------------------------------------------------    -------------------

Slack:                    inf
  Source:                 swt_mode
                            (input port)
  Destination:            Seg7_fpga[5]
                            (output port)
  Path Group:             (none)
  Path Type:              Max at Slow Process Corner
  Data Path Delay:        13.167ns  (logic 6.022ns (45.737%)  route 7.144ns (54.263%))
  Logic Levels:           6  (IBUF=1 LUT4=1 LUT6=2 MUXF7=1 OBUF=1)

    Location             Delay type                Incr(ns)  Path(ns)    Netlist Resource(s)
  -------------------------------------------------------------------    -------------------
    L16                                               0.000     0.000 r  swt_mode (IN)
                         net (fo=0)                   0.000     0.000    swt_mode
    L16                  IBUF (Prop_ibuf_I_O)         1.480     1.480 r  swt_mode_IBUF_inst/O
                         net (fo=32, routed)          3.447     4.927    cpci/countty_inst/swt_mode_IBUF
    SLICE_X4Y55          LUT6 (Prop_lut6_I3_O)        0.124     5.051 r  cpci/countty_inst/Seg7_fpga_OBUF[6]_inst_i_28/O
                         net (fo=1, routed)           0.000     5.051    cpci/countty_inst/Seg7_fpga_OBUF[6]_inst_i_28_n_0
    SLICE_X4Y55          MUXF7 (Prop_muxf7_I0_O)      0.212     5.263 r  cpci/countty_inst/Seg7_fpga_OBUF[6]_inst_i_9/O
                         net (fo=1, routed)           0.808     6.071    cpci/countty_inst/Seg7_fpga_OBUF[6]_inst_i_9_n_0
    SLICE_X4Y56          LUT6 (Prop_lut6_I5_O)        0.299     6.370 r  cpci/countty_inst/Seg7_fpga_OBUF[6]_inst_i_2/O
                         net (fo=7, routed)           0.972     7.342    cpci/countty_inst/sel0[0]
    SLICE_X0Y58          LUT4 (Prop_lut4_I2_O)        0.150     7.492 r  cpci/countty_inst/Seg7_fpga_OBUF[5]_inst_i_1/O
                         net (fo=1, routed)           1.917     9.409    Seg7_fpga_OBUF[5]
    R10                  OBUF (Prop_obuf_I_O)         3.757    13.167 r  Seg7_fpga_OBUF[5]_inst/O
                         net (fo=0)                   0.000    13.167    Seg7_fpga[5]
    R10                                                               r  Seg7_fpga[5] (OUT)
  -------------------------------------------------------------------    -------------------

Slack:                    inf
  Source:                 swt_mode
                            (input port)
  Destination:            Seg7_fpga[6]
                            (output port)
  Path Group:             (none)
  Path Type:              Max at Slow Process Corner
  Data Path Delay:        12.946ns  (logic 6.071ns (46.893%)  route 6.875ns (53.107%))
  Logic Levels:           6  (IBUF=1 LUT4=1 LUT6=2 MUXF7=1 OBUF=1)

    Location             Delay type                Incr(ns)  Path(ns)    Netlist Resource(s)
  -------------------------------------------------------------------    -------------------
    L16                                               0.000     0.000 r  swt_mode (IN)
                         net (fo=0)                   0.000     0.000    swt_mode
    L16                  IBUF (Prop_ibuf_I_O)         1.480     1.480 r  swt_mode_IBUF_inst/O
                         net (fo=32, routed)          3.602     5.081    cpci/countty_inst/swt_mode_IBUF
    SLICE_X5Y55          LUT6 (Prop_lut6_I3_O)        0.124     5.205 r  cpci/countty_inst/Seg7_fpga_OBUF[6]_inst_i_52/O
                         net (fo=1, routed)           0.000     5.205    cpci/countty_inst/Seg7_fpga_OBUF[6]_inst_i_52_n_0
    SLICE_X5Y55          MUXF7 (Prop_muxf7_I0_O)      0.238     5.443 r  cpci/countty_inst/Seg7_fpga_OBUF[6]_inst_i_21/O
                         net (fo=1, routed)           0.447     5.890    cpci/countty_inst/Seg7_fpga_OBUF[6]_inst_i_21_n_0
    SLICE_X4Y56          LUT6 (Prop_lut6_I5_O)        0.298     6.188 r  cpci/countty_inst/Seg7_fpga_OBUF[6]_inst_i_5/O
                         net (fo=7, routed)           0.950     7.138    cpci/countty_inst/sel0[2]
    SLICE_X0Y57          LUT4 (Prop_lut4_I3_O)        0.152     7.290 r  cpci/countty_inst/Seg7_fpga_OBUF[6]_inst_i_1/O
                         net (fo=1, routed)           1.876     9.167    Seg7_fpga_OBUF[6]
    T10                  OBUF (Prop_obuf_I_O)         3.779    12.946 r  Seg7_fpga_OBUF[6]_inst/O
                         net (fo=0)                   0.000    12.946    Seg7_fpga[6]
    T10                                                               r  Seg7_fpga[6] (OUT)
  -------------------------------------------------------------------    -------------------

Slack:                    inf
  Source:                 swt_mode
                            (input port)
  Destination:            Seg7_fpga[1]
                            (output port)
  Path Group:             (none)
  Path Type:              Max at Slow Process Corner
  Data Path Delay:        12.685ns  (logic 5.824ns (45.915%)  route 6.861ns (54.085%))
  Logic Levels:           6  (IBUF=1 LUT4=1 LUT6=2 MUXF7=1 OBUF=1)

    Location             Delay type                Incr(ns)  Path(ns)    Netlist Resource(s)
  -------------------------------------------------------------------    -------------------
    L16                                               0.000     0.000 r  swt_mode (IN)
                         net (fo=0)                   0.000     0.000    swt_mode
    L16                  IBUF (Prop_ibuf_I_O)         1.480     1.480 r  swt_mode_IBUF_inst/O
                         net (fo=32, routed)          3.602     5.081    cpci/countty_inst/swt_mode_IBUF
    SLICE_X5Y55          LUT6 (Prop_lut6_I3_O)        0.124     5.205 r  cpci/countty_inst/Seg7_fpga_OBUF[6]_inst_i_52/O
                         net (fo=1, routed)           0.000     5.205    cpci/countty_inst/Seg7_fpga_OBUF[6]_inst_i_52_n_0
    SLICE_X5Y55          MUXF7 (Prop_muxf7_I0_O)      0.238     5.443 r  cpci/countty_inst/Seg7_fpga_OBUF[6]_inst_i_21/O
                         net (fo=1, routed)           0.447     5.890    cpci/countty_inst/Seg7_fpga_OBUF[6]_inst_i_21_n_0
    SLICE_X4Y56          LUT6 (Prop_lut6_I5_O)        0.298     6.188 r  cpci/countty_inst/Seg7_fpga_OBUF[6]_inst_i_5/O
                         net (fo=7, routed)           0.950     7.138    cpci/countty_inst/sel0[2]
    SLICE_X0Y57          LUT4 (Prop_lut4_I3_O)        0.124     7.262 r  cpci/countty_inst/Seg7_fpga_OBUF[1]_inst_i_1/O
                         net (fo=1, routed)           1.862     9.124    Seg7_fpga_OBUF[1]
    T11                  OBUF (Prop_obuf_I_O)         3.561    12.685 r  Seg7_fpga_OBUF[1]_inst/O
                         net (fo=0)                   0.000    12.685    Seg7_fpga[1]
    T11                                                               r  Seg7_fpga[1] (OUT)
  -------------------------------------------------------------------    -------------------

Slack:                    inf
  Source:                 seven_deccy/Posicion_reg[1]/C
                            (rising edge-triggered cell FDRE)
  Destination:            AnodosSeg_fpga[6]
                            (output port)
  Path Group:             (none)
  Path Type:              Max at Slow Process Corner
  Data Path Delay:        10.998ns  (logic 4.330ns (39.368%)  route 6.668ns (60.632%))
  Logic Levels:           3  (FDRE=1 LUT3=1 OBUF=1)

    Location             Delay type                Incr(ns)  Path(ns)    Netlist Resource(s)
  -------------------------------------------------------------------    -------------------
    SLICE_X5Y56          FDRE                         0.000     0.000 r  seven_deccy/Posicion_reg[1]/C
    SLICE_X5Y56          FDRE (Prop_fdre_C_Q)         0.456     0.456 f  seven_deccy/Posicion_reg[1]/Q
                         net (fo=14, routed)          1.234     1.690    seven_deccy/Posicion[1]
    SLICE_X4Y59          LUT3 (Prop_lut3_I0_O)        0.153     1.843 r  seven_deccy/AnodosSeg_fpga_OBUF[6]_inst_i_1/O
                         net (fo=1, routed)           5.434     7.277    AnodosSeg_fpga_OBUF[6]
    K2                   OBUF (Prop_obuf_I_O)         3.721    10.998 r  AnodosSeg_fpga_OBUF[6]_inst/O
                         net (fo=0)                   0.000    10.998    AnodosSeg_fpga[6]
    K2                                                                r  AnodosSeg_fpga[6] (OUT)
  -------------------------------------------------------------------    -------------------

Slack:                    inf
  Source:                 seven_deccy/Posicion_reg[0]/C
                            (rising edge-triggered cell FDRE)
  Destination:            AnodosSeg_fpga[0]
                            (output port)
  Path Group:             (none)
  Path Type:              Max at Slow Process Corner
  Data Path Delay:        8.859ns  (logic 4.350ns (49.100%)  route 4.509ns (50.900%))
  Logic Levels:           3  (FDRE=1 LUT3=1 OBUF=1)

    Location             Delay type                Incr(ns)  Path(ns)    Netlist Resource(s)
  -------------------------------------------------------------------    -------------------
    SLICE_X5Y56          FDRE                         0.000     0.000 r  seven_deccy/Posicion_reg[0]/C
    SLICE_X5Y56          FDRE (Prop_fdre_C_Q)         0.456     0.456 r  seven_deccy/Posicion_reg[0]/Q
                         net (fo=27, routed)          1.371     1.827    seven_deccy/Posicion[0]
    SLICE_X0Y59          LUT3 (Prop_lut3_I1_O)        0.150     1.977 r  seven_deccy/AnodosSeg_fpga_OBUF[0]_inst_i_1/O
                         net (fo=1, routed)           3.138     5.115    AnodosSeg_fpga_OBUF[0]
    J17                  OBUF (Prop_obuf_I_O)         3.744     8.859 r  AnodosSeg_fpga_OBUF[0]_inst/O
                         net (fo=0)                   0.000     8.859    AnodosSeg_fpga[0]
    J17                                                               r  AnodosSeg_fpga[0] (OUT)
  -------------------------------------------------------------------    -------------------

Slack:                    inf
  Source:                 seven_deccy/Posicion_reg[2]/C
                            (rising edge-triggered cell FDRE)
  Destination:            AnodosSeg_fpga[3]
                            (output port)
  Path Group:             (none)
  Path Type:              Max at Slow Process Corner
  Data Path Delay:        8.748ns  (logic 4.268ns (48.788%)  route 4.480ns (51.212%))
  Logic Levels:           3  (FDRE=1 LUT3=1 OBUF=1)

    Location             Delay type                Incr(ns)  Path(ns)    Netlist Resource(s)
  -------------------------------------------------------------------    -------------------
    SLICE_X5Y56          FDRE                         0.000     0.000 r  seven_deccy/Posicion_reg[2]/C
    SLICE_X5Y56          FDRE (Prop_fdre_C_Q)         0.419     0.419 r  seven_deccy/Posicion_reg[2]/Q
                         net (fo=13, routed)          0.843     1.262    seven_deccy/Posicion[2]
    SLICE_X0Y56          LUT3 (Prop_lut3_I0_O)        0.297     1.559 r  seven_deccy/AnodosSeg_fpga_OBUF[3]_inst_i_1/O
                         net (fo=1, routed)           3.637     5.196    AnodosSeg_fpga_OBUF[3]
    J14                  OBUF (Prop_obuf_I_O)         3.552     8.748 r  AnodosSeg_fpga_OBUF[3]_inst/O
                         net (fo=0)                   0.000     8.748    AnodosSeg_fpga[3]
    J14                                                               r  AnodosSeg_fpga[3] (OUT)
  -------------------------------------------------------------------    -------------------





Min Delay Paths
--------------------------------------------------------------------------------------
Slack:                    inf
  Source:                 seven_deccy/Posicion_reg[0]/C
                            (rising edge-triggered cell FDRE)
  Destination:            seven_deccy/Posicion_reg[2]/D
  Path Group:             (none)
  Path Type:              Min at Fast Process Corner
  Data Path Delay:        0.390ns  (logic 0.183ns (46.955%)  route 0.207ns (53.045%))
  Logic Levels:           2  (FDRE=1 LUT3=1)

    Location             Delay type                Incr(ns)  Path(ns)    Netlist Resource(s)
  -------------------------------------------------------------------    -------------------
    SLICE_X5Y56          FDRE                         0.000     0.000 r  seven_deccy/Posicion_reg[0]/C
    SLICE_X5Y56          FDRE (Prop_fdre_C_Q)         0.141     0.141 r  seven_deccy/Posicion_reg[0]/Q
                         net (fo=27, routed)          0.207     0.348    seven_deccy/Posicion[0]
    SLICE_X5Y56          LUT3 (Prop_lut3_I0_O)        0.042     0.390 r  seven_deccy/Posicion[2]_i_1/O
                         net (fo=1, routed)           0.000     0.390    seven_deccy/Posicion[2]_i_1_n_0
    SLICE_X5Y56          FDRE                                         r  seven_deccy/Posicion_reg[2]/D
  -------------------------------------------------------------------    -------------------

Slack:                    inf
  Source:                 seven_deccy/Posicion_reg[0]/C
                            (rising edge-triggered cell FDRE)
  Destination:            seven_deccy/Posicion_reg[0]/D
  Path Group:             (none)
  Path Type:              Min at Fast Process Corner
  Data Path Delay:        0.392ns  (logic 0.186ns (47.481%)  route 0.206ns (52.519%))
  Logic Levels:           2  (FDRE=1 LUT1=1)

    Location             Delay type                Incr(ns)  Path(ns)    Netlist Resource(s)
  -------------------------------------------------------------------    -------------------
    SLICE_X5Y56          FDRE                         0.000     0.000 r  seven_deccy/Posicion_reg[0]/C
    SLICE_X5Y56          FDRE (Prop_fdre_C_Q)         0.141     0.141 f  seven_deccy/Posicion_reg[0]/Q
                         net (fo=27, routed)          0.206     0.347    seven_deccy/Posicion[0]
    SLICE_X5Y56          LUT1 (Prop_lut1_I0_O)        0.045     0.392 r  seven_deccy/Posicion[0]_i_1/O
                         net (fo=1, routed)           0.000     0.392    seven_deccy/Posicion[0]_i_1_n_0
    SLICE_X5Y56          FDRE                                         r  seven_deccy/Posicion_reg[0]/D
  -------------------------------------------------------------------    -------------------

Slack:                    inf
  Source:                 seven_deccy/Posicion_reg[0]/C
                            (rising edge-triggered cell FDRE)
  Destination:            seven_deccy/Posicion_reg[1]/D
  Path Group:             (none)
  Path Type:              Min at Fast Process Corner
  Data Path Delay:        0.393ns  (logic 0.186ns (47.360%)  route 0.207ns (52.640%))
  Logic Levels:           2  (FDRE=1 LUT2=1)

    Location             Delay type                Incr(ns)  Path(ns)    Netlist Resource(s)
  -------------------------------------------------------------------    -------------------
    SLICE_X5Y56          FDRE                         0.000     0.000 r  seven_deccy/Posicion_reg[0]/C
    SLICE_X5Y56          FDRE (Prop_fdre_C_Q)         0.141     0.141 r  seven_deccy/Posicion_reg[0]/Q
                         net (fo=27, routed)          0.207     0.348    seven_deccy/Posicion[0]
    SLICE_X5Y56          LUT2 (Prop_lut2_I0_O)        0.045     0.393 r  seven_deccy/Posicion[1]_i_1/O
                         net (fo=1, routed)           0.000     0.393    seven_deccy/Posicion[1]_i_1_n_0
    SLICE_X5Y56          FDRE                                         r  seven_deccy/Posicion_reg[1]/D
  -------------------------------------------------------------------    -------------------

Slack:                    inf
  Source:                 seven_deccy/Posicion_reg[0]/C
                            (rising edge-triggered cell FDRE)
  Destination:            AnodosSeg_fpga[7]
                            (output port)
  Path Group:             (none)
  Path Type:              Min at Fast Process Corner
  Data Path Delay:        2.075ns  (logic 1.511ns (72.816%)  route 0.564ns (27.184%))
  Logic Levels:           3  (FDRE=1 LUT3=1 OBUF=1)

    Location             Delay type                Incr(ns)  Path(ns)    Netlist Resource(s)
  -------------------------------------------------------------------    -------------------
    SLICE_X5Y56          FDRE                         0.000     0.000 r  seven_deccy/Posicion_reg[0]/C
    SLICE_X5Y56          FDRE (Prop_fdre_C_Q)         0.141     0.141 f  seven_deccy/Posicion_reg[0]/Q
                         net (fo=27, routed)          0.208     0.349    seven_deccy/Posicion[0]
    SLICE_X0Y56          LUT3 (Prop_lut3_I0_O)        0.051     0.400 r  seven_deccy/AnodosSeg_fpga_OBUF[7]_inst_i_1/O
                         net (fo=1, routed)           0.357     0.756    AnodosSeg_fpga_OBUF[7]
    U13                  OBUF (Prop_obuf_I_O)         1.319     2.075 r  AnodosSeg_fpga_OBUF[7]_inst/O
                         net (fo=0)                   0.000     2.075    AnodosSeg_fpga[7]
    U13                                                               r  AnodosSeg_fpga[7] (OUT)
  -------------------------------------------------------------------    -------------------

Slack:                    inf
  Source:                 seven_deccy/Posicion_reg[0]/C
                            (rising edge-triggered cell FDRE)
  Destination:            AnodosSeg_fpga[2]
                            (output port)
  Path Group:             (none)
  Path Type:              Min at Fast Process Corner
  Data Path Delay:        2.184ns  (logic 1.461ns (66.901%)  route 0.723ns (33.099%))
  Logic Levels:           3  (FDRE=1 LUT3=1 OBUF=1)

    Location             Delay type                Incr(ns)  Path(ns)    Netlist Resource(s)
  -------------------------------------------------------------------    -------------------
    SLICE_X5Y56          FDRE                         0.000     0.000 r  seven_deccy/Posicion_reg[0]/C
    SLICE_X5Y56          FDRE (Prop_fdre_C_Q)         0.141     0.141 r  seven_deccy/Posicion_reg[0]/Q
                         net (fo=27, routed)          0.301     0.442    seven_deccy/Posicion[0]
    SLICE_X4Y59          LUT3 (Prop_lut3_I2_O)        0.045     0.487 r  seven_deccy/AnodosSeg_fpga_OBUF[2]_inst_i_1/O
                         net (fo=1, routed)           0.422     0.909    AnodosSeg_fpga_OBUF[2]
    T9                   OBUF (Prop_obuf_I_O)         1.275     2.184 r  AnodosSeg_fpga_OBUF[2]_inst/O
                         net (fo=0)                   0.000     2.184    AnodosSeg_fpga[2]
    T9                                                                r  AnodosSeg_fpga[2] (OUT)
  -------------------------------------------------------------------    -------------------

Slack:                    inf
  Source:                 seven_deccy/Posicion_reg[1]/C
                            (rising edge-triggered cell FDRE)
  Destination:            AnodosSeg_fpga[5]
                            (output port)
  Path Group:             (none)
  Path Type:              Min at Fast Process Corner
  Data Path Delay:        2.393ns  (logic 1.503ns (62.824%)  route 0.890ns (37.176%))
  Logic Levels:           3  (FDRE=1 LUT3=1 OBUF=1)

    Location             Delay type                Incr(ns)  Path(ns)    Netlist Resource(s)
  -------------------------------------------------------------------    -------------------
    SLICE_X5Y56          FDRE                         0.000     0.000 r  seven_deccy/Posicion_reg[1]/C
    SLICE_X5Y56          FDRE (Prop_fdre_C_Q)         0.141     0.141 r  seven_deccy/Posicion_reg[1]/Q
                         net (fo=14, routed)          0.401     0.542    seven_deccy/Posicion[1]
    SLICE_X0Y59          LUT3 (Prop_lut3_I1_O)        0.045     0.587 r  seven_deccy/AnodosSeg_fpga_OBUF[5]_inst_i_1/O
                         net (fo=1, routed)           0.489     1.076    AnodosSeg_fpga_OBUF[5]
    T14                  OBUF (Prop_obuf_I_O)         1.317     2.393 r  AnodosSeg_fpga_OBUF[5]_inst/O
                         net (fo=0)                   0.000     2.393    AnodosSeg_fpga[5]
    T14                                                               r  AnodosSeg_fpga[5] (OUT)
  -------------------------------------------------------------------    -------------------

Slack:                    inf
  Source:                 seven_deccy/Posicion_reg[1]/C
                            (rising edge-triggered cell FDRE)
  Destination:            Seg7_fpga[5]
                            (output port)
  Path Group:             (none)
  Path Type:              Min at Fast Process Corner
  Data Path Delay:        2.395ns  (logic 1.552ns (64.806%)  route 0.843ns (35.194%))
  Logic Levels:           4  (FDRE=1 LUT4=1 LUT6=1 OBUF=1)

    Location             Delay type                Incr(ns)  Path(ns)    Netlist Resource(s)
  -------------------------------------------------------------------    -------------------
    SLICE_X5Y56          FDRE                         0.000     0.000 r  seven_deccy/Posicion_reg[1]/C
    SLICE_X5Y56          FDRE (Prop_fdre_C_Q)         0.141     0.141 r  seven_deccy/Posicion_reg[1]/Q
                         net (fo=14, routed)          0.171     0.312    cpci/countty_inst/Posicion[1]
    SLICE_X4Y56          LUT6 (Prop_lut6_I4_O)        0.045     0.357 r  cpci/countty_inst/Seg7_fpga_OBUF[6]_inst_i_5/O
                         net (fo=7, routed)           0.230     0.587    cpci/countty_inst/sel0[2]
    SLICE_X0Y58          LUT4 (Prop_lut4_I1_O)        0.048     0.635 r  cpci/countty_inst/Seg7_fpga_OBUF[5]_inst_i_1/O
                         net (fo=1, routed)           0.442     1.077    Seg7_fpga_OBUF[5]
    R10                  OBUF (Prop_obuf_I_O)         1.318     2.395 r  Seg7_fpga_OBUF[5]_inst/O
                         net (fo=0)                   0.000     2.395    Seg7_fpga[5]
    R10                                                               r  Seg7_fpga[5] (OUT)
  -------------------------------------------------------------------    -------------------

Slack:                    inf
  Source:                 seven_deccy/Posicion_reg[1]/C
                            (rising edge-triggered cell FDRE)
  Destination:            Seg7_fpga[1]
                            (output port)
  Path Group:             (none)
  Path Type:              Min at Fast Process Corner
  Data Path Delay:        2.399ns  (logic 1.492ns (62.207%)  route 0.907ns (37.793%))
  Logic Levels:           4  (FDRE=1 LUT4=1 LUT6=1 OBUF=1)

    Location             Delay type                Incr(ns)  Path(ns)    Netlist Resource(s)
  -------------------------------------------------------------------    -------------------
    SLICE_X5Y56          FDRE                         0.000     0.000 r  seven_deccy/Posicion_reg[1]/C
    SLICE_X5Y56          FDRE (Prop_fdre_C_Q)         0.141     0.141 r  seven_deccy/Posicion_reg[1]/Q
                         net (fo=14, routed)          0.171     0.312    cpci/countty_inst/Posicion[1]
    SLICE_X4Y56          LUT6 (Prop_lut6_I4_O)        0.045     0.357 r  cpci/countty_inst/Seg7_fpga_OBUF[6]_inst_i_5/O
                         net (fo=7, routed)           0.335     0.693    cpci/countty_inst/sel0[2]
    SLICE_X0Y57          LUT4 (Prop_lut4_I3_O)        0.045     0.738 r  cpci/countty_inst/Seg7_fpga_OBUF[1]_inst_i_1/O
                         net (fo=1, routed)           0.400     1.138    Seg7_fpga_OBUF[1]
    T11                  OBUF (Prop_obuf_I_O)         1.261     2.399 r  Seg7_fpga_OBUF[1]_inst/O
                         net (fo=0)                   0.000     2.399    Seg7_fpga[1]
    T11                                                               r  Seg7_fpga[1] (OUT)
  -------------------------------------------------------------------    -------------------

Slack:                    inf
  Source:                 seven_deccy/Posicion_reg[1]/C
                            (rising edge-triggered cell FDRE)
  Destination:            Seg7_fpga[2]
                            (output port)
  Path Group:             (none)
  Path Type:              Min at Fast Process Corner
  Data Path Delay:        2.447ns  (logic 1.465ns (59.873%)  route 0.982ns (40.127%))
  Logic Levels:           4  (FDRE=1 LUT4=1 LUT6=1 OBUF=1)

    Location             Delay type                Incr(ns)  Path(ns)    Netlist Resource(s)
  -------------------------------------------------------------------    -------------------
    SLICE_X5Y56          FDRE                         0.000     0.000 r  seven_deccy/Posicion_reg[1]/C
    SLICE_X5Y56          FDRE (Prop_fdre_C_Q)         0.141     0.141 r  seven_deccy/Posicion_reg[1]/Q
                         net (fo=14, routed)          0.171     0.312    cpci/countty_inst/Posicion[1]
    SLICE_X4Y56          LUT6 (Prop_lut6_I4_O)        0.045     0.357 r  cpci/countty_inst/Seg7_fpga_OBUF[6]_inst_i_5/O
                         net (fo=7, routed)           0.231     0.588    cpci/countty_inst/sel0[2]
    SLICE_X0Y58          LUT4 (Prop_lut4_I2_O)        0.045     0.633 r  cpci/countty_inst/Seg7_fpga_OBUF[2]_inst_i_1/O
                         net (fo=1, routed)           0.580     1.213    Seg7_fpga_OBUF[2]
    P15                  OBUF (Prop_obuf_I_O)         1.234     2.447 r  Seg7_fpga_OBUF[2]_inst/O
                         net (fo=0)                   0.000     2.447    Seg7_fpga[2]
    P15                                                               r  Seg7_fpga[2] (OUT)
  -------------------------------------------------------------------    -------------------

Slack:                    inf
  Source:                 seven_deccy/Posicion_reg[1]/C
                            (rising edge-triggered cell FDRE)
  Destination:            Seg7_fpga[6]
                            (output port)
  Path Group:             (none)
  Path Type:              Min at Fast Process Corner
  Data Path Delay:        2.499ns  (logic 1.569ns (62.794%)  route 0.930ns (37.206%))
  Logic Levels:           4  (FDRE=1 LUT4=1 LUT6=1 OBUF=1)

    Location             Delay type                Incr(ns)  Path(ns)    Netlist Resource(s)
  -------------------------------------------------------------------    -------------------
    SLICE_X5Y56          FDRE                         0.000     0.000 r  seven_deccy/Posicion_reg[1]/C
    SLICE_X5Y56          FDRE (Prop_fdre_C_Q)         0.141     0.141 r  seven_deccy/Posicion_reg[1]/Q
                         net (fo=14, routed)          0.171     0.312    cpci/countty_inst/Posicion[1]
    SLICE_X4Y56          LUT6 (Prop_lut6_I4_O)        0.045     0.357 r  cpci/countty_inst/Seg7_fpga_OBUF[6]_inst_i_5/O
                         net (fo=7, routed)           0.335     0.693    cpci/countty_inst/sel0[2]
    SLICE_X0Y57          LUT4 (Prop_lut4_I3_O)        0.044     0.737 r  cpci/countty_inst/Seg7_fpga_OBUF[6]_inst_i_1/O
                         net (fo=1, routed)           0.423     1.160    Seg7_fpga_OBUF[6]
    T10                  OBUF (Prop_obuf_I_O)         1.339     2.499 r  Seg7_fpga_OBUF[6]_inst/O
                         net (fo=0)                   0.000     2.499    Seg7_fpga[6]
    T10                                                               r  Seg7_fpga[6] (OUT)
  -------------------------------------------------------------------    -------------------





--------------------------------------------------------------------------------------
Path Group:  (none)
From Clock:  clk_out1_clk_wiz_0
  To Clock:  

Max Delay             7 Endpoints
Min Delay             7 Endpoints
--------------------------------------------------------------------------------------


Max Delay Paths
--------------------------------------------------------------------------------------
Slack:                    inf
  Source:                 cpci/Memmy/Reg_File_Block_reg_0_63_24_26/RAMB/CLK
                            (falling edge-triggered cell RAMD64E clocked by clk_out1_clk_wiz_0  {rise@0.000ns fall@6.623ns period=13.245ns})
  Destination:            Seg7_fpga[3]
                            (output port)
  Path Group:             (none)
  Path Type:              Max at Slow Process Corner
  Data Path Delay:        12.426ns  (logic 5.896ns (47.452%)  route 6.529ns (52.548%))
  Logic Levels:           5  (LUT4=1 LUT6=2 MUXF7=1 OBUF=1)
  Clock Uncertainty:      0.244ns  ((TSJ^2 + DJ^2)^1/2) / 2 + PE
    Total System Jitter     (TSJ):    0.050ns
    Discrete Jitter          (DJ):    0.172ns
    Phase Error              (PE):    0.154ns

    Location             Delay type                Incr(ns)  Path(ns)    Netlist Resource(s)
  -------------------------------------------------------------------    -------------------
                         (clock clk_out1_clk_wiz_0 fall edge)
                                                      6.623     6.623 f  
    E3                                                0.000     6.623 f  clk_100MHz (IN)
                         net (fo=0)                   0.000     6.623    clk_wiz_inst/inst/clk_in1
    E3                   IBUF (Prop_ibuf_I_O)         1.482     8.104 f  clk_wiz_inst/inst/clkin1_ibufg/O
                         net (fo=1, routed)           1.233     9.337    clk_wiz_inst/inst/clk_in1_clk_wiz_0
    MMCME2_ADV_X1Y2      MMCME2_ADV (Prop_mmcme2_adv_CLKIN1_CLKOUT0)
                                                     -7.070     2.267 f  clk_wiz_inst/inst/mmcm_adv_inst/CLKOUT0
                         net (fo=1, routed)           1.719     3.986    clk_wiz_inst/inst/clk_out1_clk_wiz_0
    BUFGCTRL_X0Y16       BUFG (Prop_bufg_I_O)         0.096     4.082 f  clk_wiz_inst/inst/clkout1_buf/O
                         net (fo=824, routed)         1.722     5.805    cpci/Memmy/Reg_File_Block_reg_0_63_24_26/WCLK
    SLICE_X6Y60          RAMD64E                                      r  cpci/Memmy/Reg_File_Block_reg_0_63_24_26/RAMB/CLK  (IS_INVERTED)
  -------------------------------------------------------------------    -------------------
    SLICE_X6Y60          RAMD64E (Prop_ramd64e_CLK_O)
                                                      1.323     7.128 r  cpci/Memmy/Reg_File_Block_reg_0_63_24_26/RAMB/O
                         net (fo=1, routed)           0.829     7.957    cpci/countty_inst/RD10[25]
    SLICE_X2Y59          LUT6 (Prop_lut6_I5_O)        0.124     8.081 r  cpci/countty_inst/Seg7_fpga_OBUF[6]_inst_i_30/O
                         net (fo=1, routed)           0.000     8.081    cpci/countty_inst/p_1_in[1]
    SLICE_X2Y59          MUXF7 (Prop_muxf7_I0_O)      0.241     8.322 r  cpci/countty_inst/Seg7_fpga_OBUF[6]_inst_i_10/O
                         net (fo=1, routed)           0.954     9.276    cpci/countty_inst/Seg7_fpga_OBUF[6]_inst_i_10_n_0
    SLICE_X5Y57          LUT6 (Prop_lut6_I0_O)        0.298     9.574 r  cpci/countty_inst/Seg7_fpga_OBUF[6]_inst_i_3/O
                         net (fo=7, routed)           0.984    10.559    cpci/countty_inst/sel0[1]
    SLICE_X0Y58          LUT4 (Prop_lut4_I3_O)        0.152    10.711 r  cpci/countty_inst/Seg7_fpga_OBUF[3]_inst_i_1/O
                         net (fo=1, routed)           3.762    14.472    Seg7_fpga_OBUF[3]
    K13                  OBUF (Prop_obuf_I_O)         3.758    18.230 r  Seg7_fpga_OBUF[3]_inst/O
                         net (fo=0)                   0.000    18.230    Seg7_fpga[3]
    K13                                                               r  Seg7_fpga[3] (OUT)
  -------------------------------------------------------------------    -------------------

Slack:                    inf
  Source:                 cpci/Memmy/Reg_File_Block_reg_0_63_24_26/RAMB/CLK
                            (falling edge-triggered cell RAMD64E clocked by clk_out1_clk_wiz_0  {rise@0.000ns fall@6.623ns period=13.245ns})
  Destination:            Seg7_fpga[4]
                            (output port)
  Path Group:             (none)
  Path Type:              Max at Slow Process Corner
  Data Path Delay:        11.663ns  (logic 5.603ns (48.042%)  route 6.060ns (51.958%))
  Logic Levels:           5  (LUT4=1 LUT6=2 MUXF7=1 OBUF=1)
  Clock Uncertainty:      0.244ns  ((TSJ^2 + DJ^2)^1/2) / 2 + PE
    Total System Jitter     (TSJ):    0.050ns
    Discrete Jitter          (DJ):    0.172ns
    Phase Error              (PE):    0.154ns

    Location             Delay type                Incr(ns)  Path(ns)    Netlist Resource(s)
  -------------------------------------------------------------------    -------------------
                         (clock clk_out1_clk_wiz_0 fall edge)
                                                      6.623     6.623 f  
    E3                                                0.000     6.623 f  clk_100MHz (IN)
                         net (fo=0)                   0.000     6.623    clk_wiz_inst/inst/clk_in1
    E3                   IBUF (Prop_ibuf_I_O)         1.482     8.104 f  clk_wiz_inst/inst/clkin1_ibufg/O
                         net (fo=1, routed)           1.233     9.337    clk_wiz_inst/inst/clk_in1_clk_wiz_0
    MMCME2_ADV_X1Y2      MMCME2_ADV (Prop_mmcme2_adv_CLKIN1_CLKOUT0)
                                                     -7.070     2.267 f  clk_wiz_inst/inst/mmcm_adv_inst/CLKOUT0
                         net (fo=1, routed)           1.719     3.986    clk_wiz_inst/inst/clk_out1_clk_wiz_0
    BUFGCTRL_X0Y16       BUFG (Prop_bufg_I_O)         0.096     4.082 f  clk_wiz_inst/inst/clkout1_buf/O
                         net (fo=824, routed)         1.722     5.805    cpci/Memmy/Reg_File_Block_reg_0_63_24_26/WCLK
    SLICE_X6Y60          RAMD64E                                      r  cpci/Memmy/Reg_File_Block_reg_0_63_24_26/RAMB/CLK  (IS_INVERTED)
  -------------------------------------------------------------------    -------------------
    SLICE_X6Y60          RAMD64E (Prop_ramd64e_CLK_O)
                                                      1.323     7.128 r  cpci/Memmy/Reg_File_Block_reg_0_63_24_26/RAMB/O
                         net (fo=1, routed)           0.829     7.957    cpci/countty_inst/RD10[25]
    SLICE_X2Y59          LUT6 (Prop_lut6_I5_O)        0.124     8.081 r  cpci/countty_inst/Seg7_fpga_OBUF[6]_inst_i_30/O
                         net (fo=1, routed)           0.000     8.081    cpci/countty_inst/p_1_in[1]
    SLICE_X2Y59          MUXF7 (Prop_muxf7_I0_O)      0.241     8.322 r  cpci/countty_inst/Seg7_fpga_OBUF[6]_inst_i_10/O
                         net (fo=1, routed)           0.954     9.276    cpci/countty_inst/Seg7_fpga_OBUF[6]_inst_i_10_n_0
    SLICE_X5Y57          LUT6 (Prop_lut6_I0_O)        0.298     9.574 r  cpci/countty_inst/Seg7_fpga_OBUF[6]_inst_i_3/O
                         net (fo=7, routed)           1.178    10.753    cpci/countty_inst/sel0[1]
    SLICE_X0Y58          LUT4 (Prop_lut4_I1_O)        0.124    10.877 r  cpci/countty_inst/Seg7_fpga_OBUF[4]_inst_i_1/O
                         net (fo=1, routed)           3.098    13.975    Seg7_fpga_OBUF[4]
    K16                  OBUF (Prop_obuf_I_O)         3.493    17.468 r  Seg7_fpga_OBUF[4]_inst/O
                         net (fo=0)                   0.000    17.468    Seg7_fpga[4]
    K16                                                               r  Seg7_fpga[4] (OUT)
  -------------------------------------------------------------------    -------------------

Slack:                    inf
  Source:                 cpci/Memmy/Reg_File_Block_reg_0_63_24_26/RAMB/CLK
                            (falling edge-triggered cell RAMD64E clocked by clk_out1_clk_wiz_0  {rise@0.000ns fall@6.623ns period=13.245ns})
  Destination:            Seg7_fpga[0]
                            (output port)
  Path Group:             (none)
  Path Type:              Max at Slow Process Corner
  Data Path Delay:        10.893ns  (logic 5.647ns (51.843%)  route 5.246ns (48.157%))
  Logic Levels:           5  (LUT4=1 LUT6=2 MUXF7=1 OBUF=1)
  Clock Uncertainty:      0.244ns  ((TSJ^2 + DJ^2)^1/2) / 2 + PE
    Total System Jitter     (TSJ):    0.050ns
    Discrete Jitter          (DJ):    0.172ns
    Phase Error              (PE):    0.154ns

    Location             Delay type                Incr(ns)  Path(ns)    Netlist Resource(s)
  -------------------------------------------------------------------    -------------------
                         (clock clk_out1_clk_wiz_0 fall edge)
                                                      6.623     6.623 f  
    E3                                                0.000     6.623 f  clk_100MHz (IN)
                         net (fo=0)                   0.000     6.623    clk_wiz_inst/inst/clk_in1
    E3                   IBUF (Prop_ibuf_I_O)         1.482     8.104 f  clk_wiz_inst/inst/clkin1_ibufg/O
                         net (fo=1, routed)           1.233     9.337    clk_wiz_inst/inst/clk_in1_clk_wiz_0
    MMCME2_ADV_X1Y2      MMCME2_ADV (Prop_mmcme2_adv_CLKIN1_CLKOUT0)
                                                     -7.070     2.267 f  clk_wiz_inst/inst/mmcm_adv_inst/CLKOUT0
                         net (fo=1, routed)           1.719     3.986    clk_wiz_inst/inst/clk_out1_clk_wiz_0
    BUFGCTRL_X0Y16       BUFG (Prop_bufg_I_O)         0.096     4.082 f  clk_wiz_inst/inst/clkout1_buf/O
                         net (fo=824, routed)         1.722     5.805    cpci/Memmy/Reg_File_Block_reg_0_63_24_26/WCLK
    SLICE_X6Y60          RAMD64E                                      r  cpci/Memmy/Reg_File_Block_reg_0_63_24_26/RAMB/CLK  (IS_INVERTED)
  -------------------------------------------------------------------    -------------------
    SLICE_X6Y60          RAMD64E (Prop_ramd64e_CLK_O)
                                                      1.323     7.128 r  cpci/Memmy/Reg_File_Block_reg_0_63_24_26/RAMB/O
                         net (fo=1, routed)           0.829     7.957    cpci/countty_inst/RD10[25]
    SLICE_X2Y59          LUT6 (Prop_lut6_I5_O)        0.124     8.081 r  cpci/countty_inst/Seg7_fpga_OBUF[6]_inst_i_30/O
                         net (fo=1, routed)           0.000     8.081    cpci/countty_inst/p_1_in[1]
    SLICE_X2Y59          MUXF7 (Prop_muxf7_I0_O)      0.241     8.322 r  cpci/countty_inst/Seg7_fpga_OBUF[6]_inst_i_10/O
                         net (fo=1, routed)           0.954     9.276    cpci/countty_inst/Seg7_fpga_OBUF[6]_inst_i_10_n_0
    SLICE_X5Y57          LUT6 (Prop_lut6_I0_O)        0.298     9.574 r  cpci/countty_inst/Seg7_fpga_OBUF[6]_inst_i_3/O
                         net (fo=7, routed)           0.982    10.556    cpci/countty_inst/sel0[1]
    SLICE_X0Y58          LUT4 (Prop_lut4_I3_O)        0.124    10.680 r  cpci/countty_inst/Seg7_fpga_OBUF[0]_inst_i_1/O
                         net (fo=1, routed)           2.481    13.161    Seg7_fpga_OBUF[0]
    L18                  OBUF (Prop_obuf_I_O)         3.537    16.698 r  Seg7_fpga_OBUF[0]_inst/O
                         net (fo=0)                   0.000    16.698    Seg7_fpga[0]
    L18                                                               r  Seg7_fpga[0] (OUT)
  -------------------------------------------------------------------    -------------------

Slack:                    inf
  Source:                 cpci/Memmy/Reg_File_Block_reg_0_63_24_26/RAMB/CLK
                            (falling edge-triggered cell RAMD64E clocked by clk_out1_clk_wiz_0  {rise@0.000ns fall@6.623ns period=13.245ns})
  Destination:            Seg7_fpga[2]
                            (output port)
  Path Group:             (none)
  Path Type:              Max at Slow Process Corner
  Data Path Delay:        10.666ns  (logic 5.644ns (52.909%)  route 5.023ns (47.091%))
  Logic Levels:           5  (LUT4=1 LUT6=2 MUXF7=1 OBUF=1)
  Clock Uncertainty:      0.244ns  ((TSJ^2 + DJ^2)^1/2) / 2 + PE
    Total System Jitter     (TSJ):    0.050ns
    Discrete Jitter          (DJ):    0.172ns
    Phase Error              (PE):    0.154ns

    Location             Delay type                Incr(ns)  Path(ns)    Netlist Resource(s)
  -------------------------------------------------------------------    -------------------
                         (clock clk_out1_clk_wiz_0 fall edge)
                                                      6.623     6.623 f  
    E3                                                0.000     6.623 f  clk_100MHz (IN)
                         net (fo=0)                   0.000     6.623    clk_wiz_inst/inst/clk_in1
    E3                   IBUF (Prop_ibuf_I_O)         1.482     8.104 f  clk_wiz_inst/inst/clkin1_ibufg/O
                         net (fo=1, routed)           1.233     9.337    clk_wiz_inst/inst/clk_in1_clk_wiz_0
    MMCME2_ADV_X1Y2      MMCME2_ADV (Prop_mmcme2_adv_CLKIN1_CLKOUT0)
                                                     -7.070     2.267 f  clk_wiz_inst/inst/mmcm_adv_inst/CLKOUT0
                         net (fo=1, routed)           1.719     3.986    clk_wiz_inst/inst/clk_out1_clk_wiz_0
    BUFGCTRL_X0Y16       BUFG (Prop_bufg_I_O)         0.096     4.082 f  clk_wiz_inst/inst/clkout1_buf/O
                         net (fo=824, routed)         1.722     5.805    cpci/Memmy/Reg_File_Block_reg_0_63_24_26/WCLK
    SLICE_X6Y60          RAMD64E                                      r  cpci/Memmy/Reg_File_Block_reg_0_63_24_26/RAMB/CLK  (IS_INVERTED)
  -------------------------------------------------------------------    -------------------
    SLICE_X6Y60          RAMD64E (Prop_ramd64e_CLK_O)
                                                      1.323     7.128 f  cpci/Memmy/Reg_File_Block_reg_0_63_24_26/RAMB/O
                         net (fo=1, routed)           0.829     7.957    cpci/countty_inst/RD10[25]
    SLICE_X2Y59          LUT6 (Prop_lut6_I5_O)        0.124     8.081 f  cpci/countty_inst/Seg7_fpga_OBUF[6]_inst_i_30/O
                         net (fo=1, routed)           0.000     8.081    cpci/countty_inst/p_1_in[1]
    SLICE_X2Y59          MUXF7 (Prop_muxf7_I0_O)      0.241     8.322 f  cpci/countty_inst/Seg7_fpga_OBUF[6]_inst_i_10/O
                         net (fo=1, routed)           0.954     9.276    cpci/countty_inst/Seg7_fpga_OBUF[6]_inst_i_10_n_0
    SLICE_X5Y57          LUT6 (Prop_lut6_I0_O)        0.298     9.574 f  cpci/countty_inst/Seg7_fpga_OBUF[6]_inst_i_3/O
                         net (fo=7, routed)           0.984    10.559    cpci/countty_inst/sel0[1]
    SLICE_X0Y58          LUT4 (Prop_lut4_I1_O)        0.124    10.683 r  cpci/countty_inst/Seg7_fpga_OBUF[2]_inst_i_1/O
                         net (fo=1, routed)           2.255    12.938    Seg7_fpga_OBUF[2]
    P15                  OBUF (Prop_obuf_I_O)         3.534    16.471 r  Seg7_fpga_OBUF[2]_inst/O
                         net (fo=0)                   0.000    16.471    Seg7_fpga[2]
    P15                                                               r  Seg7_fpga[2] (OUT)
  -------------------------------------------------------------------    -------------------

Slack:                    inf
  Source:                 cpci/Memmy/Reg_File_Block_reg_0_63_24_26/RAMB/CLK
                            (falling edge-triggered cell RAMD64E clocked by clk_out1_clk_wiz_0  {rise@0.000ns fall@6.623ns period=13.245ns})
  Destination:            Seg7_fpga[5]
                            (output port)
  Path Group:             (none)
  Path Type:              Max at Slow Process Corner
  Data Path Delay:        10.578ns  (logic 5.895ns (55.736%)  route 4.682ns (44.264%))
  Logic Levels:           5  (LUT4=1 LUT6=2 MUXF7=1 OBUF=1)
  Clock Uncertainty:      0.244ns  ((TSJ^2 + DJ^2)^1/2) / 2 + PE
    Total System Jitter     (TSJ):    0.050ns
    Discrete Jitter          (DJ):    0.172ns
    Phase Error              (PE):    0.154ns

    Location             Delay type                Incr(ns)  Path(ns)    Netlist Resource(s)
  -------------------------------------------------------------------    -------------------
                         (clock clk_out1_clk_wiz_0 fall edge)
                                                      6.623     6.623 f  
    E3                                                0.000     6.623 f  clk_100MHz (IN)
                         net (fo=0)                   0.000     6.623    clk_wiz_inst/inst/clk_in1
    E3                   IBUF (Prop_ibuf_I_O)         1.482     8.104 f  clk_wiz_inst/inst/clkin1_ibufg/O
                         net (fo=1, routed)           1.233     9.337    clk_wiz_inst/inst/clk_in1_clk_wiz_0
    MMCME2_ADV_X1Y2      MMCME2_ADV (Prop_mmcme2_adv_CLKIN1_CLKOUT0)
                                                     -7.070     2.267 f  clk_wiz_inst/inst/mmcm_adv_inst/CLKOUT0
                         net (fo=1, routed)           1.719     3.986    clk_wiz_inst/inst/clk_out1_clk_wiz_0
    BUFGCTRL_X0Y16       BUFG (Prop_bufg_I_O)         0.096     4.082 f  clk_wiz_inst/inst/clkout1_buf/O
                         net (fo=824, routed)         1.722     5.805    cpci/Memmy/Reg_File_Block_reg_0_63_24_26/WCLK
    SLICE_X6Y60          RAMD64E                                      r  cpci/Memmy/Reg_File_Block_reg_0_63_24_26/RAMB/CLK  (IS_INVERTED)
  -------------------------------------------------------------------    -------------------
    SLICE_X6Y60          RAMD64E (Prop_ramd64e_CLK_O)
                                                      1.323     7.128 r  cpci/Memmy/Reg_File_Block_reg_0_63_24_26/RAMB/O
                         net (fo=1, routed)           0.829     7.957    cpci/countty_inst/RD10[25]
    SLICE_X2Y59          LUT6 (Prop_lut6_I5_O)        0.124     8.081 r  cpci/countty_inst/Seg7_fpga_OBUF[6]_inst_i_30/O
                         net (fo=1, routed)           0.000     8.081    cpci/countty_inst/p_1_in[1]
    SLICE_X2Y59          MUXF7 (Prop_muxf7_I0_O)      0.241     8.322 r  cpci/countty_inst/Seg7_fpga_OBUF[6]_inst_i_10/O
                         net (fo=1, routed)           0.954     9.276    cpci/countty_inst/Seg7_fpga_OBUF[6]_inst_i_10_n_0
    SLICE_X5Y57          LUT6 (Prop_lut6_I0_O)        0.298     9.574 r  cpci/countty_inst/Seg7_fpga_OBUF[6]_inst_i_3/O
                         net (fo=7, routed)           0.982    10.556    cpci/countty_inst/sel0[1]
    SLICE_X0Y58          LUT4 (Prop_lut4_I3_O)        0.152    10.708 r  cpci/countty_inst/Seg7_fpga_OBUF[5]_inst_i_1/O
                         net (fo=1, routed)           1.917    12.625    Seg7_fpga_OBUF[5]
    R10                  OBUF (Prop_obuf_I_O)         3.757    16.382 r  Seg7_fpga_OBUF[5]_inst/O
                         net (fo=0)                   0.000    16.382    Seg7_fpga[5]
    R10                                                               r  Seg7_fpga[5] (OUT)
  -------------------------------------------------------------------    -------------------

Slack:                    inf
  Source:                 cpci/Memmy/Reg_File_Block_reg_0_63_30_31/RAMB/CLK
                            (falling edge-triggered cell RAMD64E clocked by clk_out1_clk_wiz_0  {rise@0.000ns fall@6.623ns period=13.245ns})
  Destination:            Seg7_fpga[6]
                            (output port)
  Path Group:             (none)
  Path Type:              Max at Slow Process Corner
  Data Path Delay:        10.458ns  (logic 5.894ns (56.361%)  route 4.564ns (43.639%))
  Logic Levels:           5  (LUT4=1 LUT6=2 MUXF7=1 OBUF=1)
  Clock Uncertainty:      0.244ns  ((TSJ^2 + DJ^2)^1/2) / 2 + PE
    Total System Jitter     (TSJ):    0.050ns
    Discrete Jitter          (DJ):    0.172ns
    Phase Error              (PE):    0.154ns

    Location             Delay type                Incr(ns)  Path(ns)    Netlist Resource(s)
  -------------------------------------------------------------------    -------------------
                         (clock clk_out1_clk_wiz_0 fall edge)
                                                      6.623     6.623 f  
    E3                                                0.000     6.623 f  clk_100MHz (IN)
                         net (fo=0)                   0.000     6.623    clk_wiz_inst/inst/clk_in1
    E3                   IBUF (Prop_ibuf_I_O)         1.482     8.104 f  clk_wiz_inst/inst/clkin1_ibufg/O
                         net (fo=1, routed)           1.233     9.337    clk_wiz_inst/inst/clk_in1_clk_wiz_0
    MMCME2_ADV_X1Y2      MMCME2_ADV (Prop_mmcme2_adv_CLKIN1_CLKOUT0)
                                                     -7.070     2.267 f  clk_wiz_inst/inst/mmcm_adv_inst/CLKOUT0
                         net (fo=1, routed)           1.719     3.986    clk_wiz_inst/inst/clk_out1_clk_wiz_0
    BUFGCTRL_X0Y16       BUFG (Prop_bufg_I_O)         0.096     4.082 f  clk_wiz_inst/inst/clkout1_buf/O
                         net (fo=824, routed)         1.722     5.805    cpci/Memmy/Reg_File_Block_reg_0_63_30_31/WCLK
    SLICE_X6Y59          RAMD64E                                      r  cpci/Memmy/Reg_File_Block_reg_0_63_30_31/RAMB/CLK  (IS_INVERTED)
  -------------------------------------------------------------------    -------------------
    SLICE_X6Y59          RAMD64E (Prop_ramd64e_CLK_O)
                                                      1.323     7.128 r  cpci/Memmy/Reg_File_Block_reg_0_63_30_31/RAMB/O
                         net (fo=1, routed)           0.792     7.920    cpci/countty_inst/RD10[31]
    SLICE_X0Y59          LUT6 (Prop_lut6_I5_O)        0.124     8.044 r  cpci/countty_inst/Seg7_fpga_OBUF[6]_inst_i_39/O
                         net (fo=1, routed)           0.000     8.044    cpci/countty_inst/p_0_in__1[3]
    SLICE_X0Y59          MUXF7 (Prop_muxf7_I1_O)      0.217     8.261 r  cpci/countty_inst/Seg7_fpga_OBUF[6]_inst_i_14/O
                         net (fo=1, routed)           0.993     9.254    cpci/countty_inst/Seg7_fpga_OBUF[6]_inst_i_14_n_0
    SLICE_X0Y57          LUT6 (Prop_lut6_I0_O)        0.299     9.553 r  cpci/countty_inst/Seg7_fpga_OBUF[6]_inst_i_4/O
                         net (fo=7, routed)           0.902    10.455    cpci/countty_inst/sel0[3]
    SLICE_X0Y57          LUT4 (Prop_lut4_I2_O)        0.152    10.607 r  cpci/countty_inst/Seg7_fpga_OBUF[6]_inst_i_1/O
                         net (fo=1, routed)           1.876    12.483    Seg7_fpga_OBUF[6]
    T10                  OBUF (Prop_obuf_I_O)         3.779    16.262 r  Seg7_fpga_OBUF[6]_inst/O
                         net (fo=0)                   0.000    16.262    Seg7_fpga[6]
    T10                                                               r  Seg7_fpga[6] (OUT)
  -------------------------------------------------------------------    -------------------

Slack:                    inf
  Source:                 cpci/Memmy/Reg_File_Block_reg_0_63_30_31/RAMB/CLK
                            (falling edge-triggered cell RAMD64E clocked by clk_out1_clk_wiz_0  {rise@0.000ns fall@6.623ns period=13.245ns})
  Destination:            Seg7_fpga[1]
                            (output port)
  Path Group:             (none)
  Path Type:              Max at Slow Process Corner
  Data Path Delay:        10.197ns  (logic 5.648ns (55.386%)  route 4.549ns (44.614%))
  Logic Levels:           5  (LUT4=1 LUT6=2 MUXF7=1 OBUF=1)
  Clock Uncertainty:      0.244ns  ((TSJ^2 + DJ^2)^1/2) / 2 + PE
    Total System Jitter     (TSJ):    0.050ns
    Discrete Jitter          (DJ):    0.172ns
    Phase Error              (PE):    0.154ns

    Location             Delay type                Incr(ns)  Path(ns)    Netlist Resource(s)
  -------------------------------------------------------------------    -------------------
                         (clock clk_out1_clk_wiz_0 fall edge)
                                                      6.623     6.623 f  
    E3                                                0.000     6.623 f  clk_100MHz (IN)
                         net (fo=0)                   0.000     6.623    clk_wiz_inst/inst/clk_in1
    E3                   IBUF (Prop_ibuf_I_O)         1.482     8.104 f  clk_wiz_inst/inst/clkin1_ibufg/O
                         net (fo=1, routed)           1.233     9.337    clk_wiz_inst/inst/clk_in1_clk_wiz_0
    MMCME2_ADV_X1Y2      MMCME2_ADV (Prop_mmcme2_adv_CLKIN1_CLKOUT0)
                                                     -7.070     2.267 f  clk_wiz_inst/inst/mmcm_adv_inst/CLKOUT0
                         net (fo=1, routed)           1.719     3.986    clk_wiz_inst/inst/clk_out1_clk_wiz_0
    BUFGCTRL_X0Y16       BUFG (Prop_bufg_I_O)         0.096     4.082 f  clk_wiz_inst/inst/clkout1_buf/O
                         net (fo=824, routed)         1.722     5.805    cpci/Memmy/Reg_File_Block_reg_0_63_30_31/WCLK
    SLICE_X6Y59          RAMD64E                                      r  cpci/Memmy/Reg_File_Block_reg_0_63_30_31/RAMB/CLK  (IS_INVERTED)
  -------------------------------------------------------------------    -------------------
    SLICE_X6Y59          RAMD64E (Prop_ramd64e_CLK_O)
                                                      1.323     7.128 r  cpci/Memmy/Reg_File_Block_reg_0_63_30_31/RAMB/O
                         net (fo=1, routed)           0.792     7.920    cpci/countty_inst/RD10[31]
    SLICE_X0Y59          LUT6 (Prop_lut6_I5_O)        0.124     8.044 r  cpci/countty_inst/Seg7_fpga_OBUF[6]_inst_i_39/O
                         net (fo=1, routed)           0.000     8.044    cpci/countty_inst/p_0_in__1[3]
    SLICE_X0Y59          MUXF7 (Prop_muxf7_I1_O)      0.217     8.261 r  cpci/countty_inst/Seg7_fpga_OBUF[6]_inst_i_14/O
                         net (fo=1, routed)           0.993     9.254    cpci/countty_inst/Seg7_fpga_OBUF[6]_inst_i_14_n_0
    SLICE_X0Y57          LUT6 (Prop_lut6_I0_O)        0.299     9.553 r  cpci/countty_inst/Seg7_fpga_OBUF[6]_inst_i_4/O
                         net (fo=7, routed)           0.902    10.455    cpci/countty_inst/sel0[3]
    SLICE_X0Y57          LUT4 (Prop_lut4_I2_O)        0.124    10.579 r  cpci/countty_inst/Seg7_fpga_OBUF[1]_inst_i_1/O
                         net (fo=1, routed)           1.862    12.441    Seg7_fpga_OBUF[1]
    T11                  OBUF (Prop_obuf_I_O)         3.561    16.002 r  Seg7_fpga_OBUF[1]_inst/O
                         net (fo=0)                   0.000    16.002    Seg7_fpga[1]
    T11                                                               r  Seg7_fpga[1] (OUT)
  -------------------------------------------------------------------    -------------------





Min Delay Paths
--------------------------------------------------------------------------------------
Slack:                    inf
  Source:                 cpci/countty_inst/count_reg[9]/C
                            (rising edge-triggered cell FDRE clocked by clk_out1_clk_wiz_0  {rise@0.000ns fall@6.623ns period=13.245ns})
  Destination:            Seg7_fpga[1]
                            (output port)
  Path Group:             (none)
  Path Type:              Min at Fast Process Corner
  Data Path Delay:        2.596ns  (logic 1.662ns (64.023%)  route 0.934ns (35.977%))
  Logic Levels:           5  (LUT4=1 LUT6=2 MUXF7=1 OBUF=1)
  Clock Uncertainty:      0.244ns  ((TSJ^2 + DJ^2)^1/2) / 2 + PE
    Total System Jitter     (TSJ):    0.050ns
    Discrete Jitter          (DJ):    0.172ns
    Phase Error              (PE):    0.154ns

    Location             Delay type                Incr(ns)  Path(ns)    Netlist Resource(s)
  -------------------------------------------------------------------    -------------------
                         (clock clk_out1_clk_wiz_0 rise edge)
                                                      0.000     0.000 r  
    E3                                                0.000     0.000 r  clk_100MHz (IN)
                         net (fo=0)                   0.000     0.000    clk_wiz_inst/inst/clk_in1
    E3                   IBUF (Prop_ibuf_I_O)         0.250     0.250 r  clk_wiz_inst/inst/clkin1_ibufg/O
                         net (fo=1, routed)           0.440     0.690    clk_wiz_inst/inst/clk_in1_clk_wiz_0
    MMCME2_ADV_X1Y2      MMCME2_ADV (Prop_mmcme2_adv_CLKIN1_CLKOUT0)
                                                     -2.379    -1.689 r  clk_wiz_inst/inst/mmcm_adv_inst/CLKOUT0
                         net (fo=1, routed)           0.499    -1.190    clk_wiz_inst/inst/clk_out1_clk_wiz_0
    BUFGCTRL_X0Y16       BUFG (Prop_bufg_I_O)         0.026    -1.164 r  clk_wiz_inst/inst/clkout1_buf/O
                         net (fo=824, routed)         0.604    -0.560    cpci/countty_inst/clk_out1
    SLICE_X3Y55          FDRE                                         r  cpci/countty_inst/count_reg[9]/C
  -------------------------------------------------------------------    -------------------
    SLICE_X3Y55          FDRE (Prop_fdre_C_Q)         0.141    -0.419 r  cpci/countty_inst/count_reg[9]/Q
                         net (fo=2, routed)           0.153    -0.267    cpci/countty_inst/count_reg[9]
    SLICE_X5Y56          LUT6 (Prop_lut6_I0_O)        0.045    -0.222 r  cpci/countty_inst/Seg7_fpga_OBUF[6]_inst_i_34/O
                         net (fo=1, routed)           0.000    -0.222    cpci/countty_inst/p_5_in[1]
    SLICE_X5Y56          MUXF7 (Prop_muxf7_I0_O)      0.062    -0.160 r  cpci/countty_inst/Seg7_fpga_OBUF[6]_inst_i_12/O
                         net (fo=1, routed)           0.140    -0.020    cpci/countty_inst/Seg7_fpga_OBUF[6]_inst_i_12_n_0
    SLICE_X5Y57          LUT6 (Prop_lut6_I3_O)        0.108     0.088 r  cpci/countty_inst/Seg7_fpga_OBUF[6]_inst_i_3/O
                         net (fo=7, routed)           0.242     0.330    cpci/countty_inst/sel0[1]
    SLICE_X0Y57          LUT4 (Prop_lut4_I1_O)        0.045     0.375 r  cpci/countty_inst/Seg7_fpga_OBUF[1]_inst_i_1/O
                         net (fo=1, routed)           0.400     0.775    Seg7_fpga_OBUF[1]
    T11                  OBUF (Prop_obuf_I_O)         1.261     2.036 r  Seg7_fpga_OBUF[1]_inst/O
                         net (fo=0)                   0.000     2.036    Seg7_fpga[1]
    T11                                                               r  Seg7_fpga[1] (OUT)
  -------------------------------------------------------------------    -------------------

Slack:                    inf
  Source:                 cpci/countty_cyc/count_out_reg[7]/C
                            (rising edge-triggered cell FDRE clocked by clk_out1_clk_wiz_0  {rise@0.000ns fall@6.623ns period=13.245ns})
  Destination:            Seg7_fpga[5]
                            (output port)
  Path Group:             (none)
  Path Type:              Min at Fast Process Corner
  Data Path Delay:        2.664ns  (logic 1.722ns (64.648%)  route 0.942ns (35.352%))
  Logic Levels:           5  (LUT4=1 LUT6=2 MUXF7=1 OBUF=1)
  Clock Uncertainty:      0.244ns  ((TSJ^2 + DJ^2)^1/2) / 2 + PE
    Total System Jitter     (TSJ):    0.050ns
    Discrete Jitter          (DJ):    0.172ns
    Phase Error              (PE):    0.154ns

    Location             Delay type                Incr(ns)  Path(ns)    Netlist Resource(s)
  -------------------------------------------------------------------    -------------------
                         (clock clk_out1_clk_wiz_0 rise edge)
                                                      0.000     0.000 r  
    E3                                                0.000     0.000 r  clk_100MHz (IN)
                         net (fo=0)                   0.000     0.000    clk_wiz_inst/inst/clk_in1
    E3                   IBUF (Prop_ibuf_I_O)         0.250     0.250 r  clk_wiz_inst/inst/clkin1_ibufg/O
                         net (fo=1, routed)           0.440     0.690    clk_wiz_inst/inst/clk_in1_clk_wiz_0
    MMCME2_ADV_X1Y2      MMCME2_ADV (Prop_mmcme2_adv_CLKIN1_CLKOUT0)
                                                     -2.379    -1.689 r  clk_wiz_inst/inst/mmcm_adv_inst/CLKOUT0
                         net (fo=1, routed)           0.499    -1.190    clk_wiz_inst/inst/clk_out1_clk_wiz_0
    BUFGCTRL_X0Y16       BUFG (Prop_bufg_I_O)         0.026    -1.164 r  clk_wiz_inst/inst/clkout1_buf/O
                         net (fo=824, routed)         0.604    -0.560    cpci/countty_cyc/clk_out1
    SLICE_X1Y54          FDRE                                         r  cpci/countty_cyc/count_out_reg[7]/C
  -------------------------------------------------------------------    -------------------
    SLICE_X1Y54          FDRE (Prop_fdre_C_Q)         0.141    -0.419 r  cpci/countty_cyc/count_out_reg[7]/Q
                         net (fo=2, routed)           0.113    -0.306    cpci/countty_inst/Seg7_fpga_OBUF[6]_inst_i_17_0[1]
    SLICE_X2Y54          LUT6 (Prop_lut6_I2_O)        0.045    -0.261 r  cpci/countty_inst/Seg7_fpga_OBUF[6]_inst_i_45/O
                         net (fo=1, routed)           0.000    -0.261    cpci/countty_inst/Seg7_fpga_OBUF[6]_inst_i_45_n_0
    SLICE_X2Y54          MUXF7 (Prop_muxf7_I1_O)      0.064    -0.197 r  cpci/countty_inst/Seg7_fpga_OBUF[6]_inst_i_17/O
                         net (fo=1, routed)           0.166    -0.031    cpci/countty_inst/Seg7_fpga_OBUF[6]_inst_i_17_n_0
    SLICE_X0Y57          LUT6 (Prop_lut6_I5_O)        0.108     0.077 r  cpci/countty_inst/Seg7_fpga_OBUF[6]_inst_i_4/O
                         net (fo=7, routed)           0.220     0.298    cpci/countty_inst/sel0[3]
    SLICE_X0Y58          LUT4 (Prop_lut4_I0_O)        0.046     0.344 r  cpci/countty_inst/Seg7_fpga_OBUF[5]_inst_i_1/O
                         net (fo=1, routed)           0.442     0.785    Seg7_fpga_OBUF[5]
    R10                  OBUF (Prop_obuf_I_O)         1.318     2.104 r  Seg7_fpga_OBUF[5]_inst/O
                         net (fo=0)                   0.000     2.104    Seg7_fpga[5]
    R10                                                               r  Seg7_fpga[5] (OUT)
  -------------------------------------------------------------------    -------------------

Slack:                    inf
  Source:                 cpci/countty_inst/count_reg[9]/C
                            (rising edge-triggered cell FDRE clocked by clk_out1_clk_wiz_0  {rise@0.000ns fall@6.623ns period=13.245ns})
  Destination:            Seg7_fpga[6]
                            (output port)
  Path Group:             (none)
  Path Type:              Min at Fast Process Corner
  Data Path Delay:        2.695ns  (logic 1.737ns (64.473%)  route 0.957ns (35.527%))
  Logic Levels:           5  (LUT4=1 LUT6=2 MUXF7=1 OBUF=1)
  Clock Uncertainty:      0.244ns  ((TSJ^2 + DJ^2)^1/2) / 2 + PE
    Total System Jitter     (TSJ):    0.050ns
    Discrete Jitter          (DJ):    0.172ns
    Phase Error              (PE):    0.154ns

    Location             Delay type                Incr(ns)  Path(ns)    Netlist Resource(s)
  -------------------------------------------------------------------    -------------------
                         (clock clk_out1_clk_wiz_0 rise edge)
                                                      0.000     0.000 r  
    E3                                                0.000     0.000 r  clk_100MHz (IN)
                         net (fo=0)                   0.000     0.000    clk_wiz_inst/inst/clk_in1
    E3                   IBUF (Prop_ibuf_I_O)         0.250     0.250 r  clk_wiz_inst/inst/clkin1_ibufg/O
                         net (fo=1, routed)           0.440     0.690    clk_wiz_inst/inst/clk_in1_clk_wiz_0
    MMCME2_ADV_X1Y2      MMCME2_ADV (Prop_mmcme2_adv_CLKIN1_CLKOUT0)
                                                     -2.379    -1.689 r  clk_wiz_inst/inst/mmcm_adv_inst/CLKOUT0
                         net (fo=1, routed)           0.499    -1.190    clk_wiz_inst/inst/clk_out1_clk_wiz_0
    BUFGCTRL_X0Y16       BUFG (Prop_bufg_I_O)         0.026    -1.164 r  clk_wiz_inst/inst/clkout1_buf/O
                         net (fo=824, routed)         0.604    -0.560    cpci/countty_inst/clk_out1
    SLICE_X3Y55          FDRE                                         r  cpci/countty_inst/count_reg[9]/C
  -------------------------------------------------------------------    -------------------
    SLICE_X3Y55          FDRE (Prop_fdre_C_Q)         0.141    -0.419 r  cpci/countty_inst/count_reg[9]/Q
                         net (fo=2, routed)           0.153    -0.267    cpci/countty_inst/count_reg[9]
    SLICE_X5Y56          LUT6 (Prop_lut6_I0_O)        0.045    -0.222 r  cpci/countty_inst/Seg7_fpga_OBUF[6]_inst_i_34/O
                         net (fo=1, routed)           0.000    -0.222    cpci/countty_inst/p_5_in[1]
    SLICE_X5Y56          MUXF7 (Prop_muxf7_I0_O)      0.062    -0.160 r  cpci/countty_inst/Seg7_fpga_OBUF[6]_inst_i_12/O
                         net (fo=1, routed)           0.140    -0.020    cpci/countty_inst/Seg7_fpga_OBUF[6]_inst_i_12_n_0
    SLICE_X5Y57          LUT6 (Prop_lut6_I3_O)        0.108     0.088 r  cpci/countty_inst/Seg7_fpga_OBUF[6]_inst_i_3/O
                         net (fo=7, routed)           0.242     0.330    cpci/countty_inst/sel0[1]
    SLICE_X0Y57          LUT4 (Prop_lut4_I1_O)        0.042     0.372 r  cpci/countty_inst/Seg7_fpga_OBUF[6]_inst_i_1/O
                         net (fo=1, routed)           0.423     0.795    Seg7_fpga_OBUF[6]
    T10                  OBUF (Prop_obuf_I_O)         1.339     2.135 r  Seg7_fpga_OBUF[6]_inst/O
                         net (fo=0)                   0.000     2.135    Seg7_fpga[6]
    T10                                                               r  Seg7_fpga[6] (OUT)
  -------------------------------------------------------------------    -------------------

Slack:                    inf
  Source:                 cpci/countty_cyc/count_out_reg[7]/C
                            (rising edge-triggered cell FDRE clocked by clk_out1_clk_wiz_0  {rise@0.000ns fall@6.623ns period=13.245ns})
  Destination:            Seg7_fpga[2]
                            (output port)
  Path Group:             (none)
  Path Type:              Min at Fast Process Corner
  Data Path Delay:        2.708ns  (logic 1.637ns (60.463%)  route 1.071ns (39.537%))
  Logic Levels:           5  (LUT4=1 LUT6=2 MUXF7=1 OBUF=1)
  Clock Uncertainty:      0.244ns  ((TSJ^2 + DJ^2)^1/2) / 2 + PE
    Total System Jitter     (TSJ):    0.050ns
    Discrete Jitter          (DJ):    0.172ns
    Phase Error              (PE):    0.154ns

    Location             Delay type                Incr(ns)  Path(ns)    Netlist Resource(s)
  -------------------------------------------------------------------    -------------------
                         (clock clk_out1_clk_wiz_0 rise edge)
                                                      0.000     0.000 r  
    E3                                                0.000     0.000 r  clk_100MHz (IN)
                         net (fo=0)                   0.000     0.000    clk_wiz_inst/inst/clk_in1
    E3                   IBUF (Prop_ibuf_I_O)         0.250     0.250 r  clk_wiz_inst/inst/clkin1_ibufg/O
                         net (fo=1, routed)           0.440     0.690    clk_wiz_inst/inst/clk_in1_clk_wiz_0
    MMCME2_ADV_X1Y2      MMCME2_ADV (Prop_mmcme2_adv_CLKIN1_CLKOUT0)
                                                     -2.379    -1.689 r  clk_wiz_inst/inst/mmcm_adv_inst/CLKOUT0
                         net (fo=1, routed)           0.499    -1.190    clk_wiz_inst/inst/clk_out1_clk_wiz_0
    BUFGCTRL_X0Y16       BUFG (Prop_bufg_I_O)         0.026    -1.164 r  clk_wiz_inst/inst/clkout1_buf/O
                         net (fo=824, routed)         0.604    -0.560    cpci/countty_cyc/clk_out1
    SLICE_X1Y54          FDRE                                         r  cpci/countty_cyc/count_out_reg[7]/C
  -------------------------------------------------------------------    -------------------
    SLICE_X1Y54          FDRE (Prop_fdre_C_Q)         0.141    -0.419 f  cpci/countty_cyc/count_out_reg[7]/Q
                         net (fo=2, routed)           0.113    -0.306    cpci/countty_inst/Seg7_fpga_OBUF[6]_inst_i_17_0[1]
    SLICE_X2Y54          LUT6 (Prop_lut6_I2_O)        0.045    -0.261 f  cpci/countty_inst/Seg7_fpga_OBUF[6]_inst_i_45/O
                         net (fo=1, routed)           0.000    -0.261    cpci/countty_inst/Seg7_fpga_OBUF[6]_inst_i_45_n_0
    SLICE_X2Y54          MUXF7 (Prop_muxf7_I1_O)      0.064    -0.197 f  cpci/countty_inst/Seg7_fpga_OBUF[6]_inst_i_17/O
                         net (fo=1, routed)           0.166    -0.031    cpci/countty_inst/Seg7_fpga_OBUF[6]_inst_i_17_n_0
    SLICE_X0Y57          LUT6 (Prop_lut6_I5_O)        0.108     0.077 f  cpci/countty_inst/Seg7_fpga_OBUF[6]_inst_i_4/O
                         net (fo=7, routed)           0.211     0.288    cpci/countty_inst/sel0[3]
    SLICE_X0Y58          LUT4 (Prop_lut4_I0_O)        0.045     0.333 r  cpci/countty_inst/Seg7_fpga_OBUF[2]_inst_i_1/O
                         net (fo=1, routed)           0.580     0.913    Seg7_fpga_OBUF[2]
    P15                  OBUF (Prop_obuf_I_O)         1.234     2.148 r  Seg7_fpga_OBUF[2]_inst/O
                         net (fo=0)                   0.000     2.148    Seg7_fpga[2]
    P15                                                               r  Seg7_fpga[2] (OUT)
  -------------------------------------------------------------------    -------------------

Slack:                    inf
  Source:                 cpci/countty_cyc/count_out_reg[7]/C
                            (rising edge-triggered cell FDRE clocked by clk_out1_clk_wiz_0  {rise@0.000ns fall@6.623ns period=13.245ns})
  Destination:            Seg7_fpga[0]
                            (output port)
  Path Group:             (none)
  Path Type:              Min at Fast Process Corner
  Data Path Delay:        2.800ns  (logic 1.641ns (58.621%)  route 1.158ns (41.379%))
  Logic Levels:           5  (LUT4=1 LUT6=2 MUXF7=1 OBUF=1)
  Clock Uncertainty:      0.244ns  ((TSJ^2 + DJ^2)^1/2) / 2 + PE
    Total System Jitter     (TSJ):    0.050ns
    Discrete Jitter          (DJ):    0.172ns
    Phase Error              (PE):    0.154ns

    Location             Delay type                Incr(ns)  Path(ns)    Netlist Resource(s)
  -------------------------------------------------------------------    -------------------
                         (clock clk_out1_clk_wiz_0 rise edge)
                                                      0.000     0.000 r  
    E3                                                0.000     0.000 r  clk_100MHz (IN)
                         net (fo=0)                   0.000     0.000    clk_wiz_inst/inst/clk_in1
    E3                   IBUF (Prop_ibuf_I_O)         0.250     0.250 r  clk_wiz_inst/inst/clkin1_ibufg/O
                         net (fo=1, routed)           0.440     0.690    clk_wiz_inst/inst/clk_in1_clk_wiz_0
    MMCME2_ADV_X1Y2      MMCME2_ADV (Prop_mmcme2_adv_CLKIN1_CLKOUT0)
                                                     -2.379    -1.689 r  clk_wiz_inst/inst/mmcm_adv_inst/CLKOUT0
                         net (fo=1, routed)           0.499    -1.190    clk_wiz_inst/inst/clk_out1_clk_wiz_0
    BUFGCTRL_X0Y16       BUFG (Prop_bufg_I_O)         0.026    -1.164 r  clk_wiz_inst/inst/clkout1_buf/O
                         net (fo=824, routed)         0.604    -0.560    cpci/countty_cyc/clk_out1
    SLICE_X1Y54          FDRE                                         r  cpci/countty_cyc/count_out_reg[7]/C
  -------------------------------------------------------------------    -------------------
    SLICE_X1Y54          FDRE (Prop_fdre_C_Q)         0.141    -0.419 r  cpci/countty_cyc/count_out_reg[7]/Q
                         net (fo=2, routed)           0.113    -0.306    cpci/countty_inst/Seg7_fpga_OBUF[6]_inst_i_17_0[1]
    SLICE_X2Y54          LUT6 (Prop_lut6_I2_O)        0.045    -0.261 r  cpci/countty_inst/Seg7_fpga_OBUF[6]_inst_i_45/O
                         net (fo=1, routed)           0.000    -0.261    cpci/countty_inst/Seg7_fpga_OBUF[6]_inst_i_45_n_0
    SLICE_X2Y54          MUXF7 (Prop_muxf7_I1_O)      0.064    -0.197 r  cpci/countty_inst/Seg7_fpga_OBUF[6]_inst_i_17/O
                         net (fo=1, routed)           0.166    -0.031    cpci/countty_inst/Seg7_fpga_OBUF[6]_inst_i_17_n_0
    SLICE_X0Y57          LUT6 (Prop_lut6_I5_O)        0.108     0.077 r  cpci/countty_inst/Seg7_fpga_OBUF[6]_inst_i_4/O
                         net (fo=7, routed)           0.220     0.298    cpci/countty_inst/sel0[3]
    SLICE_X0Y58          LUT4 (Prop_lut4_I0_O)        0.045     0.343 r  cpci/countty_inst/Seg7_fpga_OBUF[0]_inst_i_1/O
                         net (fo=1, routed)           0.659     1.001    Seg7_fpga_OBUF[0]
    L18                  OBUF (Prop_obuf_I_O)         1.238     2.239 r  Seg7_fpga_OBUF[0]_inst/O
                         net (fo=0)                   0.000     2.239    Seg7_fpga[0]
    L18                                                               r  Seg7_fpga[0] (OUT)
  -------------------------------------------------------------------    -------------------

Slack:                    inf
  Source:                 cpci/countty_cyc/count_out_reg[7]/C
                            (rising edge-triggered cell FDRE clocked by clk_out1_clk_wiz_0  {rise@0.000ns fall@6.623ns period=13.245ns})
  Destination:            Seg7_fpga[4]
                            (output port)
  Path Group:             (none)
  Path Type:              Min at Fast Process Corner
  Data Path Delay:        2.962ns  (logic 1.597ns (53.926%)  route 1.365ns (46.074%))
  Logic Levels:           5  (LUT4=1 LUT6=2 MUXF7=1 OBUF=1)
  Clock Uncertainty:      0.244ns  ((TSJ^2 + DJ^2)^1/2) / 2 + PE
    Total System Jitter     (TSJ):    0.050ns
    Discrete Jitter          (DJ):    0.172ns
    Phase Error              (PE):    0.154ns

    Location             Delay type                Incr(ns)  Path(ns)    Netlist Resource(s)
  -------------------------------------------------------------------    -------------------
                         (clock clk_out1_clk_wiz_0 rise edge)
                                                      0.000     0.000 r  
    E3                                                0.000     0.000 r  clk_100MHz (IN)
                         net (fo=0)                   0.000     0.000    clk_wiz_inst/inst/clk_in1
    E3                   IBUF (Prop_ibuf_I_O)         0.250     0.250 r  clk_wiz_inst/inst/clkin1_ibufg/O
                         net (fo=1, routed)           0.440     0.690    clk_wiz_inst/inst/clk_in1_clk_wiz_0
    MMCME2_ADV_X1Y2      MMCME2_ADV (Prop_mmcme2_adv_CLKIN1_CLKOUT0)
                                                     -2.379    -1.689 r  clk_wiz_inst/inst/mmcm_adv_inst/CLKOUT0
                         net (fo=1, routed)           0.499    -1.190    clk_wiz_inst/inst/clk_out1_clk_wiz_0
    BUFGCTRL_X0Y16       BUFG (Prop_bufg_I_O)         0.026    -1.164 r  clk_wiz_inst/inst/clkout1_buf/O
                         net (fo=824, routed)         0.604    -0.560    cpci/countty_cyc/clk_out1
    SLICE_X1Y54          FDRE                                         r  cpci/countty_cyc/count_out_reg[7]/C
  -------------------------------------------------------------------    -------------------
    SLICE_X1Y54          FDRE (Prop_fdre_C_Q)         0.141    -0.419 r  cpci/countty_cyc/count_out_reg[7]/Q
                         net (fo=2, routed)           0.113    -0.306    cpci/countty_inst/Seg7_fpga_OBUF[6]_inst_i_17_0[1]
    SLICE_X2Y54          LUT6 (Prop_lut6_I2_O)        0.045    -0.261 r  cpci/countty_inst/Seg7_fpga_OBUF[6]_inst_i_45/O
                         net (fo=1, routed)           0.000    -0.261    cpci/countty_inst/Seg7_fpga_OBUF[6]_inst_i_45_n_0
    SLICE_X2Y54          MUXF7 (Prop_muxf7_I1_O)      0.064    -0.197 r  cpci/countty_inst/Seg7_fpga_OBUF[6]_inst_i_17/O
                         net (fo=1, routed)           0.166    -0.031    cpci/countty_inst/Seg7_fpga_OBUF[6]_inst_i_17_n_0
    SLICE_X0Y57          LUT6 (Prop_lut6_I5_O)        0.108     0.077 r  cpci/countty_inst/Seg7_fpga_OBUF[6]_inst_i_4/O
                         net (fo=7, routed)           0.132     0.210    cpci/countty_inst/sel0[3]
    SLICE_X0Y58          LUT4 (Prop_lut4_I2_O)        0.045     0.255 r  cpci/countty_inst/Seg7_fpga_OBUF[4]_inst_i_1/O
                         net (fo=1, routed)           0.953     1.207    Seg7_fpga_OBUF[4]
    K16                  OBUF (Prop_obuf_I_O)         1.194     2.402 r  Seg7_fpga_OBUF[4]_inst/O
                         net (fo=0)                   0.000     2.402    Seg7_fpga[4]
    K16                                                               r  Seg7_fpga[4] (OUT)
  -------------------------------------------------------------------    -------------------

Slack:                    inf
  Source:                 cpci/countty_cyc/count_out_reg[7]/C
                            (rising edge-triggered cell FDRE clocked by clk_out1_clk_wiz_0  {rise@0.000ns fall@6.623ns period=13.245ns})
  Destination:            Seg7_fpga[3]
                            (output port)
  Path Group:             (none)
  Path Type:              Min at Fast Process Corner
  Data Path Delay:        3.437ns  (logic 1.721ns (50.071%)  route 1.716ns (49.929%))
  Logic Levels:           5  (LUT4=1 LUT6=2 MUXF7=1 OBUF=1)
  Clock Uncertainty:      0.244ns  ((TSJ^2 + DJ^2)^1/2) / 2 + PE
    Total System Jitter     (TSJ):    0.050ns
    Discrete Jitter          (DJ):    0.172ns
    Phase Error              (PE):    0.154ns

    Location             Delay type                Incr(ns)  Path(ns)    Netlist Resource(s)
  -------------------------------------------------------------------    -------------------
                         (clock clk_out1_clk_wiz_0 rise edge)
                                                      0.000     0.000 r  
    E3                                                0.000     0.000 r  clk_100MHz (IN)
                         net (fo=0)                   0.000     0.000    clk_wiz_inst/inst/clk_in1
    E3                   IBUF (Prop_ibuf_I_O)         0.250     0.250 r  clk_wiz_inst/inst/clkin1_ibufg/O
                         net (fo=1, routed)           0.440     0.690    clk_wiz_inst/inst/clk_in1_clk_wiz_0
    MMCME2_ADV_X1Y2      MMCME2_ADV (Prop_mmcme2_adv_CLKIN1_CLKOUT0)
                                                     -2.379    -1.689 r  clk_wiz_inst/inst/mmcm_adv_inst/CLKOUT0
                         net (fo=1, routed)           0.499    -1.190    clk_wiz_inst/inst/clk_out1_clk_wiz_0
    BUFGCTRL_X0Y16       BUFG (Prop_bufg_I_O)         0.026    -1.164 r  clk_wiz_inst/inst/clkout1_buf/O
                         net (fo=824, routed)         0.604    -0.560    cpci/countty_cyc/clk_out1
    SLICE_X1Y54          FDRE                                         r  cpci/countty_cyc/count_out_reg[7]/C
  -------------------------------------------------------------------    -------------------
    SLICE_X1Y54          FDRE (Prop_fdre_C_Q)         0.141    -0.419 r  cpci/countty_cyc/count_out_reg[7]/Q
                         net (fo=2, routed)           0.113    -0.306    cpci/countty_inst/Seg7_fpga_OBUF[6]_inst_i_17_0[1]
    SLICE_X2Y54          LUT6 (Prop_lut6_I2_O)        0.045    -0.261 r  cpci/countty_inst/Seg7_fpga_OBUF[6]_inst_i_45/O
                         net (fo=1, routed)           0.000    -0.261    cpci/countty_inst/Seg7_fpga_OBUF[6]_inst_i_45_n_0
    SLICE_X2Y54          MUXF7 (Prop_muxf7_I1_O)      0.064    -0.197 r  cpci/countty_inst/Seg7_fpga_OBUF[6]_inst_i_17/O
                         net (fo=1, routed)           0.166    -0.031    cpci/countty_inst/Seg7_fpga_OBUF[6]_inst_i_17_n_0
    SLICE_X0Y57          LUT6 (Prop_lut6_I5_O)        0.108     0.077 r  cpci/countty_inst/Seg7_fpga_OBUF[6]_inst_i_4/O
                         net (fo=7, routed)           0.211     0.288    cpci/countty_inst/sel0[3]
    SLICE_X0Y58          LUT4 (Prop_lut4_I0_O)        0.045     0.333 r  cpci/countty_inst/Seg7_fpga_OBUF[3]_inst_i_1/O
                         net (fo=1, routed)           1.226     1.559    Seg7_fpga_OBUF[3]
    K13                  OBUF (Prop_obuf_I_O)         1.318     2.877 r  Seg7_fpga_OBUF[3]_inst/O
                         net (fo=0)                   0.000     2.877    Seg7_fpga[3]
    K13                                                               r  Seg7_fpga[3] (OUT)
  -------------------------------------------------------------------    -------------------





--------------------------------------------------------------------------------------
Path Group:  (none)
From Clock:  clkfbout_clk_wiz_0
  To Clock:  

Max Delay             1 Endpoint
Min Delay             1 Endpoint
--------------------------------------------------------------------------------------


Max Delay Paths
--------------------------------------------------------------------------------------
Slack:                    inf
  Source:                 clk_wiz_inst/inst/mmcm_adv_inst/CLKFBOUT
                            (clock source 'clkfbout_clk_wiz_0'  {rise@0.000ns fall@10.000ns period=20.000ns})
  Destination:            clk_wiz_inst/inst/mmcm_adv_inst/CLKFBIN
  Path Group:             (none)
  Path Type:              Max at Fast Process Corner
  Data Path Delay:        1.396ns  (logic 0.029ns (2.077%)  route 1.367ns (97.923%))
  Logic Levels:           1  (BUFG=1)
  Clock Uncertainty:      0.214ns  ((TSJ^2 + DJ^2)^1/2) / 2 + PE
    Total System Jitter     (TSJ):    0.050ns
    Discrete Jitter          (DJ):    0.108ns
    Phase Error              (PE):    0.154ns

    Location             Delay type                Incr(ns)  Path(ns)    Netlist Resource(s)
  -------------------------------------------------------------------    -------------------
                         (clock clkfbout_clk_wiz_0 fall edge)
                                                     10.000    10.000 f  
    E3                                                0.000    10.000 f  clk_100MHz (IN)
                         net (fo=0)                   0.000    10.000    clk_wiz_inst/inst/clk_in1
    E3                   IBUF (Prop_ibuf_I_O)         0.438    10.438 f  clk_wiz_inst/inst/clkin1_ibufg/O
                         net (fo=1, routed)           0.480    10.918    clk_wiz_inst/inst/clk_in1_clk_wiz_0
  -------------------------------------------------------------------    -------------------
    MMCME2_ADV_X1Y2      MMCME2_ADV (Prop_mmcme2_adv_CLKIN1_CLKFBOUT)
                                                     -3.163     7.755 f  clk_wiz_inst/inst/mmcm_adv_inst/CLKFBOUT
                         net (fo=1, routed)           0.544     8.298    clk_wiz_inst/inst/clkfbout_clk_wiz_0
    BUFGCTRL_X0Y17       BUFG (Prop_bufg_I_O)         0.029     8.327 f  clk_wiz_inst/inst/clkf_buf/O
                         net (fo=1, routed)           0.824     9.151    clk_wiz_inst/inst/clkfbout_buf_clk_wiz_0
    MMCME2_ADV_X1Y2      MMCME2_ADV                                   f  clk_wiz_inst/inst/mmcm_adv_inst/CLKFBIN
  -------------------------------------------------------------------    -------------------





Min Delay Paths
--------------------------------------------------------------------------------------
Slack:                    inf
  Source:                 clk_wiz_inst/inst/mmcm_adv_inst/CLKFBOUT
                            (clock source 'clkfbout_clk_wiz_0'  {rise@0.000ns fall@10.000ns period=20.000ns})
  Destination:            clk_wiz_inst/inst/mmcm_adv_inst/CLKFBIN
  Path Group:             (none)
  Path Type:              Min at Slow Process Corner
  Data Path Delay:        3.236ns  (logic 0.091ns (2.812%)  route 3.145ns (97.188%))
  Logic Levels:           1  (BUFG=1)
  Clock Uncertainty:      0.214ns  ((TSJ^2 + DJ^2)^1/2) / 2 + PE
    Total System Jitter     (TSJ):    0.050ns
    Discrete Jitter          (DJ):    0.108ns
    Phase Error              (PE):    0.154ns

    Location             Delay type                Incr(ns)  Path(ns)    Netlist Resource(s)
  -------------------------------------------------------------------    -------------------
                         (clock clkfbout_clk_wiz_0 rise edge)
                                                      0.000     0.000 r  
    E3                                                0.000     0.000 r  clk_100MHz (IN)
                         net (fo=0)                   0.000     0.000    clk_wiz_inst/inst/clk_in1
    E3                   IBUF (Prop_ibuf_I_O)         1.411     1.411 r  clk_wiz_inst/inst/clkin1_ibufg/O
                         net (fo=1, routed)           1.162     2.573    clk_wiz_inst/inst/clk_in1_clk_wiz_0
  -------------------------------------------------------------------    -------------------
    MMCME2_ADV_X1Y2      MMCME2_ADV (Prop_mmcme2_adv_CLKIN1_CLKFBOUT)
                                                     -7.324    -4.751 r  clk_wiz_inst/inst/mmcm_adv_inst/CLKFBOUT
                         net (fo=1, routed)           1.639    -3.112    clk_wiz_inst/inst/clkfbout_clk_wiz_0
    BUFGCTRL_X0Y17       BUFG (Prop_bufg_I_O)         0.091    -3.021 r  clk_wiz_inst/inst/clkf_buf/O
                         net (fo=1, routed)           1.506    -1.515    clk_wiz_inst/inst/clkfbout_buf_clk_wiz_0
    MMCME2_ADV_X1Y2      MMCME2_ADV                                   r  clk_wiz_inst/inst/mmcm_adv_inst/CLKFBIN
  -------------------------------------------------------------------    -------------------





--------------------------------------------------------------------------------------
Path Group:  (none)
From Clock:  
  To Clock:  clk_out1_clk_wiz_0

Max Delay           769 Endpoints
Min Delay           769 Endpoints
--------------------------------------------------------------------------------------


Max Delay Paths
--------------------------------------------------------------------------------------
Slack:                    inf
  Source:                 reset
                            (input port)
  Destination:            cpci/countty_inst/count_reg[0]/CE
                            (rising edge-triggered cell FDRE clocked by clk_out1_clk_wiz_0  {rise@0.000ns fall@6.623ns period=13.245ns})
  Path Group:             (none)
  Path Type:              Setup (Max at Slow Process Corner)
  Data Path Delay:        9.777ns  (logic 1.962ns (20.063%)  route 7.815ns (79.937%))
  Logic Levels:           3  (IBUF=1 LUT4=2)
  Clock Path Skew:        -1.415ns (DCD - SCD + CPR)
    Destination Clock Delay (DCD):    -1.415ns
    Source Clock Delay      (SCD):    0.000ns
    Clock Pessimism Removal (CPR):    0.000ns
  Clock Uncertainty:      0.244ns  ((TSJ^2 + DJ^2)^1/2) / 2 + PE
    Total System Jitter     (TSJ):    0.050ns
    Discrete Jitter          (DJ):    0.172ns
    Phase Error              (PE):    0.154ns

    Location             Delay type                Incr(ns)  Path(ns)    Netlist Resource(s)
  -------------------------------------------------------------------    -------------------
    J15                                               0.000     0.000 f  reset (IN)
                         net (fo=0)                   0.000     0.000    reset
    J15                  IBUF (Prop_ibuf_I_O)         1.478     1.478 f  reset_IBUF_inst/O
                         net (fo=358, routed)         5.331     6.809    cpci/detecty/reset_IBUF
    SLICE_X8Y50          LUT4 (Prop_lut4_I3_O)        0.153     6.962 r  cpci/detecty/Reg_File_Block_reg_0_63_0_2_i_1/O
                         net (fo=77, routed)          1.358     8.320    cpci/detecty/programmy_on
    SLICE_X4Y60          LUT4 (Prop_lut4_I0_O)        0.331     8.651 r  cpci/detecty/count[0]_i_1__0/O
                         net (fo=32, routed)          1.126     9.777    cpci/countty_inst/count_reg[0]_0
    SLICE_X3Y53          FDRE                                         r  cpci/countty_inst/count_reg[0]/CE
  -------------------------------------------------------------------    -------------------

                         (clock clk_out1_clk_wiz_0 rise edge)
                                                      0.000     0.000 r  
    E3                                                0.000     0.000 r  clk_100MHz (IN)
                         net (fo=0)                   0.000     0.000    clk_wiz_inst/inst/clk_in1
    E3                   IBUF (Prop_ibuf_I_O)         1.411     1.411 r  clk_wiz_inst/inst/clkin1_ibufg/O
                         net (fo=1, routed)           1.162     2.573    clk_wiz_inst/inst/clk_in1_clk_wiz_0
    MMCME2_ADV_X1Y2      MMCME2_ADV (Prop_mmcme2_adv_CLKIN1_CLKOUT0)
                                                     -7.324    -4.751 r  clk_wiz_inst/inst/mmcm_adv_inst/CLKOUT0
                         net (fo=1, routed)           1.639    -3.112    clk_wiz_inst/inst/clk_out1_clk_wiz_0
    BUFGCTRL_X0Y16       BUFG (Prop_bufg_I_O)         0.091    -3.021 r  clk_wiz_inst/inst/clkout1_buf/O
                         net (fo=824, routed)         1.605    -1.415    cpci/countty_inst/clk_out1
    SLICE_X3Y53          FDRE                                         r  cpci/countty_inst/count_reg[0]/C

Slack:                    inf
  Source:                 reset
                            (input port)
  Destination:            cpci/countty_inst/count_reg[1]/CE
                            (rising edge-triggered cell FDRE clocked by clk_out1_clk_wiz_0  {rise@0.000ns fall@6.623ns period=13.245ns})
  Path Group:             (none)
  Path Type:              Setup (Max at Slow Process Corner)
  Data Path Delay:        9.777ns  (logic 1.962ns (20.063%)  route 7.815ns (79.937%))
  Logic Levels:           3  (IBUF=1 LUT4=2)
  Clock Path Skew:        -1.415ns (DCD - SCD + CPR)
    Destination Clock Delay (DCD):    -1.415ns
    Source Clock Delay      (SCD):    0.000ns
    Clock Pessimism Removal (CPR):    0.000ns
  Clock Uncertainty:      0.244ns  ((TSJ^2 + DJ^2)^1/2) / 2 + PE
    Total System Jitter     (TSJ):    0.050ns
    Discrete Jitter          (DJ):    0.172ns
    Phase Error              (PE):    0.154ns

    Location             Delay type                Incr(ns)  Path(ns)    Netlist Resource(s)
  -------------------------------------------------------------------    -------------------
    J15                                               0.000     0.000 f  reset (IN)
                         net (fo=0)                   0.000     0.000    reset
    J15                  IBUF (Prop_ibuf_I_O)         1.478     1.478 f  reset_IBUF_inst/O
                         net (fo=358, routed)         5.331     6.809    cpci/detecty/reset_IBUF
    SLICE_X8Y50          LUT4 (Prop_lut4_I3_O)        0.153     6.962 r  cpci/detecty/Reg_File_Block_reg_0_63_0_2_i_1/O
                         net (fo=77, routed)          1.358     8.320    cpci/detecty/programmy_on
    SLICE_X4Y60          LUT4 (Prop_lut4_I0_O)        0.331     8.651 r  cpci/detecty/count[0]_i_1__0/O
                         net (fo=32, routed)          1.126     9.777    cpci/countty_inst/count_reg[0]_0
    SLICE_X3Y53          FDRE                                         r  cpci/countty_inst/count_reg[1]/CE
  -------------------------------------------------------------------    -------------------

                         (clock clk_out1_clk_wiz_0 rise edge)
                                                      0.000     0.000 r  
    E3                                                0.000     0.000 r  clk_100MHz (IN)
                         net (fo=0)                   0.000     0.000    clk_wiz_inst/inst/clk_in1
    E3                   IBUF (Prop_ibuf_I_O)         1.411     1.411 r  clk_wiz_inst/inst/clkin1_ibufg/O
                         net (fo=1, routed)           1.162     2.573    clk_wiz_inst/inst/clk_in1_clk_wiz_0
    MMCME2_ADV_X1Y2      MMCME2_ADV (Prop_mmcme2_adv_CLKIN1_CLKOUT0)
                                                     -7.324    -4.751 r  clk_wiz_inst/inst/mmcm_adv_inst/CLKOUT0
                         net (fo=1, routed)           1.639    -3.112    clk_wiz_inst/inst/clk_out1_clk_wiz_0
    BUFGCTRL_X0Y16       BUFG (Prop_bufg_I_O)         0.091    -3.021 r  clk_wiz_inst/inst/clkout1_buf/O
                         net (fo=824, routed)         1.605    -1.415    cpci/countty_inst/clk_out1
    SLICE_X3Y53          FDRE                                         r  cpci/countty_inst/count_reg[1]/C

Slack:                    inf
  Source:                 reset
                            (input port)
  Destination:            cpci/countty_inst/count_reg[2]/CE
                            (rising edge-triggered cell FDRE clocked by clk_out1_clk_wiz_0  {rise@0.000ns fall@6.623ns period=13.245ns})
  Path Group:             (none)
  Path Type:              Setup (Max at Slow Process Corner)
  Data Path Delay:        9.777ns  (logic 1.962ns (20.063%)  route 7.815ns (79.937%))
  Logic Levels:           3  (IBUF=1 LUT4=2)
  Clock Path Skew:        -1.415ns (DCD - SCD + CPR)
    Destination Clock Delay (DCD):    -1.415ns
    Source Clock Delay      (SCD):    0.000ns
    Clock Pessimism Removal (CPR):    0.000ns
  Clock Uncertainty:      0.244ns  ((TSJ^2 + DJ^2)^1/2) / 2 + PE
    Total System Jitter     (TSJ):    0.050ns
    Discrete Jitter          (DJ):    0.172ns
    Phase Error              (PE):    0.154ns

    Location             Delay type                Incr(ns)  Path(ns)    Netlist Resource(s)
  -------------------------------------------------------------------    -------------------
    J15                                               0.000     0.000 f  reset (IN)
                         net (fo=0)                   0.000     0.000    reset
    J15                  IBUF (Prop_ibuf_I_O)         1.478     1.478 f  reset_IBUF_inst/O
                         net (fo=358, routed)         5.331     6.809    cpci/detecty/reset_IBUF
    SLICE_X8Y50          LUT4 (Prop_lut4_I3_O)        0.153     6.962 r  cpci/detecty/Reg_File_Block_reg_0_63_0_2_i_1/O
                         net (fo=77, routed)          1.358     8.320    cpci/detecty/programmy_on
    SLICE_X4Y60          LUT4 (Prop_lut4_I0_O)        0.331     8.651 r  cpci/detecty/count[0]_i_1__0/O
                         net (fo=32, routed)          1.126     9.777    cpci/countty_inst/count_reg[0]_0
    SLICE_X3Y53          FDRE                                         r  cpci/countty_inst/count_reg[2]/CE
  -------------------------------------------------------------------    -------------------

                         (clock clk_out1_clk_wiz_0 rise edge)
                                                      0.000     0.000 r  
    E3                                                0.000     0.000 r  clk_100MHz (IN)
                         net (fo=0)                   0.000     0.000    clk_wiz_inst/inst/clk_in1
    E3                   IBUF (Prop_ibuf_I_O)         1.411     1.411 r  clk_wiz_inst/inst/clkin1_ibufg/O
                         net (fo=1, routed)           1.162     2.573    clk_wiz_inst/inst/clk_in1_clk_wiz_0
    MMCME2_ADV_X1Y2      MMCME2_ADV (Prop_mmcme2_adv_CLKIN1_CLKOUT0)
                                                     -7.324    -4.751 r  clk_wiz_inst/inst/mmcm_adv_inst/CLKOUT0
                         net (fo=1, routed)           1.639    -3.112    clk_wiz_inst/inst/clk_out1_clk_wiz_0
    BUFGCTRL_X0Y16       BUFG (Prop_bufg_I_O)         0.091    -3.021 r  clk_wiz_inst/inst/clkout1_buf/O
                         net (fo=824, routed)         1.605    -1.415    cpci/countty_inst/clk_out1
    SLICE_X3Y53          FDRE                                         r  cpci/countty_inst/count_reg[2]/C

Slack:                    inf
  Source:                 reset
                            (input port)
  Destination:            cpci/countty_inst/count_reg[3]/CE
                            (rising edge-triggered cell FDRE clocked by clk_out1_clk_wiz_0  {rise@0.000ns fall@6.623ns period=13.245ns})
  Path Group:             (none)
  Path Type:              Setup (Max at Slow Process Corner)
  Data Path Delay:        9.777ns  (logic 1.962ns (20.063%)  route 7.815ns (79.937%))
  Logic Levels:           3  (IBUF=1 LUT4=2)
  Clock Path Skew:        -1.415ns (DCD - SCD + CPR)
    Destination Clock Delay (DCD):    -1.415ns
    Source Clock Delay      (SCD):    0.000ns
    Clock Pessimism Removal (CPR):    0.000ns
  Clock Uncertainty:      0.244ns  ((TSJ^2 + DJ^2)^1/2) / 2 + PE
    Total System Jitter     (TSJ):    0.050ns
    Discrete Jitter          (DJ):    0.172ns
    Phase Error              (PE):    0.154ns

    Location             Delay type                Incr(ns)  Path(ns)    Netlist Resource(s)
  -------------------------------------------------------------------    -------------------
    J15                                               0.000     0.000 f  reset (IN)
                         net (fo=0)                   0.000     0.000    reset
    J15                  IBUF (Prop_ibuf_I_O)         1.478     1.478 f  reset_IBUF_inst/O
                         net (fo=358, routed)         5.331     6.809    cpci/detecty/reset_IBUF
    SLICE_X8Y50          LUT4 (Prop_lut4_I3_O)        0.153     6.962 r  cpci/detecty/Reg_File_Block_reg_0_63_0_2_i_1/O
                         net (fo=77, routed)          1.358     8.320    cpci/detecty/programmy_on
    SLICE_X4Y60          LUT4 (Prop_lut4_I0_O)        0.331     8.651 r  cpci/detecty/count[0]_i_1__0/O
                         net (fo=32, routed)          1.126     9.777    cpci/countty_inst/count_reg[0]_0
    SLICE_X3Y53          FDRE                                         r  cpci/countty_inst/count_reg[3]/CE
  -------------------------------------------------------------------    -------------------

                         (clock clk_out1_clk_wiz_0 rise edge)
                                                      0.000     0.000 r  
    E3                                                0.000     0.000 r  clk_100MHz (IN)
                         net (fo=0)                   0.000     0.000    clk_wiz_inst/inst/clk_in1
    E3                   IBUF (Prop_ibuf_I_O)         1.411     1.411 r  clk_wiz_inst/inst/clkin1_ibufg/O
                         net (fo=1, routed)           1.162     2.573    clk_wiz_inst/inst/clk_in1_clk_wiz_0
    MMCME2_ADV_X1Y2      MMCME2_ADV (Prop_mmcme2_adv_CLKIN1_CLKOUT0)
                                                     -7.324    -4.751 r  clk_wiz_inst/inst/mmcm_adv_inst/CLKOUT0
                         net (fo=1, routed)           1.639    -3.112    clk_wiz_inst/inst/clk_out1_clk_wiz_0
    BUFGCTRL_X0Y16       BUFG (Prop_bufg_I_O)         0.091    -3.021 r  clk_wiz_inst/inst/clkout1_buf/O
                         net (fo=824, routed)         1.605    -1.415    cpci/countty_inst/clk_out1
    SLICE_X3Y53          FDRE                                         r  cpci/countty_inst/count_reg[3]/C

Slack:                    inf
  Source:                 reset
                            (input port)
  Destination:            cpci/countty_inst/count_reg[4]/CE
                            (rising edge-triggered cell FDRE clocked by clk_out1_clk_wiz_0  {rise@0.000ns fall@6.623ns period=13.245ns})
  Path Group:             (none)
  Path Type:              Setup (Max at Slow Process Corner)
  Data Path Delay:        9.637ns  (logic 1.962ns (20.355%)  route 7.675ns (79.645%))
  Logic Levels:           3  (IBUF=1 LUT4=2)
  Clock Path Skew:        -1.415ns (DCD - SCD + CPR)
    Destination Clock Delay (DCD):    -1.415ns
    Source Clock Delay      (SCD):    0.000ns
    Clock Pessimism Removal (CPR):    0.000ns
  Clock Uncertainty:      0.244ns  ((TSJ^2 + DJ^2)^1/2) / 2 + PE
    Total System Jitter     (TSJ):    0.050ns
    Discrete Jitter          (DJ):    0.172ns
    Phase Error              (PE):    0.154ns

    Location             Delay type                Incr(ns)  Path(ns)    Netlist Resource(s)
  -------------------------------------------------------------------    -------------------
    J15                                               0.000     0.000 f  reset (IN)
                         net (fo=0)                   0.000     0.000    reset
    J15                  IBUF (Prop_ibuf_I_O)         1.478     1.478 f  reset_IBUF_inst/O
                         net (fo=358, routed)         5.331     6.809    cpci/detecty/reset_IBUF
    SLICE_X8Y50          LUT4 (Prop_lut4_I3_O)        0.153     6.962 r  cpci/detecty/Reg_File_Block_reg_0_63_0_2_i_1/O
                         net (fo=77, routed)          1.358     8.320    cpci/detecty/programmy_on
    SLICE_X4Y60          LUT4 (Prop_lut4_I0_O)        0.331     8.651 r  cpci/detecty/count[0]_i_1__0/O
                         net (fo=32, routed)          0.986     9.637    cpci/countty_inst/count_reg[0]_0
    SLICE_X3Y54          FDRE                                         r  cpci/countty_inst/count_reg[4]/CE
  -------------------------------------------------------------------    -------------------

                         (clock clk_out1_clk_wiz_0 rise edge)
                                                      0.000     0.000 r  
    E3                                                0.000     0.000 r  clk_100MHz (IN)
                         net (fo=0)                   0.000     0.000    clk_wiz_inst/inst/clk_in1
    E3                   IBUF (Prop_ibuf_I_O)         1.411     1.411 r  clk_wiz_inst/inst/clkin1_ibufg/O
                         net (fo=1, routed)           1.162     2.573    clk_wiz_inst/inst/clk_in1_clk_wiz_0
    MMCME2_ADV_X1Y2      MMCME2_ADV (Prop_mmcme2_adv_CLKIN1_CLKOUT0)
                                                     -7.324    -4.751 r  clk_wiz_inst/inst/mmcm_adv_inst/CLKOUT0
                         net (fo=1, routed)           1.639    -3.112    clk_wiz_inst/inst/clk_out1_clk_wiz_0
    BUFGCTRL_X0Y16       BUFG (Prop_bufg_I_O)         0.091    -3.021 r  clk_wiz_inst/inst/clkout1_buf/O
                         net (fo=824, routed)         1.605    -1.415    cpci/countty_inst/clk_out1
    SLICE_X3Y54          FDRE                                         r  cpci/countty_inst/count_reg[4]/C

Slack:                    inf
  Source:                 reset
                            (input port)
  Destination:            cpci/countty_inst/count_reg[5]/CE
                            (rising edge-triggered cell FDRE clocked by clk_out1_clk_wiz_0  {rise@0.000ns fall@6.623ns period=13.245ns})
  Path Group:             (none)
  Path Type:              Setup (Max at Slow Process Corner)
  Data Path Delay:        9.637ns  (logic 1.962ns (20.355%)  route 7.675ns (79.645%))
  Logic Levels:           3  (IBUF=1 LUT4=2)
  Clock Path Skew:        -1.415ns (DCD - SCD + CPR)
    Destination Clock Delay (DCD):    -1.415ns
    Source Clock Delay      (SCD):    0.000ns
    Clock Pessimism Removal (CPR):    0.000ns
  Clock Uncertainty:      0.244ns  ((TSJ^2 + DJ^2)^1/2) / 2 + PE
    Total System Jitter     (TSJ):    0.050ns
    Discrete Jitter          (DJ):    0.172ns
    Phase Error              (PE):    0.154ns

    Location             Delay type                Incr(ns)  Path(ns)    Netlist Resource(s)
  -------------------------------------------------------------------    -------------------
    J15                                               0.000     0.000 f  reset (IN)
                         net (fo=0)                   0.000     0.000    reset
    J15                  IBUF (Prop_ibuf_I_O)         1.478     1.478 f  reset_IBUF_inst/O
                         net (fo=358, routed)         5.331     6.809    cpci/detecty/reset_IBUF
    SLICE_X8Y50          LUT4 (Prop_lut4_I3_O)        0.153     6.962 r  cpci/detecty/Reg_File_Block_reg_0_63_0_2_i_1/O
                         net (fo=77, routed)          1.358     8.320    cpci/detecty/programmy_on
    SLICE_X4Y60          LUT4 (Prop_lut4_I0_O)        0.331     8.651 r  cpci/detecty/count[0]_i_1__0/O
                         net (fo=32, routed)          0.986     9.637    cpci/countty_inst/count_reg[0]_0
    SLICE_X3Y54          FDRE                                         r  cpci/countty_inst/count_reg[5]/CE
  -------------------------------------------------------------------    -------------------

                         (clock clk_out1_clk_wiz_0 rise edge)
                                                      0.000     0.000 r  
    E3                                                0.000     0.000 r  clk_100MHz (IN)
                         net (fo=0)                   0.000     0.000    clk_wiz_inst/inst/clk_in1
    E3                   IBUF (Prop_ibuf_I_O)         1.411     1.411 r  clk_wiz_inst/inst/clkin1_ibufg/O
                         net (fo=1, routed)           1.162     2.573    clk_wiz_inst/inst/clk_in1_clk_wiz_0
    MMCME2_ADV_X1Y2      MMCME2_ADV (Prop_mmcme2_adv_CLKIN1_CLKOUT0)
                                                     -7.324    -4.751 r  clk_wiz_inst/inst/mmcm_adv_inst/CLKOUT0
                         net (fo=1, routed)           1.639    -3.112    clk_wiz_inst/inst/clk_out1_clk_wiz_0
    BUFGCTRL_X0Y16       BUFG (Prop_bufg_I_O)         0.091    -3.021 r  clk_wiz_inst/inst/clkout1_buf/O
                         net (fo=824, routed)         1.605    -1.415    cpci/countty_inst/clk_out1
    SLICE_X3Y54          FDRE                                         r  cpci/countty_inst/count_reg[5]/C

Slack:                    inf
  Source:                 reset
                            (input port)
  Destination:            cpci/countty_inst/count_reg[6]/CE
                            (rising edge-triggered cell FDRE clocked by clk_out1_clk_wiz_0  {rise@0.000ns fall@6.623ns period=13.245ns})
  Path Group:             (none)
  Path Type:              Setup (Max at Slow Process Corner)
  Data Path Delay:        9.637ns  (logic 1.962ns (20.355%)  route 7.675ns (79.645%))
  Logic Levels:           3  (IBUF=1 LUT4=2)
  Clock Path Skew:        -1.415ns (DCD - SCD + CPR)
    Destination Clock Delay (DCD):    -1.415ns
    Source Clock Delay      (SCD):    0.000ns
    Clock Pessimism Removal (CPR):    0.000ns
  Clock Uncertainty:      0.244ns  ((TSJ^2 + DJ^2)^1/2) / 2 + PE
    Total System Jitter     (TSJ):    0.050ns
    Discrete Jitter          (DJ):    0.172ns
    Phase Error              (PE):    0.154ns

    Location             Delay type                Incr(ns)  Path(ns)    Netlist Resource(s)
  -------------------------------------------------------------------    -------------------
    J15                                               0.000     0.000 f  reset (IN)
                         net (fo=0)                   0.000     0.000    reset
    J15                  IBUF (Prop_ibuf_I_O)         1.478     1.478 f  reset_IBUF_inst/O
                         net (fo=358, routed)         5.331     6.809    cpci/detecty/reset_IBUF
    SLICE_X8Y50          LUT4 (Prop_lut4_I3_O)        0.153     6.962 r  cpci/detecty/Reg_File_Block_reg_0_63_0_2_i_1/O
                         net (fo=77, routed)          1.358     8.320    cpci/detecty/programmy_on
    SLICE_X4Y60          LUT4 (Prop_lut4_I0_O)        0.331     8.651 r  cpci/detecty/count[0]_i_1__0/O
                         net (fo=32, routed)          0.986     9.637    cpci/countty_inst/count_reg[0]_0
    SLICE_X3Y54          FDRE                                         r  cpci/countty_inst/count_reg[6]/CE
  -------------------------------------------------------------------    -------------------

                         (clock clk_out1_clk_wiz_0 rise edge)
                                                      0.000     0.000 r  
    E3                                                0.000     0.000 r  clk_100MHz (IN)
                         net (fo=0)                   0.000     0.000    clk_wiz_inst/inst/clk_in1
    E3                   IBUF (Prop_ibuf_I_O)         1.411     1.411 r  clk_wiz_inst/inst/clkin1_ibufg/O
                         net (fo=1, routed)           1.162     2.573    clk_wiz_inst/inst/clk_in1_clk_wiz_0
    MMCME2_ADV_X1Y2      MMCME2_ADV (Prop_mmcme2_adv_CLKIN1_CLKOUT0)
                                                     -7.324    -4.751 r  clk_wiz_inst/inst/mmcm_adv_inst/CLKOUT0
                         net (fo=1, routed)           1.639    -3.112    clk_wiz_inst/inst/clk_out1_clk_wiz_0
    BUFGCTRL_X0Y16       BUFG (Prop_bufg_I_O)         0.091    -3.021 r  clk_wiz_inst/inst/clkout1_buf/O
                         net (fo=824, routed)         1.605    -1.415    cpci/countty_inst/clk_out1
    SLICE_X3Y54          FDRE                                         r  cpci/countty_inst/count_reg[6]/C

Slack:                    inf
  Source:                 reset
                            (input port)
  Destination:            cpci/countty_inst/count_reg[7]/CE
                            (rising edge-triggered cell FDRE clocked by clk_out1_clk_wiz_0  {rise@0.000ns fall@6.623ns period=13.245ns})
  Path Group:             (none)
  Path Type:              Setup (Max at Slow Process Corner)
  Data Path Delay:        9.637ns  (logic 1.962ns (20.355%)  route 7.675ns (79.645%))
  Logic Levels:           3  (IBUF=1 LUT4=2)
  Clock Path Skew:        -1.415ns (DCD - SCD + CPR)
    Destination Clock Delay (DCD):    -1.415ns
    Source Clock Delay      (SCD):    0.000ns
    Clock Pessimism Removal (CPR):    0.000ns
  Clock Uncertainty:      0.244ns  ((TSJ^2 + DJ^2)^1/2) / 2 + PE
    Total System Jitter     (TSJ):    0.050ns
    Discrete Jitter          (DJ):    0.172ns
    Phase Error              (PE):    0.154ns

    Location             Delay type                Incr(ns)  Path(ns)    Netlist Resource(s)
  -------------------------------------------------------------------    -------------------
    J15                                               0.000     0.000 f  reset (IN)
                         net (fo=0)                   0.000     0.000    reset
    J15                  IBUF (Prop_ibuf_I_O)         1.478     1.478 f  reset_IBUF_inst/O
                         net (fo=358, routed)         5.331     6.809    cpci/detecty/reset_IBUF
    SLICE_X8Y50          LUT4 (Prop_lut4_I3_O)        0.153     6.962 r  cpci/detecty/Reg_File_Block_reg_0_63_0_2_i_1/O
                         net (fo=77, routed)          1.358     8.320    cpci/detecty/programmy_on
    SLICE_X4Y60          LUT4 (Prop_lut4_I0_O)        0.331     8.651 r  cpci/detecty/count[0]_i_1__0/O
                         net (fo=32, routed)          0.986     9.637    cpci/countty_inst/count_reg[0]_0
    SLICE_X3Y54          FDRE                                         r  cpci/countty_inst/count_reg[7]/CE
  -------------------------------------------------------------------    -------------------

                         (clock clk_out1_clk_wiz_0 rise edge)
                                                      0.000     0.000 r  
    E3                                                0.000     0.000 r  clk_100MHz (IN)
                         net (fo=0)                   0.000     0.000    clk_wiz_inst/inst/clk_in1
    E3                   IBUF (Prop_ibuf_I_O)         1.411     1.411 r  clk_wiz_inst/inst/clkin1_ibufg/O
                         net (fo=1, routed)           1.162     2.573    clk_wiz_inst/inst/clk_in1_clk_wiz_0
    MMCME2_ADV_X1Y2      MMCME2_ADV (Prop_mmcme2_adv_CLKIN1_CLKOUT0)
                                                     -7.324    -4.751 r  clk_wiz_inst/inst/mmcm_adv_inst/CLKOUT0
                         net (fo=1, routed)           1.639    -3.112    clk_wiz_inst/inst/clk_out1_clk_wiz_0
    BUFGCTRL_X0Y16       BUFG (Prop_bufg_I_O)         0.091    -3.021 r  clk_wiz_inst/inst/clkout1_buf/O
                         net (fo=824, routed)         1.605    -1.415    cpci/countty_inst/clk_out1
    SLICE_X3Y54          FDRE                                         r  cpci/countty_inst/count_reg[7]/C

Slack:                    inf
  Source:                 reset
                            (input port)
  Destination:            cpci/countty_inst/count_reg[10]/CE
                            (rising edge-triggered cell FDRE clocked by clk_out1_clk_wiz_0  {rise@0.000ns fall@6.623ns period=13.245ns})
  Path Group:             (none)
  Path Type:              Setup (Max at Slow Process Corner)
  Data Path Delay:        9.624ns  (logic 1.962ns (20.383%)  route 7.662ns (79.617%))
  Logic Levels:           3  (IBUF=1 LUT4=2)
  Clock Path Skew:        -1.415ns (DCD - SCD + CPR)
    Destination Clock Delay (DCD):    -1.415ns
    Source Clock Delay      (SCD):    0.000ns
    Clock Pessimism Removal (CPR):    0.000ns
  Clock Uncertainty:      0.244ns  ((TSJ^2 + DJ^2)^1/2) / 2 + PE
    Total System Jitter     (TSJ):    0.050ns
    Discrete Jitter          (DJ):    0.172ns
    Phase Error              (PE):    0.154ns

    Location             Delay type                Incr(ns)  Path(ns)    Netlist Resource(s)
  -------------------------------------------------------------------    -------------------
    J15                                               0.000     0.000 f  reset (IN)
                         net (fo=0)                   0.000     0.000    reset
    J15                  IBUF (Prop_ibuf_I_O)         1.478     1.478 f  reset_IBUF_inst/O
                         net (fo=358, routed)         5.331     6.809    cpci/detecty/reset_IBUF
    SLICE_X8Y50          LUT4 (Prop_lut4_I3_O)        0.153     6.962 r  cpci/detecty/Reg_File_Block_reg_0_63_0_2_i_1/O
                         net (fo=77, routed)          1.358     8.320    cpci/detecty/programmy_on
    SLICE_X4Y60          LUT4 (Prop_lut4_I0_O)        0.331     8.651 r  cpci/detecty/count[0]_i_1__0/O
                         net (fo=32, routed)          0.973     9.624    cpci/countty_inst/count_reg[0]_0
    SLICE_X3Y55          FDRE                                         r  cpci/countty_inst/count_reg[10]/CE
  -------------------------------------------------------------------    -------------------

                         (clock clk_out1_clk_wiz_0 rise edge)
                                                      0.000     0.000 r  
    E3                                                0.000     0.000 r  clk_100MHz (IN)
                         net (fo=0)                   0.000     0.000    clk_wiz_inst/inst/clk_in1
    E3                   IBUF (Prop_ibuf_I_O)         1.411     1.411 r  clk_wiz_inst/inst/clkin1_ibufg/O
                         net (fo=1, routed)           1.162     2.573    clk_wiz_inst/inst/clk_in1_clk_wiz_0
    MMCME2_ADV_X1Y2      MMCME2_ADV (Prop_mmcme2_adv_CLKIN1_CLKOUT0)
                                                     -7.324    -4.751 r  clk_wiz_inst/inst/mmcm_adv_inst/CLKOUT0
                         net (fo=1, routed)           1.639    -3.112    clk_wiz_inst/inst/clk_out1_clk_wiz_0
    BUFGCTRL_X0Y16       BUFG (Prop_bufg_I_O)         0.091    -3.021 r  clk_wiz_inst/inst/clkout1_buf/O
                         net (fo=824, routed)         1.605    -1.415    cpci/countty_inst/clk_out1
    SLICE_X3Y55          FDRE                                         r  cpci/countty_inst/count_reg[10]/C

Slack:                    inf
  Source:                 reset
                            (input port)
  Destination:            cpci/countty_inst/count_reg[11]/CE
                            (rising edge-triggered cell FDRE clocked by clk_out1_clk_wiz_0  {rise@0.000ns fall@6.623ns period=13.245ns})
  Path Group:             (none)
  Path Type:              Setup (Max at Slow Process Corner)
  Data Path Delay:        9.624ns  (logic 1.962ns (20.383%)  route 7.662ns (79.617%))
  Logic Levels:           3  (IBUF=1 LUT4=2)
  Clock Path Skew:        -1.415ns (DCD - SCD + CPR)
    Destination Clock Delay (DCD):    -1.415ns
    Source Clock Delay      (SCD):    0.000ns
    Clock Pessimism Removal (CPR):    0.000ns
  Clock Uncertainty:      0.244ns  ((TSJ^2 + DJ^2)^1/2) / 2 + PE
    Total System Jitter     (TSJ):    0.050ns
    Discrete Jitter          (DJ):    0.172ns
    Phase Error              (PE):    0.154ns

    Location             Delay type                Incr(ns)  Path(ns)    Netlist Resource(s)
  -------------------------------------------------------------------    -------------------
    J15                                               0.000     0.000 f  reset (IN)
                         net (fo=0)                   0.000     0.000    reset
    J15                  IBUF (Prop_ibuf_I_O)         1.478     1.478 f  reset_IBUF_inst/O
                         net (fo=358, routed)         5.331     6.809    cpci/detecty/reset_IBUF
    SLICE_X8Y50          LUT4 (Prop_lut4_I3_O)        0.153     6.962 r  cpci/detecty/Reg_File_Block_reg_0_63_0_2_i_1/O
                         net (fo=77, routed)          1.358     8.320    cpci/detecty/programmy_on
    SLICE_X4Y60          LUT4 (Prop_lut4_I0_O)        0.331     8.651 r  cpci/detecty/count[0]_i_1__0/O
                         net (fo=32, routed)          0.973     9.624    cpci/countty_inst/count_reg[0]_0
    SLICE_X3Y55          FDRE                                         r  cpci/countty_inst/count_reg[11]/CE
  -------------------------------------------------------------------    -------------------

                         (clock clk_out1_clk_wiz_0 rise edge)
                                                      0.000     0.000 r  
    E3                                                0.000     0.000 r  clk_100MHz (IN)
                         net (fo=0)                   0.000     0.000    clk_wiz_inst/inst/clk_in1
    E3                   IBUF (Prop_ibuf_I_O)         1.411     1.411 r  clk_wiz_inst/inst/clkin1_ibufg/O
                         net (fo=1, routed)           1.162     2.573    clk_wiz_inst/inst/clk_in1_clk_wiz_0
    MMCME2_ADV_X1Y2      MMCME2_ADV (Prop_mmcme2_adv_CLKIN1_CLKOUT0)
                                                     -7.324    -4.751 r  clk_wiz_inst/inst/mmcm_adv_inst/CLKOUT0
                         net (fo=1, routed)           1.639    -3.112    clk_wiz_inst/inst/clk_out1_clk_wiz_0
    BUFGCTRL_X0Y16       BUFG (Prop_bufg_I_O)         0.091    -3.021 r  clk_wiz_inst/inst/clkout1_buf/O
                         net (fo=824, routed)         1.605    -1.415    cpci/countty_inst/clk_out1
    SLICE_X3Y55          FDRE                                         r  cpci/countty_inst/count_reg[11]/C





Min Delay Paths
--------------------------------------------------------------------------------------
Slack:                    inf
  Source:                 reset
                            (input port)
  Destination:            cpci/countty_inst/prev_PC_reg[24]/S
                            (rising edge-triggered cell FDSE clocked by clk_out1_clk_wiz_0  {rise@0.000ns fall@6.623ns period=13.245ns})
  Path Group:             (none)
  Path Type:              Hold (Min at Fast Process Corner)
  Data Path Delay:        0.953ns  (logic 0.245ns (25.764%)  route 0.707ns (74.236%))
  Logic Levels:           1  (IBUF=1)
  Clock Path Skew:        -0.805ns (DCD - SCD - CPR)
    Destination Clock Delay (DCD):    -0.805ns
    Source Clock Delay      (SCD):    0.000ns
    Clock Pessimism Removal (CPR):    -0.000ns

    Location             Delay type                Incr(ns)  Path(ns)    Netlist Resource(s)
  -------------------------------------------------------------------    -------------------
    J15                                               0.000     0.000 r  reset (IN)
                         net (fo=0)                   0.000     0.000    reset
    J15                  IBUF (Prop_ibuf_I_O)         0.245     0.245 r  reset_IBUF_inst/O
                         net (fo=358, routed)         0.707     0.953    cpci/countty_inst/reset_IBUF
    SLICE_X1Y81          FDSE                                         r  cpci/countty_inst/prev_PC_reg[24]/S
  -------------------------------------------------------------------    -------------------

                         (clock clk_out1_clk_wiz_0 rise edge)
                                                      0.000     0.000 r  
    E3                                                0.000     0.000 r  clk_100MHz (IN)
                         net (fo=0)                   0.000     0.000    clk_wiz_inst/inst/clk_in1
    E3                   IBUF (Prop_ibuf_I_O)         0.438     0.438 r  clk_wiz_inst/inst/clkin1_ibufg/O
                         net (fo=1, routed)           0.480     0.918    clk_wiz_inst/inst/clk_in1_clk_wiz_0
    MMCME2_ADV_X1Y2      MMCME2_ADV (Prop_mmcme2_adv_CLKIN1_CLKOUT0)
                                                     -3.163    -2.245 r  clk_wiz_inst/inst/mmcm_adv_inst/CLKOUT0
                         net (fo=1, routed)           0.544    -1.702    clk_wiz_inst/inst/clk_out1_clk_wiz_0
    BUFGCTRL_X0Y16       BUFG (Prop_bufg_I_O)         0.029    -1.673 r  clk_wiz_inst/inst/clkout1_buf/O
                         net (fo=824, routed)         0.868    -0.805    cpci/countty_inst/clk_out1
    SLICE_X1Y81          FDSE                                         r  cpci/countty_inst/prev_PC_reg[24]/C

Slack:                    inf
  Source:                 reset
                            (input port)
  Destination:            cpci/countty_inst/prev_PC_reg[25]/S
                            (rising edge-triggered cell FDSE clocked by clk_out1_clk_wiz_0  {rise@0.000ns fall@6.623ns period=13.245ns})
  Path Group:             (none)
  Path Type:              Hold (Min at Fast Process Corner)
  Data Path Delay:        0.953ns  (logic 0.245ns (25.764%)  route 0.707ns (74.236%))
  Logic Levels:           1  (IBUF=1)
  Clock Path Skew:        -0.805ns (DCD - SCD - CPR)
    Destination Clock Delay (DCD):    -0.805ns
    Source Clock Delay      (SCD):    0.000ns
    Clock Pessimism Removal (CPR):    -0.000ns

    Location             Delay type                Incr(ns)  Path(ns)    Netlist Resource(s)
  -------------------------------------------------------------------    -------------------
    J15                                               0.000     0.000 r  reset (IN)
                         net (fo=0)                   0.000     0.000    reset
    J15                  IBUF (Prop_ibuf_I_O)         0.245     0.245 r  reset_IBUF_inst/O
                         net (fo=358, routed)         0.707     0.953    cpci/countty_inst/reset_IBUF
    SLICE_X1Y81          FDSE                                         r  cpci/countty_inst/prev_PC_reg[25]/S
  -------------------------------------------------------------------    -------------------

                         (clock clk_out1_clk_wiz_0 rise edge)
                                                      0.000     0.000 r  
    E3                                                0.000     0.000 r  clk_100MHz (IN)
                         net (fo=0)                   0.000     0.000    clk_wiz_inst/inst/clk_in1
    E3                   IBUF (Prop_ibuf_I_O)         0.438     0.438 r  clk_wiz_inst/inst/clkin1_ibufg/O
                         net (fo=1, routed)           0.480     0.918    clk_wiz_inst/inst/clk_in1_clk_wiz_0
    MMCME2_ADV_X1Y2      MMCME2_ADV (Prop_mmcme2_adv_CLKIN1_CLKOUT0)
                                                     -3.163    -2.245 r  clk_wiz_inst/inst/mmcm_adv_inst/CLKOUT0
                         net (fo=1, routed)           0.544    -1.702    clk_wiz_inst/inst/clk_out1_clk_wiz_0
    BUFGCTRL_X0Y16       BUFG (Prop_bufg_I_O)         0.029    -1.673 r  clk_wiz_inst/inst/clkout1_buf/O
                         net (fo=824, routed)         0.868    -0.805    cpci/countty_inst/clk_out1
    SLICE_X1Y81          FDSE                                         r  cpci/countty_inst/prev_PC_reg[25]/C

Slack:                    inf
  Source:                 reset
                            (input port)
  Destination:            cpci/countty_inst/prev_PC_reg[26]/S
                            (rising edge-triggered cell FDSE clocked by clk_out1_clk_wiz_0  {rise@0.000ns fall@6.623ns period=13.245ns})
  Path Group:             (none)
  Path Type:              Hold (Min at Fast Process Corner)
  Data Path Delay:        0.957ns  (logic 0.245ns (25.647%)  route 0.712ns (74.353%))
  Logic Levels:           1  (IBUF=1)
  Clock Path Skew:        -0.805ns (DCD - SCD - CPR)
    Destination Clock Delay (DCD):    -0.805ns
    Source Clock Delay      (SCD):    0.000ns
    Clock Pessimism Removal (CPR):    -0.000ns

    Location             Delay type                Incr(ns)  Path(ns)    Netlist Resource(s)
  -------------------------------------------------------------------    -------------------
    J15                                               0.000     0.000 r  reset (IN)
                         net (fo=0)                   0.000     0.000    reset
    J15                  IBUF (Prop_ibuf_I_O)         0.245     0.245 r  reset_IBUF_inst/O
                         net (fo=358, routed)         0.712     0.957    cpci/countty_inst/reset_IBUF
    SLICE_X0Y81          FDSE                                         r  cpci/countty_inst/prev_PC_reg[26]/S
  -------------------------------------------------------------------    -------------------

                         (clock clk_out1_clk_wiz_0 rise edge)
                                                      0.000     0.000 r  
    E3                                                0.000     0.000 r  clk_100MHz (IN)
                         net (fo=0)                   0.000     0.000    clk_wiz_inst/inst/clk_in1
    E3                   IBUF (Prop_ibuf_I_O)         0.438     0.438 r  clk_wiz_inst/inst/clkin1_ibufg/O
                         net (fo=1, routed)           0.480     0.918    clk_wiz_inst/inst/clk_in1_clk_wiz_0
    MMCME2_ADV_X1Y2      MMCME2_ADV (Prop_mmcme2_adv_CLKIN1_CLKOUT0)
                                                     -3.163    -2.245 r  clk_wiz_inst/inst/mmcm_adv_inst/CLKOUT0
                         net (fo=1, routed)           0.544    -1.702    clk_wiz_inst/inst/clk_out1_clk_wiz_0
    BUFGCTRL_X0Y16       BUFG (Prop_bufg_I_O)         0.029    -1.673 r  clk_wiz_inst/inst/clkout1_buf/O
                         net (fo=824, routed)         0.868    -0.805    cpci/countty_inst/clk_out1
    SLICE_X0Y81          FDSE                                         r  cpci/countty_inst/prev_PC_reg[26]/C

Slack:                    inf
  Source:                 reset
                            (input port)
  Destination:            cpci/countty_inst/prev_PC_reg[27]/S
                            (rising edge-triggered cell FDSE clocked by clk_out1_clk_wiz_0  {rise@0.000ns fall@6.623ns period=13.245ns})
  Path Group:             (none)
  Path Type:              Hold (Min at Fast Process Corner)
  Data Path Delay:        0.957ns  (logic 0.245ns (25.647%)  route 0.712ns (74.353%))
  Logic Levels:           1  (IBUF=1)
  Clock Path Skew:        -0.805ns (DCD - SCD - CPR)
    Destination Clock Delay (DCD):    -0.805ns
    Source Clock Delay      (SCD):    0.000ns
    Clock Pessimism Removal (CPR):    -0.000ns

    Location             Delay type                Incr(ns)  Path(ns)    Netlist Resource(s)
  -------------------------------------------------------------------    -------------------
    J15                                               0.000     0.000 r  reset (IN)
                         net (fo=0)                   0.000     0.000    reset
    J15                  IBUF (Prop_ibuf_I_O)         0.245     0.245 r  reset_IBUF_inst/O
                         net (fo=358, routed)         0.712     0.957    cpci/countty_inst/reset_IBUF
    SLICE_X0Y81          FDSE                                         r  cpci/countty_inst/prev_PC_reg[27]/S
  -------------------------------------------------------------------    -------------------

                         (clock clk_out1_clk_wiz_0 rise edge)
                                                      0.000     0.000 r  
    E3                                                0.000     0.000 r  clk_100MHz (IN)
                         net (fo=0)                   0.000     0.000    clk_wiz_inst/inst/clk_in1
    E3                   IBUF (Prop_ibuf_I_O)         0.438     0.438 r  clk_wiz_inst/inst/clkin1_ibufg/O
                         net (fo=1, routed)           0.480     0.918    clk_wiz_inst/inst/clk_in1_clk_wiz_0
    MMCME2_ADV_X1Y2      MMCME2_ADV (Prop_mmcme2_adv_CLKIN1_CLKOUT0)
                                                     -3.163    -2.245 r  clk_wiz_inst/inst/mmcm_adv_inst/CLKOUT0
                         net (fo=1, routed)           0.544    -1.702    clk_wiz_inst/inst/clk_out1_clk_wiz_0
    BUFGCTRL_X0Y16       BUFG (Prop_bufg_I_O)         0.029    -1.673 r  clk_wiz_inst/inst/clkout1_buf/O
                         net (fo=824, routed)         0.868    -0.805    cpci/countty_inst/clk_out1
    SLICE_X0Y81          FDSE                                         r  cpci/countty_inst/prev_PC_reg[27]/C

Slack:                    inf
  Source:                 reset
                            (input port)
  Destination:            cpci/countty_inst/prev_PC_reg[28]/S
                            (rising edge-triggered cell FDSE clocked by clk_out1_clk_wiz_0  {rise@0.000ns fall@6.623ns period=13.245ns})
  Path Group:             (none)
  Path Type:              Hold (Min at Fast Process Corner)
  Data Path Delay:        0.957ns  (logic 0.245ns (25.647%)  route 0.712ns (74.353%))
  Logic Levels:           1  (IBUF=1)
  Clock Path Skew:        -0.805ns (DCD - SCD - CPR)
    Destination Clock Delay (DCD):    -0.805ns
    Source Clock Delay      (SCD):    0.000ns
    Clock Pessimism Removal (CPR):    -0.000ns

    Location             Delay type                Incr(ns)  Path(ns)    Netlist Resource(s)
  -------------------------------------------------------------------    -------------------
    J15                                               0.000     0.000 r  reset (IN)
                         net (fo=0)                   0.000     0.000    reset
    J15                  IBUF (Prop_ibuf_I_O)         0.245     0.245 r  reset_IBUF_inst/O
                         net (fo=358, routed)         0.712     0.957    cpci/countty_inst/reset_IBUF
    SLICE_X0Y81          FDSE                                         r  cpci/countty_inst/prev_PC_reg[28]/S
  -------------------------------------------------------------------    -------------------

                         (clock clk_out1_clk_wiz_0 rise edge)
                                                      0.000     0.000 r  
    E3                                                0.000     0.000 r  clk_100MHz (IN)
                         net (fo=0)                   0.000     0.000    clk_wiz_inst/inst/clk_in1
    E3                   IBUF (Prop_ibuf_I_O)         0.438     0.438 r  clk_wiz_inst/inst/clkin1_ibufg/O
                         net (fo=1, routed)           0.480     0.918    clk_wiz_inst/inst/clk_in1_clk_wiz_0
    MMCME2_ADV_X1Y2      MMCME2_ADV (Prop_mmcme2_adv_CLKIN1_CLKOUT0)
                                                     -3.163    -2.245 r  clk_wiz_inst/inst/mmcm_adv_inst/CLKOUT0
                         net (fo=1, routed)           0.544    -1.702    clk_wiz_inst/inst/clk_out1_clk_wiz_0
    BUFGCTRL_X0Y16       BUFG (Prop_bufg_I_O)         0.029    -1.673 r  clk_wiz_inst/inst/clkout1_buf/O
                         net (fo=824, routed)         0.868    -0.805    cpci/countty_inst/clk_out1
    SLICE_X0Y81          FDSE                                         r  cpci/countty_inst/prev_PC_reg[28]/C

Slack:                    inf
  Source:                 reset
                            (input port)
  Destination:            cpci/countty_inst/prev_PC_reg[29]/S
                            (rising edge-triggered cell FDSE clocked by clk_out1_clk_wiz_0  {rise@0.000ns fall@6.623ns period=13.245ns})
  Path Group:             (none)
  Path Type:              Hold (Min at Fast Process Corner)
  Data Path Delay:        0.957ns  (logic 0.245ns (25.647%)  route 0.712ns (74.353%))
  Logic Levels:           1  (IBUF=1)
  Clock Path Skew:        -0.805ns (DCD - SCD - CPR)
    Destination Clock Delay (DCD):    -0.805ns
    Source Clock Delay      (SCD):    0.000ns
    Clock Pessimism Removal (CPR):    -0.000ns

    Location             Delay type                Incr(ns)  Path(ns)    Netlist Resource(s)
  -------------------------------------------------------------------    -------------------
    J15                                               0.000     0.000 r  reset (IN)
                         net (fo=0)                   0.000     0.000    reset
    J15                  IBUF (Prop_ibuf_I_O)         0.245     0.245 r  reset_IBUF_inst/O
                         net (fo=358, routed)         0.712     0.957    cpci/countty_inst/reset_IBUF
    SLICE_X0Y81          FDSE                                         r  cpci/countty_inst/prev_PC_reg[29]/S
  -------------------------------------------------------------------    -------------------

                         (clock clk_out1_clk_wiz_0 rise edge)
                                                      0.000     0.000 r  
    E3                                                0.000     0.000 r  clk_100MHz (IN)
                         net (fo=0)                   0.000     0.000    clk_wiz_inst/inst/clk_in1
    E3                   IBUF (Prop_ibuf_I_O)         0.438     0.438 r  clk_wiz_inst/inst/clkin1_ibufg/O
                         net (fo=1, routed)           0.480     0.918    clk_wiz_inst/inst/clk_in1_clk_wiz_0
    MMCME2_ADV_X1Y2      MMCME2_ADV (Prop_mmcme2_adv_CLKIN1_CLKOUT0)
                                                     -3.163    -2.245 r  clk_wiz_inst/inst/mmcm_adv_inst/CLKOUT0
                         net (fo=1, routed)           0.544    -1.702    clk_wiz_inst/inst/clk_out1_clk_wiz_0
    BUFGCTRL_X0Y16       BUFG (Prop_bufg_I_O)         0.029    -1.673 r  clk_wiz_inst/inst/clkout1_buf/O
                         net (fo=824, routed)         0.868    -0.805    cpci/countty_inst/clk_out1
    SLICE_X0Y81          FDSE                                         r  cpci/countty_inst/prev_PC_reg[29]/C

Slack:                    inf
  Source:                 reset
                            (input port)
  Destination:            cpci/countty_inst/prev_PC_reg[30]/S
                            (rising edge-triggered cell FDSE clocked by clk_out1_clk_wiz_0  {rise@0.000ns fall@6.623ns period=13.245ns})
  Path Group:             (none)
  Path Type:              Hold (Min at Fast Process Corner)
  Data Path Delay:        0.957ns  (logic 0.245ns (25.647%)  route 0.712ns (74.353%))
  Logic Levels:           1  (IBUF=1)
  Clock Path Skew:        -0.805ns (DCD - SCD - CPR)
    Destination Clock Delay (DCD):    -0.805ns
    Source Clock Delay      (SCD):    0.000ns
    Clock Pessimism Removal (CPR):    -0.000ns

    Location             Delay type                Incr(ns)  Path(ns)    Netlist Resource(s)
  -------------------------------------------------------------------    -------------------
    J15                                               0.000     0.000 r  reset (IN)
                         net (fo=0)                   0.000     0.000    reset
    J15                  IBUF (Prop_ibuf_I_O)         0.245     0.245 r  reset_IBUF_inst/O
                         net (fo=358, routed)         0.712     0.957    cpci/countty_inst/reset_IBUF
    SLICE_X0Y81          FDSE                                         r  cpci/countty_inst/prev_PC_reg[30]/S
  -------------------------------------------------------------------    -------------------

                         (clock clk_out1_clk_wiz_0 rise edge)
                                                      0.000     0.000 r  
    E3                                                0.000     0.000 r  clk_100MHz (IN)
                         net (fo=0)                   0.000     0.000    clk_wiz_inst/inst/clk_in1
    E3                   IBUF (Prop_ibuf_I_O)         0.438     0.438 r  clk_wiz_inst/inst/clkin1_ibufg/O
                         net (fo=1, routed)           0.480     0.918    clk_wiz_inst/inst/clk_in1_clk_wiz_0
    MMCME2_ADV_X1Y2      MMCME2_ADV (Prop_mmcme2_adv_CLKIN1_CLKOUT0)
                                                     -3.163    -2.245 r  clk_wiz_inst/inst/mmcm_adv_inst/CLKOUT0
                         net (fo=1, routed)           0.544    -1.702    clk_wiz_inst/inst/clk_out1_clk_wiz_0
    BUFGCTRL_X0Y16       BUFG (Prop_bufg_I_O)         0.029    -1.673 r  clk_wiz_inst/inst/clkout1_buf/O
                         net (fo=824, routed)         0.868    -0.805    cpci/countty_inst/clk_out1
    SLICE_X0Y81          FDSE                                         r  cpci/countty_inst/prev_PC_reg[30]/C

Slack:                    inf
  Source:                 reset
                            (input port)
  Destination:            cpci/countty_inst/prev_PC_reg[31]/S
                            (rising edge-triggered cell FDSE clocked by clk_out1_clk_wiz_0  {rise@0.000ns fall@6.623ns period=13.245ns})
  Path Group:             (none)
  Path Type:              Hold (Min at Fast Process Corner)
  Data Path Delay:        0.957ns  (logic 0.245ns (25.647%)  route 0.712ns (74.353%))
  Logic Levels:           1  (IBUF=1)
  Clock Path Skew:        -0.805ns (DCD - SCD - CPR)
    Destination Clock Delay (DCD):    -0.805ns
    Source Clock Delay      (SCD):    0.000ns
    Clock Pessimism Removal (CPR):    -0.000ns

    Location             Delay type                Incr(ns)  Path(ns)    Netlist Resource(s)
  -------------------------------------------------------------------    -------------------
    J15                                               0.000     0.000 r  reset (IN)
                         net (fo=0)                   0.000     0.000    reset
    J15                  IBUF (Prop_ibuf_I_O)         0.245     0.245 r  reset_IBUF_inst/O
                         net (fo=358, routed)         0.712     0.957    cpci/countty_inst/reset_IBUF
    SLICE_X0Y81          FDSE                                         r  cpci/countty_inst/prev_PC_reg[31]/S
  -------------------------------------------------------------------    -------------------

                         (clock clk_out1_clk_wiz_0 rise edge)
                                                      0.000     0.000 r  
    E3                                                0.000     0.000 r  clk_100MHz (IN)
                         net (fo=0)                   0.000     0.000    clk_wiz_inst/inst/clk_in1
    E3                   IBUF (Prop_ibuf_I_O)         0.438     0.438 r  clk_wiz_inst/inst/clkin1_ibufg/O
                         net (fo=1, routed)           0.480     0.918    clk_wiz_inst/inst/clk_in1_clk_wiz_0
    MMCME2_ADV_X1Y2      MMCME2_ADV (Prop_mmcme2_adv_CLKIN1_CLKOUT0)
                                                     -3.163    -2.245 r  clk_wiz_inst/inst/mmcm_adv_inst/CLKOUT0
                         net (fo=1, routed)           0.544    -1.702    clk_wiz_inst/inst/clk_out1_clk_wiz_0
    BUFGCTRL_X0Y16       BUFG (Prop_bufg_I_O)         0.029    -1.673 r  clk_wiz_inst/inst/clkout1_buf/O
                         net (fo=824, routed)         0.868    -0.805    cpci/countty_inst/clk_out1
    SLICE_X0Y81          FDSE                                         r  cpci/countty_inst/prev_PC_reg[31]/C

Slack:                    inf
  Source:                 reset
                            (input port)
  Destination:            cpci/countty_inst/prev_PC_reg[20]/S
                            (rising edge-triggered cell FDSE clocked by clk_out1_clk_wiz_0  {rise@0.000ns fall@6.623ns period=13.245ns})
  Path Group:             (none)
  Path Type:              Hold (Min at Fast Process Corner)
  Data Path Delay:        1.008ns  (logic 0.245ns (24.340%)  route 0.763ns (75.660%))
  Logic Levels:           1  (IBUF=1)
  Clock Path Skew:        -0.806ns (DCD - SCD - CPR)
    Destination Clock Delay (DCD):    -0.806ns
    Source Clock Delay      (SCD):    0.000ns
    Clock Pessimism Removal (CPR):    -0.000ns

    Location             Delay type                Incr(ns)  Path(ns)    Netlist Resource(s)
  -------------------------------------------------------------------    -------------------
    J15                                               0.000     0.000 r  reset (IN)
                         net (fo=0)                   0.000     0.000    reset
    J15                  IBUF (Prop_ibuf_I_O)         0.245     0.245 r  reset_IBUF_inst/O
                         net (fo=358, routed)         0.763     1.008    cpci/countty_inst/reset_IBUF
    SLICE_X2Y80          FDSE                                         r  cpci/countty_inst/prev_PC_reg[20]/S
  -------------------------------------------------------------------    -------------------

                         (clock clk_out1_clk_wiz_0 rise edge)
                                                      0.000     0.000 r  
    E3                                                0.000     0.000 r  clk_100MHz (IN)
                         net (fo=0)                   0.000     0.000    clk_wiz_inst/inst/clk_in1
    E3                   IBUF (Prop_ibuf_I_O)         0.438     0.438 r  clk_wiz_inst/inst/clkin1_ibufg/O
                         net (fo=1, routed)           0.480     0.918    clk_wiz_inst/inst/clk_in1_clk_wiz_0
    MMCME2_ADV_X1Y2      MMCME2_ADV (Prop_mmcme2_adv_CLKIN1_CLKOUT0)
                                                     -3.163    -2.245 r  clk_wiz_inst/inst/mmcm_adv_inst/CLKOUT0
                         net (fo=1, routed)           0.544    -1.702    clk_wiz_inst/inst/clk_out1_clk_wiz_0
    BUFGCTRL_X0Y16       BUFG (Prop_bufg_I_O)         0.029    -1.673 r  clk_wiz_inst/inst/clkout1_buf/O
                         net (fo=824, routed)         0.867    -0.806    cpci/countty_inst/clk_out1
    SLICE_X2Y80          FDSE                                         r  cpci/countty_inst/prev_PC_reg[20]/C

Slack:                    inf
  Source:                 reset
                            (input port)
  Destination:            cpci/countty_inst/prev_PC_reg[21]/S
                            (rising edge-triggered cell FDSE clocked by clk_out1_clk_wiz_0  {rise@0.000ns fall@6.623ns period=13.245ns})
  Path Group:             (none)
  Path Type:              Hold (Min at Fast Process Corner)
  Data Path Delay:        1.008ns  (logic 0.245ns (24.340%)  route 0.763ns (75.660%))
  Logic Levels:           1  (IBUF=1)
  Clock Path Skew:        -0.806ns (DCD - SCD - CPR)
    Destination Clock Delay (DCD):    -0.806ns
    Source Clock Delay      (SCD):    0.000ns
    Clock Pessimism Removal (CPR):    -0.000ns

    Location             Delay type                Incr(ns)  Path(ns)    Netlist Resource(s)
  -------------------------------------------------------------------    -------------------
    J15                                               0.000     0.000 r  reset (IN)
                         net (fo=0)                   0.000     0.000    reset
    J15                  IBUF (Prop_ibuf_I_O)         0.245     0.245 r  reset_IBUF_inst/O
                         net (fo=358, routed)         0.763     1.008    cpci/countty_inst/reset_IBUF
    SLICE_X2Y80          FDSE                                         r  cpci/countty_inst/prev_PC_reg[21]/S
  -------------------------------------------------------------------    -------------------

                         (clock clk_out1_clk_wiz_0 rise edge)
                                                      0.000     0.000 r  
    E3                                                0.000     0.000 r  clk_100MHz (IN)
                         net (fo=0)                   0.000     0.000    clk_wiz_inst/inst/clk_in1
    E3                   IBUF (Prop_ibuf_I_O)         0.438     0.438 r  clk_wiz_inst/inst/clkin1_ibufg/O
                         net (fo=1, routed)           0.480     0.918    clk_wiz_inst/inst/clk_in1_clk_wiz_0
    MMCME2_ADV_X1Y2      MMCME2_ADV (Prop_mmcme2_adv_CLKIN1_CLKOUT0)
                                                     -3.163    -2.245 r  clk_wiz_inst/inst/mmcm_adv_inst/CLKOUT0
                         net (fo=1, routed)           0.544    -1.702    clk_wiz_inst/inst/clk_out1_clk_wiz_0
    BUFGCTRL_X0Y16       BUFG (Prop_bufg_I_O)         0.029    -1.673 r  clk_wiz_inst/inst/clkout1_buf/O
                         net (fo=824, routed)         0.867    -0.806    cpci/countty_inst/clk_out1
    SLICE_X2Y80          FDSE                                         r  cpci/countty_inst/prev_PC_reg[21]/C





