Copyright 1986-2022 Xilinx, Inc. All Rights Reserved.
------------------------------------------------------------------------------------------------------------------------------------------------------------------------------------------------------------------------------------------------
| Tool Version : Vivado v.2022.2 (win64) Build 3671981 Fri Oct 14 05:00:03 MDT 2022
| Date         : Mon Oct  5 22:58:06 2026
| Host         : LAPTOP-6D98Q4KP running 64-bit major release  (build 9200)
| Command      : report_timing_summary -max_paths 10 -report_unconstrained -file wrapper_nexys_top_timing_summary_routed.rpt -pb wrapper_nexys_top_timing_summary_routed.pb -rpx wrapper_nexys_top_timing_summary_routed.rpx -warn_on_violation
| Design       : wrapper_nexys_top
| Device       : 7a100t-csg324
| Speed File   : -1  PRODUCTION 1.23 2018-06-13
------------------------------------------------------------------------------------------------------------------------------------------------------------------------------------------------------------------------------------------------

Timing Summary Report

------------------------------------------------------------------------------------------------
| Timer Settings
| --------------
------------------------------------------------------------------------------------------------

  Enable Multi Corner Analysis               :  Yes
  Enable Pessimism Removal                   :  Yes
  Pessimism Removal Resolution               :  Nearest Common Node
  Enable Input Delay Default Clock           :  No
  Enable Preset / Clear Arcs                 :  No
  Disable Flight Delays                      :  No
  Ignore I/O Paths                           :  No
  Timing Early Launch at Borrowing Latches   :  No
  Borrow Time for Max Delay Exceptions       :  Yes
  Merge Timing Exceptions                    :  Yes

  Corner  Analyze    Analyze    
  Name    Max Paths  Min Paths  
  ------  ---------  ---------  
  Slow    Yes        Yes        
  Fast    Yes        Yes        


------------------------------------------------------------------------------------------------
| Report Methodology
| ------------------
------------------------------------------------------------------------------------------------

Rule       Severity          Description                  Violations  
---------  ----------------  ---------------------------  ----------  
TIMING-17  Critical Warning  Non-clocked sequential cell  3           

Note: This report is based on the most recent report_methodology run and may not be up-to-date. Run report_methodology on the current design for the latest report.



check_timing report

Table of Contents
-----------------
1. checking no_clock (3)
2. checking constant_clock (0)
3. checking pulse_width_clock (0)
4. checking unconstrained_internal_endpoints (3)
5. checking no_input_delay (2)
6. checking no_output_delay (15)
7. checking multiple_clock (0)
8. checking generated_clocks (0)
9. checking loops (0)
10. checking partial_input_delay (0)
11. checking partial_output_delay (0)
12. checking latch_loops (0)

1. checking no_clock (3)
------------------------
 There are 3 register/latch pins with no clock driven by root clock pin: clk_sevenseg/clk_int_reg/Q (HIGH)


2. checking constant_clock (0)
------------------------------
 There are 0 register/latch pins with constant_clock.


3. checking pulse_width_clock (0)
---------------------------------
 There are 0 register/latch pins which need pulse_width check


4. checking unconstrained_internal_endpoints (3)
------------------------------------------------
 There are 3 pins that are not constrained for maximum delay. (HIGH)

 There are 0 pins that are not constrained for maximum delay due to constant clock.


5. checking no_input_delay (2)
------------------------------
 There are 2 input ports with no input delay specified. (HIGH)

 There are 0 input ports with no input delay but user has a false path constraint.


6. checking no_output_delay (15)
--------------------------------
 There are 15 ports with no output delay specified. (HIGH)

 There are 0 ports with no output delay but user has a false path constraint

 There are 0 ports with no output delay but with a timing clock defined on it or propagating through it


7. checking multiple_clock (0)
------------------------------
 There are 0 register/latch pins with multiple clocks.


8. checking generated_clocks (0)
--------------------------------
 There are 0 generated clocks that are not connected to a clock source.


9. checking loops (0)
---------------------
 There are 0 combinational loops in the design.


10. checking partial_input_delay (0)
------------------------------------
 There are 0 input ports with partial input delay specified.


11. checking partial_output_delay (0)
-------------------------------------
 There are 0 ports with partial output delay specified.


12. checking latch_loops (0)
----------------------------
 There are 0 combinational latch loops in the design through latch input



------------------------------------------------------------------------------------------------
| Design Timing Summary
| ---------------------
------------------------------------------------------------------------------------------------

    WNS(ns)      TNS(ns)  TNS Failing Endpoints  TNS Total Endpoints      WHS(ns)      THS(ns)  THS Failing Endpoints  THS Total Endpoints     WPWS(ns)     TPWS(ns)  TPWS Failing Endpoints  TPWS Total Endpoints  
    -------      -------  ---------------------  -------------------      -------      -------  ---------------------  -------------------     --------     --------  ----------------------  --------------------  
      0.230        0.000                      0                 1517        0.077        0.000                      0                 1517        3.000        0.000                       0                   356  


All user specified timing constraints are met.


------------------------------------------------------------------------------------------------
| Clock Summary
| -------------
------------------------------------------------------------------------------------------------

Clock                 Waveform(ns)       Period(ns)      Frequency(MHz)
-----                 ------------       ----------      --------------
clk_100MHz            {0.000 5.000}      10.000          100.000         
  clk_out1_clk_wiz_0  {0.000 6.667}      13.333          75.000          
  clkfbout_clk_wiz_0  {0.000 20.000}     40.000          25.000          


------------------------------------------------------------------------------------------------
| Intra Clock Table
| -----------------
------------------------------------------------------------------------------------------------

Clock                     WNS(ns)      TNS(ns)  TNS Failing Endpoints  TNS Total Endpoints      WHS(ns)      THS(ns)  THS Failing Endpoints  THS Total Endpoints     WPWS(ns)     TPWS(ns)  TPWS Failing Endpoints  TPWS Total Endpoints  
-----                     -------      -------  ---------------------  -------------------      -------      -------  ---------------------  -------------------     --------     --------  ----------------------  --------------------  
clk_100MHz                                                                                                                                                              3.000        0.000                       0                     1  
  clk_out1_clk_wiz_0        0.230        0.000                      0                 1517        0.077        0.000                      0                 1517        5.417        0.000                       0                   352  
  clkfbout_clk_wiz_0                                                                                                                                                   37.845        0.000                       0                     3  


------------------------------------------------------------------------------------------------
| Inter Clock Table
| -----------------
------------------------------------------------------------------------------------------------

From Clock    To Clock          WNS(ns)      TNS(ns)  TNS Failing Endpoints  TNS Total Endpoints      WHS(ns)      THS(ns)  THS Failing Endpoints  THS Total Endpoints  
----------    --------          -------      -------  ---------------------  -------------------      -------      -------  ---------------------  -------------------  


------------------------------------------------------------------------------------------------
| Other Path Groups Table
| -----------------------
------------------------------------------------------------------------------------------------

Path Group    From Clock    To Clock          WNS(ns)      TNS(ns)  TNS Failing Endpoints  TNS Total Endpoints      WHS(ns)      THS(ns)  THS Failing Endpoints  THS Total Endpoints  
----------    ----------    --------          -------      -------  ---------------------  -------------------      -------      -------  ---------------------  -------------------  


------------------------------------------------------------------------------------------------
| User Ignored Path Table
| -----------------------
------------------------------------------------------------------------------------------------

Path Group    From Clock    To Clock    
----------    ----------    --------    


------------------------------------------------------------------------------------------------
| Unconstrained Path Table
| ------------------------
------------------------------------------------------------------------------------------------

Path Group          From Clock          To Clock          
----------          ----------          --------          
(none)                                                      
(none)              clk_out1_clk_wiz_0                      
(none)              clkfbout_clk_wiz_0                      
(none)                                  clk_out1_clk_wiz_0  


------------------------------------------------------------------------------------------------
| Timing Details
| --------------
------------------------------------------------------------------------------------------------


---------------------------------------------------------------------------------------------------
From Clock:  clk_100MHz
  To Clock:  clk_100MHz

Setup :           NA  Failing Endpoints,  Worst Slack           NA  ,  Total Violation           NA
Hold  :           NA  Failing Endpoints,  Worst Slack           NA  ,  Total Violation           NA
PW    :            0  Failing Endpoints,  Worst Slack        3.000ns,  Total Violation        0.000ns
---------------------------------------------------------------------------------------------------


Pulse Width Checks
--------------------------------------------------------------------------------------
Clock Name:         clk_100MHz
Waveform(ns):       { 0.000 5.000 }
Period(ns):         10.000
Sources:            { clk_100MHz }

Check Type        Corner  Lib Pin            Reference Pin  Required(ns)  Actual(ns)  Slack(ns)  Location         Pin
Min Period        n/a     MMCME2_ADV/CLKIN1  n/a            1.249         10.000      8.751      MMCME2_ADV_X1Y2  clk_wiz_inst/inst/mmcm_adv_inst/CLKIN1
Max Period        n/a     MMCME2_ADV/CLKIN1  n/a            100.000       10.000      90.000     MMCME2_ADV_X1Y2  clk_wiz_inst/inst/mmcm_adv_inst/CLKIN1
Low Pulse Width   Slow    MMCME2_ADV/CLKIN1  n/a            2.000         5.000       3.000      MMCME2_ADV_X1Y2  clk_wiz_inst/inst/mmcm_adv_inst/CLKIN1
Low Pulse Width   Fast    MMCME2_ADV/CLKIN1  n/a            2.000         5.000       3.000      MMCME2_ADV_X1Y2  clk_wiz_inst/inst/mmcm_adv_inst/CLKIN1
High Pulse Width  Slow    MMCME2_ADV/CLKIN1  n/a            2.000         5.000       3.000      MMCME2_ADV_X1Y2  clk_wiz_inst/inst/mmcm_adv_inst/CLKIN1
High Pulse Width  Fast    MMCME2_ADV/CLKIN1  n/a            2.000         5.000       3.000      MMCME2_ADV_X1Y2  clk_wiz_inst/inst/mmcm_adv_inst/CLKIN1



---------------------------------------------------------------------------------------------------
From Clock:  clk_out1_clk_wiz_0
  To Clock:  clk_out1_clk_wiz_0

Setup :            0  Failing Endpoints,  Worst Slack        0.230ns,  Total Violation        0.000ns
Hold  :            0  Failing Endpoints,  Worst Slack        0.077ns,  Total Violation        0.000ns
PW    :            0  Failing Endpoints,  Worst Slack        5.417ns,  Total Violation        0.000ns
---------------------------------------------------------------------------------------------------


Max Delay Paths
--------------------------------------------------------------------------------------
Slack (MET) :             0.230ns  (required time - arrival time)
  Source:                 toppyty/rvsingle/dp/pcreg/qout_reg[6]/C
                            (rising edge-triggered cell FDRE clocked by clk_out1_clk_wiz_0  {rise@0.000ns fall@6.667ns period=13.333ns})
  Destination:            toppyty/rvsingle/dp/pcreg/qout_reg[30]/D
                            (rising edge-triggered cell FDRE clocked by clk_out1_clk_wiz_0  {rise@0.000ns fall@6.667ns period=13.333ns})
  Path Group:             clk_out1_clk_wiz_0
  Path Type:              Setup (Max at Slow Process Corner)
  Requirement:            13.333ns  (clk_out1_clk_wiz_0 rise@13.333ns - clk_out1_clk_wiz_0 rise@0.000ns)
  Data Path Delay:        13.019ns  (logic 3.529ns (27.107%)  route 9.490ns (72.892%))
  Logic Levels:           19  (CARRY4=8 LUT2=1 LUT4=3 LUT5=1 LUT6=5 RAMD32=1)
  Clock Path Skew:        -0.028ns (DCD - SCD + CPR)
    Destination Clock Delay (DCD):    -1.439ns = ( 11.894 - 13.333 ) 
    Source Clock Delay      (SCD):    -0.834ns
    Clock Pessimism Removal (CPR):    0.577ns
  Clock Uncertainty:      0.119ns  ((TSJ^2 + DJ^2)^1/2) / 2 + PE
    Total System Jitter     (TSJ):    0.071ns
    Discrete Jitter          (DJ):    0.226ns
    Phase Error              (PE):    0.000ns

    Location             Delay type                Incr(ns)  Path(ns)    Netlist Resource(s)
  -------------------------------------------------------------------    -------------------
                         (clock clk_out1_clk_wiz_0 rise edge)
                                                      0.000     0.000 r  
    E3                                                0.000     0.000 r  clk_100MHz (IN)
                         net (fo=0)                   0.000     0.000    clk_wiz_inst/inst/clk_in1
    E3                   IBUF (Prop_ibuf_I_O)         1.482     1.482 r  clk_wiz_inst/inst/clkin1_ibufg/O
                         net (fo=1, routed)           1.233     2.715    clk_wiz_inst/inst/clk_in1_clk_wiz_0
    MMCME2_ADV_X1Y2      MMCME2_ADV (Prop_mmcme2_adv_CLKIN1_CLKOUT0)
                                                     -7.070    -4.355 r  clk_wiz_inst/inst/mmcm_adv_inst/CLKOUT0
                         net (fo=1, routed)           1.719    -2.636    clk_wiz_inst/inst/clk_out1_clk_wiz_0
    BUFGCTRL_X0Y16       BUFG (Prop_bufg_I_O)         0.096    -2.540 r  clk_wiz_inst/inst/clkout1_buf/O
                         net (fo=350, routed)         1.706    -0.834    toppyty/rvsingle/dp/pcreg/clk_out1
    SLICE_X6Y109         FDRE                                         r  toppyty/rvsingle/dp/pcreg/qout_reg[6]/C
  -------------------------------------------------------------------    -------------------
    SLICE_X6Y109         FDRE (Prop_fdre_C_Q)         0.518    -0.316 r  toppyty/rvsingle/dp/pcreg/qout_reg[6]/Q
                         net (fo=59, routed)          1.134     0.818    toppyty/rvsingle/dp/pcreg/PC__0[4]
    SLICE_X9Y108         LUT6 (Prop_lut6_I1_O)        0.124     0.942 r  toppyty/rvsingle/dp/pcreg/Reg_File_Block_reg_r1_0_31_0_5_i_9/O
                         net (fo=35, routed)          1.248     2.190    toppyty/rvsingle/dp/rf/Reg_File_Block_reg_r1_0_31_0_5/ADDRA2
    SLICE_X10Y105        RAMD32 (Prop_ramd32_RADR2_O)
                                                      0.148     2.338 f  toppyty/rvsingle/dp/rf/Reg_File_Block_reg_r1_0_31_0_5/RAMA/O
                         net (fo=9, routed)           0.965     3.303    toppyty/rvsingle/dp/pcreg/RD10[0]
    SLICE_X12Y102        LUT2 (Prop_lut2_I1_O)        0.328     3.631 f  toppyty/rvsingle/dp/pcreg/i__carry_i_1/O
                         net (fo=7, routed)           1.170     4.801    toppyty/rvsingle/dp/pcreg/qout_reg[2]_1
    SLICE_X12Y105        LUT6 (Prop_lut6_I0_O)        0.124     4.925 f  toppyty/rvsingle/dp/pcreg/Reg_File_Block_reg_r1_0_31_24_29_i_70/O
                         net (fo=4, routed)           0.684     5.609    toppyty/rvsingle/dp/pcreg/Reg_File_Block_reg_r1_0_31_24_29_i_38_0
    SLICE_X12Y106        LUT6 (Prop_lut6_I1_O)        0.124     5.733 f  toppyty/rvsingle/dp/pcreg/Reg_File_Block_reg_r1_0_31_24_29_i_62/O
                         net (fo=2, routed)           0.879     6.612    toppyty/rvsingle/dp/pcreg/Reg_File_Block_reg_r1_0_31_24_29_i_62_n_0
    SLICE_X8Y116         LUT4 (Prop_lut4_I1_O)        0.124     6.736 f  toppyty/rvsingle/dp/pcreg/Reg_File_Block_reg_r1_0_31_24_29_i_45/O
                         net (fo=1, routed)           0.424     7.160    toppyty/rvsingle/dp/pcreg/data8[26]
    SLICE_X11Y115        LUT6 (Prop_lut6_I1_O)        0.124     7.284 f  toppyty/rvsingle/dp/pcreg/Reg_File_Block_reg_r1_0_31_24_29_i_23/O
                         net (fo=1, routed)           0.436     7.720    toppyty/rvsingle/dp/pcreg/Reg_File_Block_reg_r1_0_31_24_29_i_23_n_0
    SLICE_X8Y115         LUT5 (Prop_lut5_I2_O)        0.124     7.844 f  toppyty/rvsingle/dp/pcreg/Reg_File_Block_reg_r1_0_31_24_29_i_10/O
                         net (fo=2, routed)           1.121     8.964    toppyty/rvsingle/dp/pcreg/DataAdr[26]
    SLICE_X3Y108         LUT4 (Prop_lut4_I3_O)        0.124     9.088 f  toppyty/rvsingle/dp/pcreg/qout[0]_i_4/O
                         net (fo=1, routed)           0.733     9.821    toppyty/rvsingle/dp/pcreg/qout[0]_i_4_n_0
    SLICE_X2Y107         LUT4 (Prop_lut4_I0_O)        0.124     9.945 r  toppyty/rvsingle/dp/pcreg/qout[0]_i_2/O
                         net (fo=33, routed)          0.696    10.641    toppyty/rvsingle/dp/pcreg/qout[0]_i_2_n_0
    SLICE_X7Y107         LUT6 (Prop_lut6_I1_O)        0.124    10.765 r  toppyty/rvsingle/dp/pcreg/qout[1]_i_3/O
                         net (fo=1, routed)           0.000    10.765    toppyty/rvsingle/dp/pcreg/qout[1]_i_3_n_0
    SLICE_X7Y107         CARRY4 (Prop_carry4_S[3]_CO[3])
                                                      0.401    11.166 r  toppyty/rvsingle/dp/pcreg/qout_reg[1]_i_1/CO[3]
                         net (fo=1, routed)           0.000    11.166    toppyty/rvsingle/dp/pcreg/qout_reg[1]_i_1_n_0
    SLICE_X7Y108         CARRY4 (Prop_carry4_CI_CO[3])
                                                      0.114    11.280 r  toppyty/rvsingle/dp/pcreg/qout_reg[5]_i_1/CO[3]
                         net (fo=1, routed)           0.000    11.280    toppyty/rvsingle/dp/pcreg/qout_reg[5]_i_1_n_0
    SLICE_X7Y109         CARRY4 (Prop_carry4_CI_CO[3])
                                                      0.114    11.394 r  toppyty/rvsingle/dp/pcreg/qout_reg[9]_i_1/CO[3]
                         net (fo=1, routed)           0.000    11.394    toppyty/rvsingle/dp/pcreg/qout_reg[9]_i_1_n_0
    SLICE_X7Y110         CARRY4 (Prop_carry4_CI_CO[3])
                                                      0.114    11.508 r  toppyty/rvsingle/dp/pcreg/qout_reg[13]_i_1/CO[3]
                         net (fo=1, routed)           0.000    11.508    toppyty/rvsingle/dp/pcreg/qout_reg[13]_i_1_n_0
    SLICE_X7Y111         CARRY4 (Prop_carry4_CI_CO[3])
                                                      0.114    11.622 r  toppyty/rvsingle/dp/pcreg/qout_reg[17]_i_1/CO[3]
                         net (fo=1, routed)           0.000    11.622    toppyty/rvsingle/dp/pcreg/qout_reg[17]_i_1_n_0
    SLICE_X7Y112         CARRY4 (Prop_carry4_CI_CO[3])
                                                      0.114    11.736 r  toppyty/rvsingle/dp/pcreg/qout_reg[21]_i_1/CO[3]
                         net (fo=1, routed)           0.000    11.736    toppyty/rvsingle/dp/pcreg/qout_reg[21]_i_1_n_0
    SLICE_X7Y113         CARRY4 (Prop_carry4_CI_CO[3])
                                                      0.114    11.850 r  toppyty/rvsingle/dp/pcreg/qout_reg[25]_i_1/CO[3]
                         net (fo=1, routed)           0.000    11.850    toppyty/rvsingle/dp/pcreg/qout_reg[25]_i_1_n_0
    SLICE_X7Y114         CARRY4 (Prop_carry4_CI_O[1])
                                                      0.334    12.184 r  toppyty/rvsingle/dp/pcreg/qout_reg[29]_i_1/O[1]
                         net (fo=1, routed)           0.000    12.184    toppyty/rvsingle/dp/pcreg/qout_reg[29]_i_1_n_6
    SLICE_X7Y114         FDRE                                         r  toppyty/rvsingle/dp/pcreg/qout_reg[30]/D
  -------------------------------------------------------------------    -------------------

                         (clock clk_out1_clk_wiz_0 rise edge)
                                                     13.333    13.333 r  
    E3                                                0.000    13.333 r  clk_100MHz (IN)
                         net (fo=0)                   0.000    13.333    clk_wiz_inst/inst/clk_in1
    E3                   IBUF (Prop_ibuf_I_O)         1.411    14.745 r  clk_wiz_inst/inst/clkin1_ibufg/O
                         net (fo=1, routed)           1.162    15.906    clk_wiz_inst/inst/clk_in1_clk_wiz_0
    MMCME2_ADV_X1Y2      MMCME2_ADV (Prop_mmcme2_adv_CLKIN1_CLKOUT0)
                                                     -7.324     8.583 r  clk_wiz_inst/inst/mmcm_adv_inst/CLKOUT0
                         net (fo=1, routed)           1.639    10.222    clk_wiz_inst/inst/clk_out1_clk_wiz_0
    BUFGCTRL_X0Y16       BUFG (Prop_bufg_I_O)         0.091    10.313 r  clk_wiz_inst/inst/clkout1_buf/O
                         net (fo=350, routed)         1.582    11.894    toppyty/rvsingle/dp/pcreg/clk_out1
    SLICE_X7Y114         FDRE                                         r  toppyty/rvsingle/dp/pcreg/qout_reg[30]/C
                         clock pessimism              0.577    12.471    
                         clock uncertainty           -0.119    12.353    
    SLICE_X7Y114         FDRE (Setup_fdre_C_D)        0.062    12.415    toppyty/rvsingle/dp/pcreg/qout_reg[30]
  -------------------------------------------------------------------
                         required time                         12.415    
                         arrival time                         -12.184    
  -------------------------------------------------------------------
                         slack                                  0.230    

Slack (MET) :             0.325ns  (required time - arrival time)
  Source:                 toppyty/rvsingle/dp/pcreg/qout_reg[6]/C
                            (rising edge-triggered cell FDRE clocked by clk_out1_clk_wiz_0  {rise@0.000ns fall@6.667ns period=13.333ns})
  Destination:            toppyty/rvsingle/dp/pcreg/qout_reg[31]/D
                            (rising edge-triggered cell FDRE clocked by clk_out1_clk_wiz_0  {rise@0.000ns fall@6.667ns period=13.333ns})
  Path Group:             clk_out1_clk_wiz_0
  Path Type:              Setup (Max at Slow Process Corner)
  Requirement:            13.333ns  (clk_out1_clk_wiz_0 rise@13.333ns - clk_out1_clk_wiz_0 rise@0.000ns)
  Data Path Delay:        12.924ns  (logic 3.434ns (26.572%)  route 9.490ns (73.428%))
  Logic Levels:           19  (CARRY4=8 LUT2=1 LUT4=3 LUT5=1 LUT6=5 RAMD32=1)
  Clock Path Skew:        -0.028ns (DCD - SCD + CPR)
    Destination Clock Delay (DCD):    -1.439ns = ( 11.894 - 13.333 ) 
    Source Clock Delay      (SCD):    -0.834ns
    Clock Pessimism Removal (CPR):    0.577ns
  Clock Uncertainty:      0.119ns  ((TSJ^2 + DJ^2)^1/2) / 2 + PE
    Total System Jitter     (TSJ):    0.071ns
    Discrete Jitter          (DJ):    0.226ns
    Phase Error              (PE):    0.000ns

    Location             Delay type                Incr(ns)  Path(ns)    Netlist Resource(s)
  -------------------------------------------------------------------    -------------------
                         (clock clk_out1_clk_wiz_0 rise edge)
                                                      0.000     0.000 r  
    E3                                                0.000     0.000 r  clk_100MHz (IN)
                         net (fo=0)                   0.000     0.000    clk_wiz_inst/inst/clk_in1
    E3                   IBUF (Prop_ibuf_I_O)         1.482     1.482 r  clk_wiz_inst/inst/clkin1_ibufg/O
                         net (fo=1, routed)           1.233     2.715    clk_wiz_inst/inst/clk_in1_clk_wiz_0
    MMCME2_ADV_X1Y2      MMCME2_ADV (Prop_mmcme2_adv_CLKIN1_CLKOUT0)
                                                     -7.070    -4.355 r  clk_wiz_inst/inst/mmcm_adv_inst/CLKOUT0
                         net (fo=1, routed)           1.719    -2.636    clk_wiz_inst/inst/clk_out1_clk_wiz_0
    BUFGCTRL_X0Y16       BUFG (Prop_bufg_I_O)         0.096    -2.540 r  clk_wiz_inst/inst/clkout1_buf/O
                         net (fo=350, routed)         1.706    -0.834    toppyty/rvsingle/dp/pcreg/clk_out1
    SLICE_X6Y109         FDRE                                         r  toppyty/rvsingle/dp/pcreg/qout_reg[6]/C
  -------------------------------------------------------------------    -------------------
    SLICE_X6Y109         FDRE (Prop_fdre_C_Q)         0.518    -0.316 r  toppyty/rvsingle/dp/pcreg/qout_reg[6]/Q
                         net (fo=59, routed)          1.134     0.818    toppyty/rvsingle/dp/pcreg/PC__0[4]
    SLICE_X9Y108         LUT6 (Prop_lut6_I1_O)        0.124     0.942 r  toppyty/rvsingle/dp/pcreg/Reg_File_Block_reg_r1_0_31_0_5_i_9/O
                         net (fo=35, routed)          1.248     2.190    toppyty/rvsingle/dp/rf/Reg_File_Block_reg_r1_0_31_0_5/ADDRA2
    SLICE_X10Y105        RAMD32 (Prop_ramd32_RADR2_O)
                                                      0.148     2.338 f  toppyty/rvsingle/dp/rf/Reg_File_Block_reg_r1_0_31_0_5/RAMA/O
                         net (fo=9, routed)           0.965     3.303    toppyty/rvsingle/dp/pcreg/RD10[0]
    SLICE_X12Y102        LUT2 (Prop_lut2_I1_O)        0.328     3.631 f  toppyty/rvsingle/dp/pcreg/i__carry_i_1/O
                         net (fo=7, routed)           1.170     4.801    toppyty/rvsingle/dp/pcreg/qout_reg[2]_1
    SLICE_X12Y105        LUT6 (Prop_lut6_I0_O)        0.124     4.925 f  toppyty/rvsingle/dp/pcreg/Reg_File_Block_reg_r1_0_31_24_29_i_70/O
                         net (fo=4, routed)           0.684     5.609    toppyty/rvsingle/dp/pcreg/Reg_File_Block_reg_r1_0_31_24_29_i_38_0
    SLICE_X12Y106        LUT6 (Prop_lut6_I1_O)        0.124     5.733 f  toppyty/rvsingle/dp/pcreg/Reg_File_Block_reg_r1_0_31_24_29_i_62/O
                         net (fo=2, routed)           0.879     6.612    toppyty/rvsingle/dp/pcreg/Reg_File_Block_reg_r1_0_31_24_29_i_62_n_0
    SLICE_X8Y116         LUT4 (Prop_lut4_I1_O)        0.124     6.736 f  toppyty/rvsingle/dp/pcreg/Reg_File_Block_reg_r1_0_31_24_29_i_45/O
                         net (fo=1, routed)           0.424     7.160    toppyty/rvsingle/dp/pcreg/data8[26]
    SLICE_X11Y115        LUT6 (Prop_lut6_I1_O)        0.124     7.284 f  toppyty/rvsingle/dp/pcreg/Reg_File_Block_reg_r1_0_31_24_29_i_23/O
                         net (fo=1, routed)           0.436     7.720    toppyty/rvsingle/dp/pcreg/Reg_File_Block_reg_r1_0_31_24_29_i_23_n_0
    SLICE_X8Y115         LUT5 (Prop_lut5_I2_O)        0.124     7.844 f  toppyty/rvsingle/dp/pcreg/Reg_File_Block_reg_r1_0_31_24_29_i_10/O
                         net (fo=2, routed)           1.121     8.964    toppyty/rvsingle/dp/pcreg/DataAdr[26]
    SLICE_X3Y108         LUT4 (Prop_lut4_I3_O)        0.124     9.088 f  toppyty/rvsingle/dp/pcreg/qout[0]_i_4/O
                         net (fo=1, routed)           0.733     9.821    toppyty/rvsingle/dp/pcreg/qout[0]_i_4_n_0
    SLICE_X2Y107         LUT4 (Prop_lut4_I0_O)        0.124     9.945 r  toppyty/rvsingle/dp/pcreg/qout[0]_i_2/O
                         net (fo=33, routed)          0.696    10.641    toppyty/rvsingle/dp/pcreg/qout[0]_i_2_n_0
    SLICE_X7Y107         LUT6 (Prop_lut6_I1_O)        0.124    10.765 r  toppyty/rvsingle/dp/pcreg/qout[1]_i_3/O
                         net (fo=1, routed)           0.000    10.765    toppyty/rvsingle/dp/pcreg/qout[1]_i_3_n_0
    SLICE_X7Y107         CARRY4 (Prop_carry4_S[3]_CO[3])
                                                      0.401    11.166 r  toppyty/rvsingle/dp/pcreg/qout_reg[1]_i_1/CO[3]
                         net (fo=1, routed)           0.000    11.166    toppyty/rvsingle/dp/pcreg/qout_reg[1]_i_1_n_0
    SLICE_X7Y108         CARRY4 (Prop_carry4_CI_CO[3])
                                                      0.114    11.280 r  toppyty/rvsingle/dp/pcreg/qout_reg[5]_i_1/CO[3]
                         net (fo=1, routed)           0.000    11.280    toppyty/rvsingle/dp/pcreg/qout_reg[5]_i_1_n_0
    SLICE_X7Y109         CARRY4 (Prop_carry4_CI_CO[3])
                                                      0.114    11.394 r  toppyty/rvsingle/dp/pcreg/qout_reg[9]_i_1/CO[3]
                         net (fo=1, routed)           0.000    11.394    toppyty/rvsingle/dp/pcreg/qout_reg[9]_i_1_n_0
    SLICE_X7Y110         CARRY4 (Prop_carry4_CI_CO[3])
                                                      0.114    11.508 r  toppyty/rvsingle/dp/pcreg/qout_reg[13]_i_1/CO[3]
                         net (fo=1, routed)           0.000    11.508    toppyty/rvsingle/dp/pcreg/qout_reg[13]_i_1_n_0
    SLICE_X7Y111         CARRY4 (Prop_carry4_CI_CO[3])
                                                      0.114    11.622 r  toppyty/rvsingle/dp/pcreg/qout_reg[17]_i_1/CO[3]
                         net (fo=1, routed)           0.000    11.622    toppyty/rvsingle/dp/pcreg/qout_reg[17]_i_1_n_0
    SLICE_X7Y112         CARRY4 (Prop_carry4_CI_CO[3])
                                                      0.114    11.736 r  toppyty/rvsingle/dp/pcreg/qout_reg[21]_i_1/CO[3]
                         net (fo=1, routed)           0.000    11.736    toppyty/rvsingle/dp/pcreg/qout_reg[21]_i_1_n_0
    SLICE_X7Y113         CARRY4 (Prop_carry4_CI_CO[3])
                                                      0.114    11.850 r  toppyty/rvsingle/dp/pcreg/qout_reg[25]_i_1/CO[3]
                         net (fo=1, routed)           0.000    11.850    toppyty/rvsingle/dp/pcreg/qout_reg[25]_i_1_n_0
    SLICE_X7Y114         CARRY4 (Prop_carry4_CI_O[2])
                                                      0.239    12.089 r  toppyty/rvsingle/dp/pcreg/qout_reg[29]_i_1/O[2]
                         net (fo=1, routed)           0.000    12.089    toppyty/rvsingle/dp/pcreg/qout_reg[29]_i_1_n_5
    SLICE_X7Y114         FDRE                                         r  toppyty/rvsingle/dp/pcreg/qout_reg[31]/D
  -------------------------------------------------------------------    -------------------

                         (clock clk_out1_clk_wiz_0 rise edge)
                                                     13.333    13.333 r  
    E3                                                0.000    13.333 r  clk_100MHz (IN)
                         net (fo=0)                   0.000    13.333    clk_wiz_inst/inst/clk_in1
    E3                   IBUF (Prop_ibuf_I_O)         1.411    14.745 r  clk_wiz_inst/inst/clkin1_ibufg/O
                         net (fo=1, routed)           1.162    15.906    clk_wiz_inst/inst/clk_in1_clk_wiz_0
    MMCME2_ADV_X1Y2      MMCME2_ADV (Prop_mmcme2_adv_CLKIN1_CLKOUT0)
                                                     -7.324     8.583 r  clk_wiz_inst/inst/mmcm_adv_inst/CLKOUT0
                         net (fo=1, routed)           1.639    10.222    clk_wiz_inst/inst/clk_out1_clk_wiz_0
    BUFGCTRL_X0Y16       BUFG (Prop_bufg_I_O)         0.091    10.313 r  clk_wiz_inst/inst/clkout1_buf/O
                         net (fo=350, routed)         1.582    11.894    toppyty/rvsingle/dp/pcreg/clk_out1
    SLICE_X7Y114         FDRE                                         r  toppyty/rvsingle/dp/pcreg/qout_reg[31]/C
                         clock pessimism              0.577    12.471    
                         clock uncertainty           -0.119    12.353    
    SLICE_X7Y114         FDRE (Setup_fdre_C_D)        0.062    12.415    toppyty/rvsingle/dp/pcreg/qout_reg[31]
  -------------------------------------------------------------------
                         required time                         12.415    
                         arrival time                         -12.089    
  -------------------------------------------------------------------
                         slack                                  0.325    

Slack (MET) :             0.327ns  (required time - arrival time)
  Source:                 toppyty/rvsingle/dp/pcreg/qout_reg[6]/C
                            (rising edge-triggered cell FDRE clocked by clk_out1_clk_wiz_0  {rise@0.000ns fall@6.667ns period=13.333ns})
  Destination:            toppyty/rvsingle/dp/pcreg/qout_reg[3]/D
                            (rising edge-triggered cell FDRE clocked by clk_out1_clk_wiz_0  {rise@0.000ns fall@6.667ns period=13.333ns})
  Path Group:             clk_out1_clk_wiz_0
  Path Type:              Setup (Max at Slow Process Corner)
  Requirement:            13.333ns  (clk_out1_clk_wiz_0 rise@13.333ns - clk_out1_clk_wiz_0 rise@0.000ns)
  Data Path Delay:        12.665ns  (logic 2.647ns (20.900%)  route 10.018ns (79.100%))
  Logic Levels:           12  (CARRY4=1 LUT2=1 LUT4=3 LUT5=1 LUT6=5 RAMD32=1)
  Clock Path Skew:        0.000ns (DCD - SCD + CPR)
    Destination Clock Delay (DCD):    -1.436ns = ( 11.897 - 13.333 ) 
    Source Clock Delay      (SCD):    -0.834ns
    Clock Pessimism Removal (CPR):    0.602ns
  Clock Uncertainty:      0.119ns  ((TSJ^2 + DJ^2)^1/2) / 2 + PE
    Total System Jitter     (TSJ):    0.071ns
    Discrete Jitter          (DJ):    0.226ns
    Phase Error              (PE):    0.000ns

    Location             Delay type                Incr(ns)  Path(ns)    Netlist Resource(s)
  -------------------------------------------------------------------    -------------------
                         (clock clk_out1_clk_wiz_0 rise edge)
                                                      0.000     0.000 r  
    E3                                                0.000     0.000 r  clk_100MHz (IN)
                         net (fo=0)                   0.000     0.000    clk_wiz_inst/inst/clk_in1
    E3                   IBUF (Prop_ibuf_I_O)         1.482     1.482 r  clk_wiz_inst/inst/clkin1_ibufg/O
                         net (fo=1, routed)           1.233     2.715    clk_wiz_inst/inst/clk_in1_clk_wiz_0
    MMCME2_ADV_X1Y2      MMCME2_ADV (Prop_mmcme2_adv_CLKIN1_CLKOUT0)
                                                     -7.070    -4.355 r  clk_wiz_inst/inst/mmcm_adv_inst/CLKOUT0
                         net (fo=1, routed)           1.719    -2.636    clk_wiz_inst/inst/clk_out1_clk_wiz_0
    BUFGCTRL_X0Y16       BUFG (Prop_bufg_I_O)         0.096    -2.540 r  clk_wiz_inst/inst/clkout1_buf/O
                         net (fo=350, routed)         1.706    -0.834    toppyty/rvsingle/dp/pcreg/clk_out1
    SLICE_X6Y109         FDRE                                         r  toppyty/rvsingle/dp/pcreg/qout_reg[6]/C
  -------------------------------------------------------------------    -------------------
    SLICE_X6Y109         FDRE (Prop_fdre_C_Q)         0.518    -0.316 r  toppyty/rvsingle/dp/pcreg/qout_reg[6]/Q
                         net (fo=59, routed)          1.134     0.818    toppyty/rvsingle/dp/pcreg/PC__0[4]
    SLICE_X9Y108         LUT6 (Prop_lut6_I1_O)        0.124     0.942 r  toppyty/rvsingle/dp/pcreg/Reg_File_Block_reg_r1_0_31_0_5_i_9/O
                         net (fo=35, routed)          1.248     2.190    toppyty/rvsingle/dp/rf/Reg_File_Block_reg_r1_0_31_0_5/ADDRA2
    SLICE_X10Y105        RAMD32 (Prop_ramd32_RADR2_O)
                                                      0.148     2.338 f  toppyty/rvsingle/dp/rf/Reg_File_Block_reg_r1_0_31_0_5/RAMA/O
                         net (fo=9, routed)           0.965     3.303    toppyty/rvsingle/dp/pcreg/RD10[0]
    SLICE_X12Y102        LUT2 (Prop_lut2_I1_O)        0.328     3.631 f  toppyty/rvsingle/dp/pcreg/i__carry_i_1/O
                         net (fo=7, routed)           1.170     4.801    toppyty/rvsingle/dp/pcreg/qout_reg[2]_1
    SLICE_X12Y105        LUT6 (Prop_lut6_I0_O)        0.124     4.925 f  toppyty/rvsingle/dp/pcreg/Reg_File_Block_reg_r1_0_31_24_29_i_70/O
                         net (fo=4, routed)           0.684     5.609    toppyty/rvsingle/dp/pcreg/Reg_File_Block_reg_r1_0_31_24_29_i_38_0
    SLICE_X12Y106        LUT6 (Prop_lut6_I1_O)        0.124     5.733 f  toppyty/rvsingle/dp/pcreg/Reg_File_Block_reg_r1_0_31_24_29_i_62/O
                         net (fo=2, routed)           0.879     6.612    toppyty/rvsingle/dp/pcreg/Reg_File_Block_reg_r1_0_31_24_29_i_62_n_0
    SLICE_X8Y116         LUT4 (Prop_lut4_I1_O)        0.124     6.736 f  toppyty/rvsingle/dp/pcreg/Reg_File_Block_reg_r1_0_31_24_29_i_45/O
                         net (fo=1, routed)           0.424     7.160    toppyty/rvsingle/dp/pcreg/data8[26]
    SLICE_X11Y115        LUT6 (Prop_lut6_I1_O)        0.124     7.284 f  toppyty/rvsingle/dp/pcreg/Reg_File_Block_reg_r1_0_31_24_29_i_23/O
                         net (fo=1, routed)           0.436     7.720    toppyty/rvsingle/dp/pcreg/Reg_File_Block_reg_r1_0_31_24_29_i_23_n_0
    SLICE_X8Y115         LUT5 (Prop_lut5_I2_O)        0.124     7.844 f  toppyty/rvsingle/dp/pcreg/Reg_File_Block_reg_r1_0_31_24_29_i_10/O
                         net (fo=2, routed)           1.121     8.964    toppyty/rvsingle/dp/pcreg/DataAdr[26]
    SLICE_X3Y108         LUT4 (Prop_lut4_I3_O)        0.124     9.088 f  toppyty/rvsingle/dp/pcreg/qout[0]_i_4/O
                         net (fo=1, routed)           0.733     9.821    toppyty/rvsingle/dp/pcreg/qout[0]_i_4_n_0
    SLICE_X2Y107         LUT4 (Prop_lut4_I0_O)        0.124     9.945 r  toppyty/rvsingle/dp/pcreg/qout[0]_i_2/O
                         net (fo=33, routed)          0.248    10.193    toppyty/rvsingle/dp/pcreg/qout[0]_i_2_n_0
    SLICE_X2Y107         LUT6 (Prop_lut6_I1_O)        0.124    10.317 r  toppyty/rvsingle/dp/pcreg/qout[1]_i_2/O
                         net (fo=1, routed)           0.339    10.656    toppyty/rvsingle/dp/pcreg/qout[1]_i_2_n_0
    SLICE_X7Y107         CARRY4 (Prop_carry4_DI[1]_O[2])
                                                      0.537    11.193 r  toppyty/rvsingle/dp/pcreg/qout_reg[1]_i_1/O[2]
                         net (fo=1, routed)           0.638    11.831    toppyty/rvsingle/dp/pcreg/qout_reg[1]_i_1_n_5
    SLICE_X6Y109         FDRE                                         r  toppyty/rvsingle/dp/pcreg/qout_reg[3]/D
  -------------------------------------------------------------------    -------------------

                         (clock clk_out1_clk_wiz_0 rise edge)
                                                     13.333    13.333 r  
    E3                                                0.000    13.333 r  clk_100MHz (IN)
                         net (fo=0)                   0.000    13.333    clk_wiz_inst/inst/clk_in1
    E3                   IBUF (Prop_ibuf_I_O)         1.411    14.745 r  clk_wiz_inst/inst/clkin1_ibufg/O
                         net (fo=1, routed)           1.162    15.906    clk_wiz_inst/inst/clk_in1_clk_wiz_0
    MMCME2_ADV_X1Y2      MMCME2_ADV (Prop_mmcme2_adv_CLKIN1_CLKOUT0)
                                                     -7.324     8.583 r  clk_wiz_inst/inst/mmcm_adv_inst/CLKOUT0
                         net (fo=1, routed)           1.639    10.222    clk_wiz_inst/inst/clk_out1_clk_wiz_0
    BUFGCTRL_X0Y16       BUFG (Prop_bufg_I_O)         0.091    10.313 r  clk_wiz_inst/inst/clkout1_buf/O
                         net (fo=350, routed)         1.585    11.897    toppyty/rvsingle/dp/pcreg/clk_out1
    SLICE_X6Y109         FDRE                                         r  toppyty/rvsingle/dp/pcreg/qout_reg[3]/C
                         clock pessimism              0.602    12.499    
                         clock uncertainty           -0.119    12.381    
    SLICE_X6Y109         FDRE (Setup_fdre_C_D)       -0.223    12.158    toppyty/rvsingle/dp/pcreg/qout_reg[3]
  -------------------------------------------------------------------
                         required time                         12.158    
                         arrival time                         -11.831    
  -------------------------------------------------------------------
                         slack                                  0.327    

Slack (MET) :             0.338ns  (required time - arrival time)
  Source:                 toppyty/rvsingle/dp/pcreg/qout_reg[6]/C
                            (rising edge-triggered cell FDRE clocked by clk_out1_clk_wiz_0  {rise@0.000ns fall@6.667ns period=13.333ns})
  Destination:            toppyty/rvsingle/dp/pcreg/qout_reg[6]/D
                            (rising edge-triggered cell FDRE clocked by clk_out1_clk_wiz_0  {rise@0.000ns fall@6.667ns period=13.333ns})
  Path Group:             clk_out1_clk_wiz_0
  Path Type:              Setup (Max at Slow Process Corner)
  Requirement:            13.333ns  (clk_out1_clk_wiz_0 rise@13.333ns - clk_out1_clk_wiz_0 rise@0.000ns)
  Data Path Delay:        12.669ns  (logic 2.845ns (22.456%)  route 9.824ns (77.544%))
  Logic Levels:           13  (CARRY4=2 LUT2=1 LUT4=3 LUT5=1 LUT6=5 RAMD32=1)
  Clock Path Skew:        0.000ns (DCD - SCD + CPR)
    Destination Clock Delay (DCD):    -1.436ns = ( 11.897 - 13.333 ) 
    Source Clock Delay      (SCD):    -0.834ns
    Clock Pessimism Removal (CPR):    0.602ns
  Clock Uncertainty:      0.119ns  ((TSJ^2 + DJ^2)^1/2) / 2 + PE
    Total System Jitter     (TSJ):    0.071ns
    Discrete Jitter          (DJ):    0.226ns
    Phase Error              (PE):    0.000ns

    Location             Delay type                Incr(ns)  Path(ns)    Netlist Resource(s)
  -------------------------------------------------------------------    -------------------
                         (clock clk_out1_clk_wiz_0 rise edge)
                                                      0.000     0.000 r  
    E3                                                0.000     0.000 r  clk_100MHz (IN)
                         net (fo=0)                   0.000     0.000    clk_wiz_inst/inst/clk_in1
    E3                   IBUF (Prop_ibuf_I_O)         1.482     1.482 r  clk_wiz_inst/inst/clkin1_ibufg/O
                         net (fo=1, routed)           1.233     2.715    clk_wiz_inst/inst/clk_in1_clk_wiz_0
    MMCME2_ADV_X1Y2      MMCME2_ADV (Prop_mmcme2_adv_CLKIN1_CLKOUT0)
                                                     -7.070    -4.355 r  clk_wiz_inst/inst/mmcm_adv_inst/CLKOUT0
                         net (fo=1, routed)           1.719    -2.636    clk_wiz_inst/inst/clk_out1_clk_wiz_0
    BUFGCTRL_X0Y16       BUFG (Prop_bufg_I_O)         0.096    -2.540 r  clk_wiz_inst/inst/clkout1_buf/O
                         net (fo=350, routed)         1.706    -0.834    toppyty/rvsingle/dp/pcreg/clk_out1
    SLICE_X6Y109         FDRE                                         r  toppyty/rvsingle/dp/pcreg/qout_reg[6]/C
  -------------------------------------------------------------------    -------------------
    SLICE_X6Y109         FDRE (Prop_fdre_C_Q)         0.518    -0.316 r  toppyty/rvsingle/dp/pcreg/qout_reg[6]/Q
                         net (fo=59, routed)          1.134     0.818    toppyty/rvsingle/dp/pcreg/PC__0[4]
    SLICE_X9Y108         LUT6 (Prop_lut6_I1_O)        0.124     0.942 r  toppyty/rvsingle/dp/pcreg/Reg_File_Block_reg_r1_0_31_0_5_i_9/O
                         net (fo=35, routed)          1.248     2.190    toppyty/rvsingle/dp/rf/Reg_File_Block_reg_r1_0_31_0_5/ADDRA2
    SLICE_X10Y105        RAMD32 (Prop_ramd32_RADR2_O)
                                                      0.148     2.338 f  toppyty/rvsingle/dp/rf/Reg_File_Block_reg_r1_0_31_0_5/RAMA/O
                         net (fo=9, routed)           0.965     3.303    toppyty/rvsingle/dp/pcreg/RD10[0]
    SLICE_X12Y102        LUT2 (Prop_lut2_I1_O)        0.328     3.631 f  toppyty/rvsingle/dp/pcreg/i__carry_i_1/O
                         net (fo=7, routed)           1.170     4.801    toppyty/rvsingle/dp/pcreg/qout_reg[2]_1
    SLICE_X12Y105        LUT6 (Prop_lut6_I0_O)        0.124     4.925 f  toppyty/rvsingle/dp/pcreg/Reg_File_Block_reg_r1_0_31_24_29_i_70/O
                         net (fo=4, routed)           0.684     5.609    toppyty/rvsingle/dp/pcreg/Reg_File_Block_reg_r1_0_31_24_29_i_38_0
    SLICE_X12Y106        LUT6 (Prop_lut6_I1_O)        0.124     5.733 f  toppyty/rvsingle/dp/pcreg/Reg_File_Block_reg_r1_0_31_24_29_i_62/O
                         net (fo=2, routed)           0.879     6.612    toppyty/rvsingle/dp/pcreg/Reg_File_Block_reg_r1_0_31_24_29_i_62_n_0
    SLICE_X8Y116         LUT4 (Prop_lut4_I1_O)        0.124     6.736 f  toppyty/rvsingle/dp/pcreg/Reg_File_Block_reg_r1_0_31_24_29_i_45/O
                         net (fo=1, routed)           0.424     7.160    toppyty/rvsingle/dp/pcreg/data8[26]
    SLICE_X11Y115        LUT6 (Prop_lut6_I1_O)        0.124     7.284 f  toppyty/rvsingle/dp/pcreg/Reg_File_Block_reg_r1_0_31_24_29_i_23/O
                         net (fo=1, routed)           0.436     7.720    toppyty/rvsingle/dp/pcreg/Reg_File_Block_reg_r1_0_31_24_29_i_23_n_0
    SLICE_X8Y115         LUT5 (Prop_lut5_I2_O)        0.124     7.844 f  toppyty/rvsingle/dp/pcreg/Reg_File_Block_reg_r1_0_31_24_29_i_10/O
                         net (fo=2, routed)           1.121     8.964    toppyty/rvsingle/dp/pcreg/DataAdr[26]
    SLICE_X3Y108         LUT4 (Prop_lut4_I3_O)        0.124     9.088 f  toppyty/rvsingle/dp/pcreg/qout[0]_i_4/O
                         net (fo=1, routed)           0.733     9.821    toppyty/rvsingle/dp/pcreg/qout[0]_i_4_n_0
    SLICE_X2Y107         LUT4 (Prop_lut4_I0_O)        0.124     9.945 r  toppyty/rvsingle/dp/pcreg/qout[0]_i_2/O
                         net (fo=33, routed)          0.696    10.641    toppyty/rvsingle/dp/pcreg/qout[0]_i_2_n_0
    SLICE_X7Y107         LUT6 (Prop_lut6_I1_O)        0.124    10.765 r  toppyty/rvsingle/dp/pcreg/qout[1]_i_3/O
                         net (fo=1, routed)           0.000    10.765    toppyty/rvsingle/dp/pcreg/qout[1]_i_3_n_0
    SLICE_X7Y107         CARRY4 (Prop_carry4_S[3]_CO[3])
                                                      0.401    11.166 r  toppyty/rvsingle/dp/pcreg/qout_reg[1]_i_1/CO[3]
                         net (fo=1, routed)           0.000    11.166    toppyty/rvsingle/dp/pcreg/qout_reg[1]_i_1_n_0
    SLICE_X7Y108         CARRY4 (Prop_carry4_CI_O[1])
                                                      0.334    11.500 r  toppyty/rvsingle/dp/pcreg/qout_reg[5]_i_1/O[1]
                         net (fo=1, routed)           0.335    11.835    toppyty/rvsingle/dp/pcreg/qout_reg[5]_i_1_n_6
    SLICE_X6Y109         FDRE                                         r  toppyty/rvsingle/dp/pcreg/qout_reg[6]/D
  -------------------------------------------------------------------    -------------------

                         (clock clk_out1_clk_wiz_0 rise edge)
                                                     13.333    13.333 r  
    E3                                                0.000    13.333 r  clk_100MHz (IN)
                         net (fo=0)                   0.000    13.333    clk_wiz_inst/inst/clk_in1
    E3                   IBUF (Prop_ibuf_I_O)         1.411    14.745 r  clk_wiz_inst/inst/clkin1_ibufg/O
                         net (fo=1, routed)           1.162    15.906    clk_wiz_inst/inst/clk_in1_clk_wiz_0
    MMCME2_ADV_X1Y2      MMCME2_ADV (Prop_mmcme2_adv_CLKIN1_CLKOUT0)
                                                     -7.324     8.583 r  clk_wiz_inst/inst/mmcm_adv_inst/CLKOUT0
                         net (fo=1, routed)           1.639    10.222    clk_wiz_inst/inst/clk_out1_clk_wiz_0
    BUFGCTRL_X0Y16       BUFG (Prop_bufg_I_O)         0.091    10.313 r  clk_wiz_inst/inst/clkout1_buf/O
                         net (fo=350, routed)         1.585    11.897    toppyty/rvsingle/dp/pcreg/clk_out1
    SLICE_X6Y109         FDRE                                         r  toppyty/rvsingle/dp/pcreg/qout_reg[6]/C
                         clock pessimism              0.602    12.499    
                         clock uncertainty           -0.119    12.381    
    SLICE_X6Y109         FDRE (Setup_fdre_C_D)       -0.207    12.174    toppyty/rvsingle/dp/pcreg/qout_reg[6]
  -------------------------------------------------------------------
                         required time                         12.174    
                         arrival time                         -11.835    
  -------------------------------------------------------------------
                         slack                                  0.338    

Slack (MET) :             0.341ns  (required time - arrival time)
  Source:                 toppyty/rvsingle/dp/pcreg/qout_reg[6]/C
                            (rising edge-triggered cell FDRE clocked by clk_out1_clk_wiz_0  {rise@0.000ns fall@6.667ns period=13.333ns})
  Destination:            toppyty/rvsingle/dp/pcreg/qout_reg[29]/D
                            (rising edge-triggered cell FDRE clocked by clk_out1_clk_wiz_0  {rise@0.000ns fall@6.667ns period=13.333ns})
  Path Group:             clk_out1_clk_wiz_0
  Path Type:              Setup (Max at Slow Process Corner)
  Requirement:            13.333ns  (clk_out1_clk_wiz_0 rise@13.333ns - clk_out1_clk_wiz_0 rise@0.000ns)
  Data Path Delay:        12.908ns  (logic 3.418ns (26.481%)  route 9.490ns (73.519%))
  Logic Levels:           19  (CARRY4=8 LUT2=1 LUT4=3 LUT5=1 LUT6=5 RAMD32=1)
  Clock Path Skew:        -0.028ns (DCD - SCD + CPR)
    Destination Clock Delay (DCD):    -1.439ns = ( 11.894 - 13.333 ) 
    Source Clock Delay      (SCD):    -0.834ns
    Clock Pessimism Removal (CPR):    0.577ns
  Clock Uncertainty:      0.119ns  ((TSJ^2 + DJ^2)^1/2) / 2 + PE
    Total System Jitter     (TSJ):    0.071ns
    Discrete Jitter          (DJ):    0.226ns
    Phase Error              (PE):    0.000ns

    Location             Delay type                Incr(ns)  Path(ns)    Netlist Resource(s)
  -------------------------------------------------------------------    -------------------
                         (clock clk_out1_clk_wiz_0 rise edge)
                                                      0.000     0.000 r  
    E3                                                0.000     0.000 r  clk_100MHz (IN)
                         net (fo=0)                   0.000     0.000    clk_wiz_inst/inst/clk_in1
    E3                   IBUF (Prop_ibuf_I_O)         1.482     1.482 r  clk_wiz_inst/inst/clkin1_ibufg/O
                         net (fo=1, routed)           1.233     2.715    clk_wiz_inst/inst/clk_in1_clk_wiz_0
    MMCME2_ADV_X1Y2      MMCME2_ADV (Prop_mmcme2_adv_CLKIN1_CLKOUT0)
                                                     -7.070    -4.355 r  clk_wiz_inst/inst/mmcm_adv_inst/CLKOUT0
                         net (fo=1, routed)           1.719    -2.636    clk_wiz_inst/inst/clk_out1_clk_wiz_0
    BUFGCTRL_X0Y16       BUFG (Prop_bufg_I_O)         0.096    -2.540 r  clk_wiz_inst/inst/clkout1_buf/O
                         net (fo=350, routed)         1.706    -0.834    toppyty/rvsingle/dp/pcreg/clk_out1
    SLICE_X6Y109         FDRE                                         r  toppyty/rvsingle/dp/pcreg/qout_reg[6]/C
  -------------------------------------------------------------------    -------------------
    SLICE_X6Y109         FDRE (Prop_fdre_C_Q)         0.518    -0.316 r  toppyty/rvsingle/dp/pcreg/qout_reg[6]/Q
                         net (fo=59, routed)          1.134     0.818    toppyty/rvsingle/dp/pcreg/PC__0[4]
    SLICE_X9Y108         LUT6 (Prop_lut6_I1_O)        0.124     0.942 r  toppyty/rvsingle/dp/pcreg/Reg_File_Block_reg_r1_0_31_0_5_i_9/O
                         net (fo=35, routed)          1.248     2.190    toppyty/rvsingle/dp/rf/Reg_File_Block_reg_r1_0_31_0_5/ADDRA2
    SLICE_X10Y105        RAMD32 (Prop_ramd32_RADR2_O)
                                                      0.148     2.338 f  toppyty/rvsingle/dp/rf/Reg_File_Block_reg_r1_0_31_0_5/RAMA/O
                         net (fo=9, routed)           0.965     3.303    toppyty/rvsingle/dp/pcreg/RD10[0]
    SLICE_X12Y102        LUT2 (Prop_lut2_I1_O)        0.328     3.631 f  toppyty/rvsingle/dp/pcreg/i__carry_i_1/O
                         net (fo=7, routed)           1.170     4.801    toppyty/rvsingle/dp/pcreg/qout_reg[2]_1
    SLICE_X12Y105        LUT6 (Prop_lut6_I0_O)        0.124     4.925 f  toppyty/rvsingle/dp/pcreg/Reg_File_Block_reg_r1_0_31_24_29_i_70/O
                         net (fo=4, routed)           0.684     5.609    toppyty/rvsingle/dp/pcreg/Reg_File_Block_reg_r1_0_31_24_29_i_38_0
    SLICE_X12Y106        LUT6 (Prop_lut6_I1_O)        0.124     5.733 f  toppyty/rvsingle/dp/pcreg/Reg_File_Block_reg_r1_0_31_24_29_i_62/O
                         net (fo=2, routed)           0.879     6.612    toppyty/rvsingle/dp/pcreg/Reg_File_Block_reg_r1_0_31_24_29_i_62_n_0
    SLICE_X8Y116         LUT4 (Prop_lut4_I1_O)        0.124     6.736 f  toppyty/rvsingle/dp/pcreg/Reg_File_Block_reg_r1_0_31_24_29_i_45/O
                         net (fo=1, routed)           0.424     7.160    toppyty/rvsingle/dp/pcreg/data8[26]
    SLICE_X11Y115        LUT6 (Prop_lut6_I1_O)        0.124     7.284 f  toppyty/rvsingle/dp/pcreg/Reg_File_Block_reg_r1_0_31_24_29_i_23/O
                         net (fo=1, routed)           0.436     7.720    toppyty/rvsingle/dp/pcreg/Reg_File_Block_reg_r1_0_31_24_29_i_23_n_0
    SLICE_X8Y115         LUT5 (Prop_lut5_I2_O)        0.124     7.844 f  toppyty/rvsingle/dp/pcreg/Reg_File_Block_reg_r1_0_31_24_29_i_10/O
                         net (fo=2, routed)           1.121     8.964    toppyty/rvsingle/dp/pcreg/DataAdr[26]
    SLICE_X3Y108         LUT4 (Prop_lut4_I3_O)        0.124     9.088 f  toppyty/rvsingle/dp/pcreg/qout[0]_i_4/O
                         net (fo=1, routed)           0.733     9.821    toppyty/rvsingle/dp/pcreg/qout[0]_i_4_n_0
    SLICE_X2Y107         LUT4 (Prop_lut4_I0_O)        0.124     9.945 r  toppyty/rvsingle/dp/pcreg/qout[0]_i_2/O
                         net (fo=33, routed)          0.696    10.641    toppyty/rvsingle/dp/pcreg/qout[0]_i_2_n_0
    SLICE_X7Y107         LUT6 (Prop_lut6_I1_O)        0.124    10.765 r  toppyty/rvsingle/dp/pcreg/qout[1]_i_3/O
                         net (fo=1, routed)           0.000    10.765    toppyty/rvsingle/dp/pcreg/qout[1]_i_3_n_0
    SLICE_X7Y107         CARRY4 (Prop_carry4_S[3]_CO[3])
                                                      0.401    11.166 r  toppyty/rvsingle/dp/pcreg/qout_reg[1]_i_1/CO[3]
                         net (fo=1, routed)           0.000    11.166    toppyty/rvsingle/dp/pcreg/qout_reg[1]_i_1_n_0
    SLICE_X7Y108         CARRY4 (Prop_carry4_CI_CO[3])
                                                      0.114    11.280 r  toppyty/rvsingle/dp/pcreg/qout_reg[5]_i_1/CO[3]
                         net (fo=1, routed)           0.000    11.280    toppyty/rvsingle/dp/pcreg/qout_reg[5]_i_1_n_0
    SLICE_X7Y109         CARRY4 (Prop_carry4_CI_CO[3])
                                                      0.114    11.394 r  toppyty/rvsingle/dp/pcreg/qout_reg[9]_i_1/CO[3]
                         net (fo=1, routed)           0.000    11.394    toppyty/rvsingle/dp/pcreg/qout_reg[9]_i_1_n_0
    SLICE_X7Y110         CARRY4 (Prop_carry4_CI_CO[3])
                                                      0.114    11.508 r  toppyty/rvsingle/dp/pcreg/qout_reg[13]_i_1/CO[3]
                         net (fo=1, routed)           0.000    11.508    toppyty/rvsingle/dp/pcreg/qout_reg[13]_i_1_n_0
    SLICE_X7Y111         CARRY4 (Prop_carry4_CI_CO[3])
                                                      0.114    11.622 r  toppyty/rvsingle/dp/pcreg/qout_reg[17]_i_1/CO[3]
                         net (fo=1, routed)           0.000    11.622    toppyty/rvsingle/dp/pcreg/qout_reg[17]_i_1_n_0
    SLICE_X7Y112         CARRY4 (Prop_carry4_CI_CO[3])
                                                      0.114    11.736 r  toppyty/rvsingle/dp/pcreg/qout_reg[21]_i_1/CO[3]
                         net (fo=1, routed)           0.000    11.736    toppyty/rvsingle/dp/pcreg/qout_reg[21]_i_1_n_0
    SLICE_X7Y113         CARRY4 (Prop_carry4_CI_CO[3])
                                                      0.114    11.850 r  toppyty/rvsingle/dp/pcreg/qout_reg[25]_i_1/CO[3]
                         net (fo=1, routed)           0.000    11.850    toppyty/rvsingle/dp/pcreg/qout_reg[25]_i_1_n_0
    SLICE_X7Y114         CARRY4 (Prop_carry4_CI_O[0])
                                                      0.223    12.073 r  toppyty/rvsingle/dp/pcreg/qout_reg[29]_i_1/O[0]
                         net (fo=1, routed)           0.000    12.073    toppyty/rvsingle/dp/pcreg/qout_reg[29]_i_1_n_7
    SLICE_X7Y114         FDRE                                         r  toppyty/rvsingle/dp/pcreg/qout_reg[29]/D
  -------------------------------------------------------------------    -------------------

                         (clock clk_out1_clk_wiz_0 rise edge)
                                                     13.333    13.333 r  
    E3                                                0.000    13.333 r  clk_100MHz (IN)
                         net (fo=0)                   0.000    13.333    clk_wiz_inst/inst/clk_in1
    E3                   IBUF (Prop_ibuf_I_O)         1.411    14.745 r  clk_wiz_inst/inst/clkin1_ibufg/O
                         net (fo=1, routed)           1.162    15.906    clk_wiz_inst/inst/clk_in1_clk_wiz_0
    MMCME2_ADV_X1Y2      MMCME2_ADV (Prop_mmcme2_adv_CLKIN1_CLKOUT0)
                                                     -7.324     8.583 r  clk_wiz_inst/inst/mmcm_adv_inst/CLKOUT0
                         net (fo=1, routed)           1.639    10.222    clk_wiz_inst/inst/clk_out1_clk_wiz_0
    BUFGCTRL_X0Y16       BUFG (Prop_bufg_I_O)         0.091    10.313 r  clk_wiz_inst/inst/clkout1_buf/O
                         net (fo=350, routed)         1.582    11.894    toppyty/rvsingle/dp/pcreg/clk_out1
    SLICE_X7Y114         FDRE                                         r  toppyty/rvsingle/dp/pcreg/qout_reg[29]/C
                         clock pessimism              0.577    12.471    
                         clock uncertainty           -0.119    12.353    
    SLICE_X7Y114         FDRE (Setup_fdre_C_D)        0.062    12.415    toppyty/rvsingle/dp/pcreg/qout_reg[29]
  -------------------------------------------------------------------
                         required time                         12.415    
                         arrival time                         -12.073    
  -------------------------------------------------------------------
                         slack                                  0.341    

Slack (MET) :             0.344ns  (required time - arrival time)
  Source:                 toppyty/rvsingle/dp/pcreg/qout_reg[6]/C
                            (rising edge-triggered cell FDRE clocked by clk_out1_clk_wiz_0  {rise@0.000ns fall@6.667ns period=13.333ns})
  Destination:            toppyty/rvsingle/dp/pcreg/qout_reg[26]/D
                            (rising edge-triggered cell FDRE clocked by clk_out1_clk_wiz_0  {rise@0.000ns fall@6.667ns period=13.333ns})
  Path Group:             clk_out1_clk_wiz_0
  Path Type:              Setup (Max at Slow Process Corner)
  Requirement:            13.333ns  (clk_out1_clk_wiz_0 rise@13.333ns - clk_out1_clk_wiz_0 rise@0.000ns)
  Data Path Delay:        12.905ns  (logic 3.415ns (26.464%)  route 9.490ns (73.536%))
  Logic Levels:           18  (CARRY4=7 LUT2=1 LUT4=3 LUT5=1 LUT6=5 RAMD32=1)
  Clock Path Skew:        -0.028ns (DCD - SCD + CPR)
    Destination Clock Delay (DCD):    -1.439ns = ( 11.894 - 13.333 ) 
    Source Clock Delay      (SCD):    -0.834ns
    Clock Pessimism Removal (CPR):    0.577ns
  Clock Uncertainty:      0.119ns  ((TSJ^2 + DJ^2)^1/2) / 2 + PE
    Total System Jitter     (TSJ):    0.071ns
    Discrete Jitter          (DJ):    0.226ns
    Phase Error              (PE):    0.000ns

    Location             Delay type                Incr(ns)  Path(ns)    Netlist Resource(s)
  -------------------------------------------------------------------    -------------------
                         (clock clk_out1_clk_wiz_0 rise edge)
                                                      0.000     0.000 r  
    E3                                                0.000     0.000 r  clk_100MHz (IN)
                         net (fo=0)                   0.000     0.000    clk_wiz_inst/inst/clk_in1
    E3                   IBUF (Prop_ibuf_I_O)         1.482     1.482 r  clk_wiz_inst/inst/clkin1_ibufg/O
                         net (fo=1, routed)           1.233     2.715    clk_wiz_inst/inst/clk_in1_clk_wiz_0
    MMCME2_ADV_X1Y2      MMCME2_ADV (Prop_mmcme2_adv_CLKIN1_CLKOUT0)
                                                     -7.070    -4.355 r  clk_wiz_inst/inst/mmcm_adv_inst/CLKOUT0
                         net (fo=1, routed)           1.719    -2.636    clk_wiz_inst/inst/clk_out1_clk_wiz_0
    BUFGCTRL_X0Y16       BUFG (Prop_bufg_I_O)         0.096    -2.540 r  clk_wiz_inst/inst/clkout1_buf/O
                         net (fo=350, routed)         1.706    -0.834    toppyty/rvsingle/dp/pcreg/clk_out1
    SLICE_X6Y109         FDRE                                         r  toppyty/rvsingle/dp/pcreg/qout_reg[6]/C
  -------------------------------------------------------------------    -------------------
    SLICE_X6Y109         FDRE (Prop_fdre_C_Q)         0.518    -0.316 r  toppyty/rvsingle/dp/pcreg/qout_reg[6]/Q
                         net (fo=59, routed)          1.134     0.818    toppyty/rvsingle/dp/pcreg/PC__0[4]
    SLICE_X9Y108         LUT6 (Prop_lut6_I1_O)        0.124     0.942 r  toppyty/rvsingle/dp/pcreg/Reg_File_Block_reg_r1_0_31_0_5_i_9/O
                         net (fo=35, routed)          1.248     2.190    toppyty/rvsingle/dp/rf/Reg_File_Block_reg_r1_0_31_0_5/ADDRA2
    SLICE_X10Y105        RAMD32 (Prop_ramd32_RADR2_O)
                                                      0.148     2.338 f  toppyty/rvsingle/dp/rf/Reg_File_Block_reg_r1_0_31_0_5/RAMA/O
                         net (fo=9, routed)           0.965     3.303    toppyty/rvsingle/dp/pcreg/RD10[0]
    SLICE_X12Y102        LUT2 (Prop_lut2_I1_O)        0.328     3.631 f  toppyty/rvsingle/dp/pcreg/i__carry_i_1/O
                         net (fo=7, routed)           1.170     4.801    toppyty/rvsingle/dp/pcreg/qout_reg[2]_1
    SLICE_X12Y105        LUT6 (Prop_lut6_I0_O)        0.124     4.925 f  toppyty/rvsingle/dp/pcreg/Reg_File_Block_reg_r1_0_31_24_29_i_70/O
                         net (fo=4, routed)           0.684     5.609    toppyty/rvsingle/dp/pcreg/Reg_File_Block_reg_r1_0_31_24_29_i_38_0
    SLICE_X12Y106        LUT6 (Prop_lut6_I1_O)        0.124     5.733 f  toppyty/rvsingle/dp/pcreg/Reg_File_Block_reg_r1_0_31_24_29_i_62/O
                         net (fo=2, routed)           0.879     6.612    toppyty/rvsingle/dp/pcreg/Reg_File_Block_reg_r1_0_31_24_29_i_62_n_0
    SLICE_X8Y116         LUT4 (Prop_lut4_I1_O)        0.124     6.736 f  toppyty/rvsingle/dp/pcreg/Reg_File_Block_reg_r1_0_31_24_29_i_45/O
                         net (fo=1, routed)           0.424     7.160    toppyty/rvsingle/dp/pcreg/data8[26]
    SLICE_X11Y115        LUT6 (Prop_lut6_I1_O)        0.124     7.284 f  toppyty/rvsingle/dp/pcreg/Reg_File_Block_reg_r1_0_31_24_29_i_23/O
                         net (fo=1, routed)           0.436     7.720    toppyty/rvsingle/dp/pcreg/Reg_File_Block_reg_r1_0_31_24_29_i_23_n_0
    SLICE_X8Y115         LUT5 (Prop_lut5_I2_O)        0.124     7.844 f  toppyty/rvsingle/dp/pcreg/Reg_File_Block_reg_r1_0_31_24_29_i_10/O
                         net (fo=2, routed)           1.121     8.964    toppyty/rvsingle/dp/pcreg/DataAdr[26]
    SLICE_X3Y108         LUT4 (Prop_lut4_I3_O)        0.124     9.088 f  toppyty/rvsingle/dp/pcreg/qout[0]_i_4/O
                         net (fo=1, routed)           0.733     9.821    toppyty/rvsingle/dp/pcreg/qout[0]_i_4_n_0
    SLICE_X2Y107         LUT4 (Prop_lut4_I0_O)        0.124     9.945 r  toppyty/rvsingle/dp/pcreg/qout[0]_i_2/O
                         net (fo=33, routed)          0.696    10.641    toppyty/rvsingle/dp/pcreg/qout[0]_i_2_n_0
    SLICE_X7Y107         LUT6 (Prop_lut6_I1_O)        0.124    10.765 r  toppyty/rvsingle/dp/pcreg/qout[1]_i_3/O
                         net (fo=1, routed)           0.000    10.765    toppyty/rvsingle/dp/pcreg/qout[1]_i_3_n_0
    SLICE_X7Y107         CARRY4 (Prop_carry4_S[3]_CO[3])
                                                      0.401    11.166 r  toppyty/rvsingle/dp/pcreg/qout_reg[1]_i_1/CO[3]
                         net (fo=1, routed)           0.000    11.166    toppyty/rvsingle/dp/pcreg/qout_reg[1]_i_1_n_0
    SLICE_X7Y108         CARRY4 (Prop_carry4_CI_CO[3])
                                                      0.114    11.280 r  toppyty/rvsingle/dp/pcreg/qout_reg[5]_i_1/CO[3]
                         net (fo=1, routed)           0.000    11.280    toppyty/rvsingle/dp/pcreg/qout_reg[5]_i_1_n_0
    SLICE_X7Y109         CARRY4 (Prop_carry4_CI_CO[3])
                                                      0.114    11.394 r  toppyty/rvsingle/dp/pcreg/qout_reg[9]_i_1/CO[3]
                         net (fo=1, routed)           0.000    11.394    toppyty/rvsingle/dp/pcreg/qout_reg[9]_i_1_n_0
    SLICE_X7Y110         CARRY4 (Prop_carry4_CI_CO[3])
                                                      0.114    11.508 r  toppyty/rvsingle/dp/pcreg/qout_reg[13]_i_1/CO[3]
                         net (fo=1, routed)           0.000    11.508    toppyty/rvsingle/dp/pcreg/qout_reg[13]_i_1_n_0
    SLICE_X7Y111         CARRY4 (Prop_carry4_CI_CO[3])
                                                      0.114    11.622 r  toppyty/rvsingle/dp/pcreg/qout_reg[17]_i_1/CO[3]
                         net (fo=1, routed)           0.000    11.622    toppyty/rvsingle/dp/pcreg/qout_reg[17]_i_1_n_0
    SLICE_X7Y112         CARRY4 (Prop_carry4_CI_CO[3])
                                                      0.114    11.736 r  toppyty/rvsingle/dp/pcreg/qout_reg[21]_i_1/CO[3]
                         net (fo=1, routed)           0.000    11.736    toppyty/rvsingle/dp/pcreg/qout_reg[21]_i_1_n_0
    SLICE_X7Y113         CARRY4 (Prop_carry4_CI_O[1])
                                                      0.334    12.070 r  toppyty/rvsingle/dp/pcreg/qout_reg[25]_i_1/O[1]
                         net (fo=1, routed)           0.000    12.070    toppyty/rvsingle/dp/pcreg/qout_reg[25]_i_1_n_6
    SLICE_X7Y113         FDRE                                         r  toppyty/rvsingle/dp/pcreg/qout_reg[26]/D
  -------------------------------------------------------------------    -------------------

                         (clock clk_out1_clk_wiz_0 rise edge)
                                                     13.333    13.333 r  
    E3                                                0.000    13.333 r  clk_100MHz (IN)
                         net (fo=0)                   0.000    13.333    clk_wiz_inst/inst/clk_in1
    E3                   IBUF (Prop_ibuf_I_O)         1.411    14.745 r  clk_wiz_inst/inst/clkin1_ibufg/O
                         net (fo=1, routed)           1.162    15.906    clk_wiz_inst/inst/clk_in1_clk_wiz_0
    MMCME2_ADV_X1Y2      MMCME2_ADV (Prop_mmcme2_adv_CLKIN1_CLKOUT0)
                                                     -7.324     8.583 r  clk_wiz_inst/inst/mmcm_adv_inst/CLKOUT0
                         net (fo=1, routed)           1.639    10.222    clk_wiz_inst/inst/clk_out1_clk_wiz_0
    BUFGCTRL_X0Y16       BUFG (Prop_bufg_I_O)         0.091    10.313 r  clk_wiz_inst/inst/clkout1_buf/O
                         net (fo=350, routed)         1.582    11.894    toppyty/rvsingle/dp/pcreg/clk_out1
    SLICE_X7Y113         FDRE                                         r  toppyty/rvsingle/dp/pcreg/qout_reg[26]/C
                         clock pessimism              0.577    12.471    
                         clock uncertainty           -0.119    12.353    
    SLICE_X7Y113         FDRE (Setup_fdre_C_D)        0.062    12.415    toppyty/rvsingle/dp/pcreg/qout_reg[26]
  -------------------------------------------------------------------
                         required time                         12.415    
                         arrival time                         -12.070    
  -------------------------------------------------------------------
                         slack                                  0.344    

Slack (MET) :             0.365ns  (required time - arrival time)
  Source:                 toppyty/rvsingle/dp/pcreg/qout_reg[6]/C
                            (rising edge-triggered cell FDRE clocked by clk_out1_clk_wiz_0  {rise@0.000ns fall@6.667ns period=13.333ns})
  Destination:            toppyty/rvsingle/dp/pcreg/qout_reg[28]/D
                            (rising edge-triggered cell FDRE clocked by clk_out1_clk_wiz_0  {rise@0.000ns fall@6.667ns period=13.333ns})
  Path Group:             clk_out1_clk_wiz_0
  Path Type:              Setup (Max at Slow Process Corner)
  Requirement:            13.333ns  (clk_out1_clk_wiz_0 rise@13.333ns - clk_out1_clk_wiz_0 rise@0.000ns)
  Data Path Delay:        12.884ns  (logic 3.394ns (26.344%)  route 9.490ns (73.656%))
  Logic Levels:           18  (CARRY4=7 LUT2=1 LUT4=3 LUT5=1 LUT6=5 RAMD32=1)
  Clock Path Skew:        -0.028ns (DCD - SCD + CPR)
    Destination Clock Delay (DCD):    -1.439ns = ( 11.894 - 13.333 ) 
    Source Clock Delay      (SCD):    -0.834ns
    Clock Pessimism Removal (CPR):    0.577ns
  Clock Uncertainty:      0.119ns  ((TSJ^2 + DJ^2)^1/2) / 2 + PE
    Total System Jitter     (TSJ):    0.071ns
    Discrete Jitter          (DJ):    0.226ns
    Phase Error              (PE):    0.000ns

    Location             Delay type                Incr(ns)  Path(ns)    Netlist Resource(s)
  -------------------------------------------------------------------    -------------------
                         (clock clk_out1_clk_wiz_0 rise edge)
                                                      0.000     0.000 r  
    E3                                                0.000     0.000 r  clk_100MHz (IN)
                         net (fo=0)                   0.000     0.000    clk_wiz_inst/inst/clk_in1
    E3                   IBUF (Prop_ibuf_I_O)         1.482     1.482 r  clk_wiz_inst/inst/clkin1_ibufg/O
                         net (fo=1, routed)           1.233     2.715    clk_wiz_inst/inst/clk_in1_clk_wiz_0
    MMCME2_ADV_X1Y2      MMCME2_ADV (Prop_mmcme2_adv_CLKIN1_CLKOUT0)
                                                     -7.070    -4.355 r  clk_wiz_inst/inst/mmcm_adv_inst/CLKOUT0
                         net (fo=1, routed)           1.719    -2.636    clk_wiz_inst/inst/clk_out1_clk_wiz_0
    BUFGCTRL_X0Y16       BUFG (Prop_bufg_I_O)         0.096    -2.540 r  clk_wiz_inst/inst/clkout1_buf/O
                         net (fo=350, routed)         1.706    -0.834    toppyty/rvsingle/dp/pcreg/clk_out1
    SLICE_X6Y109         FDRE                                         r  toppyty/rvsingle/dp/pcreg/qout_reg[6]/C
  -------------------------------------------------------------------    -------------------
    SLICE_X6Y109         FDRE (Prop_fdre_C_Q)         0.518    -0.316 r  toppyty/rvsingle/dp/pcreg/qout_reg[6]/Q
                         net (fo=59, routed)          1.134     0.818    toppyty/rvsingle/dp/pcreg/PC__0[4]
    SLICE_X9Y108         LUT6 (Prop_lut6_I1_O)        0.124     0.942 r  toppyty/rvsingle/dp/pcreg/Reg_File_Block_reg_r1_0_31_0_5_i_9/O
                         net (fo=35, routed)          1.248     2.190    toppyty/rvsingle/dp/rf/Reg_File_Block_reg_r1_0_31_0_5/ADDRA2
    SLICE_X10Y105        RAMD32 (Prop_ramd32_RADR2_O)
                                                      0.148     2.338 f  toppyty/rvsingle/dp/rf/Reg_File_Block_reg_r1_0_31_0_5/RAMA/O
                         net (fo=9, routed)           0.965     3.303    toppyty/rvsingle/dp/pcreg/RD10[0]
    SLICE_X12Y102        LUT2 (Prop_lut2_I1_O)        0.328     3.631 f  toppyty/rvsingle/dp/pcreg/i__carry_i_1/O
                         net (fo=7, routed)           1.170     4.801    toppyty/rvsingle/dp/pcreg/qout_reg[2]_1
    SLICE_X12Y105        LUT6 (Prop_lut6_I0_O)        0.124     4.925 f  toppyty/rvsingle/dp/pcreg/Reg_File_Block_reg_r1_0_31_24_29_i_70/O
                         net (fo=4, routed)           0.684     5.609    toppyty/rvsingle/dp/pcreg/Reg_File_Block_reg_r1_0_31_24_29_i_38_0
    SLICE_X12Y106        LUT6 (Prop_lut6_I1_O)        0.124     5.733 f  toppyty/rvsingle/dp/pcreg/Reg_File_Block_reg_r1_0_31_24_29_i_62/O
                         net (fo=2, routed)           0.879     6.612    toppyty/rvsingle/dp/pcreg/Reg_File_Block_reg_r1_0_31_24_29_i_62_n_0
    SLICE_X8Y116         LUT4 (Prop_lut4_I1_O)        0.124     6.736 f  toppyty/rvsingle/dp/pcreg/Reg_File_Block_reg_r1_0_31_24_29_i_45/O
                         net (fo=1, routed)           0.424     7.160    toppyty/rvsingle/dp/pcreg/data8[26]
    SLICE_X11Y115        LUT6 (Prop_lut6_I1_O)        0.124     7.284 f  toppyty/rvsingle/dp/pcreg/Reg_File_Block_reg_r1_0_31_24_29_i_23/O
                         net (fo=1, routed)           0.436     7.720    toppyty/rvsingle/dp/pcreg/Reg_File_Block_reg_r1_0_31_24_29_i_23_n_0
    SLICE_X8Y115         LUT5 (Prop_lut5_I2_O)        0.124     7.844 f  toppyty/rvsingle/dp/pcreg/Reg_File_Block_reg_r1_0_31_24_29_i_10/O
                         net (fo=2, routed)           1.121     8.964    toppyty/rvsingle/dp/pcreg/DataAdr[26]
    SLICE_X3Y108         LUT4 (Prop_lut4_I3_O)        0.124     9.088 f  toppyty/rvsingle/dp/pcreg/qout[0]_i_4/O
                         net (fo=1, routed)           0.733     9.821    toppyty/rvsingle/dp/pcreg/qout[0]_i_4_n_0
    SLICE_X2Y107         LUT4 (Prop_lut4_I0_O)        0.124     9.945 r  toppyty/rvsingle/dp/pcreg/qout[0]_i_2/O
                         net (fo=33, routed)          0.696    10.641    toppyty/rvsingle/dp/pcreg/qout[0]_i_2_n_0
    SLICE_X7Y107         LUT6 (Prop_lut6_I1_O)        0.124    10.765 r  toppyty/rvsingle/dp/pcreg/qout[1]_i_3/O
                         net (fo=1, routed)           0.000    10.765    toppyty/rvsingle/dp/pcreg/qout[1]_i_3_n_0
    SLICE_X7Y107         CARRY4 (Prop_carry4_S[3]_CO[3])
                                                      0.401    11.166 r  toppyty/rvsingle/dp/pcreg/qout_reg[1]_i_1/CO[3]
                         net (fo=1, routed)           0.000    11.166    toppyty/rvsingle/dp/pcreg/qout_reg[1]_i_1_n_0
    SLICE_X7Y108         CARRY4 (Prop_carry4_CI_CO[3])
                                                      0.114    11.280 r  toppyty/rvsingle/dp/pcreg/qout_reg[5]_i_1/CO[3]
                         net (fo=1, routed)           0.000    11.280    toppyty/rvsingle/dp/pcreg/qout_reg[5]_i_1_n_0
    SLICE_X7Y109         CARRY4 (Prop_carry4_CI_CO[3])
                                                      0.114    11.394 r  toppyty/rvsingle/dp/pcreg/qout_reg[9]_i_1/CO[3]
                         net (fo=1, routed)           0.000    11.394    toppyty/rvsingle/dp/pcreg/qout_reg[9]_i_1_n_0
    SLICE_X7Y110         CARRY4 (Prop_carry4_CI_CO[3])
                                                      0.114    11.508 r  toppyty/rvsingle/dp/pcreg/qout_reg[13]_i_1/CO[3]
                         net (fo=1, routed)           0.000    11.508    toppyty/rvsingle/dp/pcreg/qout_reg[13]_i_1_n_0
    SLICE_X7Y111         CARRY4 (Prop_carry4_CI_CO[3])
                                                      0.114    11.622 r  toppyty/rvsingle/dp/pcreg/qout_reg[17]_i_1/CO[3]
                         net (fo=1, routed)           0.000    11.622    toppyty/rvsingle/dp/pcreg/qout_reg[17]_i_1_n_0
    SLICE_X7Y112         CARRY4 (Prop_carry4_CI_CO[3])
                                                      0.114    11.736 r  toppyty/rvsingle/dp/pcreg/qout_reg[21]_i_1/CO[3]
                         net (fo=1, routed)           0.000    11.736    toppyty/rvsingle/dp/pcreg/qout_reg[21]_i_1_n_0
    SLICE_X7Y113         CARRY4 (Prop_carry4_CI_O[3])
                                                      0.313    12.049 r  toppyty/rvsingle/dp/pcreg/qout_reg[25]_i_1/O[3]
                         net (fo=1, routed)           0.000    12.049    toppyty/rvsingle/dp/pcreg/qout_reg[25]_i_1_n_4
    SLICE_X7Y113         FDRE                                         r  toppyty/rvsingle/dp/pcreg/qout_reg[28]/D
  -------------------------------------------------------------------    -------------------

                         (clock clk_out1_clk_wiz_0 rise edge)
                                                     13.333    13.333 r  
    E3                                                0.000    13.333 r  clk_100MHz (IN)
                         net (fo=0)                   0.000    13.333    clk_wiz_inst/inst/clk_in1
    E3                   IBUF (Prop_ibuf_I_O)         1.411    14.745 r  clk_wiz_inst/inst/clkin1_ibufg/O
                         net (fo=1, routed)           1.162    15.906    clk_wiz_inst/inst/clk_in1_clk_wiz_0
    MMCME2_ADV_X1Y2      MMCME2_ADV (Prop_mmcme2_adv_CLKIN1_CLKOUT0)
                                                     -7.324     8.583 r  clk_wiz_inst/inst/mmcm_adv_inst/CLKOUT0
                         net (fo=1, routed)           1.639    10.222    clk_wiz_inst/inst/clk_out1_clk_wiz_0
    BUFGCTRL_X0Y16       BUFG (Prop_bufg_I_O)         0.091    10.313 r  clk_wiz_inst/inst/clkout1_buf/O
                         net (fo=350, routed)         1.582    11.894    toppyty/rvsingle/dp/pcreg/clk_out1
    SLICE_X7Y113         FDRE                                         r  toppyty/rvsingle/dp/pcreg/qout_reg[28]/C
                         clock pessimism              0.577    12.471    
                         clock uncertainty           -0.119    12.353    
    SLICE_X7Y113         FDRE (Setup_fdre_C_D)        0.062    12.415    toppyty/rvsingle/dp/pcreg/qout_reg[28]
  -------------------------------------------------------------------
                         required time                         12.415    
                         arrival time                         -12.049    
  -------------------------------------------------------------------
                         slack                                  0.365    

Slack (MET) :             0.439ns  (required time - arrival time)
  Source:                 toppyty/rvsingle/dp/pcreg/qout_reg[6]/C
                            (rising edge-triggered cell FDRE clocked by clk_out1_clk_wiz_0  {rise@0.000ns fall@6.667ns period=13.333ns})
  Destination:            toppyty/rvsingle/dp/pcreg/qout_reg[27]/D
                            (rising edge-triggered cell FDRE clocked by clk_out1_clk_wiz_0  {rise@0.000ns fall@6.667ns period=13.333ns})
  Path Group:             clk_out1_clk_wiz_0
  Path Type:              Setup (Max at Slow Process Corner)
  Requirement:            13.333ns  (clk_out1_clk_wiz_0 rise@13.333ns - clk_out1_clk_wiz_0 rise@0.000ns)
  Data Path Delay:        12.810ns  (logic 3.320ns (25.918%)  route 9.490ns (74.082%))
  Logic Levels:           18  (CARRY4=7 LUT2=1 LUT4=3 LUT5=1 LUT6=5 RAMD32=1)
  Clock Path Skew:        -0.028ns (DCD - SCD + CPR)
    Destination Clock Delay (DCD):    -1.439ns = ( 11.894 - 13.333 ) 
    Source Clock Delay      (SCD):    -0.834ns
    Clock Pessimism Removal (CPR):    0.577ns
  Clock Uncertainty:      0.119ns  ((TSJ^2 + DJ^2)^1/2) / 2 + PE
    Total System Jitter     (TSJ):    0.071ns
    Discrete Jitter          (DJ):    0.226ns
    Phase Error              (PE):    0.000ns

    Location             Delay type                Incr(ns)  Path(ns)    Netlist Resource(s)
  -------------------------------------------------------------------    -------------------
                         (clock clk_out1_clk_wiz_0 rise edge)
                                                      0.000     0.000 r  
    E3                                                0.000     0.000 r  clk_100MHz (IN)
                         net (fo=0)                   0.000     0.000    clk_wiz_inst/inst/clk_in1
    E3                   IBUF (Prop_ibuf_I_O)         1.482     1.482 r  clk_wiz_inst/inst/clkin1_ibufg/O
                         net (fo=1, routed)           1.233     2.715    clk_wiz_inst/inst/clk_in1_clk_wiz_0
    MMCME2_ADV_X1Y2      MMCME2_ADV (Prop_mmcme2_adv_CLKIN1_CLKOUT0)
                                                     -7.070    -4.355 r  clk_wiz_inst/inst/mmcm_adv_inst/CLKOUT0
                         net (fo=1, routed)           1.719    -2.636    clk_wiz_inst/inst/clk_out1_clk_wiz_0
    BUFGCTRL_X0Y16       BUFG (Prop_bufg_I_O)         0.096    -2.540 r  clk_wiz_inst/inst/clkout1_buf/O
                         net (fo=350, routed)         1.706    -0.834    toppyty/rvsingle/dp/pcreg/clk_out1
    SLICE_X6Y109         FDRE                                         r  toppyty/rvsingle/dp/pcreg/qout_reg[6]/C
  -------------------------------------------------------------------    -------------------
    SLICE_X6Y109         FDRE (Prop_fdre_C_Q)         0.518    -0.316 r  toppyty/rvsingle/dp/pcreg/qout_reg[6]/Q
                         net (fo=59, routed)          1.134     0.818    toppyty/rvsingle/dp/pcreg/PC__0[4]
    SLICE_X9Y108         LUT6 (Prop_lut6_I1_O)        0.124     0.942 r  toppyty/rvsingle/dp/pcreg/Reg_File_Block_reg_r1_0_31_0_5_i_9/O
                         net (fo=35, routed)          1.248     2.190    toppyty/rvsingle/dp/rf/Reg_File_Block_reg_r1_0_31_0_5/ADDRA2
    SLICE_X10Y105        RAMD32 (Prop_ramd32_RADR2_O)
                                                      0.148     2.338 f  toppyty/rvsingle/dp/rf/Reg_File_Block_reg_r1_0_31_0_5/RAMA/O
                         net (fo=9, routed)           0.965     3.303    toppyty/rvsingle/dp/pcreg/RD10[0]
    SLICE_X12Y102        LUT2 (Prop_lut2_I1_O)        0.328     3.631 f  toppyty/rvsingle/dp/pcreg/i__carry_i_1/O
                         net (fo=7, routed)           1.170     4.801    toppyty/rvsingle/dp/pcreg/qout_reg[2]_1
    SLICE_X12Y105        LUT6 (Prop_lut6_I0_O)        0.124     4.925 f  toppyty/rvsingle/dp/pcreg/Reg_File_Block_reg_r1_0_31_24_29_i_70/O
                         net (fo=4, routed)           0.684     5.609    toppyty/rvsingle/dp/pcreg/Reg_File_Block_reg_r1_0_31_24_29_i_38_0
    SLICE_X12Y106        LUT6 (Prop_lut6_I1_O)        0.124     5.733 f  toppyty/rvsingle/dp/pcreg/Reg_File_Block_reg_r1_0_31_24_29_i_62/O
                         net (fo=2, routed)           0.879     6.612    toppyty/rvsingle/dp/pcreg/Reg_File_Block_reg_r1_0_31_24_29_i_62_n_0
    SLICE_X8Y116         LUT4 (Prop_lut4_I1_O)        0.124     6.736 f  toppyty/rvsingle/dp/pcreg/Reg_File_Block_reg_r1_0_31_24_29_i_45/O
                         net (fo=1, routed)           0.424     7.160    toppyty/rvsingle/dp/pcreg/data8[26]
    SLICE_X11Y115        LUT6 (Prop_lut6_I1_O)        0.124     7.284 f  toppyty/rvsingle/dp/pcreg/Reg_File_Block_reg_r1_0_31_24_29_i_23/O
                         net (fo=1, routed)           0.436     7.720    toppyty/rvsingle/dp/pcreg/Reg_File_Block_reg_r1_0_31_24_29_i_23_n_0
    SLICE_X8Y115         LUT5 (Prop_lut5_I2_O)        0.124     7.844 f  toppyty/rvsingle/dp/pcreg/Reg_File_Block_reg_r1_0_31_24_29_i_10/O
                         net (fo=2, routed)           1.121     8.964    toppyty/rvsingle/dp/pcreg/DataAdr[26]
    SLICE_X3Y108         LUT4 (Prop_lut4_I3_O)        0.124     9.088 f  toppyty/rvsingle/dp/pcreg/qout[0]_i_4/O
                         net (fo=1, routed)           0.733     9.821    toppyty/rvsingle/dp/pcreg/qout[0]_i_4_n_0
    SLICE_X2Y107         LUT4 (Prop_lut4_I0_O)        0.124     9.945 r  toppyty/rvsingle/dp/pcreg/qout[0]_i_2/O
                         net (fo=33, routed)          0.696    10.641    toppyty/rvsingle/dp/pcreg/qout[0]_i_2_n_0
    SLICE_X7Y107         LUT6 (Prop_lut6_I1_O)        0.124    10.765 r  toppyty/rvsingle/dp/pcreg/qout[1]_i_3/O
                         net (fo=1, routed)           0.000    10.765    toppyty/rvsingle/dp/pcreg/qout[1]_i_3_n_0
    SLICE_X7Y107         CARRY4 (Prop_carry4_S[3]_CO[3])
                                                      0.401    11.166 r  toppyty/rvsingle/dp/pcreg/qout_reg[1]_i_1/CO[3]
                         net (fo=1, routed)           0.000    11.166    toppyty/rvsingle/dp/pcreg/qout_reg[1]_i_1_n_0
    SLICE_X7Y108         CARRY4 (Prop_carry4_CI_CO[3])
                                                      0.114    11.280 r  toppyty/rvsingle/dp/pcreg/qout_reg[5]_i_1/CO[3]
                         net (fo=1, routed)           0.000    11.280    toppyty/rvsingle/dp/pcreg/qout_reg[5]_i_1_n_0
    SLICE_X7Y109         CARRY4 (Prop_carry4_CI_CO[3])
                                                      0.114    11.394 r  toppyty/rvsingle/dp/pcreg/qout_reg[9]_i_1/CO[3]
                         net (fo=1, routed)           0.000    11.394    toppyty/rvsingle/dp/pcreg/qout_reg[9]_i_1_n_0
    SLICE_X7Y110         CARRY4 (Prop_carry4_CI_CO[3])
                                                      0.114    11.508 r  toppyty/rvsingle/dp/pcreg/qout_reg[13]_i_1/CO[3]
                         net (fo=1, routed)           0.000    11.508    toppyty/rvsingle/dp/pcreg/qout_reg[13]_i_1_n_0
    SLICE_X7Y111         CARRY4 (Prop_carry4_CI_CO[3])
                                                      0.114    11.622 r  toppyty/rvsingle/dp/pcreg/qout_reg[17]_i_1/CO[3]
                         net (fo=1, routed)           0.000    11.622    toppyty/rvsingle/dp/pcreg/qout_reg[17]_i_1_n_0
    SLICE_X7Y112         CARRY4 (Prop_carry4_CI_CO[3])
                                                      0.114    11.736 r  toppyty/rvsingle/dp/pcreg/qout_reg[21]_i_1/CO[3]
                         net (fo=1, routed)           0.000    11.736    toppyty/rvsingle/dp/pcreg/qout_reg[21]_i_1_n_0
    SLICE_X7Y113         CARRY4 (Prop_carry4_CI_O[2])
                                                      0.239    11.975 r  toppyty/rvsingle/dp/pcreg/qout_reg[25]_i_1/O[2]
                         net (fo=1, routed)           0.000    11.975    toppyty/rvsingle/dp/pcreg/qout_reg[25]_i_1_n_5
    SLICE_X7Y113         FDRE                                         r  toppyty/rvsingle/dp/pcreg/qout_reg[27]/D
  -------------------------------------------------------------------    -------------------

                         (clock clk_out1_clk_wiz_0 rise edge)
                                                     13.333    13.333 r  
    E3                                                0.000    13.333 r  clk_100MHz (IN)
                         net (fo=0)                   0.000    13.333    clk_wiz_inst/inst/clk_in1
    E3                   IBUF (Prop_ibuf_I_O)         1.411    14.745 r  clk_wiz_inst/inst/clkin1_ibufg/O
                         net (fo=1, routed)           1.162    15.906    clk_wiz_inst/inst/clk_in1_clk_wiz_0
    MMCME2_ADV_X1Y2      MMCME2_ADV (Prop_mmcme2_adv_CLKIN1_CLKOUT0)
                                                     -7.324     8.583 r  clk_wiz_inst/inst/mmcm_adv_inst/CLKOUT0
                         net (fo=1, routed)           1.639    10.222    clk_wiz_inst/inst/clk_out1_clk_wiz_0
    BUFGCTRL_X0Y16       BUFG (Prop_bufg_I_O)         0.091    10.313 r  clk_wiz_inst/inst/clkout1_buf/O
                         net (fo=350, routed)         1.582    11.894    toppyty/rvsingle/dp/pcreg/clk_out1
    SLICE_X7Y113         FDRE                                         r  toppyty/rvsingle/dp/pcreg/qout_reg[27]/C
                         clock pessimism              0.577    12.471    
                         clock uncertainty           -0.119    12.353    
    SLICE_X7Y113         FDRE (Setup_fdre_C_D)        0.062    12.415    toppyty/rvsingle/dp/pcreg/qout_reg[27]
  -------------------------------------------------------------------
                         required time                         12.415    
                         arrival time                         -11.975    
  -------------------------------------------------------------------
                         slack                                  0.439    

Slack (MET) :             0.455ns  (required time - arrival time)
  Source:                 toppyty/rvsingle/dp/pcreg/qout_reg[6]/C
                            (rising edge-triggered cell FDRE clocked by clk_out1_clk_wiz_0  {rise@0.000ns fall@6.667ns period=13.333ns})
  Destination:            toppyty/rvsingle/dp/pcreg/qout_reg[25]/D
                            (rising edge-triggered cell FDRE clocked by clk_out1_clk_wiz_0  {rise@0.000ns fall@6.667ns period=13.333ns})
  Path Group:             clk_out1_clk_wiz_0
  Path Type:              Setup (Max at Slow Process Corner)
  Requirement:            13.333ns  (clk_out1_clk_wiz_0 rise@13.333ns - clk_out1_clk_wiz_0 rise@0.000ns)
  Data Path Delay:        12.794ns  (logic 3.304ns (25.826%)  route 9.490ns (74.174%))
  Logic Levels:           18  (CARRY4=7 LUT2=1 LUT4=3 LUT5=1 LUT6=5 RAMD32=1)
  Clock Path Skew:        -0.028ns (DCD - SCD + CPR)
    Destination Clock Delay (DCD):    -1.439ns = ( 11.894 - 13.333 ) 
    Source Clock Delay      (SCD):    -0.834ns
    Clock Pessimism Removal (CPR):    0.577ns
  Clock Uncertainty:      0.119ns  ((TSJ^2 + DJ^2)^1/2) / 2 + PE
    Total System Jitter     (TSJ):    0.071ns
    Discrete Jitter          (DJ):    0.226ns
    Phase Error              (PE):    0.000ns

    Location             Delay type                Incr(ns)  Path(ns)    Netlist Resource(s)
  -------------------------------------------------------------------    -------------------
                         (clock clk_out1_clk_wiz_0 rise edge)
                                                      0.000     0.000 r  
    E3                                                0.000     0.000 r  clk_100MHz (IN)
                         net (fo=0)                   0.000     0.000    clk_wiz_inst/inst/clk_in1
    E3                   IBUF (Prop_ibuf_I_O)         1.482     1.482 r  clk_wiz_inst/inst/clkin1_ibufg/O
                         net (fo=1, routed)           1.233     2.715    clk_wiz_inst/inst/clk_in1_clk_wiz_0
    MMCME2_ADV_X1Y2      MMCME2_ADV (Prop_mmcme2_adv_CLKIN1_CLKOUT0)
                                                     -7.070    -4.355 r  clk_wiz_inst/inst/mmcm_adv_inst/CLKOUT0
                         net (fo=1, routed)           1.719    -2.636    clk_wiz_inst/inst/clk_out1_clk_wiz_0
    BUFGCTRL_X0Y16       BUFG (Prop_bufg_I_O)         0.096    -2.540 r  clk_wiz_inst/inst/clkout1_buf/O
                         net (fo=350, routed)         1.706    -0.834    toppyty/rvsingle/dp/pcreg/clk_out1
    SLICE_X6Y109         FDRE                                         r  toppyty/rvsingle/dp/pcreg/qout_reg[6]/C
  -------------------------------------------------------------------    -------------------
    SLICE_X6Y109         FDRE (Prop_fdre_C_Q)         0.518    -0.316 r  toppyty/rvsingle/dp/pcreg/qout_reg[6]/Q
                         net (fo=59, routed)          1.134     0.818    toppyty/rvsingle/dp/pcreg/PC__0[4]
    SLICE_X9Y108         LUT6 (Prop_lut6_I1_O)        0.124     0.942 r  toppyty/rvsingle/dp/pcreg/Reg_File_Block_reg_r1_0_31_0_5_i_9/O
                         net (fo=35, routed)          1.248     2.190    toppyty/rvsingle/dp/rf/Reg_File_Block_reg_r1_0_31_0_5/ADDRA2
    SLICE_X10Y105        RAMD32 (Prop_ramd32_RADR2_O)
                                                      0.148     2.338 f  toppyty/rvsingle/dp/rf/Reg_File_Block_reg_r1_0_31_0_5/RAMA/O
                         net (fo=9, routed)           0.965     3.303    toppyty/rvsingle/dp/pcreg/RD10[0]
    SLICE_X12Y102        LUT2 (Prop_lut2_I1_O)        0.328     3.631 f  toppyty/rvsingle/dp/pcreg/i__carry_i_1/O
                         net (fo=7, routed)           1.170     4.801    toppyty/rvsingle/dp/pcreg/qout_reg[2]_1
    SLICE_X12Y105        LUT6 (Prop_lut6_I0_O)        0.124     4.925 f  toppyty/rvsingle/dp/pcreg/Reg_File_Block_reg_r1_0_31_24_29_i_70/O
                         net (fo=4, routed)           0.684     5.609    toppyty/rvsingle/dp/pcreg/Reg_File_Block_reg_r1_0_31_24_29_i_38_0
    SLICE_X12Y106        LUT6 (Prop_lut6_I1_O)        0.124     5.733 f  toppyty/rvsingle/dp/pcreg/Reg_File_Block_reg_r1_0_31_24_29_i_62/O
                         net (fo=2, routed)           0.879     6.612    toppyty/rvsingle/dp/pcreg/Reg_File_Block_reg_r1_0_31_24_29_i_62_n_0
    SLICE_X8Y116         LUT4 (Prop_lut4_I1_O)        0.124     6.736 f  toppyty/rvsingle/dp/pcreg/Reg_File_Block_reg_r1_0_31_24_29_i_45/O
                         net (fo=1, routed)           0.424     7.160    toppyty/rvsingle/dp/pcreg/data8[26]
    SLICE_X11Y115        LUT6 (Prop_lut6_I1_O)        0.124     7.284 f  toppyty/rvsingle/dp/pcreg/Reg_File_Block_reg_r1_0_31_24_29_i_23/O
                         net (fo=1, routed)           0.436     7.720    toppyty/rvsingle/dp/pcreg/Reg_File_Block_reg_r1_0_31_24_29_i_23_n_0
    SLICE_X8Y115         LUT5 (Prop_lut5_I2_O)        0.124     7.844 f  toppyty/rvsingle/dp/pcreg/Reg_File_Block_reg_r1_0_31_24_29_i_10/O
                         net (fo=2, routed)           1.121     8.964    toppyty/rvsingle/dp/pcreg/DataAdr[26]
    SLICE_X3Y108         LUT4 (Prop_lut4_I3_O)        0.124     9.088 f  toppyty/rvsingle/dp/pcreg/qout[0]_i_4/O
                         net (fo=1, routed)           0.733     9.821    toppyty/rvsingle/dp/pcreg/qout[0]_i_4_n_0
    SLICE_X2Y107         LUT4 (Prop_lut4_I0_O)        0.124     9.945 r  toppyty/rvsingle/dp/pcreg/qout[0]_i_2/O
                         net (fo=33, routed)          0.696    10.641    toppyty/rvsingle/dp/pcreg/qout[0]_i_2_n_0
    SLICE_X7Y107         LUT6 (Prop_lut6_I1_O)        0.124    10.765 r  toppyty/rvsingle/dp/pcreg/qout[1]_i_3/O
                         net (fo=1, routed)           0.000    10.765    toppyty/rvsingle/dp/pcreg/qout[1]_i_3_n_0
    SLICE_X7Y107         CARRY4 (Prop_carry4_S[3]_CO[3])
                                                      0.401    11.166 r  toppyty/rvsingle/dp/pcreg/qout_reg[1]_i_1/CO[3]
                         net (fo=1, routed)           0.000    11.166    toppyty/rvsingle/dp/pcreg/qout_reg[1]_i_1_n_0
    SLICE_X7Y108         CARRY4 (Prop_carry4_CI_CO[3])
                                                      0.114    11.280 r  toppyty/rvsingle/dp/pcreg/qout_reg[5]_i_1/CO[3]
                         net (fo=1, routed)           0.000    11.280    toppyty/rvsingle/dp/pcreg/qout_reg[5]_i_1_n_0
    SLICE_X7Y109         CARRY4 (Prop_carry4_CI_CO[3])
                                                      0.114    11.394 r  toppyty/rvsingle/dp/pcreg/qout_reg[9]_i_1/CO[3]
                         net (fo=1, routed)           0.000    11.394    toppyty/rvsingle/dp/pcreg/qout_reg[9]_i_1_n_0
    SLICE_X7Y110         CARRY4 (Prop_carry4_CI_CO[3])
                                                      0.114    11.508 r  toppyty/rvsingle/dp/pcreg/qout_reg[13]_i_1/CO[3]
                         net (fo=1, routed)           0.000    11.508    toppyty/rvsingle/dp/pcreg/qout_reg[13]_i_1_n_0
    SLICE_X7Y111         CARRY4 (Prop_carry4_CI_CO[3])
                                                      0.114    11.622 r  toppyty/rvsingle/dp/pcreg/qout_reg[17]_i_1/CO[3]
                         net (fo=1, routed)           0.000    11.622    toppyty/rvsingle/dp/pcreg/qout_reg[17]_i_1_n_0
    SLICE_X7Y112         CARRY4 (Prop_carry4_CI_CO[3])
                                                      0.114    11.736 r  toppyty/rvsingle/dp/pcreg/qout_reg[21]_i_1/CO[3]
                         net (fo=1, routed)           0.000    11.736    toppyty/rvsingle/dp/pcreg/qout_reg[21]_i_1_n_0
    SLICE_X7Y113         CARRY4 (Prop_carry4_CI_O[0])
                                                      0.223    11.959 r  toppyty/rvsingle/dp/pcreg/qout_reg[25]_i_1/O[0]
                         net (fo=1, routed)           0.000    11.959    toppyty/rvsingle/dp/pcreg/qout_reg[25]_i_1_n_7
    SLICE_X7Y113         FDRE                                         r  toppyty/rvsingle/dp/pcreg/qout_reg[25]/D
  -------------------------------------------------------------------    -------------------

                         (clock clk_out1_clk_wiz_0 rise edge)
                                                     13.333    13.333 r  
    E3                                                0.000    13.333 r  clk_100MHz (IN)
                         net (fo=0)                   0.000    13.333    clk_wiz_inst/inst/clk_in1
    E3                   IBUF (Prop_ibuf_I_O)         1.411    14.745 r  clk_wiz_inst/inst/clkin1_ibufg/O
                         net (fo=1, routed)           1.162    15.906    clk_wiz_inst/inst/clk_in1_clk_wiz_0
    MMCME2_ADV_X1Y2      MMCME2_ADV (Prop_mmcme2_adv_CLKIN1_CLKOUT0)
                                                     -7.324     8.583 r  clk_wiz_inst/inst/mmcm_adv_inst/CLKOUT0
                         net (fo=1, routed)           1.639    10.222    clk_wiz_inst/inst/clk_out1_clk_wiz_0
    BUFGCTRL_X0Y16       BUFG (Prop_bufg_I_O)         0.091    10.313 r  clk_wiz_inst/inst/clkout1_buf/O
                         net (fo=350, routed)         1.582    11.894    toppyty/rvsingle/dp/pcreg/clk_out1
    SLICE_X7Y113         FDRE                                         r  toppyty/rvsingle/dp/pcreg/qout_reg[25]/C
                         clock pessimism              0.577    12.471    
                         clock uncertainty           -0.119    12.353    
    SLICE_X7Y113         FDRE (Setup_fdre_C_D)        0.062    12.415    toppyty/rvsingle/dp/pcreg/qout_reg[25]
  -------------------------------------------------------------------
                         required time                         12.415    
                         arrival time                         -11.959    
  -------------------------------------------------------------------
                         slack                                  0.455    

Slack (MET) :             0.459ns  (required time - arrival time)
  Source:                 toppyty/rvsingle/dp/pcreg/qout_reg[6]/C
                            (rising edge-triggered cell FDRE clocked by clk_out1_clk_wiz_0  {rise@0.000ns fall@6.667ns period=13.333ns})
  Destination:            toppyty/rvsingle/dp/pcreg/qout_reg[22]/D
                            (rising edge-triggered cell FDRE clocked by clk_out1_clk_wiz_0  {rise@0.000ns fall@6.667ns period=13.333ns})
  Path Group:             clk_out1_clk_wiz_0
  Path Type:              Setup (Max at Slow Process Corner)
  Requirement:            13.333ns  (clk_out1_clk_wiz_0 rise@13.333ns - clk_out1_clk_wiz_0 rise@0.000ns)
  Data Path Delay:        12.791ns  (logic 3.301ns (25.808%)  route 9.490ns (74.192%))
  Logic Levels:           17  (CARRY4=6 LUT2=1 LUT4=3 LUT5=1 LUT6=5 RAMD32=1)
  Clock Path Skew:        -0.027ns (DCD - SCD + CPR)
    Destination Clock Delay (DCD):    -1.438ns = ( 11.895 - 13.333 ) 
    Source Clock Delay      (SCD):    -0.834ns
    Clock Pessimism Removal (CPR):    0.577ns
  Clock Uncertainty:      0.119ns  ((TSJ^2 + DJ^2)^1/2) / 2 + PE
    Total System Jitter     (TSJ):    0.071ns
    Discrete Jitter          (DJ):    0.226ns
    Phase Error              (PE):    0.000ns

    Location             Delay type                Incr(ns)  Path(ns)    Netlist Resource(s)
  -------------------------------------------------------------------    -------------------
                         (clock clk_out1_clk_wiz_0 rise edge)
                                                      0.000     0.000 r  
    E3                                                0.000     0.000 r  clk_100MHz (IN)
                         net (fo=0)                   0.000     0.000    clk_wiz_inst/inst/clk_in1
    E3                   IBUF (Prop_ibuf_I_O)         1.482     1.482 r  clk_wiz_inst/inst/clkin1_ibufg/O
                         net (fo=1, routed)           1.233     2.715    clk_wiz_inst/inst/clk_in1_clk_wiz_0
    MMCME2_ADV_X1Y2      MMCME2_ADV (Prop_mmcme2_adv_CLKIN1_CLKOUT0)
                                                     -7.070    -4.355 r  clk_wiz_inst/inst/mmcm_adv_inst/CLKOUT0
                         net (fo=1, routed)           1.719    -2.636    clk_wiz_inst/inst/clk_out1_clk_wiz_0
    BUFGCTRL_X0Y16       BUFG (Prop_bufg_I_O)         0.096    -2.540 r  clk_wiz_inst/inst/clkout1_buf/O
                         net (fo=350, routed)         1.706    -0.834    toppyty/rvsingle/dp/pcreg/clk_out1
    SLICE_X6Y109         FDRE                                         r  toppyty/rvsingle/dp/pcreg/qout_reg[6]/C
  -------------------------------------------------------------------    -------------------
    SLICE_X6Y109         FDRE (Prop_fdre_C_Q)         0.518    -0.316 r  toppyty/rvsingle/dp/pcreg/qout_reg[6]/Q
                         net (fo=59, routed)          1.134     0.818    toppyty/rvsingle/dp/pcreg/PC__0[4]
    SLICE_X9Y108         LUT6 (Prop_lut6_I1_O)        0.124     0.942 r  toppyty/rvsingle/dp/pcreg/Reg_File_Block_reg_r1_0_31_0_5_i_9/O
                         net (fo=35, routed)          1.248     2.190    toppyty/rvsingle/dp/rf/Reg_File_Block_reg_r1_0_31_0_5/ADDRA2
    SLICE_X10Y105        RAMD32 (Prop_ramd32_RADR2_O)
                                                      0.148     2.338 f  toppyty/rvsingle/dp/rf/Reg_File_Block_reg_r1_0_31_0_5/RAMA/O
                         net (fo=9, routed)           0.965     3.303    toppyty/rvsingle/dp/pcreg/RD10[0]
    SLICE_X12Y102        LUT2 (Prop_lut2_I1_O)        0.328     3.631 f  toppyty/rvsingle/dp/pcreg/i__carry_i_1/O
                         net (fo=7, routed)           1.170     4.801    toppyty/rvsingle/dp/pcreg/qout_reg[2]_1
    SLICE_X12Y105        LUT6 (Prop_lut6_I0_O)        0.124     4.925 f  toppyty/rvsingle/dp/pcreg/Reg_File_Block_reg_r1_0_31_24_29_i_70/O
                         net (fo=4, routed)           0.684     5.609    toppyty/rvsingle/dp/pcreg/Reg_File_Block_reg_r1_0_31_24_29_i_38_0
    SLICE_X12Y106        LUT6 (Prop_lut6_I1_O)        0.124     5.733 f  toppyty/rvsingle/dp/pcreg/Reg_File_Block_reg_r1_0_31_24_29_i_62/O
                         net (fo=2, routed)           0.879     6.612    toppyty/rvsingle/dp/pcreg/Reg_File_Block_reg_r1_0_31_24_29_i_62_n_0
    SLICE_X8Y116         LUT4 (Prop_lut4_I1_O)        0.124     6.736 f  toppyty/rvsingle/dp/pcreg/Reg_File_Block_reg_r1_0_31_24_29_i_45/O
                         net (fo=1, routed)           0.424     7.160    toppyty/rvsingle/dp/pcreg/data8[26]
    SLICE_X11Y115        LUT6 (Prop_lut6_I1_O)        0.124     7.284 f  toppyty/rvsingle/dp/pcreg/Reg_File_Block_reg_r1_0_31_24_29_i_23/O
                         net (fo=1, routed)           0.436     7.720    toppyty/rvsingle/dp/pcreg/Reg_File_Block_reg_r1_0_31_24_29_i_23_n_0
    SLICE_X8Y115         LUT5 (Prop_lut5_I2_O)        0.124     7.844 f  toppyty/rvsingle/dp/pcreg/Reg_File_Block_reg_r1_0_31_24_29_i_10/O
                         net (fo=2, routed)           1.121     8.964    toppyty/rvsingle/dp/pcreg/DataAdr[26]
    SLICE_X3Y108         LUT4 (Prop_lut4_I3_O)        0.124     9.088 f  toppyty/rvsingle/dp/pcreg/qout[0]_i_4/O
                         net (fo=1, routed)           0.733     9.821    toppyty/rvsingle/dp/pcreg/qout[0]_i_4_n_0
    SLICE_X2Y107         LUT4 (Prop_lut4_I0_O)        0.124     9.945 r  toppyty/rvsingle/dp/pcreg/qout[0]_i_2/O
                         net (fo=33, routed)          0.696    10.641    toppyty/rvsingle/dp/pcreg/qout[0]_i_2_n_0
    SLICE_X7Y107         LUT6 (Prop_lut6_I1_O)        0.124    10.765 r  toppyty/rvsingle/dp/pcreg/qout[1]_i_3/O
                         net (fo=1, routed)           0.000    10.765    toppyty/rvsingle/dp/pcreg/qout[1]_i_3_n_0
    SLICE_X7Y107         CARRY4 (Prop_carry4_S[3]_CO[3])
                                                      0.401    11.166 r  toppyty/rvsingle/dp/pcreg/qout_reg[1]_i_1/CO[3]
                         net (fo=1, routed)           0.000    11.166    toppyty/rvsingle/dp/pcreg/qout_reg[1]_i_1_n_0
    SLICE_X7Y108         CARRY4 (Prop_carry4_CI_CO[3])
                                                      0.114    11.280 r  toppyty/rvsingle/dp/pcreg/qout_reg[5]_i_1/CO[3]
                         net (fo=1, routed)           0.000    11.280    toppyty/rvsingle/dp/pcreg/qout_reg[5]_i_1_n_0
    SLICE_X7Y109         CARRY4 (Prop_carry4_CI_CO[3])
                                                      0.114    11.394 r  toppyty/rvsingle/dp/pcreg/qout_reg[9]_i_1/CO[3]
                         net (fo=1, routed)           0.000    11.394    toppyty/rvsingle/dp/pcreg/qout_reg[9]_i_1_n_0
    SLICE_X7Y110         CARRY4 (Prop_carry4_CI_CO[3])
                                                      0.114    11.508 r  toppyty/rvsingle/dp/pcreg/qout_reg[13]_i_1/CO[3]
                         net (fo=1, routed)           0.000    11.508    toppyty/rvsingle/dp/pcreg/qout_reg[13]_i_1_n_0
    SLICE_X7Y111         CARRY4 (Prop_carry4_CI_CO[3])
                                                      0.114    11.622 r  toppyty/rvsingle/dp/pcreg/qout_reg[17]_i_1/CO[3]
                         net (fo=1, routed)           0.000    11.622    toppyty/rvsingle/dp/pcreg/qout_reg[17]_i_1_n_0
    SLICE_X7Y112         CARRY4 (Prop_carry4_CI_O[1])
                                                      0.334    11.956 r  toppyty/rvsingle/dp/pcreg/qout_reg[21]_i_1/O[1]
                         net (fo=1, routed)           0.000    11.956    toppyty/rvsingle/dp/pcreg/qout_reg[21]_i_1_n_6
    SLICE_X7Y112         FDRE                                         r  toppyty/rvsingle/dp/pcreg/qout_reg[22]/D
  -------------------------------------------------------------------    -------------------

                         (clock clk_out1_clk_wiz_0 rise edge)
                                                     13.333    13.333 r  
    E3                                                0.000    13.333 r  clk_100MHz (IN)
                         net (fo=0)                   0.000    13.333    clk_wiz_inst/inst/clk_in1
    E3                   IBUF (Prop_ibuf_I_O)         1.411    14.745 r  clk_wiz_inst/inst/clkin1_ibufg/O
                         net (fo=1, routed)           1.162    15.906    clk_wiz_inst/inst/clk_in1_clk_wiz_0
    MMCME2_ADV_X1Y2      MMCME2_ADV (Prop_mmcme2_adv_CLKIN1_CLKOUT0)
                                                     -7.324     8.583 r  clk_wiz_inst/inst/mmcm_adv_inst/CLKOUT0
                         net (fo=1, routed)           1.639    10.222    clk_wiz_inst/inst/clk_out1_clk_wiz_0
    BUFGCTRL_X0Y16       BUFG (Prop_bufg_I_O)         0.091    10.313 r  clk_wiz_inst/inst/clkout1_buf/O
                         net (fo=350, routed)         1.583    11.895    toppyty/rvsingle/dp/pcreg/clk_out1
    SLICE_X7Y112         FDRE                                         r  toppyty/rvsingle/dp/pcreg/qout_reg[22]/C
                         clock pessimism              0.577    12.472    
                         clock uncertainty           -0.119    12.354    
    SLICE_X7Y112         FDRE (Setup_fdre_C_D)        0.062    12.416    toppyty/rvsingle/dp/pcreg/qout_reg[22]
  -------------------------------------------------------------------
                         required time                         12.416    
                         arrival time                         -11.956    
  -------------------------------------------------------------------
                         slack                                  0.459    





Min Delay Paths
--------------------------------------------------------------------------------------
Slack (MET) :             0.077ns  (arrival time - required time)
  Source:                 cpci/countty_cyc/count_out_reg[0]/C
                            (rising edge-triggered cell FDRE clocked by clk_out1_clk_wiz_0  {rise@0.000ns fall@6.667ns period=13.333ns})
  Destination:            cpci/Memmy/Reg_File_Block_reg_0_63_0_2/RAMA/WADR0
                            (rising edge-triggered cell RAMD64E clocked by clk_out1_clk_wiz_0  {rise@0.000ns fall@6.667ns period=13.333ns})
  Path Group:             clk_out1_clk_wiz_0
  Path Type:              Hold (Min at Fast Process Corner)
  Requirement:            0.000ns  (clk_out1_clk_wiz_0 rise@0.000ns - clk_out1_clk_wiz_0 rise@0.000ns)
  Data Path Delay:        0.403ns  (logic 0.141ns (34.973%)  route 0.262ns (65.027%))
  Logic Levels:           0  
  Clock Path Skew:        0.016ns (DCD - SCD - CPR)
    Destination Clock Delay (DCD):    -0.796ns
    Source Clock Delay      (SCD):    -0.560ns
    Clock Pessimism Removal (CPR):    -0.252ns

    Location             Delay type                Incr(ns)  Path(ns)    Netlist Resource(s)
  -------------------------------------------------------------------    -------------------
                         (clock clk_out1_clk_wiz_0 rise edge)
                                                      0.000     0.000 r  
    E3                                                0.000     0.000 r  clk_100MHz (IN)
                         net (fo=0)                   0.000     0.000    clk_wiz_inst/inst/clk_in1
    E3                   IBUF (Prop_ibuf_I_O)         0.250     0.250 r  clk_wiz_inst/inst/clkin1_ibufg/O
                         net (fo=1, routed)           0.440     0.690    clk_wiz_inst/inst/clk_in1_clk_wiz_0
    MMCME2_ADV_X1Y2      MMCME2_ADV (Prop_mmcme2_adv_CLKIN1_CLKOUT0)
                                                     -2.379    -1.689 r  clk_wiz_inst/inst/mmcm_adv_inst/CLKOUT0
                         net (fo=1, routed)           0.499    -1.190    clk_wiz_inst/inst/clk_out1_clk_wiz_0
    BUFGCTRL_X0Y16       BUFG (Prop_bufg_I_O)         0.026    -1.164 r  clk_wiz_inst/inst/clkout1_buf/O
                         net (fo=350, routed)         0.604    -0.560    cpci/countty_cyc/clk_out1
    SLICE_X0Y95          FDRE                                         r  cpci/countty_cyc/count_out_reg[0]/C
  -------------------------------------------------------------------    -------------------
    SLICE_X0Y95          FDRE (Prop_fdre_C_Q)         0.141    -0.419 r  cpci/countty_cyc/count_out_reg[0]/Q
                         net (fo=57, routed)          0.262    -0.157    cpci/Memmy/Reg_File_Block_reg_0_63_0_2/ADDRD0
    SLICE_X2Y96          RAMD64E                                      r  cpci/Memmy/Reg_File_Block_reg_0_63_0_2/RAMA/WADR0
  -------------------------------------------------------------------    -------------------

                         (clock clk_out1_clk_wiz_0 rise edge)
                                                      0.000     0.000 r  
    E3                                                0.000     0.000 r  clk_100MHz (IN)
                         net (fo=0)                   0.000     0.000    clk_wiz_inst/inst/clk_in1
    E3                   IBUF (Prop_ibuf_I_O)         0.438     0.438 r  clk_wiz_inst/inst/clkin1_ibufg/O
                         net (fo=1, routed)           0.480     0.918    clk_wiz_inst/inst/clk_in1_clk_wiz_0
    MMCME2_ADV_X1Y2      MMCME2_ADV (Prop_mmcme2_adv_CLKIN1_CLKOUT0)
                                                     -3.163    -2.245 r  clk_wiz_inst/inst/mmcm_adv_inst/CLKOUT0
                         net (fo=1, routed)           0.544    -1.702    clk_wiz_inst/inst/clk_out1_clk_wiz_0
    BUFGCTRL_X0Y16       BUFG (Prop_bufg_I_O)         0.029    -1.673 r  clk_wiz_inst/inst/clkout1_buf/O
                         net (fo=350, routed)         0.877    -0.796    cpci/Memmy/Reg_File_Block_reg_0_63_0_2/WCLK
    SLICE_X2Y96          RAMD64E                                      r  cpci/Memmy/Reg_File_Block_reg_0_63_0_2/RAMA/CLK
                         clock pessimism              0.252    -0.544    
    SLICE_X2Y96          RAMD64E (Hold_ramd64e_CLK_WADR0)
                                                      0.310    -0.234    cpci/Memmy/Reg_File_Block_reg_0_63_0_2/RAMA
  -------------------------------------------------------------------
                         required time                          0.234    
                         arrival time                          -0.157    
  -------------------------------------------------------------------
                         slack                                  0.077    

Slack (MET) :             0.077ns  (arrival time - required time)
  Source:                 cpci/countty_cyc/count_out_reg[0]/C
                            (rising edge-triggered cell FDRE clocked by clk_out1_clk_wiz_0  {rise@0.000ns fall@6.667ns period=13.333ns})
  Destination:            cpci/Memmy/Reg_File_Block_reg_0_63_0_2/RAMB/WADR0
                            (rising edge-triggered cell RAMD64E clocked by clk_out1_clk_wiz_0  {rise@0.000ns fall@6.667ns period=13.333ns})
  Path Group:             clk_out1_clk_wiz_0
  Path Type:              Hold (Min at Fast Process Corner)
  Requirement:            0.000ns  (clk_out1_clk_wiz_0 rise@0.000ns - clk_out1_clk_wiz_0 rise@0.000ns)
  Data Path Delay:        0.403ns  (logic 0.141ns (34.973%)  route 0.262ns (65.027%))
  Logic Levels:           0  
  Clock Path Skew:        0.016ns (DCD - SCD - CPR)
    Destination Clock Delay (DCD):    -0.796ns
    Source Clock Delay      (SCD):    -0.560ns
    Clock Pessimism Removal (CPR):    -0.252ns

    Location             Delay type                Incr(ns)  Path(ns)    Netlist Resource(s)
  -------------------------------------------------------------------    -------------------
                         (clock clk_out1_clk_wiz_0 rise edge)
                                                      0.000     0.000 r  
    E3                                                0.000     0.000 r  clk_100MHz (IN)
                         net (fo=0)                   0.000     0.000    clk_wiz_inst/inst/clk_in1
    E3                   IBUF (Prop_ibuf_I_O)         0.250     0.250 r  clk_wiz_inst/inst/clkin1_ibufg/O
                         net (fo=1, routed)           0.440     0.690    clk_wiz_inst/inst/clk_in1_clk_wiz_0
    MMCME2_ADV_X1Y2      MMCME2_ADV (Prop_mmcme2_adv_CLKIN1_CLKOUT0)
                                                     -2.379    -1.689 r  clk_wiz_inst/inst/mmcm_adv_inst/CLKOUT0
                         net (fo=1, routed)           0.499    -1.190    clk_wiz_inst/inst/clk_out1_clk_wiz_0
    BUFGCTRL_X0Y16       BUFG (Prop_bufg_I_O)         0.026    -1.164 r  clk_wiz_inst/inst/clkout1_buf/O
                         net (fo=350, routed)         0.604    -0.560    cpci/countty_cyc/clk_out1
    SLICE_X0Y95          FDRE                                         r  cpci/countty_cyc/count_out_reg[0]/C
  -------------------------------------------------------------------    -------------------
    SLICE_X0Y95          FDRE (Prop_fdre_C_Q)         0.141    -0.419 r  cpci/countty_cyc/count_out_reg[0]/Q
                         net (fo=57, routed)          0.262    -0.157    cpci/Memmy/Reg_File_Block_reg_0_63_0_2/ADDRD0
    SLICE_X2Y96          RAMD64E                                      r  cpci/Memmy/Reg_File_Block_reg_0_63_0_2/RAMB/WADR0
  -------------------------------------------------------------------    -------------------

                         (clock clk_out1_clk_wiz_0 rise edge)
                                                      0.000     0.000 r  
    E3                                                0.000     0.000 r  clk_100MHz (IN)
                         net (fo=0)                   0.000     0.000    clk_wiz_inst/inst/clk_in1
    E3                   IBUF (Prop_ibuf_I_O)         0.438     0.438 r  clk_wiz_inst/inst/clkin1_ibufg/O
                         net (fo=1, routed)           0.480     0.918    clk_wiz_inst/inst/clk_in1_clk_wiz_0
    MMCME2_ADV_X1Y2      MMCME2_ADV (Prop_mmcme2_adv_CLKIN1_CLKOUT0)
                                                     -3.163    -2.245 r  clk_wiz_inst/inst/mmcm_adv_inst/CLKOUT0
                         net (fo=1, routed)           0.544    -1.702    clk_wiz_inst/inst/clk_out1_clk_wiz_0
    BUFGCTRL_X0Y16       BUFG (Prop_bufg_I_O)         0.029    -1.673 r  clk_wiz_inst/inst/clkout1_buf/O
                         net (fo=350, routed)         0.877    -0.796    cpci/Memmy/Reg_File_Block_reg_0_63_0_2/WCLK
    SLICE_X2Y96          RAMD64E                                      r  cpci/Memmy/Reg_File_Block_reg_0_63_0_2/RAMB/CLK
                         clock pessimism              0.252    -0.544    
    SLICE_X2Y96          RAMD64E (Hold_ramd64e_CLK_WADR0)
                                                      0.310    -0.234    cpci/Memmy/Reg_File_Block_reg_0_63_0_2/RAMB
  -------------------------------------------------------------------
                         required time                          0.234    
                         arrival time                          -0.157    
  -------------------------------------------------------------------
                         slack                                  0.077    

Slack (MET) :             0.077ns  (arrival time - required time)
  Source:                 cpci/countty_cyc/count_out_reg[0]/C
                            (rising edge-triggered cell FDRE clocked by clk_out1_clk_wiz_0  {rise@0.000ns fall@6.667ns period=13.333ns})
  Destination:            cpci/Memmy/Reg_File_Block_reg_0_63_0_2/RAMC/WADR0
                            (rising edge-triggered cell RAMD64E clocked by clk_out1_clk_wiz_0  {rise@0.000ns fall@6.667ns period=13.333ns})
  Path Group:             clk_out1_clk_wiz_0
  Path Type:              Hold (Min at Fast Process Corner)
  Requirement:            0.000ns  (clk_out1_clk_wiz_0 rise@0.000ns - clk_out1_clk_wiz_0 rise@0.000ns)
  Data Path Delay:        0.403ns  (logic 0.141ns (34.973%)  route 0.262ns (65.027%))
  Logic Levels:           0  
  Clock Path Skew:        0.016ns (DCD - SCD - CPR)
    Destination Clock Delay (DCD):    -0.796ns
    Source Clock Delay      (SCD):    -0.560ns
    Clock Pessimism Removal (CPR):    -0.252ns

    Location             Delay type                Incr(ns)  Path(ns)    Netlist Resource(s)
  -------------------------------------------------------------------    -------------------
                         (clock clk_out1_clk_wiz_0 rise edge)
                                                      0.000     0.000 r  
    E3                                                0.000     0.000 r  clk_100MHz (IN)
                         net (fo=0)                   0.000     0.000    clk_wiz_inst/inst/clk_in1
    E3                   IBUF (Prop_ibuf_I_O)         0.250     0.250 r  clk_wiz_inst/inst/clkin1_ibufg/O
                         net (fo=1, routed)           0.440     0.690    clk_wiz_inst/inst/clk_in1_clk_wiz_0
    MMCME2_ADV_X1Y2      MMCME2_ADV (Prop_mmcme2_adv_CLKIN1_CLKOUT0)
                                                     -2.379    -1.689 r  clk_wiz_inst/inst/mmcm_adv_inst/CLKOUT0
                         net (fo=1, routed)           0.499    -1.190    clk_wiz_inst/inst/clk_out1_clk_wiz_0
    BUFGCTRL_X0Y16       BUFG (Prop_bufg_I_O)         0.026    -1.164 r  clk_wiz_inst/inst/clkout1_buf/O
                         net (fo=350, routed)         0.604    -0.560    cpci/countty_cyc/clk_out1
    SLICE_X0Y95          FDRE                                         r  cpci/countty_cyc/count_out_reg[0]/C
  -------------------------------------------------------------------    -------------------
    SLICE_X0Y95          FDRE (Prop_fdre_C_Q)         0.141    -0.419 r  cpci/countty_cyc/count_out_reg[0]/Q
                         net (fo=57, routed)          0.262    -0.157    cpci/Memmy/Reg_File_Block_reg_0_63_0_2/ADDRD0
    SLICE_X2Y96          RAMD64E                                      r  cpci/Memmy/Reg_File_Block_reg_0_63_0_2/RAMC/WADR0
  -------------------------------------------------------------------    -------------------

                         (clock clk_out1_clk_wiz_0 rise edge)
                                                      0.000     0.000 r  
    E3                                                0.000     0.000 r  clk_100MHz (IN)
                         net (fo=0)                   0.000     0.000    clk_wiz_inst/inst/clk_in1
    E3                   IBUF (Prop_ibuf_I_O)         0.438     0.438 r  clk_wiz_inst/inst/clkin1_ibufg/O
                         net (fo=1, routed)           0.480     0.918    clk_wiz_inst/inst/clk_in1_clk_wiz_0
    MMCME2_ADV_X1Y2      MMCME2_ADV (Prop_mmcme2_adv_CLKIN1_CLKOUT0)
                                                     -3.163    -2.245 r  clk_wiz_inst/inst/mmcm_adv_inst/CLKOUT0
                         net (fo=1, routed)           0.544    -1.702    clk_wiz_inst/inst/clk_out1_clk_wiz_0
    BUFGCTRL_X0Y16       BUFG (Prop_bufg_I_O)         0.029    -1.673 r  clk_wiz_inst/inst/clkout1_buf/O
                         net (fo=350, routed)         0.877    -0.796    cpci/Memmy/Reg_File_Block_reg_0_63_0_2/WCLK
    SLICE_X2Y96          RAMD64E                                      r  cpci/Memmy/Reg_File_Block_reg_0_63_0_2/RAMC/CLK
                         clock pessimism              0.252    -0.544    
    SLICE_X2Y96          RAMD64E (Hold_ramd64e_CLK_WADR0)
                                                      0.310    -0.234    cpci/Memmy/Reg_File_Block_reg_0_63_0_2/RAMC
  -------------------------------------------------------------------
                         required time                          0.234    
                         arrival time                          -0.157    
  -------------------------------------------------------------------
                         slack                                  0.077    

Slack (MET) :             0.077ns  (arrival time - required time)
  Source:                 cpci/countty_cyc/count_out_reg[0]/C
                            (rising edge-triggered cell FDRE clocked by clk_out1_clk_wiz_0  {rise@0.000ns fall@6.667ns period=13.333ns})
  Destination:            cpci/Memmy/Reg_File_Block_reg_0_63_0_2/RAMD/WADR0
                            (rising edge-triggered cell RAMD64E clocked by clk_out1_clk_wiz_0  {rise@0.000ns fall@6.667ns period=13.333ns})
  Path Group:             clk_out1_clk_wiz_0
  Path Type:              Hold (Min at Fast Process Corner)
  Requirement:            0.000ns  (clk_out1_clk_wiz_0 rise@0.000ns - clk_out1_clk_wiz_0 rise@0.000ns)
  Data Path Delay:        0.403ns  (logic 0.141ns (34.973%)  route 0.262ns (65.027%))
  Logic Levels:           0  
  Clock Path Skew:        0.016ns (DCD - SCD - CPR)
    Destination Clock Delay (DCD):    -0.796ns
    Source Clock Delay      (SCD):    -0.560ns
    Clock Pessimism Removal (CPR):    -0.252ns

    Location             Delay type                Incr(ns)  Path(ns)    Netlist Resource(s)
  -------------------------------------------------------------------    -------------------
                         (clock clk_out1_clk_wiz_0 rise edge)
                                                      0.000     0.000 r  
    E3                                                0.000     0.000 r  clk_100MHz (IN)
                         net (fo=0)                   0.000     0.000    clk_wiz_inst/inst/clk_in1
    E3                   IBUF (Prop_ibuf_I_O)         0.250     0.250 r  clk_wiz_inst/inst/clkin1_ibufg/O
                         net (fo=1, routed)           0.440     0.690    clk_wiz_inst/inst/clk_in1_clk_wiz_0
    MMCME2_ADV_X1Y2      MMCME2_ADV (Prop_mmcme2_adv_CLKIN1_CLKOUT0)
                                                     -2.379    -1.689 r  clk_wiz_inst/inst/mmcm_adv_inst/CLKOUT0
                         net (fo=1, routed)           0.499    -1.190    clk_wiz_inst/inst/clk_out1_clk_wiz_0
    BUFGCTRL_X0Y16       BUFG (Prop_bufg_I_O)         0.026    -1.164 r  clk_wiz_inst/inst/clkout1_buf/O
                         net (fo=350, routed)         0.604    -0.560    cpci/countty_cyc/clk_out1
    SLICE_X0Y95          FDRE                                         r  cpci/countty_cyc/count_out_reg[0]/C
  -------------------------------------------------------------------    -------------------
    SLICE_X0Y95          FDRE (Prop_fdre_C_Q)         0.141    -0.419 r  cpci/countty_cyc/count_out_reg[0]/Q
                         net (fo=57, routed)          0.262    -0.157    cpci/Memmy/Reg_File_Block_reg_0_63_0_2/ADDRD0
    SLICE_X2Y96          RAMD64E                                      r  cpci/Memmy/Reg_File_Block_reg_0_63_0_2/RAMD/WADR0
  -------------------------------------------------------------------    -------------------

                         (clock clk_out1_clk_wiz_0 rise edge)
                                                      0.000     0.000 r  
    E3                                                0.000     0.000 r  clk_100MHz (IN)
                         net (fo=0)                   0.000     0.000    clk_wiz_inst/inst/clk_in1
    E3                   IBUF (Prop_ibuf_I_O)         0.438     0.438 r  clk_wiz_inst/inst/clkin1_ibufg/O
                         net (fo=1, routed)           0.480     0.918    clk_wiz_inst/inst/clk_in1_clk_wiz_0
    MMCME2_ADV_X1Y2      MMCME2_ADV (Prop_mmcme2_adv_CLKIN1_CLKOUT0)
                                                     -3.163    -2.245 r  clk_wiz_inst/inst/mmcm_adv_inst/CLKOUT0
                         net (fo=1, routed)           0.544    -1.702    clk_wiz_inst/inst/clk_out1_clk_wiz_0
    BUFGCTRL_X0Y16       BUFG (Prop_bufg_I_O)         0.029    -1.673 r  clk_wiz_inst/inst/clkout1_buf/O
                         net (fo=350, routed)         0.877    -0.796    cpci/Memmy/Reg_File_Block_reg_0_63_0_2/WCLK
    SLICE_X2Y96          RAMD64E                                      r  cpci/Memmy/Reg_File_Block_reg_0_63_0_2/RAMD/CLK
                         clock pessimism              0.252    -0.544    
    SLICE_X2Y96          RAMD64E (Hold_ramd64e_CLK_WADR0)
                                                      0.310    -0.234    cpci/Memmy/Reg_File_Block_reg_0_63_0_2/RAMD
  -------------------------------------------------------------------
                         required time                          0.234    
                         arrival time                          -0.157    
  -------------------------------------------------------------------
                         slack                                  0.077    

Slack (MET) :             0.091ns  (arrival time - required time)
  Source:                 cpci/countty_cyc/count_out_reg[4]/C
                            (rising edge-triggered cell FDRE clocked by clk_out1_clk_wiz_0  {rise@0.000ns fall@6.667ns period=13.333ns})
  Destination:            cpci/Memmy/Reg_File_Block_reg_0_63_0_2/RAMA/WADR4
                            (rising edge-triggered cell RAMD64E clocked by clk_out1_clk_wiz_0  {rise@0.000ns fall@6.667ns period=13.333ns})
  Path Group:             clk_out1_clk_wiz_0
  Path Type:              Hold (Min at Fast Process Corner)
  Requirement:            0.000ns  (clk_out1_clk_wiz_0 rise@0.000ns - clk_out1_clk_wiz_0 rise@0.000ns)
  Data Path Delay:        0.307ns  (logic 0.141ns (45.858%)  route 0.166ns (54.142%))
  Logic Levels:           0  
  Clock Path Skew:        0.016ns (DCD - SCD - CPR)
    Destination Clock Delay (DCD):    -0.796ns
    Source Clock Delay      (SCD):    -0.560ns
    Clock Pessimism Removal (CPR):    -0.252ns

    Location             Delay type                Incr(ns)  Path(ns)    Netlist Resource(s)
  -------------------------------------------------------------------    -------------------
                         (clock clk_out1_clk_wiz_0 rise edge)
                                                      0.000     0.000 r  
    E3                                                0.000     0.000 r  clk_100MHz (IN)
                         net (fo=0)                   0.000     0.000    clk_wiz_inst/inst/clk_in1
    E3                   IBUF (Prop_ibuf_I_O)         0.250     0.250 r  clk_wiz_inst/inst/clkin1_ibufg/O
                         net (fo=1, routed)           0.440     0.690    clk_wiz_inst/inst/clk_in1_clk_wiz_0
    MMCME2_ADV_X1Y2      MMCME2_ADV (Prop_mmcme2_adv_CLKIN1_CLKOUT0)
                                                     -2.379    -1.689 r  clk_wiz_inst/inst/mmcm_adv_inst/CLKOUT0
                         net (fo=1, routed)           0.499    -1.190    clk_wiz_inst/inst/clk_out1_clk_wiz_0
    BUFGCTRL_X0Y16       BUFG (Prop_bufg_I_O)         0.026    -1.164 r  clk_wiz_inst/inst/clkout1_buf/O
                         net (fo=350, routed)         0.604    -0.560    cpci/countty_cyc/clk_out1
    SLICE_X0Y96          FDRE                                         r  cpci/countty_cyc/count_out_reg[4]/C
  -------------------------------------------------------------------    -------------------
    SLICE_X0Y96          FDRE (Prop_fdre_C_Q)         0.141    -0.419 r  cpci/countty_cyc/count_out_reg[4]/Q
                         net (fo=57, routed)          0.166    -0.253    cpci/Memmy/Reg_File_Block_reg_0_63_0_2/ADDRD4
    SLICE_X2Y96          RAMD64E                                      r  cpci/Memmy/Reg_File_Block_reg_0_63_0_2/RAMA/WADR4
  -------------------------------------------------------------------    -------------------

                         (clock clk_out1_clk_wiz_0 rise edge)
                                                      0.000     0.000 r  
    E3                                                0.000     0.000 r  clk_100MHz (IN)
                         net (fo=0)                   0.000     0.000    clk_wiz_inst/inst/clk_in1
    E3                   IBUF (Prop_ibuf_I_O)         0.438     0.438 r  clk_wiz_inst/inst/clkin1_ibufg/O
                         net (fo=1, routed)           0.480     0.918    clk_wiz_inst/inst/clk_in1_clk_wiz_0
    MMCME2_ADV_X1Y2      MMCME2_ADV (Prop_mmcme2_adv_CLKIN1_CLKOUT0)
                                                     -3.163    -2.245 r  clk_wiz_inst/inst/mmcm_adv_inst/CLKOUT0
                         net (fo=1, routed)           0.544    -1.702    clk_wiz_inst/inst/clk_out1_clk_wiz_0
    BUFGCTRL_X0Y16       BUFG (Prop_bufg_I_O)         0.029    -1.673 r  clk_wiz_inst/inst/clkout1_buf/O
                         net (fo=350, routed)         0.877    -0.796    cpci/Memmy/Reg_File_Block_reg_0_63_0_2/WCLK
    SLICE_X2Y96          RAMD64E                                      r  cpci/Memmy/Reg_File_Block_reg_0_63_0_2/RAMA/CLK
                         clock pessimism              0.252    -0.544    
    SLICE_X2Y96          RAMD64E (Hold_ramd64e_CLK_WADR4)
                                                      0.200    -0.344    cpci/Memmy/Reg_File_Block_reg_0_63_0_2/RAMA
  -------------------------------------------------------------------
                         required time                          0.344    
                         arrival time                          -0.253    
  -------------------------------------------------------------------
                         slack                                  0.091    

Slack (MET) :             0.091ns  (arrival time - required time)
  Source:                 cpci/countty_cyc/count_out_reg[4]/C
                            (rising edge-triggered cell FDRE clocked by clk_out1_clk_wiz_0  {rise@0.000ns fall@6.667ns period=13.333ns})
  Destination:            cpci/Memmy/Reg_File_Block_reg_0_63_0_2/RAMB/WADR4
                            (rising edge-triggered cell RAMD64E clocked by clk_out1_clk_wiz_0  {rise@0.000ns fall@6.667ns period=13.333ns})
  Path Group:             clk_out1_clk_wiz_0
  Path Type:              Hold (Min at Fast Process Corner)
  Requirement:            0.000ns  (clk_out1_clk_wiz_0 rise@0.000ns - clk_out1_clk_wiz_0 rise@0.000ns)
  Data Path Delay:        0.307ns  (logic 0.141ns (45.858%)  route 0.166ns (54.142%))
  Logic Levels:           0  
  Clock Path Skew:        0.016ns (DCD - SCD - CPR)
    Destination Clock Delay (DCD):    -0.796ns
    Source Clock Delay      (SCD):    -0.560ns
    Clock Pessimism Removal (CPR):    -0.252ns

    Location             Delay type                Incr(ns)  Path(ns)    Netlist Resource(s)
  -------------------------------------------------------------------    -------------------
                         (clock clk_out1_clk_wiz_0 rise edge)
                                                      0.000     0.000 r  
    E3                                                0.000     0.000 r  clk_100MHz (IN)
                         net (fo=0)                   0.000     0.000    clk_wiz_inst/inst/clk_in1
    E3                   IBUF (Prop_ibuf_I_O)         0.250     0.250 r  clk_wiz_inst/inst/clkin1_ibufg/O
                         net (fo=1, routed)           0.440     0.690    clk_wiz_inst/inst/clk_in1_clk_wiz_0
    MMCME2_ADV_X1Y2      MMCME2_ADV (Prop_mmcme2_adv_CLKIN1_CLKOUT0)
                                                     -2.379    -1.689 r  clk_wiz_inst/inst/mmcm_adv_inst/CLKOUT0
                         net (fo=1, routed)           0.499    -1.190    clk_wiz_inst/inst/clk_out1_clk_wiz_0
    BUFGCTRL_X0Y16       BUFG (Prop_bufg_I_O)         0.026    -1.164 r  clk_wiz_inst/inst/clkout1_buf/O
                         net (fo=350, routed)         0.604    -0.560    cpci/countty_cyc/clk_out1
    SLICE_X0Y96          FDRE                                         r  cpci/countty_cyc/count_out_reg[4]/C
  -------------------------------------------------------------------    -------------------
    SLICE_X0Y96          FDRE (Prop_fdre_C_Q)         0.141    -0.419 r  cpci/countty_cyc/count_out_reg[4]/Q
                         net (fo=57, routed)          0.166    -0.253    cpci/Memmy/Reg_File_Block_reg_0_63_0_2/ADDRD4
    SLICE_X2Y96          RAMD64E                                      r  cpci/Memmy/Reg_File_Block_reg_0_63_0_2/RAMB/WADR4
  -------------------------------------------------------------------    -------------------

                         (clock clk_out1_clk_wiz_0 rise edge)
                                                      0.000     0.000 r  
    E3                                                0.000     0.000 r  clk_100MHz (IN)
                         net (fo=0)                   0.000     0.000    clk_wiz_inst/inst/clk_in1
    E3                   IBUF (Prop_ibuf_I_O)         0.438     0.438 r  clk_wiz_inst/inst/clkin1_ibufg/O
                         net (fo=1, routed)           0.480     0.918    clk_wiz_inst/inst/clk_in1_clk_wiz_0
    MMCME2_ADV_X1Y2      MMCME2_ADV (Prop_mmcme2_adv_CLKIN1_CLKOUT0)
                                                     -3.163    -2.245 r  clk_wiz_inst/inst/mmcm_adv_inst/CLKOUT0
                         net (fo=1, routed)           0.544    -1.702    clk_wiz_inst/inst/clk_out1_clk_wiz_0
    BUFGCTRL_X0Y16       BUFG (Prop_bufg_I_O)         0.029    -1.673 r  clk_wiz_inst/inst/clkout1_buf/O
                         net (fo=350, routed)         0.877    -0.796    cpci/Memmy/Reg_File_Block_reg_0_63_0_2/WCLK
    SLICE_X2Y96          RAMD64E                                      r  cpci/Memmy/Reg_File_Block_reg_0_63_0_2/RAMB/CLK
                         clock pessimism              0.252    -0.544    
    SLICE_X2Y96          RAMD64E (Hold_ramd64e_CLK_WADR4)
                                                      0.200    -0.344    cpci/Memmy/Reg_File_Block_reg_0_63_0_2/RAMB
  -------------------------------------------------------------------
                         required time                          0.344    
                         arrival time                          -0.253    
  -------------------------------------------------------------------
                         slack                                  0.091    

Slack (MET) :             0.091ns  (arrival time - required time)
  Source:                 cpci/countty_cyc/count_out_reg[4]/C
                            (rising edge-triggered cell FDRE clocked by clk_out1_clk_wiz_0  {rise@0.000ns fall@6.667ns period=13.333ns})
  Destination:            cpci/Memmy/Reg_File_Block_reg_0_63_0_2/RAMC/WADR4
                            (rising edge-triggered cell RAMD64E clocked by clk_out1_clk_wiz_0  {rise@0.000ns fall@6.667ns period=13.333ns})
  Path Group:             clk_out1_clk_wiz_0
  Path Type:              Hold (Min at Fast Process Corner)
  Requirement:            0.000ns  (clk_out1_clk_wiz_0 rise@0.000ns - clk_out1_clk_wiz_0 rise@0.000ns)
  Data Path Delay:        0.307ns  (logic 0.141ns (45.858%)  route 0.166ns (54.142%))
  Logic Levels:           0  
  Clock Path Skew:        0.016ns (DCD - SCD - CPR)
    Destination Clock Delay (DCD):    -0.796ns
    Source Clock Delay      (SCD):    -0.560ns
    Clock Pessimism Removal (CPR):    -0.252ns

    Location             Delay type                Incr(ns)  Path(ns)    Netlist Resource(s)
  -------------------------------------------------------------------    -------------------
                         (clock clk_out1_clk_wiz_0 rise edge)
                                                      0.000     0.000 r  
    E3                                                0.000     0.000 r  clk_100MHz (IN)
                         net (fo=0)                   0.000     0.000    clk_wiz_inst/inst/clk_in1
    E3                   IBUF (Prop_ibuf_I_O)         0.250     0.250 r  clk_wiz_inst/inst/clkin1_ibufg/O
                         net (fo=1, routed)           0.440     0.690    clk_wiz_inst/inst/clk_in1_clk_wiz_0
    MMCME2_ADV_X1Y2      MMCME2_ADV (Prop_mmcme2_adv_CLKIN1_CLKOUT0)
                                                     -2.379    -1.689 r  clk_wiz_inst/inst/mmcm_adv_inst/CLKOUT0
                         net (fo=1, routed)           0.499    -1.190    clk_wiz_inst/inst/clk_out1_clk_wiz_0
    BUFGCTRL_X0Y16       BUFG (Prop_bufg_I_O)         0.026    -1.164 r  clk_wiz_inst/inst/clkout1_buf/O
                         net (fo=350, routed)         0.604    -0.560    cpci/countty_cyc/clk_out1
    SLICE_X0Y96          FDRE                                         r  cpci/countty_cyc/count_out_reg[4]/C
  -------------------------------------------------------------------    -------------------
    SLICE_X0Y96          FDRE (Prop_fdre_C_Q)         0.141    -0.419 r  cpci/countty_cyc/count_out_reg[4]/Q
                         net (fo=57, routed)          0.166    -0.253    cpci/Memmy/Reg_File_Block_reg_0_63_0_2/ADDRD4
    SLICE_X2Y96          RAMD64E                                      r  cpci/Memmy/Reg_File_Block_reg_0_63_0_2/RAMC/WADR4
  -------------------------------------------------------------------    -------------------

                         (clock clk_out1_clk_wiz_0 rise edge)
                                                      0.000     0.000 r  
    E3                                                0.000     0.000 r  clk_100MHz (IN)
                         net (fo=0)                   0.000     0.000    clk_wiz_inst/inst/clk_in1
    E3                   IBUF (Prop_ibuf_I_O)         0.438     0.438 r  clk_wiz_inst/inst/clkin1_ibufg/O
                         net (fo=1, routed)           0.480     0.918    clk_wiz_inst/inst/clk_in1_clk_wiz_0
    MMCME2_ADV_X1Y2      MMCME2_ADV (Prop_mmcme2_adv_CLKIN1_CLKOUT0)
                                                     -3.163    -2.245 r  clk_wiz_inst/inst/mmcm_adv_inst/CLKOUT0
                         net (fo=1, routed)           0.544    -1.702    clk_wiz_inst/inst/clk_out1_clk_wiz_0
    BUFGCTRL_X0Y16       BUFG (Prop_bufg_I_O)         0.029    -1.673 r  clk_wiz_inst/inst/clkout1_buf/O
                         net (fo=350, routed)         0.877    -0.796    cpci/Memmy/Reg_File_Block_reg_0_63_0_2/WCLK
    SLICE_X2Y96          RAMD64E                                      r  cpci/Memmy/Reg_File_Block_reg_0_63_0_2/RAMC/CLK
                         clock pessimism              0.252    -0.544    
    SLICE_X2Y96          RAMD64E (Hold_ramd64e_CLK_WADR4)
                                                      0.200    -0.344    cpci/Memmy/Reg_File_Block_reg_0_63_0_2/RAMC
  -------------------------------------------------------------------
                         required time                          0.344    
                         arrival time                          -0.253    
  -------------------------------------------------------------------
                         slack                                  0.091    

Slack (MET) :             0.091ns  (arrival time - required time)
  Source:                 cpci/countty_cyc/count_out_reg[4]/C
                            (rising edge-triggered cell FDRE clocked by clk_out1_clk_wiz_0  {rise@0.000ns fall@6.667ns period=13.333ns})
  Destination:            cpci/Memmy/Reg_File_Block_reg_0_63_0_2/RAMD/WADR4
                            (rising edge-triggered cell RAMD64E clocked by clk_out1_clk_wiz_0  {rise@0.000ns fall@6.667ns period=13.333ns})
  Path Group:             clk_out1_clk_wiz_0
  Path Type:              Hold (Min at Fast Process Corner)
  Requirement:            0.000ns  (clk_out1_clk_wiz_0 rise@0.000ns - clk_out1_clk_wiz_0 rise@0.000ns)
  Data Path Delay:        0.307ns  (logic 0.141ns (45.858%)  route 0.166ns (54.142%))
  Logic Levels:           0  
  Clock Path Skew:        0.016ns (DCD - SCD - CPR)
    Destination Clock Delay (DCD):    -0.796ns
    Source Clock Delay      (SCD):    -0.560ns
    Clock Pessimism Removal (CPR):    -0.252ns

    Location             Delay type                Incr(ns)  Path(ns)    Netlist Resource(s)
  -------------------------------------------------------------------    -------------------
                         (clock clk_out1_clk_wiz_0 rise edge)
                                                      0.000     0.000 r  
    E3                                                0.000     0.000 r  clk_100MHz (IN)
                         net (fo=0)                   0.000     0.000    clk_wiz_inst/inst/clk_in1
    E3                   IBUF (Prop_ibuf_I_O)         0.250     0.250 r  clk_wiz_inst/inst/clkin1_ibufg/O
                         net (fo=1, routed)           0.440     0.690    clk_wiz_inst/inst/clk_in1_clk_wiz_0
    MMCME2_ADV_X1Y2      MMCME2_ADV (Prop_mmcme2_adv_CLKIN1_CLKOUT0)
                                                     -2.379    -1.689 r  clk_wiz_inst/inst/mmcm_adv_inst/CLKOUT0
                         net (fo=1, routed)           0.499    -1.190    clk_wiz_inst/inst/clk_out1_clk_wiz_0
    BUFGCTRL_X0Y16       BUFG (Prop_bufg_I_O)         0.026    -1.164 r  clk_wiz_inst/inst/clkout1_buf/O
                         net (fo=350, routed)         0.604    -0.560    cpci/countty_cyc/clk_out1
    SLICE_X0Y96          FDRE                                         r  cpci/countty_cyc/count_out_reg[4]/C
  -------------------------------------------------------------------    -------------------
    SLICE_X0Y96          FDRE (Prop_fdre_C_Q)         0.141    -0.419 r  cpci/countty_cyc/count_out_reg[4]/Q
                         net (fo=57, routed)          0.166    -0.253    cpci/Memmy/Reg_File_Block_reg_0_63_0_2/ADDRD4
    SLICE_X2Y96          RAMD64E                                      r  cpci/Memmy/Reg_File_Block_reg_0_63_0_2/RAMD/WADR4
  -------------------------------------------------------------------    -------------------

                         (clock clk_out1_clk_wiz_0 rise edge)
                                                      0.000     0.000 r  
    E3                                                0.000     0.000 r  clk_100MHz (IN)
                         net (fo=0)                   0.000     0.000    clk_wiz_inst/inst/clk_in1
    E3                   IBUF (Prop_ibuf_I_O)         0.438     0.438 r  clk_wiz_inst/inst/clkin1_ibufg/O
                         net (fo=1, routed)           0.480     0.918    clk_wiz_inst/inst/clk_in1_clk_wiz_0
    MMCME2_ADV_X1Y2      MMCME2_ADV (Prop_mmcme2_adv_CLKIN1_CLKOUT0)
                                                     -3.163    -2.245 r  clk_wiz_inst/inst/mmcm_adv_inst/CLKOUT0
                         net (fo=1, routed)           0.544    -1.702    clk_wiz_inst/inst/clk_out1_clk_wiz_0
    BUFGCTRL_X0Y16       BUFG (Prop_bufg_I_O)         0.029    -1.673 r  clk_wiz_inst/inst/clkout1_buf/O
                         net (fo=350, routed)         0.877    -0.796    cpci/Memmy/Reg_File_Block_reg_0_63_0_2/WCLK
    SLICE_X2Y96          RAMD64E                                      r  cpci/Memmy/Reg_File_Block_reg_0_63_0_2/RAMD/CLK
                         clock pessimism              0.252    -0.544    
    SLICE_X2Y96          RAMD64E (Hold_ramd64e_CLK_WADR4)
                                                      0.200    -0.344    cpci/Memmy/Reg_File_Block_reg_0_63_0_2/RAMD
  -------------------------------------------------------------------
                         required time                          0.344    
                         arrival time                          -0.253    
  -------------------------------------------------------------------
                         slack                                  0.091    

Slack (MET) :             0.102ns  (arrival time - required time)
  Source:                 cpci/countty_inst/count_reg[19]/C
                            (rising edge-triggered cell FDRE clocked by clk_out1_clk_wiz_0  {rise@0.000ns fall@6.667ns period=13.333ns})
  Destination:            cpci/countty_inst/count_reg[20]/D
                            (rising edge-triggered cell FDRE clocked by clk_out1_clk_wiz_0  {rise@0.000ns fall@6.667ns period=13.333ns})
  Path Group:             clk_out1_clk_wiz_0
  Path Type:              Hold (Min at Fast Process Corner)
  Requirement:            0.000ns  (clk_out1_clk_wiz_0 rise@0.000ns - clk_out1_clk_wiz_0 rise@0.000ns)
  Data Path Delay:        0.474ns  (logic 0.355ns (74.935%)  route 0.119ns (25.065%))
  Logic Levels:           2  (CARRY4=2)
  Clock Path Skew:        0.267ns (DCD - SCD - CPR)
    Destination Clock Delay (DCD):    -0.801ns
    Source Clock Delay      (SCD):    -0.559ns
    Clock Pessimism Removal (CPR):    -0.509ns

    Location             Delay type                Incr(ns)  Path(ns)    Netlist Resource(s)
  -------------------------------------------------------------------    -------------------
                         (clock clk_out1_clk_wiz_0 rise edge)
                                                      0.000     0.000 r  
    E3                                                0.000     0.000 r  clk_100MHz (IN)
                         net (fo=0)                   0.000     0.000    clk_wiz_inst/inst/clk_in1
    E3                   IBUF (Prop_ibuf_I_O)         0.250     0.250 r  clk_wiz_inst/inst/clkin1_ibufg/O
                         net (fo=1, routed)           0.440     0.690    clk_wiz_inst/inst/clk_in1_clk_wiz_0
    MMCME2_ADV_X1Y2      MMCME2_ADV (Prop_mmcme2_adv_CLKIN1_CLKOUT0)
                                                     -2.379    -1.689 r  clk_wiz_inst/inst/mmcm_adv_inst/CLKOUT0
                         net (fo=1, routed)           0.499    -1.190    clk_wiz_inst/inst/clk_out1_clk_wiz_0
    BUFGCTRL_X0Y16       BUFG (Prop_bufg_I_O)         0.026    -1.164 r  clk_wiz_inst/inst/clkout1_buf/O
                         net (fo=350, routed)         0.605    -0.559    cpci/countty_inst/clk_out1
    SLICE_X1Y99          FDRE                                         r  cpci/countty_inst/count_reg[19]/C
  -------------------------------------------------------------------    -------------------
    SLICE_X1Y99          FDRE (Prop_fdre_C_Q)         0.141    -0.418 r  cpci/countty_inst/count_reg[19]/Q
                         net (fo=2, routed)           0.118    -0.300    cpci/countty_inst/count_reg[19]
    SLICE_X1Y99          CARRY4 (Prop_carry4_S[3]_CO[3])
                                                      0.160    -0.140 r  cpci/countty_inst/count_reg[16]_i_1/CO[3]
                         net (fo=1, routed)           0.001    -0.140    cpci/countty_inst/count_reg[16]_i_1_n_0
    SLICE_X1Y100         CARRY4 (Prop_carry4_CI_O[0])
                                                      0.054    -0.086 r  cpci/countty_inst/count_reg[20]_i_1/O[0]
                         net (fo=1, routed)           0.000    -0.086    cpci/countty_inst/count_reg[20]_i_1_n_7
    SLICE_X1Y100         FDRE                                         r  cpci/countty_inst/count_reg[20]/D
  -------------------------------------------------------------------    -------------------

                         (clock clk_out1_clk_wiz_0 rise edge)
                                                      0.000     0.000 r  
    E3                                                0.000     0.000 r  clk_100MHz (IN)
                         net (fo=0)                   0.000     0.000    clk_wiz_inst/inst/clk_in1
    E3                   IBUF (Prop_ibuf_I_O)         0.438     0.438 r  clk_wiz_inst/inst/clkin1_ibufg/O
                         net (fo=1, routed)           0.480     0.918    clk_wiz_inst/inst/clk_in1_clk_wiz_0
    MMCME2_ADV_X1Y2      MMCME2_ADV (Prop_mmcme2_adv_CLKIN1_CLKOUT0)
                                                     -3.163    -2.245 r  clk_wiz_inst/inst/mmcm_adv_inst/CLKOUT0
                         net (fo=1, routed)           0.544    -1.702    clk_wiz_inst/inst/clk_out1_clk_wiz_0
    BUFGCTRL_X0Y16       BUFG (Prop_bufg_I_O)         0.029    -1.673 r  clk_wiz_inst/inst/clkout1_buf/O
                         net (fo=350, routed)         0.872    -0.801    cpci/countty_inst/clk_out1
    SLICE_X1Y100         FDRE                                         r  cpci/countty_inst/count_reg[20]/C
                         clock pessimism              0.509    -0.292    
    SLICE_X1Y100         FDRE (Hold_fdre_C_D)         0.105    -0.187    cpci/countty_inst/count_reg[20]
  -------------------------------------------------------------------
                         required time                          0.187    
                         arrival time                          -0.086    
  -------------------------------------------------------------------
                         slack                                  0.102    

Slack (MET) :             0.113ns  (arrival time - required time)
  Source:                 cpci/countty_inst/count_reg[19]/C
                            (rising edge-triggered cell FDRE clocked by clk_out1_clk_wiz_0  {rise@0.000ns fall@6.667ns period=13.333ns})
  Destination:            cpci/countty_inst/count_reg[22]/D
                            (rising edge-triggered cell FDRE clocked by clk_out1_clk_wiz_0  {rise@0.000ns fall@6.667ns period=13.333ns})
  Path Group:             clk_out1_clk_wiz_0
  Path Type:              Hold (Min at Fast Process Corner)
  Requirement:            0.000ns  (clk_out1_clk_wiz_0 rise@0.000ns - clk_out1_clk_wiz_0 rise@0.000ns)
  Data Path Delay:        0.485ns  (logic 0.366ns (75.504%)  route 0.119ns (24.496%))
  Logic Levels:           2  (CARRY4=2)
  Clock Path Skew:        0.267ns (DCD - SCD - CPR)
    Destination Clock Delay (DCD):    -0.801ns
    Source Clock Delay      (SCD):    -0.559ns
    Clock Pessimism Removal (CPR):    -0.509ns

    Location             Delay type                Incr(ns)  Path(ns)    Netlist Resource(s)
  -------------------------------------------------------------------    -------------------
                         (clock clk_out1_clk_wiz_0 rise edge)
                                                      0.000     0.000 r  
    E3                                                0.000     0.000 r  clk_100MHz (IN)
                         net (fo=0)                   0.000     0.000    clk_wiz_inst/inst/clk_in1
    E3                   IBUF (Prop_ibuf_I_O)         0.250     0.250 r  clk_wiz_inst/inst/clkin1_ibufg/O
                         net (fo=1, routed)           0.440     0.690    clk_wiz_inst/inst/clk_in1_clk_wiz_0
    MMCME2_ADV_X1Y2      MMCME2_ADV (Prop_mmcme2_adv_CLKIN1_CLKOUT0)
                                                     -2.379    -1.689 r  clk_wiz_inst/inst/mmcm_adv_inst/CLKOUT0
                         net (fo=1, routed)           0.499    -1.190    clk_wiz_inst/inst/clk_out1_clk_wiz_0
    BUFGCTRL_X0Y16       BUFG (Prop_bufg_I_O)         0.026    -1.164 r  clk_wiz_inst/inst/clkout1_buf/O
                         net (fo=350, routed)         0.605    -0.559    cpci/countty_inst/clk_out1
    SLICE_X1Y99          FDRE                                         r  cpci/countty_inst/count_reg[19]/C
  -------------------------------------------------------------------    -------------------
    SLICE_X1Y99          FDRE (Prop_fdre_C_Q)         0.141    -0.418 r  cpci/countty_inst/count_reg[19]/Q
                         net (fo=2, routed)           0.118    -0.300    cpci/countty_inst/count_reg[19]
    SLICE_X1Y99          CARRY4 (Prop_carry4_S[3]_CO[3])
                                                      0.160    -0.140 r  cpci/countty_inst/count_reg[16]_i_1/CO[3]
                         net (fo=1, routed)           0.001    -0.140    cpci/countty_inst/count_reg[16]_i_1_n_0
    SLICE_X1Y100         CARRY4 (Prop_carry4_CI_O[2])
                                                      0.065    -0.075 r  cpci/countty_inst/count_reg[20]_i_1/O[2]
                         net (fo=1, routed)           0.000    -0.075    cpci/countty_inst/count_reg[20]_i_1_n_5
    SLICE_X1Y100         FDRE                                         r  cpci/countty_inst/count_reg[22]/D
  -------------------------------------------------------------------    -------------------

                         (clock clk_out1_clk_wiz_0 rise edge)
                                                      0.000     0.000 r  
    E3                                                0.000     0.000 r  clk_100MHz (IN)
                         net (fo=0)                   0.000     0.000    clk_wiz_inst/inst/clk_in1
    E3                   IBUF (Prop_ibuf_I_O)         0.438     0.438 r  clk_wiz_inst/inst/clkin1_ibufg/O
                         net (fo=1, routed)           0.480     0.918    clk_wiz_inst/inst/clk_in1_clk_wiz_0
    MMCME2_ADV_X1Y2      MMCME2_ADV (Prop_mmcme2_adv_CLKIN1_CLKOUT0)
                                                     -3.163    -2.245 r  clk_wiz_inst/inst/mmcm_adv_inst/CLKOUT0
                         net (fo=1, routed)           0.544    -1.702    clk_wiz_inst/inst/clk_out1_clk_wiz_0
    BUFGCTRL_X0Y16       BUFG (Prop_bufg_I_O)         0.029    -1.673 r  clk_wiz_inst/inst/clkout1_buf/O
                         net (fo=350, routed)         0.872    -0.801    cpci/countty_inst/clk_out1
    SLICE_X1Y100         FDRE                                         r  cpci/countty_inst/count_reg[22]/C
                         clock pessimism              0.509    -0.292    
    SLICE_X1Y100         FDRE (Hold_fdre_C_D)         0.105    -0.187    cpci/countty_inst/count_reg[22]
  -------------------------------------------------------------------
                         required time                          0.187    
                         arrival time                          -0.075    
  -------------------------------------------------------------------
                         slack                                  0.113    





Pulse Width Checks
--------------------------------------------------------------------------------------
Clock Name:         clk_out1_clk_wiz_0
Waveform(ns):       { 0.000 6.667 }
Period(ns):         13.333
Sources:            { clk_wiz_inst/inst/mmcm_adv_inst/CLKOUT0 }

Check Type        Corner  Lib Pin             Reference Pin  Required(ns)  Actual(ns)  Slack(ns)  Location         Pin
Min Period        n/a     BUFG/I              n/a            2.155         13.333      11.178     BUFGCTRL_X0Y16   clk_wiz_inst/inst/clkout1_buf/I
Min Period        n/a     MMCME2_ADV/CLKOUT0  n/a            1.249         13.333      12.084     MMCME2_ADV_X1Y2  clk_wiz_inst/inst/mmcm_adv_inst/CLKOUT0
Min Period        n/a     FDRE/C              n/a            1.000         13.333      12.333     SLICE_X0Y93      clk_sevenseg/clk_int_reg/C
Min Period        n/a     FDRE/C              n/a            1.000         13.333      12.333     SLICE_X1Y90      clk_sevenseg/counter_reg[0]/C
Min Period        n/a     FDRE/C              n/a            1.000         13.333      12.333     SLICE_X1Y92      clk_sevenseg/counter_reg[10]/C
Min Period        n/a     FDRE/C              n/a            1.000         13.333      12.333     SLICE_X1Y92      clk_sevenseg/counter_reg[11]/C
Min Period        n/a     FDRE/C              n/a            1.000         13.333      12.333     SLICE_X1Y93      clk_sevenseg/counter_reg[12]/C
Min Period        n/a     FDRE/C              n/a            1.000         13.333      12.333     SLICE_X1Y93      clk_sevenseg/counter_reg[13]/C
Min Period        n/a     FDRE/C              n/a            1.000         13.333      12.333     SLICE_X1Y93      clk_sevenseg/counter_reg[14]/C
Min Period        n/a     FDRE/C              n/a            1.000         13.333      12.333     SLICE_X1Y93      clk_sevenseg/counter_reg[15]/C
Max Period        n/a     MMCME2_ADV/CLKOUT0  n/a            213.360       13.333      200.027    MMCME2_ADV_X1Y2  clk_wiz_inst/inst/mmcm_adv_inst/CLKOUT0
Low Pulse Width   Slow    RAMD64E/CLK         n/a            1.250         6.667       5.417      SLICE_X2Y96      cpci/Memmy/Reg_File_Block_reg_0_63_0_2/RAMA/CLK
Low Pulse Width   Fast    RAMD64E/CLK         n/a            1.250         6.667       5.417      SLICE_X2Y96      cpci/Memmy/Reg_File_Block_reg_0_63_0_2/RAMA/CLK
Low Pulse Width   Slow    RAMD64E/CLK         n/a            1.250         6.667       5.417      SLICE_X2Y96      cpci/Memmy/Reg_File_Block_reg_0_63_0_2/RAMB/CLK
Low Pulse Width   Fast    RAMD64E/CLK         n/a            1.250         6.667       5.417      SLICE_X2Y96      cpci/Memmy/Reg_File_Block_reg_0_63_0_2/RAMB/CLK
Low Pulse Width   Slow    RAMD64E/CLK         n/a            1.250         6.667       5.417      SLICE_X2Y96      cpci/Memmy/Reg_File_Block_reg_0_63_0_2/RAMC/CLK
Low Pulse Width   Fast    RAMD64E/CLK         n/a            1.250         6.667       5.417      SLICE_X2Y96      cpci/Memmy/Reg_File_Block_reg_0_63_0_2/RAMC/CLK
Low Pulse Width   Slow    RAMD64E/CLK         n/a            1.250         6.667       5.417      SLICE_X2Y96      cpci/Memmy/Reg_File_Block_reg_0_63_0_2/RAMD/CLK
Low Pulse Width   Fast    RAMD64E/CLK         n/a            1.250         6.667       5.417      SLICE_X2Y96      cpci/Memmy/Reg_File_Block_reg_0_63_0_2/RAMD/CLK
Low Pulse Width   Slow    RAMD64E/CLK         n/a            1.250         6.667       5.417      SLICE_X2Y98      cpci/Memmy/Reg_File_Block_reg_0_63_12_14/RAMA/CLK
Low Pulse Width   Fast    RAMD64E/CLK         n/a            1.250         6.667       5.417      SLICE_X2Y98      cpci/Memmy/Reg_File_Block_reg_0_63_12_14/RAMA/CLK
High Pulse Width  Slow    RAMD64E/CLK         n/a            1.250         6.667       5.417      SLICE_X2Y96      cpci/Memmy/Reg_File_Block_reg_0_63_0_2/RAMA/CLK
High Pulse Width  Fast    RAMD64E/CLK         n/a            1.250         6.667       5.417      SLICE_X2Y96      cpci/Memmy/Reg_File_Block_reg_0_63_0_2/RAMA/CLK
High Pulse Width  Slow    RAMD64E/CLK         n/a            1.250         6.667       5.417      SLICE_X2Y96      cpci/Memmy/Reg_File_Block_reg_0_63_0_2/RAMB/CLK
High Pulse Width  Fast    RAMD64E/CLK         n/a            1.250         6.667       5.417      SLICE_X2Y96      cpci/Memmy/Reg_File_Block_reg_0_63_0_2/RAMB/CLK
High Pulse Width  Slow    RAMD64E/CLK         n/a            1.250         6.667       5.417      SLICE_X2Y96      cpci/Memmy/Reg_File_Block_reg_0_63_0_2/RAMC/CLK
High Pulse Width  Fast    RAMD64E/CLK         n/a            1.250         6.667       5.417      SLICE_X2Y96      cpci/Memmy/Reg_File_Block_reg_0_63_0_2/RAMC/CLK
High Pulse Width  Slow    RAMD64E/CLK         n/a            1.250         6.667       5.417      SLICE_X2Y96      cpci/Memmy/Reg_File_Block_reg_0_63_0_2/RAMD/CLK
High Pulse Width  Fast    RAMD64E/CLK         n/a            1.250         6.667       5.417      SLICE_X2Y96      cpci/Memmy/Reg_File_Block_reg_0_63_0_2/RAMD/CLK
High Pulse Width  Slow    RAMD64E/CLK         n/a            1.250         6.667       5.417      SLICE_X2Y98      cpci/Memmy/Reg_File_Block_reg_0_63_12_14/RAMA/CLK
High Pulse Width  Fast    RAMD64E/CLK         n/a            1.250         6.667       5.417      SLICE_X2Y98      cpci/Memmy/Reg_File_Block_reg_0_63_12_14/RAMA/CLK



---------------------------------------------------------------------------------------------------
From Clock:  clkfbout_clk_wiz_0
  To Clock:  clkfbout_clk_wiz_0

Setup :           NA  Failing Endpoints,  Worst Slack           NA  ,  Total Violation           NA
Hold  :           NA  Failing Endpoints,  Worst Slack           NA  ,  Total Violation           NA
PW    :            0  Failing Endpoints,  Worst Slack       37.845ns,  Total Violation        0.000ns
---------------------------------------------------------------------------------------------------


Pulse Width Checks
--------------------------------------------------------------------------------------
Clock Name:         clkfbout_clk_wiz_0
Waveform(ns):       { 0.000 20.000 }
Period(ns):         40.000
Sources:            { clk_wiz_inst/inst/mmcm_adv_inst/CLKFBOUT }

Check Type  Corner  Lib Pin              Reference Pin  Required(ns)  Actual(ns)  Slack(ns)  Location         Pin
Min Period  n/a     BUFG/I               n/a            2.155         40.000      37.845     BUFGCTRL_X0Y17   clk_wiz_inst/inst/clkf_buf/I
Min Period  n/a     MMCME2_ADV/CLKFBOUT  n/a            1.249         40.000      38.751     MMCME2_ADV_X1Y2  clk_wiz_inst/inst/mmcm_adv_inst/CLKFBOUT
Min Period  n/a     MMCME2_ADV/CLKFBIN   n/a            1.249         40.000      38.751     MMCME2_ADV_X1Y2  clk_wiz_inst/inst/mmcm_adv_inst/CLKFBIN
Max Period  n/a     MMCME2_ADV/CLKFBIN   n/a            100.000       40.000      60.000     MMCME2_ADV_X1Y2  clk_wiz_inst/inst/mmcm_adv_inst/CLKFBIN
Max Period  n/a     MMCME2_ADV/CLKFBOUT  n/a            213.360       40.000      173.360    MMCME2_ADV_X1Y2  clk_wiz_inst/inst/mmcm_adv_inst/CLKFBOUT



--------------------------------------------------------------------------------------
Path Group:  (none)
From Clock:  
  To Clock:  

Max Delay            18 Endpoints
Min Delay            18 Endpoints
--------------------------------------------------------------------------------------


Max Delay Paths
--------------------------------------------------------------------------------------
Slack:                    inf
  Source:                 swt_count
                            (input port)
  Destination:            Seg7_fpga[5]
                            (output port)
  Path Group:             (none)
  Path Type:              Max at Slow Process Corner
  Data Path Delay:        14.082ns  (logic 6.028ns (42.804%)  route 8.054ns (57.196%))
  Logic Levels:           6  (IBUF=1 LUT4=1 LUT6=2 MUXF7=1 OBUF=1)

    Location             Delay type                Incr(ns)  Path(ns)    Netlist Resource(s)
  -------------------------------------------------------------------    -------------------
    M13                                               0.000     0.000 r  swt_count (IN)
                         net (fo=0)                   0.000     0.000    swt_count
    M13                  IBUF (Prop_ibuf_I_O)         1.485     1.485 r  swt_count_IBUF_inst/O
                         net (fo=32, routed)          2.963     4.448    cpci/countty_inst/swt_count_IBUF
    SLICE_X3Y101         LUT6 (Prop_lut6_I1_O)        0.124     4.572 r  cpci/countty_inst/Seg7_fpga_OBUF[6]_inst_i_22/O
                         net (fo=1, routed)           0.000     4.572    cpci/countty_inst/p_1_in[0]
    SLICE_X3Y101         MUXF7 (Prop_muxf7_I0_O)      0.212     4.784 r  cpci/countty_inst/Seg7_fpga_OBUF[6]_inst_i_6/O
                         net (fo=1, routed)           0.817     5.601    cpci/countty_inst/Seg7_fpga_OBUF[6]_inst_i_6_n_0
    SLICE_X5Y99          LUT6 (Prop_lut6_I0_O)        0.299     5.900 r  cpci/countty_inst/Seg7_fpga_OBUF[6]_inst_i_2/O
                         net (fo=7, routed)           0.751     6.651    cpci/countty_inst/sel0[0]
    SLICE_X4Y99          LUT4 (Prop_lut4_I2_O)        0.150     6.801 r  cpci/countty_inst/Seg7_fpga_OBUF[5]_inst_i_1/O
                         net (fo=1, routed)           3.524    10.324    Seg7_fpga_OBUF[5]
    R10                  OBUF (Prop_obuf_I_O)         3.757    14.082 r  Seg7_fpga_OBUF[5]_inst/O
                         net (fo=0)                   0.000    14.082    Seg7_fpga[5]
    R10                                                               r  Seg7_fpga[5] (OUT)
  -------------------------------------------------------------------    -------------------

Slack:                    inf
  Source:                 swt_count
                            (input port)
  Destination:            Seg7_fpga[6]
                            (output port)
  Path Group:             (none)
  Path Type:              Max at Slow Process Corner
  Data Path Delay:        14.079ns  (logic 6.057ns (43.023%)  route 8.022ns (56.977%))
  Logic Levels:           6  (IBUF=1 LUT4=1 LUT6=2 MUXF7=1 OBUF=1)

    Location             Delay type                Incr(ns)  Path(ns)    Netlist Resource(s)
  -------------------------------------------------------------------    -------------------
    M13                                               0.000     0.000 r  swt_count (IN)
                         net (fo=0)                   0.000     0.000    swt_count
    M13                  IBUF (Prop_ibuf_I_O)         1.485     1.485 r  swt_count_IBUF_inst/O
                         net (fo=32, routed)          2.963     4.448    cpci/countty_inst/swt_count_IBUF
    SLICE_X3Y101         LUT6 (Prop_lut6_I1_O)        0.124     4.572 r  cpci/countty_inst/Seg7_fpga_OBUF[6]_inst_i_22/O
                         net (fo=1, routed)           0.000     4.572    cpci/countty_inst/p_1_in[0]
    SLICE_X3Y101         MUXF7 (Prop_muxf7_I0_O)      0.212     4.784 r  cpci/countty_inst/Seg7_fpga_OBUF[6]_inst_i_6/O
                         net (fo=1, routed)           0.817     5.601    cpci/countty_inst/Seg7_fpga_OBUF[6]_inst_i_6_n_0
    SLICE_X5Y99          LUT6 (Prop_lut6_I0_O)        0.299     5.900 r  cpci/countty_inst/Seg7_fpga_OBUF[6]_inst_i_2/O
                         net (fo=7, routed)           0.743     6.643    cpci/countty_inst/sel0[0]
    SLICE_X4Y99          LUT4 (Prop_lut4_I0_O)        0.152     6.795 r  cpci/countty_inst/Seg7_fpga_OBUF[6]_inst_i_1/O
                         net (fo=1, routed)           3.499    10.294    Seg7_fpga_OBUF[6]
    T10                  OBUF (Prop_obuf_I_O)         3.785    14.079 r  Seg7_fpga_OBUF[6]_inst/O
                         net (fo=0)                   0.000    14.079    Seg7_fpga[6]
    T10                                                               r  Seg7_fpga[6] (OUT)
  -------------------------------------------------------------------    -------------------

Slack:                    inf
  Source:                 swt_count
                            (input port)
  Destination:            Seg7_fpga[1]
                            (output port)
  Path Group:             (none)
  Path Type:              Max at Slow Process Corner
  Data Path Delay:        13.286ns  (logic 5.805ns (43.691%)  route 7.481ns (56.309%))
  Logic Levels:           6  (IBUF=1 LUT4=1 LUT6=2 MUXF7=1 OBUF=1)

    Location             Delay type                Incr(ns)  Path(ns)    Netlist Resource(s)
  -------------------------------------------------------------------    -------------------
    M13                                               0.000     0.000 r  swt_count (IN)
                         net (fo=0)                   0.000     0.000    swt_count
    M13                  IBUF (Prop_ibuf_I_O)         1.485     1.485 r  swt_count_IBUF_inst/O
                         net (fo=32, routed)          2.963     4.448    cpci/countty_inst/swt_count_IBUF
    SLICE_X3Y101         LUT6 (Prop_lut6_I1_O)        0.124     4.572 r  cpci/countty_inst/Seg7_fpga_OBUF[6]_inst_i_22/O
                         net (fo=1, routed)           0.000     4.572    cpci/countty_inst/p_1_in[0]
    SLICE_X3Y101         MUXF7 (Prop_muxf7_I0_O)      0.212     4.784 r  cpci/countty_inst/Seg7_fpga_OBUF[6]_inst_i_6/O
                         net (fo=1, routed)           0.817     5.601    cpci/countty_inst/Seg7_fpga_OBUF[6]_inst_i_6_n_0
    SLICE_X5Y99          LUT6 (Prop_lut6_I0_O)        0.299     5.900 r  cpci/countty_inst/Seg7_fpga_OBUF[6]_inst_i_2/O
                         net (fo=7, routed)           0.743     6.643    cpci/countty_inst/sel0[0]
    SLICE_X4Y99          LUT4 (Prop_lut4_I0_O)        0.124     6.767 r  cpci/countty_inst/Seg7_fpga_OBUF[1]_inst_i_1/O
                         net (fo=1, routed)           2.959     9.725    Seg7_fpga_OBUF[1]
    T11                  OBUF (Prop_obuf_I_O)         3.561    13.286 r  Seg7_fpga_OBUF[1]_inst/O
                         net (fo=0)                   0.000    13.286    Seg7_fpga[1]
    T11                                                               r  Seg7_fpga[1] (OUT)
  -------------------------------------------------------------------    -------------------

Slack:                    inf
  Source:                 swt_count
                            (input port)
  Destination:            Seg7_fpga[2]
                            (output port)
  Path Group:             (none)
  Path Type:              Max at Slow Process Corner
  Data Path Delay:        12.944ns  (logic 5.778ns (44.634%)  route 7.167ns (55.366%))
  Logic Levels:           6  (IBUF=1 LUT4=1 LUT6=2 MUXF7=1 OBUF=1)

    Location             Delay type                Incr(ns)  Path(ns)    Netlist Resource(s)
  -------------------------------------------------------------------    -------------------
    M13                                               0.000     0.000 r  swt_count (IN)
                         net (fo=0)                   0.000     0.000    swt_count
    M13                  IBUF (Prop_ibuf_I_O)         1.485     1.485 r  swt_count_IBUF_inst/O
                         net (fo=32, routed)          2.963     4.448    cpci/countty_inst/swt_count_IBUF
    SLICE_X3Y101         LUT6 (Prop_lut6_I1_O)        0.124     4.572 r  cpci/countty_inst/Seg7_fpga_OBUF[6]_inst_i_22/O
                         net (fo=1, routed)           0.000     4.572    cpci/countty_inst/p_1_in[0]
    SLICE_X3Y101         MUXF7 (Prop_muxf7_I0_O)      0.212     4.784 r  cpci/countty_inst/Seg7_fpga_OBUF[6]_inst_i_6/O
                         net (fo=1, routed)           0.817     5.601    cpci/countty_inst/Seg7_fpga_OBUF[6]_inst_i_6_n_0
    SLICE_X5Y99          LUT6 (Prop_lut6_I0_O)        0.299     5.900 r  cpci/countty_inst/Seg7_fpga_OBUF[6]_inst_i_2/O
                         net (fo=7, routed)           0.675     6.575    cpci/countty_inst/sel0[0]
    SLICE_X4Y99          LUT4 (Prop_lut4_I3_O)        0.124     6.699 r  cpci/countty_inst/Seg7_fpga_OBUF[2]_inst_i_1/O
                         net (fo=1, routed)           2.712     9.411    Seg7_fpga_OBUF[2]
    P15                  OBUF (Prop_obuf_I_O)         3.534    12.944 r  Seg7_fpga_OBUF[2]_inst/O
                         net (fo=0)                   0.000    12.944    Seg7_fpga[2]
    P15                                                               r  Seg7_fpga[2] (OUT)
  -------------------------------------------------------------------    -------------------

Slack:                    inf
  Source:                 swt_count
                            (input port)
  Destination:            Seg7_fpga[3]
                            (output port)
  Path Group:             (none)
  Path Type:              Max at Slow Process Corner
  Data Path Delay:        12.739ns  (logic 6.027ns (47.316%)  route 6.711ns (52.684%))
  Logic Levels:           6  (IBUF=1 LUT4=1 LUT6=2 MUXF7=1 OBUF=1)

    Location             Delay type                Incr(ns)  Path(ns)    Netlist Resource(s)
  -------------------------------------------------------------------    -------------------
    M13                                               0.000     0.000 r  swt_count (IN)
                         net (fo=0)                   0.000     0.000    swt_count
    M13                  IBUF (Prop_ibuf_I_O)         1.485     1.485 r  swt_count_IBUF_inst/O
                         net (fo=32, routed)          2.963     4.448    cpci/countty_inst/swt_count_IBUF
    SLICE_X3Y101         LUT6 (Prop_lut6_I1_O)        0.124     4.572 r  cpci/countty_inst/Seg7_fpga_OBUF[6]_inst_i_22/O
                         net (fo=1, routed)           0.000     4.572    cpci/countty_inst/p_1_in[0]
    SLICE_X3Y101         MUXF7 (Prop_muxf7_I0_O)      0.212     4.784 r  cpci/countty_inst/Seg7_fpga_OBUF[6]_inst_i_6/O
                         net (fo=1, routed)           0.817     5.601    cpci/countty_inst/Seg7_fpga_OBUF[6]_inst_i_6_n_0
    SLICE_X5Y99          LUT6 (Prop_lut6_I0_O)        0.299     5.900 r  cpci/countty_inst/Seg7_fpga_OBUF[6]_inst_i_2/O
                         net (fo=7, routed)           0.675     6.575    cpci/countty_inst/sel0[0]
    SLICE_X4Y99          LUT4 (Prop_lut4_I2_O)        0.154     6.729 r  cpci/countty_inst/Seg7_fpga_OBUF[3]_inst_i_1/O
                         net (fo=1, routed)           2.257     8.985    Seg7_fpga_OBUF[3]
    K13                  OBUF (Prop_obuf_I_O)         3.753    12.739 r  Seg7_fpga_OBUF[3]_inst/O
                         net (fo=0)                   0.000    12.739    Seg7_fpga[3]
    K13                                                               r  Seg7_fpga[3] (OUT)
  -------------------------------------------------------------------    -------------------

Slack:                    inf
  Source:                 swt_count
                            (input port)
  Destination:            Seg7_fpga[0]
                            (output port)
  Path Group:             (none)
  Path Type:              Max at Slow Process Corner
  Data Path Delay:        12.229ns  (logic 5.781ns (47.275%)  route 6.448ns (52.725%))
  Logic Levels:           6  (IBUF=1 LUT4=1 LUT6=2 MUXF7=1 OBUF=1)

    Location             Delay type                Incr(ns)  Path(ns)    Netlist Resource(s)
  -------------------------------------------------------------------    -------------------
    M13                                               0.000     0.000 r  swt_count (IN)
                         net (fo=0)                   0.000     0.000    swt_count
    M13                  IBUF (Prop_ibuf_I_O)         1.485     1.485 r  swt_count_IBUF_inst/O
                         net (fo=32, routed)          2.963     4.448    cpci/countty_inst/swt_count_IBUF
    SLICE_X3Y101         LUT6 (Prop_lut6_I1_O)        0.124     4.572 r  cpci/countty_inst/Seg7_fpga_OBUF[6]_inst_i_22/O
                         net (fo=1, routed)           0.000     4.572    cpci/countty_inst/p_1_in[0]
    SLICE_X3Y101         MUXF7 (Prop_muxf7_I0_O)      0.212     4.784 r  cpci/countty_inst/Seg7_fpga_OBUF[6]_inst_i_6/O
                         net (fo=1, routed)           0.817     5.601    cpci/countty_inst/Seg7_fpga_OBUF[6]_inst_i_6_n_0
    SLICE_X5Y99          LUT6 (Prop_lut6_I0_O)        0.299     5.900 r  cpci/countty_inst/Seg7_fpga_OBUF[6]_inst_i_2/O
                         net (fo=7, routed)           0.751     6.651    cpci/countty_inst/sel0[0]
    SLICE_X4Y99          LUT4 (Prop_lut4_I1_O)        0.124     6.775 r  cpci/countty_inst/Seg7_fpga_OBUF[0]_inst_i_1/O
                         net (fo=1, routed)           1.917     8.692    Seg7_fpga_OBUF[0]
    L18                  OBUF (Prop_obuf_I_O)         3.537    12.229 r  Seg7_fpga_OBUF[0]_inst/O
                         net (fo=0)                   0.000    12.229    Seg7_fpga[0]
    L18                                                               r  Seg7_fpga[0] (OUT)
  -------------------------------------------------------------------    -------------------

Slack:                    inf
  Source:                 swt_count
                            (input port)
  Destination:            Seg7_fpga[4]
                            (output port)
  Path Group:             (none)
  Path Type:              Max at Slow Process Corner
  Data Path Delay:        11.776ns  (logic 5.737ns (48.718%)  route 6.039ns (51.282%))
  Logic Levels:           6  (IBUF=1 LUT4=1 LUT6=2 MUXF7=1 OBUF=1)

    Location             Delay type                Incr(ns)  Path(ns)    Netlist Resource(s)
  -------------------------------------------------------------------    -------------------
    M13                                               0.000     0.000 r  swt_count (IN)
                         net (fo=0)                   0.000     0.000    swt_count
    M13                  IBUF (Prop_ibuf_I_O)         1.485     1.485 r  swt_count_IBUF_inst/O
                         net (fo=32, routed)          2.963     4.448    cpci/countty_inst/swt_count_IBUF
    SLICE_X3Y101         LUT6 (Prop_lut6_I1_O)        0.124     4.572 f  cpci/countty_inst/Seg7_fpga_OBUF[6]_inst_i_22/O
                         net (fo=1, routed)           0.000     4.572    cpci/countty_inst/p_1_in[0]
    SLICE_X3Y101         MUXF7 (Prop_muxf7_I0_O)      0.212     4.784 f  cpci/countty_inst/Seg7_fpga_OBUF[6]_inst_i_6/O
                         net (fo=1, routed)           0.817     5.601    cpci/countty_inst/Seg7_fpga_OBUF[6]_inst_i_6_n_0
    SLICE_X5Y99          LUT6 (Prop_lut6_I0_O)        0.299     5.900 f  cpci/countty_inst/Seg7_fpga_OBUF[6]_inst_i_2/O
                         net (fo=7, routed)           0.445     6.344    cpci/countty_inst/sel0[0]
    SLICE_X5Y99          LUT4 (Prop_lut4_I0_O)        0.124     6.468 r  cpci/countty_inst/Seg7_fpga_OBUF[4]_inst_i_1/O
                         net (fo=1, routed)           1.815     8.283    Seg7_fpga_OBUF[4]
    K16                  OBUF (Prop_obuf_I_O)         3.493    11.776 r  Seg7_fpga_OBUF[4]_inst/O
                         net (fo=0)                   0.000    11.776    Seg7_fpga[4]
    K16                                                               r  Seg7_fpga[4] (OUT)
  -------------------------------------------------------------------    -------------------

Slack:                    inf
  Source:                 seven_deccy/Posicion_reg[2]/C
                            (rising edge-triggered cell FDRE)
  Destination:            AnodosSeg_fpga[6]
                            (output port)
  Path Group:             (none)
  Path Type:              Max at Slow Process Corner
  Data Path Delay:        9.388ns  (logic 4.466ns (47.564%)  route 4.923ns (52.436%))
  Logic Levels:           3  (FDRE=1 LUT3=1 OBUF=1)

    Location             Delay type                Incr(ns)  Path(ns)    Netlist Resource(s)
  -------------------------------------------------------------------    -------------------
    SLICE_X4Y96          FDRE                         0.000     0.000 r  seven_deccy/Posicion_reg[2]/C
    SLICE_X4Y96          FDRE (Prop_fdre_C_Q)         0.419     0.419 f  seven_deccy/Posicion_reg[2]/Q
                         net (fo=13, routed)          0.693     1.112    seven_deccy/Posicion[2]
    SLICE_X5Y96          LUT3 (Prop_lut3_I2_O)        0.327     1.439 r  seven_deccy/AnodosSeg_fpga_OBUF[6]_inst_i_1/O
                         net (fo=1, routed)           4.230     5.669    AnodosSeg_fpga_OBUF[6]
    K2                   OBUF (Prop_obuf_I_O)         3.720     9.388 r  AnodosSeg_fpga_OBUF[6]_inst/O
                         net (fo=0)                   0.000     9.388    AnodosSeg_fpga[6]
    K2                                                                r  AnodosSeg_fpga[6] (OUT)
  -------------------------------------------------------------------    -------------------

Slack:                    inf
  Source:                 seven_deccy/Posicion_reg[0]/C
                            (rising edge-triggered cell FDRE)
  Destination:            AnodosSeg_fpga[7]
                            (output port)
  Path Group:             (none)
  Path Type:              Max at Slow Process Corner
  Data Path Delay:        8.199ns  (logic 4.366ns (53.252%)  route 3.833ns (46.748%))
  Logic Levels:           3  (FDRE=1 LUT3=1 OBUF=1)

    Location             Delay type                Incr(ns)  Path(ns)    Netlist Resource(s)
  -------------------------------------------------------------------    -------------------
    SLICE_X5Y96          FDRE                         0.000     0.000 r  seven_deccy/Posicion_reg[0]/C
    SLICE_X5Y96          FDRE (Prop_fdre_C_Q)         0.456     0.456 f  seven_deccy/Posicion_reg[0]/Q
                         net (fo=27, routed)          0.923     1.379    seven_deccy/Posicion[0]
    SLICE_X4Y96          LUT3 (Prop_lut3_I0_O)        0.154     1.533 r  seven_deccy/AnodosSeg_fpga_OBUF[7]_inst_i_1/O
                         net (fo=1, routed)           2.910     4.443    AnodosSeg_fpga_OBUF[7]
    U13                  OBUF (Prop_obuf_I_O)         3.756     8.199 r  AnodosSeg_fpga_OBUF[7]_inst/O
                         net (fo=0)                   0.000     8.199    AnodosSeg_fpga[7]
    U13                                                               r  AnodosSeg_fpga[7] (OUT)
  -------------------------------------------------------------------    -------------------

Slack:                    inf
  Source:                 seven_deccy/Posicion_reg[2]/C
                            (rising edge-triggered cell FDRE)
  Destination:            AnodosSeg_fpga[5]
                            (output port)
  Path Group:             (none)
  Path Type:              Max at Slow Process Corner
  Data Path Delay:        8.043ns  (logic 4.503ns (55.985%)  route 3.540ns (44.015%))
  Logic Levels:           3  (FDRE=1 LUT3=1 OBUF=1)

    Location             Delay type                Incr(ns)  Path(ns)    Netlist Resource(s)
  -------------------------------------------------------------------    -------------------
    SLICE_X4Y96          FDRE                         0.000     0.000 r  seven_deccy/Posicion_reg[2]/C
    SLICE_X4Y96          FDRE (Prop_fdre_C_Q)         0.419     0.419 f  seven_deccy/Posicion_reg[2]/Q
                         net (fo=13, routed)          0.860     1.279    seven_deccy/Posicion[2]
    SLICE_X3Y96          LUT3 (Prop_lut3_I2_O)        0.329     1.608 r  seven_deccy/AnodosSeg_fpga_OBUF[5]_inst_i_1/O
                         net (fo=1, routed)           2.680     4.288    AnodosSeg_fpga_OBUF[5]
    T14                  OBUF (Prop_obuf_I_O)         3.755     8.043 r  AnodosSeg_fpga_OBUF[5]_inst/O
                         net (fo=0)                   0.000     8.043    AnodosSeg_fpga[5]
    T14                                                               r  AnodosSeg_fpga[5] (OUT)
  -------------------------------------------------------------------    -------------------





Min Delay Paths
--------------------------------------------------------------------------------------
Slack:                    inf
  Source:                 seven_deccy/Posicion_reg[1]/C
                            (rising edge-triggered cell FDRE)
  Destination:            seven_deccy/Posicion_reg[2]/D
  Path Group:             (none)
  Path Type:              Min at Fast Process Corner
  Data Path Delay:        0.390ns  (logic 0.183ns (46.874%)  route 0.207ns (53.126%))
  Logic Levels:           2  (FDRE=1 LUT3=1)

    Location             Delay type                Incr(ns)  Path(ns)    Netlist Resource(s)
  -------------------------------------------------------------------    -------------------
    SLICE_X4Y96          FDRE                         0.000     0.000 r  seven_deccy/Posicion_reg[1]/C
    SLICE_X4Y96          FDRE (Prop_fdre_C_Q)         0.141     0.141 r  seven_deccy/Posicion_reg[1]/Q
                         net (fo=14, routed)          0.207     0.348    seven_deccy/Posicion[1]
    SLICE_X4Y96          LUT3 (Prop_lut3_I2_O)        0.042     0.390 r  seven_deccy/Posicion[2]_i_1/O
                         net (fo=1, routed)           0.000     0.390    seven_deccy/Posicion[2]_i_1_n_0
    SLICE_X4Y96          FDRE                                         r  seven_deccy/Posicion_reg[2]/D
  -------------------------------------------------------------------    -------------------

Slack:                    inf
  Source:                 seven_deccy/Posicion_reg[1]/C
                            (rising edge-triggered cell FDRE)
  Destination:            seven_deccy/Posicion_reg[1]/D
  Path Group:             (none)
  Path Type:              Min at Fast Process Corner
  Data Path Delay:        0.393ns  (logic 0.186ns (47.279%)  route 0.207ns (52.721%))
  Logic Levels:           2  (FDRE=1 LUT2=1)

    Location             Delay type                Incr(ns)  Path(ns)    Netlist Resource(s)
  -------------------------------------------------------------------    -------------------
    SLICE_X4Y96          FDRE                         0.000     0.000 r  seven_deccy/Posicion_reg[1]/C
    SLICE_X4Y96          FDRE (Prop_fdre_C_Q)         0.141     0.141 r  seven_deccy/Posicion_reg[1]/Q
                         net (fo=14, routed)          0.207     0.348    seven_deccy/Posicion[1]
    SLICE_X4Y96          LUT2 (Prop_lut2_I1_O)        0.045     0.393 r  seven_deccy/Posicion[1]_i_1/O
                         net (fo=1, routed)           0.000     0.393    seven_deccy/Posicion[1]_i_1_n_0
    SLICE_X4Y96          FDRE                                         r  seven_deccy/Posicion_reg[1]/D
  -------------------------------------------------------------------    -------------------

Slack:                    inf
  Source:                 seven_deccy/Posicion_reg[0]/C
                            (rising edge-triggered cell FDRE)
  Destination:            seven_deccy/Posicion_reg[0]/D
  Path Group:             (none)
  Path Type:              Min at Fast Process Corner
  Data Path Delay:        0.453ns  (logic 0.186ns (41.102%)  route 0.267ns (58.898%))
  Logic Levels:           2  (FDRE=1 LUT1=1)

    Location             Delay type                Incr(ns)  Path(ns)    Netlist Resource(s)
  -------------------------------------------------------------------    -------------------
    SLICE_X5Y96          FDRE                         0.000     0.000 r  seven_deccy/Posicion_reg[0]/C
    SLICE_X5Y96          FDRE (Prop_fdre_C_Q)         0.141     0.141 f  seven_deccy/Posicion_reg[0]/Q
                         net (fo=27, routed)          0.267     0.408    seven_deccy/Posicion[0]
    SLICE_X5Y96          LUT1 (Prop_lut1_I0_O)        0.045     0.453 r  seven_deccy/Posicion[0]_i_1/O
                         net (fo=1, routed)           0.000     0.453    seven_deccy/Posicion[0]_i_1_n_0
    SLICE_X5Y96          FDRE                                         r  seven_deccy/Posicion_reg[0]/D
  -------------------------------------------------------------------    -------------------

Slack:                    inf
  Source:                 seven_deccy/Posicion_reg[1]/C
                            (rising edge-triggered cell FDRE)
  Destination:            AnodosSeg_fpga[1]
                            (output port)
  Path Group:             (none)
  Path Type:              Min at Fast Process Corner
  Data Path Delay:        2.107ns  (logic 1.422ns (67.517%)  route 0.684ns (32.483%))
  Logic Levels:           3  (FDRE=1 LUT3=1 OBUF=1)

    Location             Delay type                Incr(ns)  Path(ns)    Netlist Resource(s)
  -------------------------------------------------------------------    -------------------
    SLICE_X4Y96          FDRE                         0.000     0.000 r  seven_deccy/Posicion_reg[1]/C
    SLICE_X4Y96          FDRE (Prop_fdre_C_Q)         0.141     0.141 r  seven_deccy/Posicion_reg[1]/Q
                         net (fo=14, routed)          0.254     0.395    seven_deccy/Posicion[1]
    SLICE_X3Y96          LUT3 (Prop_lut3_I2_O)        0.045     0.440 r  seven_deccy/AnodosSeg_fpga_OBUF[1]_inst_i_1/O
                         net (fo=1, routed)           0.431     0.870    AnodosSeg_fpga_OBUF[1]
    J18                  OBUF (Prop_obuf_I_O)         1.236     2.107 r  AnodosSeg_fpga_OBUF[1]_inst/O
                         net (fo=0)                   0.000     2.107    AnodosSeg_fpga[1]
    J18                                                               r  AnodosSeg_fpga[1] (OUT)
  -------------------------------------------------------------------    -------------------

Slack:                    inf
  Source:                 seven_deccy/Posicion_reg[1]/C
                            (rising edge-triggered cell FDRE)
  Destination:            AnodosSeg_fpga[0]
                            (output port)
  Path Group:             (none)
  Path Type:              Min at Fast Process Corner
  Data Path Delay:        2.181ns  (logic 1.488ns (68.226%)  route 0.693ns (31.774%))
  Logic Levels:           3  (FDRE=1 LUT3=1 OBUF=1)

    Location             Delay type                Incr(ns)  Path(ns)    Netlist Resource(s)
  -------------------------------------------------------------------    -------------------
    SLICE_X4Y96          FDRE                         0.000     0.000 r  seven_deccy/Posicion_reg[1]/C
    SLICE_X4Y96          FDRE (Prop_fdre_C_Q)         0.141     0.141 r  seven_deccy/Posicion_reg[1]/Q
                         net (fo=14, routed)          0.255     0.396    seven_deccy/Posicion[1]
    SLICE_X3Y96          LUT3 (Prop_lut3_I2_O)        0.044     0.440 r  seven_deccy/AnodosSeg_fpga_OBUF[0]_inst_i_1/O
                         net (fo=1, routed)           0.439     0.878    AnodosSeg_fpga_OBUF[0]
    J17                  OBUF (Prop_obuf_I_O)         1.303     2.181 r  AnodosSeg_fpga_OBUF[0]_inst/O
                         net (fo=0)                   0.000     2.181    AnodosSeg_fpga[0]
    J17                                                               r  AnodosSeg_fpga[0] (OUT)
  -------------------------------------------------------------------    -------------------

Slack:                    inf
  Source:                 seven_deccy/Posicion_reg[1]/C
                            (rising edge-triggered cell FDRE)
  Destination:            AnodosSeg_fpga[3]
                            (output port)
  Path Group:             (none)
  Path Type:              Min at Fast Process Corner
  Data Path Delay:        2.228ns  (logic 1.439ns (64.569%)  route 0.789ns (35.431%))
  Logic Levels:           3  (FDRE=1 LUT3=1 OBUF=1)

    Location             Delay type                Incr(ns)  Path(ns)    Netlist Resource(s)
  -------------------------------------------------------------------    -------------------
    SLICE_X4Y96          FDRE                         0.000     0.000 r  seven_deccy/Posicion_reg[1]/C
    SLICE_X4Y96          FDRE (Prop_fdre_C_Q)         0.141     0.141 f  seven_deccy/Posicion_reg[1]/Q
                         net (fo=14, routed)          0.210     0.351    seven_deccy/Posicion[1]
    SLICE_X4Y96          LUT3 (Prop_lut3_I2_O)        0.045     0.396 r  seven_deccy/AnodosSeg_fpga_OBUF[3]_inst_i_1/O
                         net (fo=1, routed)           0.579     0.975    AnodosSeg_fpga_OBUF[3]
    J14                  OBUF (Prop_obuf_I_O)         1.253     2.228 r  AnodosSeg_fpga_OBUF[3]_inst/O
                         net (fo=0)                   0.000     2.228    AnodosSeg_fpga[3]
    J14                                                               r  AnodosSeg_fpga[3] (OUT)
  -------------------------------------------------------------------    -------------------

Slack:                    inf
  Source:                 seven_deccy/Posicion_reg[1]/C
                            (rising edge-triggered cell FDRE)
  Destination:            AnodosSeg_fpga[4]
                            (output port)
  Path Group:             (none)
  Path Type:              Min at Fast Process Corner
  Data Path Delay:        2.247ns  (logic 1.437ns (63.951%)  route 0.810ns (36.049%))
  Logic Levels:           3  (FDRE=1 LUT3=1 OBUF=1)

    Location             Delay type                Incr(ns)  Path(ns)    Netlist Resource(s)
  -------------------------------------------------------------------    -------------------
    SLICE_X4Y96          FDRE                         0.000     0.000 r  seven_deccy/Posicion_reg[1]/C
    SLICE_X4Y96          FDRE (Prop_fdre_C_Q)         0.141     0.141 r  seven_deccy/Posicion_reg[1]/Q
                         net (fo=14, routed)          0.255     0.396    seven_deccy/Posicion[1]
    SLICE_X3Y96          LUT3 (Prop_lut3_I1_O)        0.045     0.441 r  seven_deccy/AnodosSeg_fpga_OBUF[4]_inst_i_1/O
                         net (fo=1, routed)           0.555     0.996    AnodosSeg_fpga_OBUF[4]
    P14                  OBUF (Prop_obuf_I_O)         1.251     2.247 r  AnodosSeg_fpga_OBUF[4]_inst/O
                         net (fo=0)                   0.000     2.247    AnodosSeg_fpga[4]
    P14                                                               r  AnodosSeg_fpga[4] (OUT)
  -------------------------------------------------------------------    -------------------

Slack:                    inf
  Source:                 seven_deccy/Posicion_reg[1]/C
                            (rising edge-triggered cell FDRE)
  Destination:            Seg7_fpga[4]
                            (output port)
  Path Group:             (none)
  Path Type:              Min at Fast Process Corner
  Data Path Delay:        2.304ns  (logic 1.425ns (61.857%)  route 0.879ns (38.143%))
  Logic Levels:           4  (FDRE=1 LUT4=1 LUT6=1 OBUF=1)

    Location             Delay type                Incr(ns)  Path(ns)    Netlist Resource(s)
  -------------------------------------------------------------------    -------------------
    SLICE_X4Y96          FDRE                         0.000     0.000 r  seven_deccy/Posicion_reg[1]/C
    SLICE_X4Y96          FDRE (Prop_fdre_C_Q)         0.141     0.141 r  seven_deccy/Posicion_reg[1]/Q
                         net (fo=14, routed)          0.319     0.460    cpci/countty_inst/Posicion[1]
    SLICE_X4Y99          LUT6 (Prop_lut6_I4_O)        0.045     0.505 r  cpci/countty_inst/Seg7_fpga_OBUF[6]_inst_i_5/O
                         net (fo=7, routed)           0.170     0.675    cpci/countty_inst/sel0[2]
    SLICE_X5Y99          LUT4 (Prop_lut4_I3_O)        0.045     0.720 r  cpci/countty_inst/Seg7_fpga_OBUF[4]_inst_i_1/O
                         net (fo=1, routed)           0.390     1.110    Seg7_fpga_OBUF[4]
    K16                  OBUF (Prop_obuf_I_O)         1.194     2.304 r  Seg7_fpga_OBUF[4]_inst/O
                         net (fo=0)                   0.000     2.304    Seg7_fpga[4]
    K16                                                               r  Seg7_fpga[4] (OUT)
  -------------------------------------------------------------------    -------------------

Slack:                    inf
  Source:                 seven_deccy/Posicion_reg[1]/C
                            (rising edge-triggered cell FDRE)
  Destination:            Seg7_fpga[0]
                            (output port)
  Path Group:             (none)
  Path Type:              Min at Fast Process Corner
  Data Path Delay:        2.476ns  (logic 1.469ns (59.323%)  route 1.007ns (40.677%))
  Logic Levels:           4  (FDRE=1 LUT4=1 LUT6=1 OBUF=1)

    Location             Delay type                Incr(ns)  Path(ns)    Netlist Resource(s)
  -------------------------------------------------------------------    -------------------
    SLICE_X4Y96          FDRE                         0.000     0.000 r  seven_deccy/Posicion_reg[1]/C
    SLICE_X4Y96          FDRE (Prop_fdre_C_Q)         0.141     0.141 r  seven_deccy/Posicion_reg[1]/Q
                         net (fo=14, routed)          0.333     0.474    cpci/countty_inst/Posicion[1]
    SLICE_X3Y99          LUT6 (Prop_lut6_I4_O)        0.045     0.519 r  cpci/countty_inst/Seg7_fpga_OBUF[6]_inst_i_4/O
                         net (fo=7, routed)           0.243     0.762    cpci/countty_inst/sel0[3]
    SLICE_X4Y99          LUT4 (Prop_lut4_I0_O)        0.045     0.807 r  cpci/countty_inst/Seg7_fpga_OBUF[0]_inst_i_1/O
                         net (fo=1, routed)           0.431     1.238    Seg7_fpga_OBUF[0]
    L18                  OBUF (Prop_obuf_I_O)         1.238     2.476 r  Seg7_fpga_OBUF[0]_inst/O
                         net (fo=0)                   0.000     2.476    Seg7_fpga[0]
    L18                                                               r  Seg7_fpga[0] (OUT)
  -------------------------------------------------------------------    -------------------

Slack:                    inf
  Source:                 seven_deccy/Posicion_reg[1]/C
                            (rising edge-triggered cell FDRE)
  Destination:            AnodosSeg_fpga[5]
                            (output port)
  Path Group:             (none)
  Path Type:              Min at Fast Process Corner
  Data Path Delay:        2.534ns  (logic 1.503ns (59.330%)  route 1.030ns (40.670%))
  Logic Levels:           3  (FDRE=1 LUT3=1 OBUF=1)

    Location             Delay type                Incr(ns)  Path(ns)    Netlist Resource(s)
  -------------------------------------------------------------------    -------------------
    SLICE_X4Y96          FDRE                         0.000     0.000 r  seven_deccy/Posicion_reg[1]/C
    SLICE_X4Y96          FDRE (Prop_fdre_C_Q)         0.141     0.141 r  seven_deccy/Posicion_reg[1]/Q
                         net (fo=14, routed)          0.254     0.395    seven_deccy/Posicion[1]
    SLICE_X3Y96          LUT3 (Prop_lut3_I1_O)        0.045     0.440 r  seven_deccy/AnodosSeg_fpga_OBUF[5]_inst_i_1/O
                         net (fo=1, routed)           0.777     1.216    AnodosSeg_fpga_OBUF[5]
    T14                  OBUF (Prop_obuf_I_O)         1.317     2.534 r  AnodosSeg_fpga_OBUF[5]_inst/O
                         net (fo=0)                   0.000     2.534    AnodosSeg_fpga[5]
    T14                                                               r  AnodosSeg_fpga[5] (OUT)
  -------------------------------------------------------------------    -------------------





--------------------------------------------------------------------------------------
Path Group:  (none)
From Clock:  clk_out1_clk_wiz_0
  To Clock:  

Max Delay             7 Endpoints
Min Delay             7 Endpoints
--------------------------------------------------------------------------------------


Max Delay Paths
--------------------------------------------------------------------------------------
Slack:                    inf
  Source:                 cpci/count_for_mem/butt_deb/count_reg[2]/C
                            (rising edge-triggered cell FDRE clocked by clk_out1_clk_wiz_0  {rise@0.000ns fall@6.667ns period=13.333ns})
  Destination:            Seg7_fpga[6]
                            (output port)
  Path Group:             (none)
  Path Type:              Max at Slow Process Corner
  Data Path Delay:        14.260ns  (logic 5.875ns (41.199%)  route 8.385ns (58.801%))
  Logic Levels:           7  (LUT4=3 LUT6=2 MUXF7=1 OBUF=1)
  Clock Uncertainty:      0.353ns  ((TSJ^2 + DJ^2)^1/2) / 2 + PE
    Total System Jitter     (TSJ):    0.050ns
    Discrete Jitter          (DJ):    0.226ns
    Phase Error              (PE):    0.237ns

    Location             Delay type                Incr(ns)  Path(ns)    Netlist Resource(s)
  -------------------------------------------------------------------    -------------------
                         (clock clk_out1_clk_wiz_0 rise edge)
                                                      0.000     0.000 r  
    E3                                                0.000     0.000 r  clk_100MHz (IN)
                         net (fo=0)                   0.000     0.000    clk_wiz_inst/inst/clk_in1
    E3                   IBUF (Prop_ibuf_I_O)         1.482     1.482 r  clk_wiz_inst/inst/clkin1_ibufg/O
                         net (fo=1, routed)           1.233     2.715    clk_wiz_inst/inst/clk_in1_clk_wiz_0
    MMCME2_ADV_X1Y2      MMCME2_ADV (Prop_mmcme2_adv_CLKIN1_CLKOUT0)
                                                     -7.070    -4.355 r  clk_wiz_inst/inst/mmcm_adv_inst/CLKOUT0
                         net (fo=1, routed)           1.719    -2.636    clk_wiz_inst/inst/clk_out1_clk_wiz_0
    BUFGCTRL_X0Y16       BUFG (Prop_bufg_I_O)         0.096    -2.540 r  clk_wiz_inst/inst/clkout1_buf/O
                         net (fo=350, routed)         1.724    -0.816    cpci/count_for_mem/butt_deb/clk_out1
    SLICE_X5Y95          FDRE                                         r  cpci/count_for_mem/butt_deb/count_reg[2]/C
  -------------------------------------------------------------------    -------------------
    SLICE_X5Y95          FDRE (Prop_fdre_C_Q)         0.419    -0.397 r  cpci/count_for_mem/butt_deb/count_reg[2]/Q
                         net (fo=39, routed)          1.207     0.810    cpci/count_for_mem/butt_deb/Q[2]
    SLICE_X4Y95          LUT4 (Prop_lut4_I1_O)        0.327     1.137 f  cpci/count_for_mem/butt_deb/Seg7_fpga_OBUF[6]_inst_i_55/O
                         net (fo=1, routed)           0.434     1.571    cpci/count_for_mem/butt_deb/Seg7_fpga_OBUF[6]_inst_i_55_n_0
    SLICE_X4Y95          LUT4 (Prop_lut4_I0_O)        0.321     1.892 r  cpci/count_for_mem/butt_deb/Seg7_fpga_OBUF[6]_inst_i_54/O
                         net (fo=32, routed)          1.754     3.646    cpci/countty_inst/RD11
    SLICE_X2Y102         LUT6 (Prop_lut6_I4_O)        0.332     3.978 r  cpci/countty_inst/Seg7_fpga_OBUF[6]_inst_i_46/O
                         net (fo=1, routed)           0.000     3.978    cpci/countty_inst/p_1_in[2]
    SLICE_X2Y102         MUXF7 (Prop_muxf7_I0_O)      0.241     4.219 r  cpci/countty_inst/Seg7_fpga_OBUF[6]_inst_i_18/O
                         net (fo=1, routed)           0.662     4.881    cpci/countty_inst/Seg7_fpga_OBUF[6]_inst_i_18_n_0
    SLICE_X4Y99          LUT6 (Prop_lut6_I0_O)        0.298     5.179 r  cpci/countty_inst/Seg7_fpga_OBUF[6]_inst_i_5/O
                         net (fo=7, routed)           0.830     6.008    cpci/countty_inst/sel0[2]
    SLICE_X4Y99          LUT4 (Prop_lut4_I3_O)        0.152     6.160 r  cpci/countty_inst/Seg7_fpga_OBUF[6]_inst_i_1/O
                         net (fo=1, routed)           3.499     9.660    Seg7_fpga_OBUF[6]
    T10                  OBUF (Prop_obuf_I_O)         3.785    13.445 r  Seg7_fpga_OBUF[6]_inst/O
                         net (fo=0)                   0.000    13.445    Seg7_fpga[6]
    T10                                                               r  Seg7_fpga[6] (OUT)
  -------------------------------------------------------------------    -------------------

Slack:                    inf
  Source:                 cpci/count_for_mem/butt_deb/count_reg[2]/C
                            (rising edge-triggered cell FDRE clocked by clk_out1_clk_wiz_0  {rise@0.000ns fall@6.667ns period=13.333ns})
  Destination:            Seg7_fpga[5]
                            (output port)
  Path Group:             (none)
  Path Type:              Max at Slow Process Corner
  Data Path Delay:        14.258ns  (logic 5.851ns (41.041%)  route 8.406ns (58.959%))
  Logic Levels:           7  (LUT4=3 LUT6=2 MUXF7=1 OBUF=1)
  Clock Uncertainty:      0.353ns  ((TSJ^2 + DJ^2)^1/2) / 2 + PE
    Total System Jitter     (TSJ):    0.050ns
    Discrete Jitter          (DJ):    0.226ns
    Phase Error              (PE):    0.237ns

    Location             Delay type                Incr(ns)  Path(ns)    Netlist Resource(s)
  -------------------------------------------------------------------    -------------------
                         (clock clk_out1_clk_wiz_0 rise edge)
                                                      0.000     0.000 r  
    E3                                                0.000     0.000 r  clk_100MHz (IN)
                         net (fo=0)                   0.000     0.000    clk_wiz_inst/inst/clk_in1
    E3                   IBUF (Prop_ibuf_I_O)         1.482     1.482 r  clk_wiz_inst/inst/clkin1_ibufg/O
                         net (fo=1, routed)           1.233     2.715    clk_wiz_inst/inst/clk_in1_clk_wiz_0
    MMCME2_ADV_X1Y2      MMCME2_ADV (Prop_mmcme2_adv_CLKIN1_CLKOUT0)
                                                     -7.070    -4.355 r  clk_wiz_inst/inst/mmcm_adv_inst/CLKOUT0
                         net (fo=1, routed)           1.719    -2.636    clk_wiz_inst/inst/clk_out1_clk_wiz_0
    BUFGCTRL_X0Y16       BUFG (Prop_bufg_I_O)         0.096    -2.540 r  clk_wiz_inst/inst/clkout1_buf/O
                         net (fo=350, routed)         1.724    -0.816    cpci/count_for_mem/butt_deb/clk_out1
    SLICE_X5Y95          FDRE                                         r  cpci/count_for_mem/butt_deb/count_reg[2]/C
  -------------------------------------------------------------------    -------------------
    SLICE_X5Y95          FDRE (Prop_fdre_C_Q)         0.419    -0.397 r  cpci/count_for_mem/butt_deb/count_reg[2]/Q
                         net (fo=39, routed)          1.207     0.810    cpci/count_for_mem/butt_deb/Q[2]
    SLICE_X4Y95          LUT4 (Prop_lut4_I1_O)        0.327     1.137 f  cpci/count_for_mem/butt_deb/Seg7_fpga_OBUF[6]_inst_i_55/O
                         net (fo=1, routed)           0.434     1.571    cpci/count_for_mem/butt_deb/Seg7_fpga_OBUF[6]_inst_i_55_n_0
    SLICE_X4Y95          LUT4 (Prop_lut4_I0_O)        0.321     1.892 r  cpci/count_for_mem/butt_deb/Seg7_fpga_OBUF[6]_inst_i_54/O
                         net (fo=32, routed)          1.574     3.466    cpci/countty_inst/RD11
    SLICE_X3Y101         LUT6 (Prop_lut6_I4_O)        0.332     3.798 r  cpci/countty_inst/Seg7_fpga_OBUF[6]_inst_i_31/O
                         net (fo=1, routed)           0.000     3.798    cpci/countty_inst/p_0_in__1[1]
    SLICE_X3Y101         MUXF7 (Prop_muxf7_I1_O)      0.245     4.043 r  cpci/countty_inst/Seg7_fpga_OBUF[6]_inst_i_10/O
                         net (fo=1, routed)           0.815     4.858    cpci/countty_inst/Seg7_fpga_OBUF[6]_inst_i_10_n_0
    SLICE_X3Y99          LUT6 (Prop_lut6_I0_O)        0.298     5.156 r  cpci/countty_inst/Seg7_fpga_OBUF[6]_inst_i_3/O
                         net (fo=7, routed)           0.852     6.009    cpci/countty_inst/sel0[1]
    SLICE_X4Y99          LUT4 (Prop_lut4_I3_O)        0.152     6.161 r  cpci/countty_inst/Seg7_fpga_OBUF[5]_inst_i_1/O
                         net (fo=1, routed)           3.524     9.684    Seg7_fpga_OBUF[5]
    R10                  OBUF (Prop_obuf_I_O)         3.757    13.442 r  Seg7_fpga_OBUF[5]_inst/O
                         net (fo=0)                   0.000    13.442    Seg7_fpga[5]
    R10                                                               r  Seg7_fpga[5] (OUT)
  -------------------------------------------------------------------    -------------------

Slack:                    inf
  Source:                 cpci/count_for_mem/butt_deb/count_reg[2]/C
                            (rising edge-triggered cell FDRE clocked by clk_out1_clk_wiz_0  {rise@0.000ns fall@6.667ns period=13.333ns})
  Destination:            Seg7_fpga[1]
                            (output port)
  Path Group:             (none)
  Path Type:              Max at Slow Process Corner
  Data Path Delay:        13.467ns  (logic 5.623ns (41.750%)  route 7.845ns (58.250%))
  Logic Levels:           7  (LUT4=3 LUT6=2 MUXF7=1 OBUF=1)
  Clock Uncertainty:      0.353ns  ((TSJ^2 + DJ^2)^1/2) / 2 + PE
    Total System Jitter     (TSJ):    0.050ns
    Discrete Jitter          (DJ):    0.226ns
    Phase Error              (PE):    0.237ns

    Location             Delay type                Incr(ns)  Path(ns)    Netlist Resource(s)
  -------------------------------------------------------------------    -------------------
                         (clock clk_out1_clk_wiz_0 rise edge)
                                                      0.000     0.000 r  
    E3                                                0.000     0.000 r  clk_100MHz (IN)
                         net (fo=0)                   0.000     0.000    clk_wiz_inst/inst/clk_in1
    E3                   IBUF (Prop_ibuf_I_O)         1.482     1.482 r  clk_wiz_inst/inst/clkin1_ibufg/O
                         net (fo=1, routed)           1.233     2.715    clk_wiz_inst/inst/clk_in1_clk_wiz_0
    MMCME2_ADV_X1Y2      MMCME2_ADV (Prop_mmcme2_adv_CLKIN1_CLKOUT0)
                                                     -7.070    -4.355 r  clk_wiz_inst/inst/mmcm_adv_inst/CLKOUT0
                         net (fo=1, routed)           1.719    -2.636    clk_wiz_inst/inst/clk_out1_clk_wiz_0
    BUFGCTRL_X0Y16       BUFG (Prop_bufg_I_O)         0.096    -2.540 r  clk_wiz_inst/inst/clkout1_buf/O
                         net (fo=350, routed)         1.724    -0.816    cpci/count_for_mem/butt_deb/clk_out1
    SLICE_X5Y95          FDRE                                         r  cpci/count_for_mem/butt_deb/count_reg[2]/C
  -------------------------------------------------------------------    -------------------
    SLICE_X5Y95          FDRE (Prop_fdre_C_Q)         0.419    -0.397 r  cpci/count_for_mem/butt_deb/count_reg[2]/Q
                         net (fo=39, routed)          1.207     0.810    cpci/count_for_mem/butt_deb/Q[2]
    SLICE_X4Y95          LUT4 (Prop_lut4_I1_O)        0.327     1.137 f  cpci/count_for_mem/butt_deb/Seg7_fpga_OBUF[6]_inst_i_55/O
                         net (fo=1, routed)           0.434     1.571    cpci/count_for_mem/butt_deb/Seg7_fpga_OBUF[6]_inst_i_55_n_0
    SLICE_X4Y95          LUT4 (Prop_lut4_I0_O)        0.321     1.892 r  cpci/count_for_mem/butt_deb/Seg7_fpga_OBUF[6]_inst_i_54/O
                         net (fo=32, routed)          1.754     3.646    cpci/countty_inst/RD11
    SLICE_X2Y102         LUT6 (Prop_lut6_I4_O)        0.332     3.978 r  cpci/countty_inst/Seg7_fpga_OBUF[6]_inst_i_46/O
                         net (fo=1, routed)           0.000     3.978    cpci/countty_inst/p_1_in[2]
    SLICE_X2Y102         MUXF7 (Prop_muxf7_I0_O)      0.241     4.219 r  cpci/countty_inst/Seg7_fpga_OBUF[6]_inst_i_18/O
                         net (fo=1, routed)           0.662     4.881    cpci/countty_inst/Seg7_fpga_OBUF[6]_inst_i_18_n_0
    SLICE_X4Y99          LUT6 (Prop_lut6_I0_O)        0.298     5.179 r  cpci/countty_inst/Seg7_fpga_OBUF[6]_inst_i_5/O
                         net (fo=7, routed)           0.830     6.008    cpci/countty_inst/sel0[2]
    SLICE_X4Y99          LUT4 (Prop_lut4_I3_O)        0.124     6.132 r  cpci/countty_inst/Seg7_fpga_OBUF[1]_inst_i_1/O
                         net (fo=1, routed)           2.959     9.091    Seg7_fpga_OBUF[1]
    T11                  OBUF (Prop_obuf_I_O)         3.561    12.652 r  Seg7_fpga_OBUF[1]_inst/O
                         net (fo=0)                   0.000    12.652    Seg7_fpga[1]
    T11                                                               r  Seg7_fpga[1] (OUT)
  -------------------------------------------------------------------    -------------------

Slack:                    inf
  Source:                 cpci/count_for_mem/butt_deb/count_reg[2]/C
                            (rising edge-triggered cell FDRE clocked by clk_out1_clk_wiz_0  {rise@0.000ns fall@6.667ns period=13.333ns})
  Destination:            Seg7_fpga[2]
                            (output port)
  Path Group:             (none)
  Path Type:              Max at Slow Process Corner
  Data Path Delay:        13.226ns  (logic 5.596ns (42.306%)  route 7.631ns (57.694%))
  Logic Levels:           7  (LUT4=3 LUT6=2 MUXF7=1 OBUF=1)
  Clock Uncertainty:      0.353ns  ((TSJ^2 + DJ^2)^1/2) / 2 + PE
    Total System Jitter     (TSJ):    0.050ns
    Discrete Jitter          (DJ):    0.226ns
    Phase Error              (PE):    0.237ns

    Location             Delay type                Incr(ns)  Path(ns)    Netlist Resource(s)
  -------------------------------------------------------------------    -------------------
                         (clock clk_out1_clk_wiz_0 rise edge)
                                                      0.000     0.000 r  
    E3                                                0.000     0.000 r  clk_100MHz (IN)
                         net (fo=0)                   0.000     0.000    clk_wiz_inst/inst/clk_in1
    E3                   IBUF (Prop_ibuf_I_O)         1.482     1.482 r  clk_wiz_inst/inst/clkin1_ibufg/O
                         net (fo=1, routed)           1.233     2.715    clk_wiz_inst/inst/clk_in1_clk_wiz_0
    MMCME2_ADV_X1Y2      MMCME2_ADV (Prop_mmcme2_adv_CLKIN1_CLKOUT0)
                                                     -7.070    -4.355 r  clk_wiz_inst/inst/mmcm_adv_inst/CLKOUT0
                         net (fo=1, routed)           1.719    -2.636    clk_wiz_inst/inst/clk_out1_clk_wiz_0
    BUFGCTRL_X0Y16       BUFG (Prop_bufg_I_O)         0.096    -2.540 r  clk_wiz_inst/inst/clkout1_buf/O
                         net (fo=350, routed)         1.724    -0.816    cpci/count_for_mem/butt_deb/clk_out1
    SLICE_X5Y95          FDRE                                         r  cpci/count_for_mem/butt_deb/count_reg[2]/C
  -------------------------------------------------------------------    -------------------
    SLICE_X5Y95          FDRE (Prop_fdre_C_Q)         0.419    -0.397 r  cpci/count_for_mem/butt_deb/count_reg[2]/Q
                         net (fo=39, routed)          1.207     0.810    cpci/count_for_mem/butt_deb/Q[2]
    SLICE_X4Y95          LUT4 (Prop_lut4_I1_O)        0.327     1.137 f  cpci/count_for_mem/butt_deb/Seg7_fpga_OBUF[6]_inst_i_55/O
                         net (fo=1, routed)           0.434     1.571    cpci/count_for_mem/butt_deb/Seg7_fpga_OBUF[6]_inst_i_55_n_0
    SLICE_X4Y95          LUT4 (Prop_lut4_I0_O)        0.321     1.892 r  cpci/count_for_mem/butt_deb/Seg7_fpga_OBUF[6]_inst_i_54/O
                         net (fo=32, routed)          1.754     3.646    cpci/countty_inst/RD11
    SLICE_X2Y102         LUT6 (Prop_lut6_I4_O)        0.332     3.978 r  cpci/countty_inst/Seg7_fpga_OBUF[6]_inst_i_46/O
                         net (fo=1, routed)           0.000     3.978    cpci/countty_inst/p_1_in[2]
    SLICE_X2Y102         MUXF7 (Prop_muxf7_I0_O)      0.241     4.219 r  cpci/countty_inst/Seg7_fpga_OBUF[6]_inst_i_18/O
                         net (fo=1, routed)           0.662     4.881    cpci/countty_inst/Seg7_fpga_OBUF[6]_inst_i_18_n_0
    SLICE_X4Y99          LUT6 (Prop_lut6_I0_O)        0.298     5.179 r  cpci/countty_inst/Seg7_fpga_OBUF[6]_inst_i_5/O
                         net (fo=7, routed)           0.862     6.041    cpci/countty_inst/sel0[2]
    SLICE_X4Y99          LUT4 (Prop_lut4_I2_O)        0.124     6.165 r  cpci/countty_inst/Seg7_fpga_OBUF[2]_inst_i_1/O
                         net (fo=1, routed)           2.712     8.877    Seg7_fpga_OBUF[2]
    P15                  OBUF (Prop_obuf_I_O)         3.534    12.411 r  Seg7_fpga_OBUF[2]_inst/O
                         net (fo=0)                   0.000    12.411    Seg7_fpga[2]
    P15                                                               r  Seg7_fpga[2] (OUT)
  -------------------------------------------------------------------    -------------------

Slack:                    inf
  Source:                 cpci/count_for_mem/butt_deb/count_reg[2]/C
                            (rising edge-triggered cell FDRE clocked by clk_out1_clk_wiz_0  {rise@0.000ns fall@6.667ns period=13.333ns})
  Destination:            Seg7_fpga[3]
                            (output port)
  Path Group:             (none)
  Path Type:              Max at Slow Process Corner
  Data Path Delay:        13.019ns  (logic 5.844ns (44.889%)  route 7.175ns (55.111%))
  Logic Levels:           7  (LUT4=3 LUT6=2 MUXF7=1 OBUF=1)
  Clock Uncertainty:      0.353ns  ((TSJ^2 + DJ^2)^1/2) / 2 + PE
    Total System Jitter     (TSJ):    0.050ns
    Discrete Jitter          (DJ):    0.226ns
    Phase Error              (PE):    0.237ns

    Location             Delay type                Incr(ns)  Path(ns)    Netlist Resource(s)
  -------------------------------------------------------------------    -------------------
                         (clock clk_out1_clk_wiz_0 rise edge)
                                                      0.000     0.000 r  
    E3                                                0.000     0.000 r  clk_100MHz (IN)
                         net (fo=0)                   0.000     0.000    clk_wiz_inst/inst/clk_in1
    E3                   IBUF (Prop_ibuf_I_O)         1.482     1.482 r  clk_wiz_inst/inst/clkin1_ibufg/O
                         net (fo=1, routed)           1.233     2.715    clk_wiz_inst/inst/clk_in1_clk_wiz_0
    MMCME2_ADV_X1Y2      MMCME2_ADV (Prop_mmcme2_adv_CLKIN1_CLKOUT0)
                                                     -7.070    -4.355 r  clk_wiz_inst/inst/mmcm_adv_inst/CLKOUT0
                         net (fo=1, routed)           1.719    -2.636    clk_wiz_inst/inst/clk_out1_clk_wiz_0
    BUFGCTRL_X0Y16       BUFG (Prop_bufg_I_O)         0.096    -2.540 r  clk_wiz_inst/inst/clkout1_buf/O
                         net (fo=350, routed)         1.724    -0.816    cpci/count_for_mem/butt_deb/clk_out1
    SLICE_X5Y95          FDRE                                         r  cpci/count_for_mem/butt_deb/count_reg[2]/C
  -------------------------------------------------------------------    -------------------
    SLICE_X5Y95          FDRE (Prop_fdre_C_Q)         0.419    -0.397 r  cpci/count_for_mem/butt_deb/count_reg[2]/Q
                         net (fo=39, routed)          1.207     0.810    cpci/count_for_mem/butt_deb/Q[2]
    SLICE_X4Y95          LUT4 (Prop_lut4_I1_O)        0.327     1.137 f  cpci/count_for_mem/butt_deb/Seg7_fpga_OBUF[6]_inst_i_55/O
                         net (fo=1, routed)           0.434     1.571    cpci/count_for_mem/butt_deb/Seg7_fpga_OBUF[6]_inst_i_55_n_0
    SLICE_X4Y95          LUT4 (Prop_lut4_I0_O)        0.321     1.892 r  cpci/count_for_mem/butt_deb/Seg7_fpga_OBUF[6]_inst_i_54/O
                         net (fo=32, routed)          1.754     3.646    cpci/countty_inst/RD11
    SLICE_X2Y102         LUT6 (Prop_lut6_I4_O)        0.332     3.978 r  cpci/countty_inst/Seg7_fpga_OBUF[6]_inst_i_46/O
                         net (fo=1, routed)           0.000     3.978    cpci/countty_inst/p_1_in[2]
    SLICE_X2Y102         MUXF7 (Prop_muxf7_I0_O)      0.241     4.219 r  cpci/countty_inst/Seg7_fpga_OBUF[6]_inst_i_18/O
                         net (fo=1, routed)           0.662     4.881    cpci/countty_inst/Seg7_fpga_OBUF[6]_inst_i_18_n_0
    SLICE_X4Y99          LUT6 (Prop_lut6_I0_O)        0.298     5.179 r  cpci/countty_inst/Seg7_fpga_OBUF[6]_inst_i_5/O
                         net (fo=7, routed)           0.862     6.041    cpci/countty_inst/sel0[2]
    SLICE_X4Y99          LUT4 (Prop_lut4_I1_O)        0.153     6.194 r  cpci/countty_inst/Seg7_fpga_OBUF[3]_inst_i_1/O
                         net (fo=1, routed)           2.257     8.451    Seg7_fpga_OBUF[3]
    K13                  OBUF (Prop_obuf_I_O)         3.753    12.204 r  Seg7_fpga_OBUF[3]_inst/O
                         net (fo=0)                   0.000    12.204    Seg7_fpga[3]
    K13                                                               r  Seg7_fpga[3] (OUT)
  -------------------------------------------------------------------    -------------------

Slack:                    inf
  Source:                 cpci/count_for_mem/butt_deb/count_reg[2]/C
                            (rising edge-triggered cell FDRE clocked by clk_out1_clk_wiz_0  {rise@0.000ns fall@6.667ns period=13.333ns})
  Destination:            Seg7_fpga[0]
                            (output port)
  Path Group:             (none)
  Path Type:              Max at Slow Process Corner
  Data Path Delay:        12.403ns  (logic 5.603ns (45.177%)  route 6.800ns (54.823%))
  Logic Levels:           7  (LUT4=3 LUT6=2 MUXF7=1 OBUF=1)
  Clock Uncertainty:      0.353ns  ((TSJ^2 + DJ^2)^1/2) / 2 + PE
    Total System Jitter     (TSJ):    0.050ns
    Discrete Jitter          (DJ):    0.226ns
    Phase Error              (PE):    0.237ns

    Location             Delay type                Incr(ns)  Path(ns)    Netlist Resource(s)
  -------------------------------------------------------------------    -------------------
                         (clock clk_out1_clk_wiz_0 rise edge)
                                                      0.000     0.000 r  
    E3                                                0.000     0.000 r  clk_100MHz (IN)
                         net (fo=0)                   0.000     0.000    clk_wiz_inst/inst/clk_in1
    E3                   IBUF (Prop_ibuf_I_O)         1.482     1.482 r  clk_wiz_inst/inst/clkin1_ibufg/O
                         net (fo=1, routed)           1.233     2.715    clk_wiz_inst/inst/clk_in1_clk_wiz_0
    MMCME2_ADV_X1Y2      MMCME2_ADV (Prop_mmcme2_adv_CLKIN1_CLKOUT0)
                                                     -7.070    -4.355 r  clk_wiz_inst/inst/mmcm_adv_inst/CLKOUT0
                         net (fo=1, routed)           1.719    -2.636    clk_wiz_inst/inst/clk_out1_clk_wiz_0
    BUFGCTRL_X0Y16       BUFG (Prop_bufg_I_O)         0.096    -2.540 r  clk_wiz_inst/inst/clkout1_buf/O
                         net (fo=350, routed)         1.724    -0.816    cpci/count_for_mem/butt_deb/clk_out1
    SLICE_X5Y95          FDRE                                         r  cpci/count_for_mem/butt_deb/count_reg[2]/C
  -------------------------------------------------------------------    -------------------
    SLICE_X5Y95          FDRE (Prop_fdre_C_Q)         0.419    -0.397 r  cpci/count_for_mem/butt_deb/count_reg[2]/Q
                         net (fo=39, routed)          1.207     0.810    cpci/count_for_mem/butt_deb/Q[2]
    SLICE_X4Y95          LUT4 (Prop_lut4_I1_O)        0.327     1.137 f  cpci/count_for_mem/butt_deb/Seg7_fpga_OBUF[6]_inst_i_55/O
                         net (fo=1, routed)           0.434     1.571    cpci/count_for_mem/butt_deb/Seg7_fpga_OBUF[6]_inst_i_55_n_0
    SLICE_X4Y95          LUT4 (Prop_lut4_I0_O)        0.321     1.892 r  cpci/count_for_mem/butt_deb/Seg7_fpga_OBUF[6]_inst_i_54/O
                         net (fo=32, routed)          1.574     3.466    cpci/countty_inst/RD11
    SLICE_X3Y101         LUT6 (Prop_lut6_I4_O)        0.332     3.798 r  cpci/countty_inst/Seg7_fpga_OBUF[6]_inst_i_31/O
                         net (fo=1, routed)           0.000     3.798    cpci/countty_inst/p_0_in__1[1]
    SLICE_X3Y101         MUXF7 (Prop_muxf7_I1_O)      0.245     4.043 r  cpci/countty_inst/Seg7_fpga_OBUF[6]_inst_i_10/O
                         net (fo=1, routed)           0.815     4.858    cpci/countty_inst/Seg7_fpga_OBUF[6]_inst_i_10_n_0
    SLICE_X3Y99          LUT6 (Prop_lut6_I0_O)        0.298     5.156 r  cpci/countty_inst/Seg7_fpga_OBUF[6]_inst_i_3/O
                         net (fo=7, routed)           0.852     6.009    cpci/countty_inst/sel0[1]
    SLICE_X4Y99          LUT4 (Prop_lut4_I3_O)        0.124     6.133 r  cpci/countty_inst/Seg7_fpga_OBUF[0]_inst_i_1/O
                         net (fo=1, routed)           1.917     8.050    Seg7_fpga_OBUF[0]
    L18                  OBUF (Prop_obuf_I_O)         3.537    11.587 r  Seg7_fpga_OBUF[0]_inst/O
                         net (fo=0)                   0.000    11.587    Seg7_fpga[0]
    L18                                                               r  Seg7_fpga[0] (OUT)
  -------------------------------------------------------------------    -------------------

Slack:                    inf
  Source:                 cpci/count_for_mem/butt_deb/count_reg[2]/C
                            (rising edge-triggered cell FDRE clocked by clk_out1_clk_wiz_0  {rise@0.000ns fall@6.667ns period=13.333ns})
  Destination:            Seg7_fpga[4]
                            (output port)
  Path Group:             (none)
  Path Type:              Max at Slow Process Corner
  Data Path Delay:        11.933ns  (logic 5.555ns (46.550%)  route 6.378ns (53.450%))
  Logic Levels:           7  (LUT4=3 LUT6=2 MUXF7=1 OBUF=1)
  Clock Uncertainty:      0.353ns  ((TSJ^2 + DJ^2)^1/2) / 2 + PE
    Total System Jitter     (TSJ):    0.050ns
    Discrete Jitter          (DJ):    0.226ns
    Phase Error              (PE):    0.237ns

    Location             Delay type                Incr(ns)  Path(ns)    Netlist Resource(s)
  -------------------------------------------------------------------    -------------------
                         (clock clk_out1_clk_wiz_0 rise edge)
                                                      0.000     0.000 r  
    E3                                                0.000     0.000 r  clk_100MHz (IN)
                         net (fo=0)                   0.000     0.000    clk_wiz_inst/inst/clk_in1
    E3                   IBUF (Prop_ibuf_I_O)         1.482     1.482 r  clk_wiz_inst/inst/clkin1_ibufg/O
                         net (fo=1, routed)           1.233     2.715    clk_wiz_inst/inst/clk_in1_clk_wiz_0
    MMCME2_ADV_X1Y2      MMCME2_ADV (Prop_mmcme2_adv_CLKIN1_CLKOUT0)
                                                     -7.070    -4.355 r  clk_wiz_inst/inst/mmcm_adv_inst/CLKOUT0
                         net (fo=1, routed)           1.719    -2.636    clk_wiz_inst/inst/clk_out1_clk_wiz_0
    BUFGCTRL_X0Y16       BUFG (Prop_bufg_I_O)         0.096    -2.540 r  clk_wiz_inst/inst/clkout1_buf/O
                         net (fo=350, routed)         1.724    -0.816    cpci/count_for_mem/butt_deb/clk_out1
    SLICE_X5Y95          FDRE                                         r  cpci/count_for_mem/butt_deb/count_reg[2]/C
  -------------------------------------------------------------------    -------------------
    SLICE_X5Y95          FDRE (Prop_fdre_C_Q)         0.419    -0.397 r  cpci/count_for_mem/butt_deb/count_reg[2]/Q
                         net (fo=39, routed)          1.207     0.810    cpci/count_for_mem/butt_deb/Q[2]
    SLICE_X4Y95          LUT4 (Prop_lut4_I1_O)        0.327     1.137 f  cpci/count_for_mem/butt_deb/Seg7_fpga_OBUF[6]_inst_i_55/O
                         net (fo=1, routed)           0.434     1.571    cpci/count_for_mem/butt_deb/Seg7_fpga_OBUF[6]_inst_i_55_n_0
    SLICE_X4Y95          LUT4 (Prop_lut4_I0_O)        0.321     1.892 r  cpci/count_for_mem/butt_deb/Seg7_fpga_OBUF[6]_inst_i_54/O
                         net (fo=32, routed)          1.754     3.646    cpci/countty_inst/RD11
    SLICE_X2Y102         LUT6 (Prop_lut6_I4_O)        0.332     3.978 r  cpci/countty_inst/Seg7_fpga_OBUF[6]_inst_i_46/O
                         net (fo=1, routed)           0.000     3.978    cpci/countty_inst/p_1_in[2]
    SLICE_X2Y102         MUXF7 (Prop_muxf7_I0_O)      0.241     4.219 r  cpci/countty_inst/Seg7_fpga_OBUF[6]_inst_i_18/O
                         net (fo=1, routed)           0.662     4.881    cpci/countty_inst/Seg7_fpga_OBUF[6]_inst_i_18_n_0
    SLICE_X4Y99          LUT6 (Prop_lut6_I0_O)        0.298     5.179 r  cpci/countty_inst/Seg7_fpga_OBUF[6]_inst_i_5/O
                         net (fo=7, routed)           0.507     5.686    cpci/countty_inst/sel0[2]
    SLICE_X5Y99          LUT4 (Prop_lut4_I3_O)        0.124     5.810 r  cpci/countty_inst/Seg7_fpga_OBUF[4]_inst_i_1/O
                         net (fo=1, routed)           1.815     7.625    Seg7_fpga_OBUF[4]
    K16                  OBUF (Prop_obuf_I_O)         3.493    11.118 r  Seg7_fpga_OBUF[4]_inst/O
                         net (fo=0)                   0.000    11.118    Seg7_fpga[4]
    K16                                                               r  Seg7_fpga[4] (OUT)
  -------------------------------------------------------------------    -------------------





Min Delay Paths
--------------------------------------------------------------------------------------
Slack:                    inf
  Source:                 cpci/countty_inst/count_reg[16]/C
                            (rising edge-triggered cell FDRE clocked by clk_out1_clk_wiz_0  {rise@0.000ns fall@6.667ns period=13.333ns})
  Destination:            Seg7_fpga[4]
                            (output port)
  Path Group:             (none)
  Path Type:              Min at Fast Process Corner
  Data Path Delay:        2.507ns  (logic 1.595ns (63.632%)  route 0.912ns (36.368%))
  Logic Levels:           5  (LUT4=1 LUT6=2 MUXF7=1 OBUF=1)
  Clock Uncertainty:      0.353ns  ((TSJ^2 + DJ^2)^1/2) / 2 + PE
    Total System Jitter     (TSJ):    0.050ns
    Discrete Jitter          (DJ):    0.226ns
    Phase Error              (PE):    0.237ns

    Location             Delay type                Incr(ns)  Path(ns)    Netlist Resource(s)
  -------------------------------------------------------------------    -------------------
                         (clock clk_out1_clk_wiz_0 rise edge)
                                                      0.000     0.000 r  
    E3                                                0.000     0.000 r  clk_100MHz (IN)
                         net (fo=0)                   0.000     0.000    clk_wiz_inst/inst/clk_in1
    E3                   IBUF (Prop_ibuf_I_O)         0.250     0.250 r  clk_wiz_inst/inst/clkin1_ibufg/O
                         net (fo=1, routed)           0.440     0.690    clk_wiz_inst/inst/clk_in1_clk_wiz_0
    MMCME2_ADV_X1Y2      MMCME2_ADV (Prop_mmcme2_adv_CLKIN1_CLKOUT0)
                                                     -2.379    -1.689 r  clk_wiz_inst/inst/mmcm_adv_inst/CLKOUT0
                         net (fo=1, routed)           0.499    -1.190    clk_wiz_inst/inst/clk_out1_clk_wiz_0
    BUFGCTRL_X0Y16       BUFG (Prop_bufg_I_O)         0.026    -1.164 r  clk_wiz_inst/inst/clkout1_buf/O
                         net (fo=350, routed)         0.605    -0.559    cpci/countty_inst/clk_out1
    SLICE_X1Y99          FDRE                                         r  cpci/countty_inst/count_reg[16]/C
  -------------------------------------------------------------------    -------------------
    SLICE_X1Y99          FDRE (Prop_fdre_C_Q)         0.141    -0.418 f  cpci/countty_inst/count_reg[16]/Q
                         net (fo=2, routed)           0.234    -0.185    cpci/countty_inst/count_reg[16]
    SLICE_X5Y99          LUT6 (Prop_lut6_I0_O)        0.045    -0.140 f  cpci/countty_inst/Seg7_fpga_OBUF[6]_inst_i_24/O
                         net (fo=1, routed)           0.000    -0.140    cpci/countty_inst/p_3_in[0]
    SLICE_X5Y99          MUXF7 (Prop_muxf7_I0_O)      0.062    -0.078 f  cpci/countty_inst/Seg7_fpga_OBUF[6]_inst_i_7/O
                         net (fo=1, routed)           0.139     0.062    cpci/countty_inst/Seg7_fpga_OBUF[6]_inst_i_7_n_0
    SLICE_X5Y99          LUT6 (Prop_lut6_I1_O)        0.108     0.170 f  cpci/countty_inst/Seg7_fpga_OBUF[6]_inst_i_2/O
                         net (fo=7, routed)           0.149     0.318    cpci/countty_inst/sel0[0]
    SLICE_X5Y99          LUT4 (Prop_lut4_I0_O)        0.045     0.363 r  cpci/countty_inst/Seg7_fpga_OBUF[4]_inst_i_1/O
                         net (fo=1, routed)           0.390     0.754    Seg7_fpga_OBUF[4]
    K16                  OBUF (Prop_obuf_I_O)         1.194     1.948 r  Seg7_fpga_OBUF[4]_inst/O
                         net (fo=0)                   0.000     1.948    Seg7_fpga[4]
    K16                                                               r  Seg7_fpga[4] (OUT)
  -------------------------------------------------------------------    -------------------

Slack:                    inf
  Source:                 cpci/countty_cyc/count_out_reg[19]/C
                            (rising edge-triggered cell FDRE clocked by clk_out1_clk_wiz_0  {rise@0.000ns fall@6.667ns period=13.333ns})
  Destination:            Seg7_fpga[0]
                            (output port)
  Path Group:             (none)
  Path Type:              Min at Fast Process Corner
  Data Path Delay:        2.565ns  (logic 1.639ns (63.899%)  route 0.926ns (36.101%))
  Logic Levels:           5  (LUT4=1 LUT6=2 MUXF7=1 OBUF=1)
  Clock Uncertainty:      0.353ns  ((TSJ^2 + DJ^2)^1/2) / 2 + PE
    Total System Jitter     (TSJ):    0.050ns
    Discrete Jitter          (DJ):    0.226ns
    Phase Error              (PE):    0.237ns

    Location             Delay type                Incr(ns)  Path(ns)    Netlist Resource(s)
  -------------------------------------------------------------------    -------------------
                         (clock clk_out1_clk_wiz_0 rise edge)
                                                      0.000     0.000 r  
    E3                                                0.000     0.000 r  clk_100MHz (IN)
                         net (fo=0)                   0.000     0.000    clk_wiz_inst/inst/clk_in1
    E3                   IBUF (Prop_ibuf_I_O)         0.250     0.250 r  clk_wiz_inst/inst/clkin1_ibufg/O
                         net (fo=1, routed)           0.440     0.690    clk_wiz_inst/inst/clk_in1_clk_wiz_0
    MMCME2_ADV_X1Y2      MMCME2_ADV (Prop_mmcme2_adv_CLKIN1_CLKOUT0)
                                                     -2.379    -1.689 r  clk_wiz_inst/inst/mmcm_adv_inst/CLKOUT0
                         net (fo=1, routed)           0.499    -1.190    clk_wiz_inst/inst/clk_out1_clk_wiz_0
    BUFGCTRL_X0Y16       BUFG (Prop_bufg_I_O)         0.026    -1.164 r  clk_wiz_inst/inst/clkout1_buf/O
                         net (fo=350, routed)         0.605    -0.559    cpci/countty_cyc/clk_out1
    SLICE_X0Y99          FDRE                                         r  cpci/countty_cyc/count_out_reg[19]/C
  -------------------------------------------------------------------    -------------------
    SLICE_X0Y99          FDRE (Prop_fdre_C_Q)         0.141    -0.418 r  cpci/countty_cyc/count_out_reg[19]/Q
                         net (fo=2, routed)           0.112    -0.307    cpci/countty_inst/Seg7_fpga_OBUF[6]_inst_i_15_0[3]
    SLICE_X3Y99          LUT6 (Prop_lut6_I2_O)        0.045    -0.262 r  cpci/countty_inst/Seg7_fpga_OBUF[6]_inst_i_40/O
                         net (fo=1, routed)           0.000    -0.262    cpci/countty_inst/p_3_in[3]
    SLICE_X3Y99          MUXF7 (Prop_muxf7_I0_O)      0.062    -0.200 r  cpci/countty_inst/Seg7_fpga_OBUF[6]_inst_i_15/O
                         net (fo=1, routed)           0.140    -0.059    cpci/countty_inst/Seg7_fpga_OBUF[6]_inst_i_15_n_0
    SLICE_X3Y99          LUT6 (Prop_lut6_I1_O)        0.108     0.049 r  cpci/countty_inst/Seg7_fpga_OBUF[6]_inst_i_4/O
                         net (fo=7, routed)           0.243     0.291    cpci/countty_inst/sel0[3]
    SLICE_X4Y99          LUT4 (Prop_lut4_I0_O)        0.045     0.336 r  cpci/countty_inst/Seg7_fpga_OBUF[0]_inst_i_1/O
                         net (fo=1, routed)           0.431     0.768    Seg7_fpga_OBUF[0]
    L18                  OBUF (Prop_obuf_I_O)         1.238     2.006 r  Seg7_fpga_OBUF[0]_inst/O
                         net (fo=0)                   0.000     2.006    Seg7_fpga[0]
    L18                                                               r  Seg7_fpga[0] (OUT)
  -------------------------------------------------------------------    -------------------

Slack:                    inf
  Source:                 cpci/countty_cyc/count_out_reg[19]/C
                            (rising edge-triggered cell FDRE clocked by clk_out1_clk_wiz_0  {rise@0.000ns fall@6.667ns period=13.333ns})
  Destination:            Seg7_fpga[3]
                            (output port)
  Path Group:             (none)
  Path Type:              Min at Fast Process Corner
  Data Path Delay:        2.766ns  (logic 1.717ns (62.066%)  route 1.049ns (37.934%))
  Logic Levels:           5  (LUT4=1 LUT6=2 MUXF7=1 OBUF=1)
  Clock Uncertainty:      0.353ns  ((TSJ^2 + DJ^2)^1/2) / 2 + PE
    Total System Jitter     (TSJ):    0.050ns
    Discrete Jitter          (DJ):    0.226ns
    Phase Error              (PE):    0.237ns

    Location             Delay type                Incr(ns)  Path(ns)    Netlist Resource(s)
  -------------------------------------------------------------------    -------------------
                         (clock clk_out1_clk_wiz_0 rise edge)
                                                      0.000     0.000 r  
    E3                                                0.000     0.000 r  clk_100MHz (IN)
                         net (fo=0)                   0.000     0.000    clk_wiz_inst/inst/clk_in1
    E3                   IBUF (Prop_ibuf_I_O)         0.250     0.250 r  clk_wiz_inst/inst/clkin1_ibufg/O
                         net (fo=1, routed)           0.440     0.690    clk_wiz_inst/inst/clk_in1_clk_wiz_0
    MMCME2_ADV_X1Y2      MMCME2_ADV (Prop_mmcme2_adv_CLKIN1_CLKOUT0)
                                                     -2.379    -1.689 r  clk_wiz_inst/inst/mmcm_adv_inst/CLKOUT0
                         net (fo=1, routed)           0.499    -1.190    clk_wiz_inst/inst/clk_out1_clk_wiz_0
    BUFGCTRL_X0Y16       BUFG (Prop_bufg_I_O)         0.026    -1.164 r  clk_wiz_inst/inst/clkout1_buf/O
                         net (fo=350, routed)         0.605    -0.559    cpci/countty_cyc/clk_out1
    SLICE_X0Y99          FDRE                                         r  cpci/countty_cyc/count_out_reg[19]/C
  -------------------------------------------------------------------    -------------------
    SLICE_X0Y99          FDRE (Prop_fdre_C_Q)         0.141    -0.418 r  cpci/countty_cyc/count_out_reg[19]/Q
                         net (fo=2, routed)           0.112    -0.307    cpci/countty_inst/Seg7_fpga_OBUF[6]_inst_i_15_0[3]
    SLICE_X3Y99          LUT6 (Prop_lut6_I2_O)        0.045    -0.262 r  cpci/countty_inst/Seg7_fpga_OBUF[6]_inst_i_40/O
                         net (fo=1, routed)           0.000    -0.262    cpci/countty_inst/p_3_in[3]
    SLICE_X3Y99          MUXF7 (Prop_muxf7_I0_O)      0.062    -0.200 r  cpci/countty_inst/Seg7_fpga_OBUF[6]_inst_i_15/O
                         net (fo=1, routed)           0.140    -0.059    cpci/countty_inst/Seg7_fpga_OBUF[6]_inst_i_15_n_0
    SLICE_X3Y99          LUT6 (Prop_lut6_I1_O)        0.108     0.049 r  cpci/countty_inst/Seg7_fpga_OBUF[6]_inst_i_4/O
                         net (fo=7, routed)           0.229     0.277    cpci/countty_inst/sel0[3]
    SLICE_X4Y99          LUT4 (Prop_lut4_I0_O)        0.045     0.322 r  cpci/countty_inst/Seg7_fpga_OBUF[3]_inst_i_1/O
                         net (fo=1, routed)           0.569     0.891    Seg7_fpga_OBUF[3]
    K13                  OBUF (Prop_obuf_I_O)         1.316     2.207 r  Seg7_fpga_OBUF[3]_inst/O
                         net (fo=0)                   0.000     2.207    Seg7_fpga[3]
    K13                                                               r  Seg7_fpga[3] (OUT)
  -------------------------------------------------------------------    -------------------

Slack:                    inf
  Source:                 cpci/countty_cyc/count_out_reg[19]/C
                            (rising edge-triggered cell FDRE clocked by clk_out1_clk_wiz_0  {rise@0.000ns fall@6.667ns period=13.333ns})
  Destination:            Seg7_fpga[2]
                            (output port)
  Path Group:             (none)
  Path Type:              Min at Fast Process Corner
  Data Path Delay:        2.913ns  (logic 1.635ns (56.133%)  route 1.278ns (43.867%))
  Logic Levels:           5  (LUT4=1 LUT6=2 MUXF7=1 OBUF=1)
  Clock Uncertainty:      0.353ns  ((TSJ^2 + DJ^2)^1/2) / 2 + PE
    Total System Jitter     (TSJ):    0.050ns
    Discrete Jitter          (DJ):    0.226ns
    Phase Error              (PE):    0.237ns

    Location             Delay type                Incr(ns)  Path(ns)    Netlist Resource(s)
  -------------------------------------------------------------------    -------------------
                         (clock clk_out1_clk_wiz_0 rise edge)
                                                      0.000     0.000 r  
    E3                                                0.000     0.000 r  clk_100MHz (IN)
                         net (fo=0)                   0.000     0.000    clk_wiz_inst/inst/clk_in1
    E3                   IBUF (Prop_ibuf_I_O)         0.250     0.250 r  clk_wiz_inst/inst/clkin1_ibufg/O
                         net (fo=1, routed)           0.440     0.690    clk_wiz_inst/inst/clk_in1_clk_wiz_0
    MMCME2_ADV_X1Y2      MMCME2_ADV (Prop_mmcme2_adv_CLKIN1_CLKOUT0)
                                                     -2.379    -1.689 r  clk_wiz_inst/inst/mmcm_adv_inst/CLKOUT0
                         net (fo=1, routed)           0.499    -1.190    clk_wiz_inst/inst/clk_out1_clk_wiz_0
    BUFGCTRL_X0Y16       BUFG (Prop_bufg_I_O)         0.026    -1.164 r  clk_wiz_inst/inst/clkout1_buf/O
                         net (fo=350, routed)         0.605    -0.559    cpci/countty_cyc/clk_out1
    SLICE_X0Y99          FDRE                                         r  cpci/countty_cyc/count_out_reg[19]/C
  -------------------------------------------------------------------    -------------------
    SLICE_X0Y99          FDRE (Prop_fdre_C_Q)         0.141    -0.418 f  cpci/countty_cyc/count_out_reg[19]/Q
                         net (fo=2, routed)           0.112    -0.307    cpci/countty_inst/Seg7_fpga_OBUF[6]_inst_i_15_0[3]
    SLICE_X3Y99          LUT6 (Prop_lut6_I2_O)        0.045    -0.262 f  cpci/countty_inst/Seg7_fpga_OBUF[6]_inst_i_40/O
                         net (fo=1, routed)           0.000    -0.262    cpci/countty_inst/p_3_in[3]
    SLICE_X3Y99          MUXF7 (Prop_muxf7_I0_O)      0.062    -0.200 f  cpci/countty_inst/Seg7_fpga_OBUF[6]_inst_i_15/O
                         net (fo=1, routed)           0.140    -0.059    cpci/countty_inst/Seg7_fpga_OBUF[6]_inst_i_15_n_0
    SLICE_X3Y99          LUT6 (Prop_lut6_I1_O)        0.108     0.049 f  cpci/countty_inst/Seg7_fpga_OBUF[6]_inst_i_4/O
                         net (fo=7, routed)           0.229     0.277    cpci/countty_inst/sel0[3]
    SLICE_X4Y99          LUT4 (Prop_lut4_I0_O)        0.045     0.322 r  cpci/countty_inst/Seg7_fpga_OBUF[2]_inst_i_1/O
                         net (fo=1, routed)           0.797     1.120    Seg7_fpga_OBUF[2]
    P15                  OBUF (Prop_obuf_I_O)         1.234     2.354 r  Seg7_fpga_OBUF[2]_inst/O
                         net (fo=0)                   0.000     2.354    Seg7_fpga[2]
    P15                                                               r  Seg7_fpga[2] (OUT)
  -------------------------------------------------------------------    -------------------

Slack:                    inf
  Source:                 cpci/countty_cyc/count_out_reg[19]/C
                            (rising edge-triggered cell FDRE clocked by clk_out1_clk_wiz_0  {rise@0.000ns fall@6.667ns period=13.333ns})
  Destination:            Seg7_fpga[1]
                            (output port)
  Path Group:             (none)
  Path Type:              Min at Fast Process Corner
  Data Path Delay:        3.032ns  (logic 1.662ns (54.819%)  route 1.370ns (45.181%))
  Logic Levels:           5  (LUT4=1 LUT6=2 MUXF7=1 OBUF=1)
  Clock Uncertainty:      0.353ns  ((TSJ^2 + DJ^2)^1/2) / 2 + PE
    Total System Jitter     (TSJ):    0.050ns
    Discrete Jitter          (DJ):    0.226ns
    Phase Error              (PE):    0.237ns

    Location             Delay type                Incr(ns)  Path(ns)    Netlist Resource(s)
  -------------------------------------------------------------------    -------------------
                         (clock clk_out1_clk_wiz_0 rise edge)
                                                      0.000     0.000 r  
    E3                                                0.000     0.000 r  clk_100MHz (IN)
                         net (fo=0)                   0.000     0.000    clk_wiz_inst/inst/clk_in1
    E3                   IBUF (Prop_ibuf_I_O)         0.250     0.250 r  clk_wiz_inst/inst/clkin1_ibufg/O
                         net (fo=1, routed)           0.440     0.690    clk_wiz_inst/inst/clk_in1_clk_wiz_0
    MMCME2_ADV_X1Y2      MMCME2_ADV (Prop_mmcme2_adv_CLKIN1_CLKOUT0)
                                                     -2.379    -1.689 r  clk_wiz_inst/inst/mmcm_adv_inst/CLKOUT0
                         net (fo=1, routed)           0.499    -1.190    clk_wiz_inst/inst/clk_out1_clk_wiz_0
    BUFGCTRL_X0Y16       BUFG (Prop_bufg_I_O)         0.026    -1.164 r  clk_wiz_inst/inst/clkout1_buf/O
                         net (fo=350, routed)         0.605    -0.559    cpci/countty_cyc/clk_out1
    SLICE_X0Y99          FDRE                                         r  cpci/countty_cyc/count_out_reg[19]/C
  -------------------------------------------------------------------    -------------------
    SLICE_X0Y99          FDRE (Prop_fdre_C_Q)         0.141    -0.418 r  cpci/countty_cyc/count_out_reg[19]/Q
                         net (fo=2, routed)           0.112    -0.307    cpci/countty_inst/Seg7_fpga_OBUF[6]_inst_i_15_0[3]
    SLICE_X3Y99          LUT6 (Prop_lut6_I2_O)        0.045    -0.262 r  cpci/countty_inst/Seg7_fpga_OBUF[6]_inst_i_40/O
                         net (fo=1, routed)           0.000    -0.262    cpci/countty_inst/p_3_in[3]
    SLICE_X3Y99          MUXF7 (Prop_muxf7_I0_O)      0.062    -0.200 r  cpci/countty_inst/Seg7_fpga_OBUF[6]_inst_i_15/O
                         net (fo=1, routed)           0.140    -0.059    cpci/countty_inst/Seg7_fpga_OBUF[6]_inst_i_15_n_0
    SLICE_X3Y99          LUT6 (Prop_lut6_I1_O)        0.108     0.049 r  cpci/countty_inst/Seg7_fpga_OBUF[6]_inst_i_4/O
                         net (fo=7, routed)           0.222     0.271    cpci/countty_inst/sel0[3]
    SLICE_X4Y99          LUT4 (Prop_lut4_I2_O)        0.045     0.316 r  cpci/countty_inst/Seg7_fpga_OBUF[1]_inst_i_1/O
                         net (fo=1, routed)           0.896     1.212    Seg7_fpga_OBUF[1]
    T11                  OBUF (Prop_obuf_I_O)         1.261     2.473 r  Seg7_fpga_OBUF[1]_inst/O
                         net (fo=0)                   0.000     2.473    Seg7_fpga[1]
    T11                                                               r  Seg7_fpga[1] (OUT)
  -------------------------------------------------------------------    -------------------

Slack:                    inf
  Source:                 cpci/countty_cyc/count_out_reg[19]/C
                            (rising edge-triggered cell FDRE clocked by clk_out1_clk_wiz_0  {rise@0.000ns fall@6.667ns period=13.333ns})
  Destination:            Seg7_fpga[5]
                            (output port)
  Path Group:             (none)
  Path Type:              Min at Fast Process Corner
  Data Path Delay:        3.339ns  (logic 1.722ns (51.580%)  route 1.617ns (48.420%))
  Logic Levels:           5  (LUT4=1 LUT6=2 MUXF7=1 OBUF=1)
  Clock Uncertainty:      0.353ns  ((TSJ^2 + DJ^2)^1/2) / 2 + PE
    Total System Jitter     (TSJ):    0.050ns
    Discrete Jitter          (DJ):    0.226ns
    Phase Error              (PE):    0.237ns

    Location             Delay type                Incr(ns)  Path(ns)    Netlist Resource(s)
  -------------------------------------------------------------------    -------------------
                         (clock clk_out1_clk_wiz_0 rise edge)
                                                      0.000     0.000 r  
    E3                                                0.000     0.000 r  clk_100MHz (IN)
                         net (fo=0)                   0.000     0.000    clk_wiz_inst/inst/clk_in1
    E3                   IBUF (Prop_ibuf_I_O)         0.250     0.250 r  clk_wiz_inst/inst/clkin1_ibufg/O
                         net (fo=1, routed)           0.440     0.690    clk_wiz_inst/inst/clk_in1_clk_wiz_0
    MMCME2_ADV_X1Y2      MMCME2_ADV (Prop_mmcme2_adv_CLKIN1_CLKOUT0)
                                                     -2.379    -1.689 r  clk_wiz_inst/inst/mmcm_adv_inst/CLKOUT0
                         net (fo=1, routed)           0.499    -1.190    clk_wiz_inst/inst/clk_out1_clk_wiz_0
    BUFGCTRL_X0Y16       BUFG (Prop_bufg_I_O)         0.026    -1.164 r  clk_wiz_inst/inst/clkout1_buf/O
                         net (fo=350, routed)         0.605    -0.559    cpci/countty_cyc/clk_out1
    SLICE_X0Y99          FDRE                                         r  cpci/countty_cyc/count_out_reg[19]/C
  -------------------------------------------------------------------    -------------------
    SLICE_X0Y99          FDRE (Prop_fdre_C_Q)         0.141    -0.418 r  cpci/countty_cyc/count_out_reg[19]/Q
                         net (fo=2, routed)           0.112    -0.307    cpci/countty_inst/Seg7_fpga_OBUF[6]_inst_i_15_0[3]
    SLICE_X3Y99          LUT6 (Prop_lut6_I2_O)        0.045    -0.262 r  cpci/countty_inst/Seg7_fpga_OBUF[6]_inst_i_40/O
                         net (fo=1, routed)           0.000    -0.262    cpci/countty_inst/p_3_in[3]
    SLICE_X3Y99          MUXF7 (Prop_muxf7_I0_O)      0.062    -0.200 r  cpci/countty_inst/Seg7_fpga_OBUF[6]_inst_i_15/O
                         net (fo=1, routed)           0.140    -0.059    cpci/countty_inst/Seg7_fpga_OBUF[6]_inst_i_15_n_0
    SLICE_X3Y99          LUT6 (Prop_lut6_I1_O)        0.108     0.049 r  cpci/countty_inst/Seg7_fpga_OBUF[6]_inst_i_4/O
                         net (fo=7, routed)           0.243     0.291    cpci/countty_inst/sel0[3]
    SLICE_X4Y99          LUT4 (Prop_lut4_I0_O)        0.048     0.339 r  cpci/countty_inst/Seg7_fpga_OBUF[5]_inst_i_1/O
                         net (fo=1, routed)           1.122     1.461    Seg7_fpga_OBUF[5]
    R10                  OBUF (Prop_obuf_I_O)         1.318     2.779 r  Seg7_fpga_OBUF[5]_inst/O
                         net (fo=0)                   0.000     2.779    Seg7_fpga[5]
    R10                                                               r  Seg7_fpga[5] (OUT)
  -------------------------------------------------------------------    -------------------

Slack:                    inf
  Source:                 cpci/countty_cyc/count_out_reg[19]/C
                            (rising edge-triggered cell FDRE clocked by clk_out1_clk_wiz_0  {rise@0.000ns fall@6.667ns period=13.333ns})
  Destination:            Seg7_fpga[6]
                            (output port)
  Path Group:             (none)
  Path Type:              Min at Fast Process Corner
  Data Path Delay:        3.353ns  (logic 1.745ns (52.057%)  route 1.608ns (47.943%))
  Logic Levels:           5  (LUT4=1 LUT6=2 MUXF7=1 OBUF=1)
  Clock Uncertainty:      0.353ns  ((TSJ^2 + DJ^2)^1/2) / 2 + PE
    Total System Jitter     (TSJ):    0.050ns
    Discrete Jitter          (DJ):    0.226ns
    Phase Error              (PE):    0.237ns

    Location             Delay type                Incr(ns)  Path(ns)    Netlist Resource(s)
  -------------------------------------------------------------------    -------------------
                         (clock clk_out1_clk_wiz_0 rise edge)
                                                      0.000     0.000 r  
    E3                                                0.000     0.000 r  clk_100MHz (IN)
                         net (fo=0)                   0.000     0.000    clk_wiz_inst/inst/clk_in1
    E3                   IBUF (Prop_ibuf_I_O)         0.250     0.250 r  clk_wiz_inst/inst/clkin1_ibufg/O
                         net (fo=1, routed)           0.440     0.690    clk_wiz_inst/inst/clk_in1_clk_wiz_0
    MMCME2_ADV_X1Y2      MMCME2_ADV (Prop_mmcme2_adv_CLKIN1_CLKOUT0)
                                                     -2.379    -1.689 r  clk_wiz_inst/inst/mmcm_adv_inst/CLKOUT0
                         net (fo=1, routed)           0.499    -1.190    clk_wiz_inst/inst/clk_out1_clk_wiz_0
    BUFGCTRL_X0Y16       BUFG (Prop_bufg_I_O)         0.026    -1.164 r  clk_wiz_inst/inst/clkout1_buf/O
                         net (fo=350, routed)         0.605    -0.559    cpci/countty_cyc/clk_out1
    SLICE_X0Y99          FDRE                                         r  cpci/countty_cyc/count_out_reg[19]/C
  -------------------------------------------------------------------    -------------------
    SLICE_X0Y99          FDRE (Prop_fdre_C_Q)         0.141    -0.418 r  cpci/countty_cyc/count_out_reg[19]/Q
                         net (fo=2, routed)           0.112    -0.307    cpci/countty_inst/Seg7_fpga_OBUF[6]_inst_i_15_0[3]
    SLICE_X3Y99          LUT6 (Prop_lut6_I2_O)        0.045    -0.262 r  cpci/countty_inst/Seg7_fpga_OBUF[6]_inst_i_40/O
                         net (fo=1, routed)           0.000    -0.262    cpci/countty_inst/p_3_in[3]
    SLICE_X3Y99          MUXF7 (Prop_muxf7_I0_O)      0.062    -0.200 r  cpci/countty_inst/Seg7_fpga_OBUF[6]_inst_i_15/O
                         net (fo=1, routed)           0.140    -0.059    cpci/countty_inst/Seg7_fpga_OBUF[6]_inst_i_15_n_0
    SLICE_X3Y99          LUT6 (Prop_lut6_I1_O)        0.108     0.049 r  cpci/countty_inst/Seg7_fpga_OBUF[6]_inst_i_4/O
                         net (fo=7, routed)           0.222     0.271    cpci/countty_inst/sel0[3]
    SLICE_X4Y99          LUT4 (Prop_lut4_I2_O)        0.045     0.316 r  cpci/countty_inst/Seg7_fpga_OBUF[6]_inst_i_1/O
                         net (fo=1, routed)           1.133     1.449    Seg7_fpga_OBUF[6]
    T10                  OBUF (Prop_obuf_I_O)         1.344     2.794 r  Seg7_fpga_OBUF[6]_inst/O
                         net (fo=0)                   0.000     2.794    Seg7_fpga[6]
    T10                                                               r  Seg7_fpga[6] (OUT)
  -------------------------------------------------------------------    -------------------





--------------------------------------------------------------------------------------
Path Group:  (none)
From Clock:  clkfbout_clk_wiz_0
  To Clock:  

Max Delay             1 Endpoint
Min Delay             1 Endpoint
--------------------------------------------------------------------------------------


Max Delay Paths
--------------------------------------------------------------------------------------
Slack:                    inf
  Source:                 clk_wiz_inst/inst/mmcm_adv_inst/CLKFBOUT
                            (clock source 'clkfbout_clk_wiz_0'  {rise@0.000ns fall@20.000ns period=40.000ns})
  Destination:            clk_wiz_inst/inst/mmcm_adv_inst/CLKFBIN
  Path Group:             (none)
  Path Type:              Max at Fast Process Corner
  Data Path Delay:        1.396ns  (logic 0.029ns (2.077%)  route 1.367ns (97.923%))
  Logic Levels:           1  (BUFG=1)
  Clock Uncertainty:      0.317ns  ((TSJ^2 + DJ^2)^1/2) / 2 + PE
    Total System Jitter     (TSJ):    0.050ns
    Discrete Jitter          (DJ):    0.153ns
    Phase Error              (PE):    0.237ns

    Location             Delay type                Incr(ns)  Path(ns)    Netlist Resource(s)
  -------------------------------------------------------------------    -------------------
                         (clock clkfbout_clk_wiz_0 fall edge)
                                                     20.000    20.000 f  
    E3                                                0.000    20.000 f  clk_100MHz (IN)
                         net (fo=0)                   0.000    20.000    clk_wiz_inst/inst/clk_in1
    E3                   IBUF (Prop_ibuf_I_O)         0.438    20.438 f  clk_wiz_inst/inst/clkin1_ibufg/O
                         net (fo=1, routed)           0.480    20.918    clk_wiz_inst/inst/clk_in1_clk_wiz_0
  -------------------------------------------------------------------    -------------------
    MMCME2_ADV_X1Y2      MMCME2_ADV (Prop_mmcme2_adv_CLKIN1_CLKFBOUT)
                                                     -3.163    17.755 f  clk_wiz_inst/inst/mmcm_adv_inst/CLKFBOUT
                         net (fo=1, routed)           0.544    18.298    clk_wiz_inst/inst/clkfbout_clk_wiz_0
    BUFGCTRL_X0Y17       BUFG (Prop_bufg_I_O)         0.029    18.327 f  clk_wiz_inst/inst/clkf_buf/O
                         net (fo=1, routed)           0.824    19.151    clk_wiz_inst/inst/clkfbout_buf_clk_wiz_0
    MMCME2_ADV_X1Y2      MMCME2_ADV                                   f  clk_wiz_inst/inst/mmcm_adv_inst/CLKFBIN
  -------------------------------------------------------------------    -------------------





Min Delay Paths
--------------------------------------------------------------------------------------
Slack:                    inf
  Source:                 clk_wiz_inst/inst/mmcm_adv_inst/CLKFBOUT
                            (clock source 'clkfbout_clk_wiz_0'  {rise@0.000ns fall@20.000ns period=40.000ns})
  Destination:            clk_wiz_inst/inst/mmcm_adv_inst/CLKFBIN
  Path Group:             (none)
  Path Type:              Min at Slow Process Corner
  Data Path Delay:        3.236ns  (logic 0.091ns (2.812%)  route 3.145ns (97.188%))
  Logic Levels:           1  (BUFG=1)
  Clock Uncertainty:      0.317ns  ((TSJ^2 + DJ^2)^1/2) / 2 + PE
    Total System Jitter     (TSJ):    0.050ns
    Discrete Jitter          (DJ):    0.153ns
    Phase Error              (PE):    0.237ns

    Location             Delay type                Incr(ns)  Path(ns)    Netlist Resource(s)
  -------------------------------------------------------------------    -------------------
                         (clock clkfbout_clk_wiz_0 rise edge)
                                                      0.000     0.000 r  
    E3                                                0.000     0.000 r  clk_100MHz (IN)
                         net (fo=0)                   0.000     0.000    clk_wiz_inst/inst/clk_in1
    E3                   IBUF (Prop_ibuf_I_O)         1.411     1.411 r  clk_wiz_inst/inst/clkin1_ibufg/O
                         net (fo=1, routed)           1.162     2.573    clk_wiz_inst/inst/clk_in1_clk_wiz_0
  -------------------------------------------------------------------    -------------------
    MMCME2_ADV_X1Y2      MMCME2_ADV (Prop_mmcme2_adv_CLKIN1_CLKFBOUT)
                                                     -7.324    -4.751 r  clk_wiz_inst/inst/mmcm_adv_inst/CLKFBOUT
                         net (fo=1, routed)           1.639    -3.112    clk_wiz_inst/inst/clkfbout_clk_wiz_0
    BUFGCTRL_X0Y17       BUFG (Prop_bufg_I_O)         0.091    -3.021 r  clk_wiz_inst/inst/clkf_buf/O
                         net (fo=1, routed)           1.506    -1.515    clk_wiz_inst/inst/clkfbout_buf_clk_wiz_0
    MMCME2_ADV_X1Y2      MMCME2_ADV                                   r  clk_wiz_inst/inst/mmcm_adv_inst/CLKFBIN
  -------------------------------------------------------------------    -------------------





--------------------------------------------------------------------------------------
Path Group:  (none)
From Clock:  
  To Clock:  clk_out1_clk_wiz_0

Max Delay           187 Endpoints
Min Delay           187 Endpoints
--------------------------------------------------------------------------------------


Max Delay Paths
--------------------------------------------------------------------------------------
Slack:                    inf
  Source:                 reset
                            (input port)
  Destination:            cpci/count_for_mem/butt_deb/debounce_cnt_reg[20]/R
                            (rising edge-triggered cell FDRE clocked by clk_out1_clk_wiz_0  {rise@0.000ns fall@6.667ns period=13.333ns})
  Path Group:             (none)
  Path Type:              Setup (Max at Slow Process Corner)
  Data Path Delay:        5.135ns  (logic 1.602ns (31.189%)  route 3.533ns (68.811%))
  Logic Levels:           2  (IBUF=1 LUT3=1)
  Clock Path Skew:        -1.416ns (DCD - SCD + CPR)
    Destination Clock Delay (DCD):    -1.416ns
    Source Clock Delay      (SCD):    0.000ns
    Clock Pessimism Removal (CPR):    0.000ns
  Clock Uncertainty:      0.353ns  ((TSJ^2 + DJ^2)^1/2) / 2 + PE
    Total System Jitter     (TSJ):    0.050ns
    Discrete Jitter          (DJ):    0.226ns
    Phase Error              (PE):    0.237ns

    Location             Delay type                Incr(ns)  Path(ns)    Netlist Resource(s)
  -------------------------------------------------------------------    -------------------
    J15                                               0.000     0.000 r  reset (IN)
                         net (fo=0)                   0.000     0.000    reset
    J15                  IBUF (Prop_ibuf_I_O)         1.478     1.478 r  reset_IBUF_inst/O
                         net (fo=146, routed)         2.731     4.208    cpci/count_for_mem/butt_deb/reset_IBUF
    SLICE_X3Y90          LUT3 (Prop_lut3_I0_O)        0.124     4.332 r  cpci/count_for_mem/butt_deb/debounce_cnt[0]_i_1/O
                         net (fo=21, routed)          0.803     5.135    cpci/count_for_mem/butt_deb/debounce_cnt[0]_i_1_n_0
    SLICE_X2Y92          FDRE                                         r  cpci/count_for_mem/butt_deb/debounce_cnt_reg[20]/R
  -------------------------------------------------------------------    -------------------

                         (clock clk_out1_clk_wiz_0 rise edge)
                                                      0.000     0.000 r  
    E3                                                0.000     0.000 r  clk_100MHz (IN)
                         net (fo=0)                   0.000     0.000    clk_wiz_inst/inst/clk_in1
    E3                   IBUF (Prop_ibuf_I_O)         1.411     1.411 r  clk_wiz_inst/inst/clkin1_ibufg/O
                         net (fo=1, routed)           1.162     2.573    clk_wiz_inst/inst/clk_in1_clk_wiz_0
    MMCME2_ADV_X1Y2      MMCME2_ADV (Prop_mmcme2_adv_CLKIN1_CLKOUT0)
                                                     -7.324    -4.751 r  clk_wiz_inst/inst/mmcm_adv_inst/CLKOUT0
                         net (fo=1, routed)           1.639    -3.112    clk_wiz_inst/inst/clk_out1_clk_wiz_0
    BUFGCTRL_X0Y16       BUFG (Prop_bufg_I_O)         0.091    -3.021 r  clk_wiz_inst/inst/clkout1_buf/O
                         net (fo=350, routed)         1.604    -1.416    cpci/count_for_mem/butt_deb/clk_out1
    SLICE_X2Y92          FDRE                                         r  cpci/count_for_mem/butt_deb/debounce_cnt_reg[20]/C

Slack:                    inf
  Source:                 reset
                            (input port)
  Destination:            cpci/count_for_mem/butt_deb/debounce_cnt_reg[16]/R
                            (rising edge-triggered cell FDRE clocked by clk_out1_clk_wiz_0  {rise@0.000ns fall@6.667ns period=13.333ns})
  Path Group:             (none)
  Path Type:              Setup (Max at Slow Process Corner)
  Data Path Delay:        5.041ns  (logic 1.602ns (31.771%)  route 3.439ns (68.229%))
  Logic Levels:           2  (IBUF=1 LUT3=1)
  Clock Path Skew:        -1.416ns (DCD - SCD + CPR)
    Destination Clock Delay (DCD):    -1.416ns
    Source Clock Delay      (SCD):    0.000ns
    Clock Pessimism Removal (CPR):    0.000ns
  Clock Uncertainty:      0.353ns  ((TSJ^2 + DJ^2)^1/2) / 2 + PE
    Total System Jitter     (TSJ):    0.050ns
    Discrete Jitter          (DJ):    0.226ns
    Phase Error              (PE):    0.237ns

    Location             Delay type                Incr(ns)  Path(ns)    Netlist Resource(s)
  -------------------------------------------------------------------    -------------------
    J15                                               0.000     0.000 r  reset (IN)
                         net (fo=0)                   0.000     0.000    reset
    J15                  IBUF (Prop_ibuf_I_O)         1.478     1.478 r  reset_IBUF_inst/O
                         net (fo=146, routed)         2.731     4.208    cpci/count_for_mem/butt_deb/reset_IBUF
    SLICE_X3Y90          LUT3 (Prop_lut3_I0_O)        0.124     4.332 r  cpci/count_for_mem/butt_deb/debounce_cnt[0]_i_1/O
                         net (fo=21, routed)          0.709     5.041    cpci/count_for_mem/butt_deb/debounce_cnt[0]_i_1_n_0
    SLICE_X2Y91          FDRE                                         r  cpci/count_for_mem/butt_deb/debounce_cnt_reg[16]/R
  -------------------------------------------------------------------    -------------------

                         (clock clk_out1_clk_wiz_0 rise edge)
                                                      0.000     0.000 r  
    E3                                                0.000     0.000 r  clk_100MHz (IN)
                         net (fo=0)                   0.000     0.000    clk_wiz_inst/inst/clk_in1
    E3                   IBUF (Prop_ibuf_I_O)         1.411     1.411 r  clk_wiz_inst/inst/clkin1_ibufg/O
                         net (fo=1, routed)           1.162     2.573    clk_wiz_inst/inst/clk_in1_clk_wiz_0
    MMCME2_ADV_X1Y2      MMCME2_ADV (Prop_mmcme2_adv_CLKIN1_CLKOUT0)
                                                     -7.324    -4.751 r  clk_wiz_inst/inst/mmcm_adv_inst/CLKOUT0
                         net (fo=1, routed)           1.639    -3.112    clk_wiz_inst/inst/clk_out1_clk_wiz_0
    BUFGCTRL_X0Y16       BUFG (Prop_bufg_I_O)         0.091    -3.021 r  clk_wiz_inst/inst/clkout1_buf/O
                         net (fo=350, routed)         1.604    -1.416    cpci/count_for_mem/butt_deb/clk_out1
    SLICE_X2Y91          FDRE                                         r  cpci/count_for_mem/butt_deb/debounce_cnt_reg[16]/C

Slack:                    inf
  Source:                 reset
                            (input port)
  Destination:            cpci/count_for_mem/butt_deb/debounce_cnt_reg[17]/R
                            (rising edge-triggered cell FDRE clocked by clk_out1_clk_wiz_0  {rise@0.000ns fall@6.667ns period=13.333ns})
  Path Group:             (none)
  Path Type:              Setup (Max at Slow Process Corner)
  Data Path Delay:        5.041ns  (logic 1.602ns (31.771%)  route 3.439ns (68.229%))
  Logic Levels:           2  (IBUF=1 LUT3=1)
  Clock Path Skew:        -1.416ns (DCD - SCD + CPR)
    Destination Clock Delay (DCD):    -1.416ns
    Source Clock Delay      (SCD):    0.000ns
    Clock Pessimism Removal (CPR):    0.000ns
  Clock Uncertainty:      0.353ns  ((TSJ^2 + DJ^2)^1/2) / 2 + PE
    Total System Jitter     (TSJ):    0.050ns
    Discrete Jitter          (DJ):    0.226ns
    Phase Error              (PE):    0.237ns

    Location             Delay type                Incr(ns)  Path(ns)    Netlist Resource(s)
  -------------------------------------------------------------------    -------------------
    J15                                               0.000     0.000 r  reset (IN)
                         net (fo=0)                   0.000     0.000    reset
    J15                  IBUF (Prop_ibuf_I_O)         1.478     1.478 r  reset_IBUF_inst/O
                         net (fo=146, routed)         2.731     4.208    cpci/count_for_mem/butt_deb/reset_IBUF
    SLICE_X3Y90          LUT3 (Prop_lut3_I0_O)        0.124     4.332 r  cpci/count_for_mem/butt_deb/debounce_cnt[0]_i_1/O
                         net (fo=21, routed)          0.709     5.041    cpci/count_for_mem/butt_deb/debounce_cnt[0]_i_1_n_0
    SLICE_X2Y91          FDRE                                         r  cpci/count_for_mem/butt_deb/debounce_cnt_reg[17]/R
  -------------------------------------------------------------------    -------------------

                         (clock clk_out1_clk_wiz_0 rise edge)
                                                      0.000     0.000 r  
    E3                                                0.000     0.000 r  clk_100MHz (IN)
                         net (fo=0)                   0.000     0.000    clk_wiz_inst/inst/clk_in1
    E3                   IBUF (Prop_ibuf_I_O)         1.411     1.411 r  clk_wiz_inst/inst/clkin1_ibufg/O
                         net (fo=1, routed)           1.162     2.573    clk_wiz_inst/inst/clk_in1_clk_wiz_0
    MMCME2_ADV_X1Y2      MMCME2_ADV (Prop_mmcme2_adv_CLKIN1_CLKOUT0)
                                                     -7.324    -4.751 r  clk_wiz_inst/inst/mmcm_adv_inst/CLKOUT0
                         net (fo=1, routed)           1.639    -3.112    clk_wiz_inst/inst/clk_out1_clk_wiz_0
    BUFGCTRL_X0Y16       BUFG (Prop_bufg_I_O)         0.091    -3.021 r  clk_wiz_inst/inst/clkout1_buf/O
                         net (fo=350, routed)         1.604    -1.416    cpci/count_for_mem/butt_deb/clk_out1
    SLICE_X2Y91          FDRE                                         r  cpci/count_for_mem/butt_deb/debounce_cnt_reg[17]/C

Slack:                    inf
  Source:                 reset
                            (input port)
  Destination:            cpci/count_for_mem/butt_deb/debounce_cnt_reg[18]/R
                            (rising edge-triggered cell FDRE clocked by clk_out1_clk_wiz_0  {rise@0.000ns fall@6.667ns period=13.333ns})
  Path Group:             (none)
  Path Type:              Setup (Max at Slow Process Corner)
  Data Path Delay:        5.041ns  (logic 1.602ns (31.771%)  route 3.439ns (68.229%))
  Logic Levels:           2  (IBUF=1 LUT3=1)
  Clock Path Skew:        -1.416ns (DCD - SCD + CPR)
    Destination Clock Delay (DCD):    -1.416ns
    Source Clock Delay      (SCD):    0.000ns
    Clock Pessimism Removal (CPR):    0.000ns
  Clock Uncertainty:      0.353ns  ((TSJ^2 + DJ^2)^1/2) / 2 + PE
    Total System Jitter     (TSJ):    0.050ns
    Discrete Jitter          (DJ):    0.226ns
    Phase Error              (PE):    0.237ns

    Location             Delay type                Incr(ns)  Path(ns)    Netlist Resource(s)
  -------------------------------------------------------------------    -------------------
    J15                                               0.000     0.000 r  reset (IN)
                         net (fo=0)                   0.000     0.000    reset
    J15                  IBUF (Prop_ibuf_I_O)         1.478     1.478 r  reset_IBUF_inst/O
                         net (fo=146, routed)         2.731     4.208    cpci/count_for_mem/butt_deb/reset_IBUF
    SLICE_X3Y90          LUT3 (Prop_lut3_I0_O)        0.124     4.332 r  cpci/count_for_mem/butt_deb/debounce_cnt[0]_i_1/O
                         net (fo=21, routed)          0.709     5.041    cpci/count_for_mem/butt_deb/debounce_cnt[0]_i_1_n_0
    SLICE_X2Y91          FDRE                                         r  cpci/count_for_mem/butt_deb/debounce_cnt_reg[18]/R
  -------------------------------------------------------------------    -------------------

                         (clock clk_out1_clk_wiz_0 rise edge)
                                                      0.000     0.000 r  
    E3                                                0.000     0.000 r  clk_100MHz (IN)
                         net (fo=0)                   0.000     0.000    clk_wiz_inst/inst/clk_in1
    E3                   IBUF (Prop_ibuf_I_O)         1.411     1.411 r  clk_wiz_inst/inst/clkin1_ibufg/O
                         net (fo=1, routed)           1.162     2.573    clk_wiz_inst/inst/clk_in1_clk_wiz_0
    MMCME2_ADV_X1Y2      MMCME2_ADV (Prop_mmcme2_adv_CLKIN1_CLKOUT0)
                                                     -7.324    -4.751 r  clk_wiz_inst/inst/mmcm_adv_inst/CLKOUT0
                         net (fo=1, routed)           1.639    -3.112    clk_wiz_inst/inst/clk_out1_clk_wiz_0
    BUFGCTRL_X0Y16       BUFG (Prop_bufg_I_O)         0.091    -3.021 r  clk_wiz_inst/inst/clkout1_buf/O
                         net (fo=350, routed)         1.604    -1.416    cpci/count_for_mem/butt_deb/clk_out1
    SLICE_X2Y91          FDRE                                         r  cpci/count_for_mem/butt_deb/debounce_cnt_reg[18]/C

Slack:                    inf
  Source:                 reset
                            (input port)
  Destination:            cpci/count_for_mem/butt_deb/debounce_cnt_reg[19]/R
                            (rising edge-triggered cell FDRE clocked by clk_out1_clk_wiz_0  {rise@0.000ns fall@6.667ns period=13.333ns})
  Path Group:             (none)
  Path Type:              Setup (Max at Slow Process Corner)
  Data Path Delay:        5.041ns  (logic 1.602ns (31.771%)  route 3.439ns (68.229%))
  Logic Levels:           2  (IBUF=1 LUT3=1)
  Clock Path Skew:        -1.416ns (DCD - SCD + CPR)
    Destination Clock Delay (DCD):    -1.416ns
    Source Clock Delay      (SCD):    0.000ns
    Clock Pessimism Removal (CPR):    0.000ns
  Clock Uncertainty:      0.353ns  ((TSJ^2 + DJ^2)^1/2) / 2 + PE
    Total System Jitter     (TSJ):    0.050ns
    Discrete Jitter          (DJ):    0.226ns
    Phase Error              (PE):    0.237ns

    Location             Delay type                Incr(ns)  Path(ns)    Netlist Resource(s)
  -------------------------------------------------------------------    -------------------
    J15                                               0.000     0.000 r  reset (IN)
                         net (fo=0)                   0.000     0.000    reset
    J15                  IBUF (Prop_ibuf_I_O)         1.478     1.478 r  reset_IBUF_inst/O
                         net (fo=146, routed)         2.731     4.208    cpci/count_for_mem/butt_deb/reset_IBUF
    SLICE_X3Y90          LUT3 (Prop_lut3_I0_O)        0.124     4.332 r  cpci/count_for_mem/butt_deb/debounce_cnt[0]_i_1/O
                         net (fo=21, routed)          0.709     5.041    cpci/count_for_mem/butt_deb/debounce_cnt[0]_i_1_n_0
    SLICE_X2Y91          FDRE                                         r  cpci/count_for_mem/butt_deb/debounce_cnt_reg[19]/R
  -------------------------------------------------------------------    -------------------

                         (clock clk_out1_clk_wiz_0 rise edge)
                                                      0.000     0.000 r  
    E3                                                0.000     0.000 r  clk_100MHz (IN)
                         net (fo=0)                   0.000     0.000    clk_wiz_inst/inst/clk_in1
    E3                   IBUF (Prop_ibuf_I_O)         1.411     1.411 r  clk_wiz_inst/inst/clkin1_ibufg/O
                         net (fo=1, routed)           1.162     2.573    clk_wiz_inst/inst/clk_in1_clk_wiz_0
    MMCME2_ADV_X1Y2      MMCME2_ADV (Prop_mmcme2_adv_CLKIN1_CLKOUT0)
                                                     -7.324    -4.751 r  clk_wiz_inst/inst/mmcm_adv_inst/CLKOUT0
                         net (fo=1, routed)           1.639    -3.112    clk_wiz_inst/inst/clk_out1_clk_wiz_0
    BUFGCTRL_X0Y16       BUFG (Prop_bufg_I_O)         0.091    -3.021 r  clk_wiz_inst/inst/clkout1_buf/O
                         net (fo=350, routed)         1.604    -1.416    cpci/count_for_mem/butt_deb/clk_out1
    SLICE_X2Y91          FDRE                                         r  cpci/count_for_mem/butt_deb/debounce_cnt_reg[19]/C

Slack:                    inf
  Source:                 reset
                            (input port)
  Destination:            cpci/countty_inst/prev_PC_reg[5]/S
                            (rising edge-triggered cell FDSE clocked by clk_out1_clk_wiz_0  {rise@0.000ns fall@6.667ns period=13.333ns})
  Path Group:             (none)
  Path Type:              Setup (Max at Slow Process Corner)
  Data Path Delay:        5.011ns  (logic 1.478ns (29.484%)  route 3.534ns (70.516%))
  Logic Levels:           1  (IBUF=1)
  Clock Path Skew:        -1.435ns (DCD - SCD + CPR)
    Destination Clock Delay (DCD):    -1.435ns
    Source Clock Delay      (SCD):    0.000ns
    Clock Pessimism Removal (CPR):    0.000ns
  Clock Uncertainty:      0.353ns  ((TSJ^2 + DJ^2)^1/2) / 2 + PE
    Total System Jitter     (TSJ):    0.050ns
    Discrete Jitter          (DJ):    0.226ns
    Phase Error              (PE):    0.237ns

    Location             Delay type                Incr(ns)  Path(ns)    Netlist Resource(s)
  -------------------------------------------------------------------    -------------------
    J15                                               0.000     0.000 r  reset (IN)
                         net (fo=0)                   0.000     0.000    reset
    J15                  IBUF (Prop_ibuf_I_O)         1.478     1.478 r  reset_IBUF_inst/O
                         net (fo=146, routed)         3.534     5.011    cpci/countty_inst/reset_IBUF
    SLICE_X5Y108         FDSE                                         r  cpci/countty_inst/prev_PC_reg[5]/S
  -------------------------------------------------------------------    -------------------

                         (clock clk_out1_clk_wiz_0 rise edge)
                                                      0.000     0.000 r  
    E3                                                0.000     0.000 r  clk_100MHz (IN)
                         net (fo=0)                   0.000     0.000    clk_wiz_inst/inst/clk_in1
    E3                   IBUF (Prop_ibuf_I_O)         1.411     1.411 r  clk_wiz_inst/inst/clkin1_ibufg/O
                         net (fo=1, routed)           1.162     2.573    clk_wiz_inst/inst/clk_in1_clk_wiz_0
    MMCME2_ADV_X1Y2      MMCME2_ADV (Prop_mmcme2_adv_CLKIN1_CLKOUT0)
                                                     -7.324    -4.751 r  clk_wiz_inst/inst/mmcm_adv_inst/CLKOUT0
                         net (fo=1, routed)           1.639    -3.112    clk_wiz_inst/inst/clk_out1_clk_wiz_0
    BUFGCTRL_X0Y16       BUFG (Prop_bufg_I_O)         0.091    -3.021 r  clk_wiz_inst/inst/clkout1_buf/O
                         net (fo=350, routed)         1.586    -1.435    cpci/countty_inst/clk_out1
    SLICE_X5Y108         FDSE                                         r  cpci/countty_inst/prev_PC_reg[5]/C

Slack:                    inf
  Source:                 reset
                            (input port)
  Destination:            cpci/countty_inst/prev_PC_reg[6]/S
                            (rising edge-triggered cell FDSE clocked by clk_out1_clk_wiz_0  {rise@0.000ns fall@6.667ns period=13.333ns})
  Path Group:             (none)
  Path Type:              Setup (Max at Slow Process Corner)
  Data Path Delay:        5.011ns  (logic 1.478ns (29.484%)  route 3.534ns (70.516%))
  Logic Levels:           1  (IBUF=1)
  Clock Path Skew:        -1.435ns (DCD - SCD + CPR)
    Destination Clock Delay (DCD):    -1.435ns
    Source Clock Delay      (SCD):    0.000ns
    Clock Pessimism Removal (CPR):    0.000ns
  Clock Uncertainty:      0.353ns  ((TSJ^2 + DJ^2)^1/2) / 2 + PE
    Total System Jitter     (TSJ):    0.050ns
    Discrete Jitter          (DJ):    0.226ns
    Phase Error              (PE):    0.237ns

    Location             Delay type                Incr(ns)  Path(ns)    Netlist Resource(s)
  -------------------------------------------------------------------    -------------------
    J15                                               0.000     0.000 r  reset (IN)
                         net (fo=0)                   0.000     0.000    reset
    J15                  IBUF (Prop_ibuf_I_O)         1.478     1.478 r  reset_IBUF_inst/O
                         net (fo=146, routed)         3.534     5.011    cpci/countty_inst/reset_IBUF
    SLICE_X5Y108         FDSE                                         r  cpci/countty_inst/prev_PC_reg[6]/S
  -------------------------------------------------------------------    -------------------

                         (clock clk_out1_clk_wiz_0 rise edge)
                                                      0.000     0.000 r  
    E3                                                0.000     0.000 r  clk_100MHz (IN)
                         net (fo=0)                   0.000     0.000    clk_wiz_inst/inst/clk_in1
    E3                   IBUF (Prop_ibuf_I_O)         1.411     1.411 r  clk_wiz_inst/inst/clkin1_ibufg/O
                         net (fo=1, routed)           1.162     2.573    clk_wiz_inst/inst/clk_in1_clk_wiz_0
    MMCME2_ADV_X1Y2      MMCME2_ADV (Prop_mmcme2_adv_CLKIN1_CLKOUT0)
                                                     -7.324    -4.751 r  clk_wiz_inst/inst/mmcm_adv_inst/CLKOUT0
                         net (fo=1, routed)           1.639    -3.112    clk_wiz_inst/inst/clk_out1_clk_wiz_0
    BUFGCTRL_X0Y16       BUFG (Prop_bufg_I_O)         0.091    -3.021 r  clk_wiz_inst/inst/clkout1_buf/O
                         net (fo=350, routed)         1.586    -1.435    cpci/countty_inst/clk_out1
    SLICE_X5Y108         FDSE                                         r  cpci/countty_inst/prev_PC_reg[6]/C

Slack:                    inf
  Source:                 reset
                            (input port)
  Destination:            cpci/countty_inst/prev_PC_reg[7]/S
                            (rising edge-triggered cell FDSE clocked by clk_out1_clk_wiz_0  {rise@0.000ns fall@6.667ns period=13.333ns})
  Path Group:             (none)
  Path Type:              Setup (Max at Slow Process Corner)
  Data Path Delay:        5.011ns  (logic 1.478ns (29.484%)  route 3.534ns (70.516%))
  Logic Levels:           1  (IBUF=1)
  Clock Path Skew:        -1.435ns (DCD - SCD + CPR)
    Destination Clock Delay (DCD):    -1.435ns
    Source Clock Delay      (SCD):    0.000ns
    Clock Pessimism Removal (CPR):    0.000ns
  Clock Uncertainty:      0.353ns  ((TSJ^2 + DJ^2)^1/2) / 2 + PE
    Total System Jitter     (TSJ):    0.050ns
    Discrete Jitter          (DJ):    0.226ns
    Phase Error              (PE):    0.237ns

    Location             Delay type                Incr(ns)  Path(ns)    Netlist Resource(s)
  -------------------------------------------------------------------    -------------------
    J15                                               0.000     0.000 r  reset (IN)
                         net (fo=0)                   0.000     0.000    reset
    J15                  IBUF (Prop_ibuf_I_O)         1.478     1.478 r  reset_IBUF_inst/O
                         net (fo=146, routed)         3.534     5.011    cpci/countty_inst/reset_IBUF
    SLICE_X5Y108         FDSE                                         r  cpci/countty_inst/prev_PC_reg[7]/S
  -------------------------------------------------------------------    -------------------

                         (clock clk_out1_clk_wiz_0 rise edge)
                                                      0.000     0.000 r  
    E3                                                0.000     0.000 r  clk_100MHz (IN)
                         net (fo=0)                   0.000     0.000    clk_wiz_inst/inst/clk_in1
    E3                   IBUF (Prop_ibuf_I_O)         1.411     1.411 r  clk_wiz_inst/inst/clkin1_ibufg/O
                         net (fo=1, routed)           1.162     2.573    clk_wiz_inst/inst/clk_in1_clk_wiz_0
    MMCME2_ADV_X1Y2      MMCME2_ADV (Prop_mmcme2_adv_CLKIN1_CLKOUT0)
                                                     -7.324    -4.751 r  clk_wiz_inst/inst/mmcm_adv_inst/CLKOUT0
                         net (fo=1, routed)           1.639    -3.112    clk_wiz_inst/inst/clk_out1_clk_wiz_0
    BUFGCTRL_X0Y16       BUFG (Prop_bufg_I_O)         0.091    -3.021 r  clk_wiz_inst/inst/clkout1_buf/O
                         net (fo=350, routed)         1.586    -1.435    cpci/countty_inst/clk_out1
    SLICE_X5Y108         FDSE                                         r  cpci/countty_inst/prev_PC_reg[7]/C

Slack:                    inf
  Source:                 reset
                            (input port)
  Destination:            cpci/countty_inst/prev_PC_reg[8]/S
                            (rising edge-triggered cell FDSE clocked by clk_out1_clk_wiz_0  {rise@0.000ns fall@6.667ns period=13.333ns})
  Path Group:             (none)
  Path Type:              Setup (Max at Slow Process Corner)
  Data Path Delay:        5.011ns  (logic 1.478ns (29.484%)  route 3.534ns (70.516%))
  Logic Levels:           1  (IBUF=1)
  Clock Path Skew:        -1.435ns (DCD - SCD + CPR)
    Destination Clock Delay (DCD):    -1.435ns
    Source Clock Delay      (SCD):    0.000ns
    Clock Pessimism Removal (CPR):    0.000ns
  Clock Uncertainty:      0.353ns  ((TSJ^2 + DJ^2)^1/2) / 2 + PE
    Total System Jitter     (TSJ):    0.050ns
    Discrete Jitter          (DJ):    0.226ns
    Phase Error              (PE):    0.237ns

    Location             Delay type                Incr(ns)  Path(ns)    Netlist Resource(s)
  -------------------------------------------------------------------    -------------------
    J15                                               0.000     0.000 r  reset (IN)
                         net (fo=0)                   0.000     0.000    reset
    J15                  IBUF (Prop_ibuf_I_O)         1.478     1.478 r  reset_IBUF_inst/O
                         net (fo=146, routed)         3.534     5.011    cpci/countty_inst/reset_IBUF
    SLICE_X5Y108         FDSE                                         r  cpci/countty_inst/prev_PC_reg[8]/S
  -------------------------------------------------------------------    -------------------

                         (clock clk_out1_clk_wiz_0 rise edge)
                                                      0.000     0.000 r  
    E3                                                0.000     0.000 r  clk_100MHz (IN)
                         net (fo=0)                   0.000     0.000    clk_wiz_inst/inst/clk_in1
    E3                   IBUF (Prop_ibuf_I_O)         1.411     1.411 r  clk_wiz_inst/inst/clkin1_ibufg/O
                         net (fo=1, routed)           1.162     2.573    clk_wiz_inst/inst/clk_in1_clk_wiz_0
    MMCME2_ADV_X1Y2      MMCME2_ADV (Prop_mmcme2_adv_CLKIN1_CLKOUT0)
                                                     -7.324    -4.751 r  clk_wiz_inst/inst/mmcm_adv_inst/CLKOUT0
                         net (fo=1, routed)           1.639    -3.112    clk_wiz_inst/inst/clk_out1_clk_wiz_0
    BUFGCTRL_X0Y16       BUFG (Prop_bufg_I_O)         0.091    -3.021 r  clk_wiz_inst/inst/clkout1_buf/O
                         net (fo=350, routed)         1.586    -1.435    cpci/countty_inst/clk_out1
    SLICE_X5Y108         FDSE                                         r  cpci/countty_inst/prev_PC_reg[8]/C

Slack:                    inf
  Source:                 reset
                            (input port)
  Destination:            cpci/count_for_mem/butt_deb/debounce_cnt_reg[0]/R
                            (rising edge-triggered cell FDRE clocked by clk_out1_clk_wiz_0  {rise@0.000ns fall@6.667ns period=13.333ns})
  Path Group:             (none)
  Path Type:              Setup (Max at Slow Process Corner)
  Data Path Delay:        4.994ns  (logic 1.602ns (32.070%)  route 3.392ns (67.930%))
  Logic Levels:           2  (IBUF=1 LUT3=1)
  Clock Path Skew:        -1.419ns (DCD - SCD + CPR)
    Destination Clock Delay (DCD):    -1.419ns
    Source Clock Delay      (SCD):    0.000ns
    Clock Pessimism Removal (CPR):    0.000ns
  Clock Uncertainty:      0.353ns  ((TSJ^2 + DJ^2)^1/2) / 2 + PE
    Total System Jitter     (TSJ):    0.050ns
    Discrete Jitter          (DJ):    0.226ns
    Phase Error              (PE):    0.237ns

    Location             Delay type                Incr(ns)  Path(ns)    Netlist Resource(s)
  -------------------------------------------------------------------    -------------------
    J15                                               0.000     0.000 r  reset (IN)
                         net (fo=0)                   0.000     0.000    reset
    J15                  IBUF (Prop_ibuf_I_O)         1.478     1.478 r  reset_IBUF_inst/O
                         net (fo=146, routed)         2.731     4.208    cpci/count_for_mem/butt_deb/reset_IBUF
    SLICE_X3Y90          LUT3 (Prop_lut3_I0_O)        0.124     4.332 r  cpci/count_for_mem/butt_deb/debounce_cnt[0]_i_1/O
                         net (fo=21, routed)          0.662     4.994    cpci/count_for_mem/butt_deb/debounce_cnt[0]_i_1_n_0
    SLICE_X2Y87          FDRE                                         r  cpci/count_for_mem/butt_deb/debounce_cnt_reg[0]/R
  -------------------------------------------------------------------    -------------------

                         (clock clk_out1_clk_wiz_0 rise edge)
                                                      0.000     0.000 r  
    E3                                                0.000     0.000 r  clk_100MHz (IN)
                         net (fo=0)                   0.000     0.000    clk_wiz_inst/inst/clk_in1
    E3                   IBUF (Prop_ibuf_I_O)         1.411     1.411 r  clk_wiz_inst/inst/clkin1_ibufg/O
                         net (fo=1, routed)           1.162     2.573    clk_wiz_inst/inst/clk_in1_clk_wiz_0
    MMCME2_ADV_X1Y2      MMCME2_ADV (Prop_mmcme2_adv_CLKIN1_CLKOUT0)
                                                     -7.324    -4.751 r  clk_wiz_inst/inst/mmcm_adv_inst/CLKOUT0
                         net (fo=1, routed)           1.639    -3.112    clk_wiz_inst/inst/clk_out1_clk_wiz_0
    BUFGCTRL_X0Y16       BUFG (Prop_bufg_I_O)         0.091    -3.021 r  clk_wiz_inst/inst/clkout1_buf/O
                         net (fo=350, routed)         1.601    -1.419    cpci/count_for_mem/butt_deb/clk_out1
    SLICE_X2Y87          FDRE                                         r  cpci/count_for_mem/butt_deb/debounce_cnt_reg[0]/C





Min Delay Paths
--------------------------------------------------------------------------------------
Slack:                    inf
  Source:                 reset
                            (input port)
  Destination:            cpci/countty_inst/count_reg[24]/R
                            (rising edge-triggered cell FDRE clocked by clk_out1_clk_wiz_0  {rise@0.000ns fall@6.667ns period=13.333ns})
  Path Group:             (none)
  Path Type:              Hold (Min at Fast Process Corner)
  Data Path Delay:        0.626ns  (logic 0.245ns (39.222%)  route 0.380ns (60.778%))
  Logic Levels:           1  (IBUF=1)
  Clock Path Skew:        -0.801ns (DCD - SCD - CPR)
    Destination Clock Delay (DCD):    -0.801ns
    Source Clock Delay      (SCD):    0.000ns
    Clock Pessimism Removal (CPR):    -0.000ns

    Location             Delay type                Incr(ns)  Path(ns)    Netlist Resource(s)
  -------------------------------------------------------------------    -------------------
    J15                                               0.000     0.000 r  reset (IN)
                         net (fo=0)                   0.000     0.000    reset
    J15                  IBUF (Prop_ibuf_I_O)         0.245     0.245 r  reset_IBUF_inst/O
                         net (fo=146, routed)         0.380     0.626    cpci/countty_inst/reset_IBUF
    SLICE_X1Y101         FDRE                                         r  cpci/countty_inst/count_reg[24]/R
  -------------------------------------------------------------------    -------------------

                         (clock clk_out1_clk_wiz_0 rise edge)
                                                      0.000     0.000 r  
    E3                                                0.000     0.000 r  clk_100MHz (IN)
                         net (fo=0)                   0.000     0.000    clk_wiz_inst/inst/clk_in1
    E3                   IBUF (Prop_ibuf_I_O)         0.438     0.438 r  clk_wiz_inst/inst/clkin1_ibufg/O
                         net (fo=1, routed)           0.480     0.918    clk_wiz_inst/inst/clk_in1_clk_wiz_0
    MMCME2_ADV_X1Y2      MMCME2_ADV (Prop_mmcme2_adv_CLKIN1_CLKOUT0)
                                                     -3.163    -2.245 r  clk_wiz_inst/inst/mmcm_adv_inst/CLKOUT0
                         net (fo=1, routed)           0.544    -1.702    clk_wiz_inst/inst/clk_out1_clk_wiz_0
    BUFGCTRL_X0Y16       BUFG (Prop_bufg_I_O)         0.029    -1.673 r  clk_wiz_inst/inst/clkout1_buf/O
                         net (fo=350, routed)         0.872    -0.801    cpci/countty_inst/clk_out1
    SLICE_X1Y101         FDRE                                         r  cpci/countty_inst/count_reg[24]/C

Slack:                    inf
  Source:                 reset
                            (input port)
  Destination:            cpci/countty_inst/count_reg[25]/R
                            (rising edge-triggered cell FDRE clocked by clk_out1_clk_wiz_0  {rise@0.000ns fall@6.667ns period=13.333ns})
  Path Group:             (none)
  Path Type:              Hold (Min at Fast Process Corner)
  Data Path Delay:        0.626ns  (logic 0.245ns (39.222%)  route 0.380ns (60.778%))
  Logic Levels:           1  (IBUF=1)
  Clock Path Skew:        -0.801ns (DCD - SCD - CPR)
    Destination Clock Delay (DCD):    -0.801ns
    Source Clock Delay      (SCD):    0.000ns
    Clock Pessimism Removal (CPR):    -0.000ns

    Location             Delay type                Incr(ns)  Path(ns)    Netlist Resource(s)
  -------------------------------------------------------------------    -------------------
    J15                                               0.000     0.000 r  reset (IN)
                         net (fo=0)                   0.000     0.000    reset
    J15                  IBUF (Prop_ibuf_I_O)         0.245     0.245 r  reset_IBUF_inst/O
                         net (fo=146, routed)         0.380     0.626    cpci/countty_inst/reset_IBUF
    SLICE_X1Y101         FDRE                                         r  cpci/countty_inst/count_reg[25]/R
  -------------------------------------------------------------------    -------------------

                         (clock clk_out1_clk_wiz_0 rise edge)
                                                      0.000     0.000 r  
    E3                                                0.000     0.000 r  clk_100MHz (IN)
                         net (fo=0)                   0.000     0.000    clk_wiz_inst/inst/clk_in1
    E3                   IBUF (Prop_ibuf_I_O)         0.438     0.438 r  clk_wiz_inst/inst/clkin1_ibufg/O
                         net (fo=1, routed)           0.480     0.918    clk_wiz_inst/inst/clk_in1_clk_wiz_0
    MMCME2_ADV_X1Y2      MMCME2_ADV (Prop_mmcme2_adv_CLKIN1_CLKOUT0)
                                                     -3.163    -2.245 r  clk_wiz_inst/inst/mmcm_adv_inst/CLKOUT0
                         net (fo=1, routed)           0.544    -1.702    clk_wiz_inst/inst/clk_out1_clk_wiz_0
    BUFGCTRL_X0Y16       BUFG (Prop_bufg_I_O)         0.029    -1.673 r  clk_wiz_inst/inst/clkout1_buf/O
                         net (fo=350, routed)         0.872    -0.801    cpci/countty_inst/clk_out1
    SLICE_X1Y101         FDRE                                         r  cpci/countty_inst/count_reg[25]/C

Slack:                    inf
  Source:                 reset
                            (input port)
  Destination:            cpci/countty_inst/count_reg[26]/R
                            (rising edge-triggered cell FDRE clocked by clk_out1_clk_wiz_0  {rise@0.000ns fall@6.667ns period=13.333ns})
  Path Group:             (none)
  Path Type:              Hold (Min at Fast Process Corner)
  Data Path Delay:        0.626ns  (logic 0.245ns (39.222%)  route 0.380ns (60.778%))
  Logic Levels:           1  (IBUF=1)
  Clock Path Skew:        -0.801ns (DCD - SCD - CPR)
    Destination Clock Delay (DCD):    -0.801ns
    Source Clock Delay      (SCD):    0.000ns
    Clock Pessimism Removal (CPR):    -0.000ns

    Location             Delay type                Incr(ns)  Path(ns)    Netlist Resource(s)
  -------------------------------------------------------------------    -------------------
    J15                                               0.000     0.000 r  reset (IN)
                         net (fo=0)                   0.000     0.000    reset
    J15                  IBUF (Prop_ibuf_I_O)         0.245     0.245 r  reset_IBUF_inst/O
                         net (fo=146, routed)         0.380     0.626    cpci/countty_inst/reset_IBUF
    SLICE_X1Y101         FDRE                                         r  cpci/countty_inst/count_reg[26]/R
  -------------------------------------------------------------------    -------------------

                         (clock clk_out1_clk_wiz_0 rise edge)
                                                      0.000     0.000 r  
    E3                                                0.000     0.000 r  clk_100MHz (IN)
                         net (fo=0)                   0.000     0.000    clk_wiz_inst/inst/clk_in1
    E3                   IBUF (Prop_ibuf_I_O)         0.438     0.438 r  clk_wiz_inst/inst/clkin1_ibufg/O
                         net (fo=1, routed)           0.480     0.918    clk_wiz_inst/inst/clk_in1_clk_wiz_0
    MMCME2_ADV_X1Y2      MMCME2_ADV (Prop_mmcme2_adv_CLKIN1_CLKOUT0)
                                                     -3.163    -2.245 r  clk_wiz_inst/inst/mmcm_adv_inst/CLKOUT0
                         net (fo=1, routed)           0.544    -1.702    clk_wiz_inst/inst/clk_out1_clk_wiz_0
    BUFGCTRL_X0Y16       BUFG (Prop_bufg_I_O)         0.029    -1.673 r  clk_wiz_inst/inst/clkout1_buf/O
                         net (fo=350, routed)         0.872    -0.801    cpci/countty_inst/clk_out1
    SLICE_X1Y101         FDRE                                         r  cpci/countty_inst/count_reg[26]/C

Slack:                    inf
  Source:                 reset
                            (input port)
  Destination:            cpci/countty_inst/count_reg[27]/R
                            (rising edge-triggered cell FDRE clocked by clk_out1_clk_wiz_0  {rise@0.000ns fall@6.667ns period=13.333ns})
  Path Group:             (none)
  Path Type:              Hold (Min at Fast Process Corner)
  Data Path Delay:        0.626ns  (logic 0.245ns (39.222%)  route 0.380ns (60.778%))
  Logic Levels:           1  (IBUF=1)
  Clock Path Skew:        -0.801ns (DCD - SCD - CPR)
    Destination Clock Delay (DCD):    -0.801ns
    Source Clock Delay      (SCD):    0.000ns
    Clock Pessimism Removal (CPR):    -0.000ns

    Location             Delay type                Incr(ns)  Path(ns)    Netlist Resource(s)
  -------------------------------------------------------------------    -------------------
    J15                                               0.000     0.000 r  reset (IN)
                         net (fo=0)                   0.000     0.000    reset
    J15                  IBUF (Prop_ibuf_I_O)         0.245     0.245 r  reset_IBUF_inst/O
                         net (fo=146, routed)         0.380     0.626    cpci/countty_inst/reset_IBUF
    SLICE_X1Y101         FDRE                                         r  cpci/countty_inst/count_reg[27]/R
  -------------------------------------------------------------------    -------------------

                         (clock clk_out1_clk_wiz_0 rise edge)
                                                      0.000     0.000 r  
    E3                                                0.000     0.000 r  clk_100MHz (IN)
                         net (fo=0)                   0.000     0.000    clk_wiz_inst/inst/clk_in1
    E3                   IBUF (Prop_ibuf_I_O)         0.438     0.438 r  clk_wiz_inst/inst/clkin1_ibufg/O
                         net (fo=1, routed)           0.480     0.918    clk_wiz_inst/inst/clk_in1_clk_wiz_0
    MMCME2_ADV_X1Y2      MMCME2_ADV (Prop_mmcme2_adv_CLKIN1_CLKOUT0)
                                                     -3.163    -2.245 r  clk_wiz_inst/inst/mmcm_adv_inst/CLKOUT0
                         net (fo=1, routed)           0.544    -1.702    clk_wiz_inst/inst/clk_out1_clk_wiz_0
    BUFGCTRL_X0Y16       BUFG (Prop_bufg_I_O)         0.029    -1.673 r  clk_wiz_inst/inst/clkout1_buf/O
                         net (fo=350, routed)         0.872    -0.801    cpci/countty_inst/clk_out1
    SLICE_X1Y101         FDRE                                         r  cpci/countty_inst/count_reg[27]/C

Slack:                    inf
  Source:                 reset
                            (input port)
  Destination:            cpci/countty_cyc/count_out_reg[24]/R
                            (rising edge-triggered cell FDRE clocked by clk_out1_clk_wiz_0  {rise@0.000ns fall@6.667ns period=13.333ns})
  Path Group:             (none)
  Path Type:              Hold (Min at Fast Process Corner)
  Data Path Delay:        0.630ns  (logic 0.245ns (38.951%)  route 0.385ns (61.049%))
  Logic Levels:           1  (IBUF=1)
  Clock Path Skew:        -0.801ns (DCD - SCD - CPR)
    Destination Clock Delay (DCD):    -0.801ns
    Source Clock Delay      (SCD):    0.000ns
    Clock Pessimism Removal (CPR):    -0.000ns

    Location             Delay type                Incr(ns)  Path(ns)    Netlist Resource(s)
  -------------------------------------------------------------------    -------------------
    J15                                               0.000     0.000 r  reset (IN)
                         net (fo=0)                   0.000     0.000    reset
    J15                  IBUF (Prop_ibuf_I_O)         0.245     0.245 r  reset_IBUF_inst/O
                         net (fo=146, routed)         0.385     0.630    cpci/countty_cyc/reset_IBUF
    SLICE_X0Y101         FDRE                                         r  cpci/countty_cyc/count_out_reg[24]/R
  -------------------------------------------------------------------    -------------------

                         (clock clk_out1_clk_wiz_0 rise edge)
                                                      0.000     0.000 r  
    E3                                                0.000     0.000 r  clk_100MHz (IN)
                         net (fo=0)                   0.000     0.000    clk_wiz_inst/inst/clk_in1
    E3                   IBUF (Prop_ibuf_I_O)         0.438     0.438 r  clk_wiz_inst/inst/clkin1_ibufg/O
                         net (fo=1, routed)           0.480     0.918    clk_wiz_inst/inst/clk_in1_clk_wiz_0
    MMCME2_ADV_X1Y2      MMCME2_ADV (Prop_mmcme2_adv_CLKIN1_CLKOUT0)
                                                     -3.163    -2.245 r  clk_wiz_inst/inst/mmcm_adv_inst/CLKOUT0
                         net (fo=1, routed)           0.544    -1.702    clk_wiz_inst/inst/clk_out1_clk_wiz_0
    BUFGCTRL_X0Y16       BUFG (Prop_bufg_I_O)         0.029    -1.673 r  clk_wiz_inst/inst/clkout1_buf/O
                         net (fo=350, routed)         0.872    -0.801    cpci/countty_cyc/clk_out1
    SLICE_X0Y101         FDRE                                         r  cpci/countty_cyc/count_out_reg[24]/C

Slack:                    inf
  Source:                 reset
                            (input port)
  Destination:            cpci/countty_cyc/count_out_reg[25]/R
                            (rising edge-triggered cell FDRE clocked by clk_out1_clk_wiz_0  {rise@0.000ns fall@6.667ns period=13.333ns})
  Path Group:             (none)
  Path Type:              Hold (Min at Fast Process Corner)
  Data Path Delay:        0.630ns  (logic 0.245ns (38.951%)  route 0.385ns (61.049%))
  Logic Levels:           1  (IBUF=1)
  Clock Path Skew:        -0.801ns (DCD - SCD - CPR)
    Destination Clock Delay (DCD):    -0.801ns
    Source Clock Delay      (SCD):    0.000ns
    Clock Pessimism Removal (CPR):    -0.000ns

    Location             Delay type                Incr(ns)  Path(ns)    Netlist Resource(s)
  -------------------------------------------------------------------    -------------------
    J15                                               0.000     0.000 r  reset (IN)
                         net (fo=0)                   0.000     0.000    reset
    J15                  IBUF (Prop_ibuf_I_O)         0.245     0.245 r  reset_IBUF_inst/O
                         net (fo=146, routed)         0.385     0.630    cpci/countty_cyc/reset_IBUF
    SLICE_X0Y101         FDRE                                         r  cpci/countty_cyc/count_out_reg[25]/R
  -------------------------------------------------------------------    -------------------

                         (clock clk_out1_clk_wiz_0 rise edge)
                                                      0.000     0.000 r  
    E3                                                0.000     0.000 r  clk_100MHz (IN)
                         net (fo=0)                   0.000     0.000    clk_wiz_inst/inst/clk_in1
    E3                   IBUF (Prop_ibuf_I_O)         0.438     0.438 r  clk_wiz_inst/inst/clkin1_ibufg/O
                         net (fo=1, routed)           0.480     0.918    clk_wiz_inst/inst/clk_in1_clk_wiz_0
    MMCME2_ADV_X1Y2      MMCME2_ADV (Prop_mmcme2_adv_CLKIN1_CLKOUT0)
                                                     -3.163    -2.245 r  clk_wiz_inst/inst/mmcm_adv_inst/CLKOUT0
                         net (fo=1, routed)           0.544    -1.702    clk_wiz_inst/inst/clk_out1_clk_wiz_0
    BUFGCTRL_X0Y16       BUFG (Prop_bufg_I_O)         0.029    -1.673 r  clk_wiz_inst/inst/clkout1_buf/O
                         net (fo=350, routed)         0.872    -0.801    cpci/countty_cyc/clk_out1
    SLICE_X0Y101         FDRE                                         r  cpci/countty_cyc/count_out_reg[25]/C

Slack:                    inf
  Source:                 reset
                            (input port)
  Destination:            cpci/countty_cyc/count_out_reg[26]/R
                            (rising edge-triggered cell FDRE clocked by clk_out1_clk_wiz_0  {rise@0.000ns fall@6.667ns period=13.333ns})
  Path Group:             (none)
  Path Type:              Hold (Min at Fast Process Corner)
  Data Path Delay:        0.630ns  (logic 0.245ns (38.951%)  route 0.385ns (61.049%))
  Logic Levels:           1  (IBUF=1)
  Clock Path Skew:        -0.801ns (DCD - SCD - CPR)
    Destination Clock Delay (DCD):    -0.801ns
    Source Clock Delay      (SCD):    0.000ns
    Clock Pessimism Removal (CPR):    -0.000ns

    Location             Delay type                Incr(ns)  Path(ns)    Netlist Resource(s)
  -------------------------------------------------------------------    -------------------
    J15                                               0.000     0.000 r  reset (IN)
                         net (fo=0)                   0.000     0.000    reset
    J15                  IBUF (Prop_ibuf_I_O)         0.245     0.245 r  reset_IBUF_inst/O
                         net (fo=146, routed)         0.385     0.630    cpci/countty_cyc/reset_IBUF
    SLICE_X0Y101         FDRE                                         r  cpci/countty_cyc/count_out_reg[26]/R
  -------------------------------------------------------------------    -------------------

                         (clock clk_out1_clk_wiz_0 rise edge)
                                                      0.000     0.000 r  
    E3                                                0.000     0.000 r  clk_100MHz (IN)
                         net (fo=0)                   0.000     0.000    clk_wiz_inst/inst/clk_in1
    E3                   IBUF (Prop_ibuf_I_O)         0.438     0.438 r  clk_wiz_inst/inst/clkin1_ibufg/O
                         net (fo=1, routed)           0.480     0.918    clk_wiz_inst/inst/clk_in1_clk_wiz_0
    MMCME2_ADV_X1Y2      MMCME2_ADV (Prop_mmcme2_adv_CLKIN1_CLKOUT0)
                                                     -3.163    -2.245 r  clk_wiz_inst/inst/mmcm_adv_inst/CLKOUT0
                         net (fo=1, routed)           0.544    -1.702    clk_wiz_inst/inst/clk_out1_clk_wiz_0
    BUFGCTRL_X0Y16       BUFG (Prop_bufg_I_O)         0.029    -1.673 r  clk_wiz_inst/inst/clkout1_buf/O
                         net (fo=350, routed)         0.872    -0.801    cpci/countty_cyc/clk_out1
    SLICE_X0Y101         FDRE                                         r  cpci/countty_cyc/count_out_reg[26]/C

Slack:                    inf
  Source:                 reset
                            (input port)
  Destination:            cpci/countty_cyc/count_out_reg[27]/R
                            (rising edge-triggered cell FDRE clocked by clk_out1_clk_wiz_0  {rise@0.000ns fall@6.667ns period=13.333ns})
  Path Group:             (none)
  Path Type:              Hold (Min at Fast Process Corner)
  Data Path Delay:        0.630ns  (logic 0.245ns (38.951%)  route 0.385ns (61.049%))
  Logic Levels:           1  (IBUF=1)
  Clock Path Skew:        -0.801ns (DCD - SCD - CPR)
    Destination Clock Delay (DCD):    -0.801ns
    Source Clock Delay      (SCD):    0.000ns
    Clock Pessimism Removal (CPR):    -0.000ns

    Location             Delay type                Incr(ns)  Path(ns)    Netlist Resource(s)
  -------------------------------------------------------------------    -------------------
    J15                                               0.000     0.000 r  reset (IN)
                         net (fo=0)                   0.000     0.000    reset
    J15                  IBUF (Prop_ibuf_I_O)         0.245     0.245 r  reset_IBUF_inst/O
                         net (fo=146, routed)         0.385     0.630    cpci/countty_cyc/reset_IBUF
    SLICE_X0Y101         FDRE                                         r  cpci/countty_cyc/count_out_reg[27]/R
  -------------------------------------------------------------------    -------------------

                         (clock clk_out1_clk_wiz_0 rise edge)
                                                      0.000     0.000 r  
    E3                                                0.000     0.000 r  clk_100MHz (IN)
                         net (fo=0)                   0.000     0.000    clk_wiz_inst/inst/clk_in1
    E3                   IBUF (Prop_ibuf_I_O)         0.438     0.438 r  clk_wiz_inst/inst/clkin1_ibufg/O
                         net (fo=1, routed)           0.480     0.918    clk_wiz_inst/inst/clk_in1_clk_wiz_0
    MMCME2_ADV_X1Y2      MMCME2_ADV (Prop_mmcme2_adv_CLKIN1_CLKOUT0)
                                                     -3.163    -2.245 r  clk_wiz_inst/inst/mmcm_adv_inst/CLKOUT0
                         net (fo=1, routed)           0.544    -1.702    clk_wiz_inst/inst/clk_out1_clk_wiz_0
    BUFGCTRL_X0Y16       BUFG (Prop_bufg_I_O)         0.029    -1.673 r  clk_wiz_inst/inst/clkout1_buf/O
                         net (fo=350, routed)         0.872    -0.801    cpci/countty_cyc/clk_out1
    SLICE_X0Y101         FDRE                                         r  cpci/countty_cyc/count_out_reg[27]/C

Slack:                    inf
  Source:                 button
                            (input port)
  Destination:            cpci/count_for_mem/butt_deb/button_sync1_reg/D
                            (rising edge-triggered cell FDRE clocked by clk_out1_clk_wiz_0  {rise@0.000ns fall@6.667ns period=13.333ns})
  Path Group:             (none)
  Path Type:              Hold (Min at Fast Process Corner)
  Data Path Delay:        0.686ns  (logic 0.244ns (35.610%)  route 0.442ns (64.390%))
  Logic Levels:           1  (IBUF=1)
  Clock Path Skew:        -0.797ns (DCD - SCD - CPR)
    Destination Clock Delay (DCD):    -0.797ns
    Source Clock Delay      (SCD):    0.000ns
    Clock Pessimism Removal (CPR):    -0.000ns

    Location             Delay type                Incr(ns)  Path(ns)    Netlist Resource(s)
  -------------------------------------------------------------------    -------------------
    N17                                               0.000     0.000 r  button (IN)
                         net (fo=0)                   0.000     0.000    button
    N17                  IBUF (Prop_ibuf_I_O)         0.244     0.244 r  button_IBUF_inst/O
                         net (fo=1, routed)           0.442     0.686    cpci/count_for_mem/butt_deb/button_IBUF
    SLICE_X0Y90          FDRE                                         r  cpci/count_for_mem/butt_deb/button_sync1_reg/D
  -------------------------------------------------------------------    -------------------

                         (clock clk_out1_clk_wiz_0 rise edge)
                                                      0.000     0.000 r  
    E3                                                0.000     0.000 r  clk_100MHz (IN)
                         net (fo=0)                   0.000     0.000    clk_wiz_inst/inst/clk_in1
    E3                   IBUF (Prop_ibuf_I_O)         0.438     0.438 r  clk_wiz_inst/inst/clkin1_ibufg/O
                         net (fo=1, routed)           0.480     0.918    clk_wiz_inst/inst/clk_in1_clk_wiz_0
    MMCME2_ADV_X1Y2      MMCME2_ADV (Prop_mmcme2_adv_CLKIN1_CLKOUT0)
                                                     -3.163    -2.245 r  clk_wiz_inst/inst/mmcm_adv_inst/CLKOUT0
                         net (fo=1, routed)           0.544    -1.702    clk_wiz_inst/inst/clk_out1_clk_wiz_0
    BUFGCTRL_X0Y16       BUFG (Prop_bufg_I_O)         0.029    -1.673 r  clk_wiz_inst/inst/clkout1_buf/O
                         net (fo=350, routed)         0.876    -0.797    cpci/count_for_mem/butt_deb/clk_out1
    SLICE_X0Y90          FDRE                                         r  cpci/count_for_mem/butt_deb/button_sync1_reg/C

Slack:                    inf
  Source:                 reset
                            (input port)
  Destination:            cpci/countty_inst/count_reg[28]/R
                            (rising edge-triggered cell FDRE clocked by clk_out1_clk_wiz_0  {rise@0.000ns fall@6.667ns period=13.333ns})
  Path Group:             (none)
  Path Type:              Hold (Min at Fast Process Corner)
  Data Path Delay:        0.697ns  (logic 0.245ns (35.238%)  route 0.451ns (64.762%))
  Logic Levels:           1  (IBUF=1)
  Clock Path Skew:        -0.801ns (DCD - SCD - CPR)
    Destination Clock Delay (DCD):    -0.801ns
    Source Clock Delay      (SCD):    0.000ns
    Clock Pessimism Removal (CPR):    -0.000ns

    Location             Delay type                Incr(ns)  Path(ns)    Netlist Resource(s)
  -------------------------------------------------------------------    -------------------
    J15                                               0.000     0.000 r  reset (IN)
                         net (fo=0)                   0.000     0.000    reset
    J15                  IBUF (Prop_ibuf_I_O)         0.245     0.245 r  reset_IBUF_inst/O
                         net (fo=146, routed)         0.451     0.697    cpci/countty_inst/reset_IBUF
    SLICE_X1Y102         FDRE                                         r  cpci/countty_inst/count_reg[28]/R
  -------------------------------------------------------------------    -------------------

                         (clock clk_out1_clk_wiz_0 rise edge)
                                                      0.000     0.000 r  
    E3                                                0.000     0.000 r  clk_100MHz (IN)
                         net (fo=0)                   0.000     0.000    clk_wiz_inst/inst/clk_in1
    E3                   IBUF (Prop_ibuf_I_O)         0.438     0.438 r  clk_wiz_inst/inst/clkin1_ibufg/O
                         net (fo=1, routed)           0.480     0.918    clk_wiz_inst/inst/clk_in1_clk_wiz_0
    MMCME2_ADV_X1Y2      MMCME2_ADV (Prop_mmcme2_adv_CLKIN1_CLKOUT0)
                                                     -3.163    -2.245 r  clk_wiz_inst/inst/mmcm_adv_inst/CLKOUT0
                         net (fo=1, routed)           0.544    -1.702    clk_wiz_inst/inst/clk_out1_clk_wiz_0
    BUFGCTRL_X0Y16       BUFG (Prop_bufg_I_O)         0.029    -1.673 r  clk_wiz_inst/inst/clkout1_buf/O
                         net (fo=350, routed)         0.872    -0.801    cpci/countty_inst/clk_out1
    SLICE_X1Y102         FDRE                                         r  cpci/countty_inst/count_reg[28]/C





