Copyright 1986-2022 Xilinx, Inc. All Rights Reserved.
------------------------------------------------------------------------------------------------------------------------------------------------------------------------------------------------------
| Tool Version : Vivado v.2022.2 (win64) Build 3671981 Fri Oct 14 05:00:03 MDT 2022
| Date         : Wed Oct  7 02:37:16 2026
| Host         : LAPTOP-6D98Q4KP running 64-bit major release  (build 9200)
| Command      : report_timing_summary -max_paths 10 -report_unconstrained -file top_timing_summary_routed.rpt -pb top_timing_summary_routed.pb -rpx top_timing_summary_routed.rpx -warn_on_violation
| Design       : top
| Device       : 7a100t-csg324
| Speed File   : -1  PRODUCTION 1.23 2018-06-13
------------------------------------------------------------------------------------------------------------------------------------------------------------------------------------------------------

Timing Summary Report

------------------------------------------------------------------------------------------------
| Timer Settings
| --------------
------------------------------------------------------------------------------------------------

  Enable Multi Corner Analysis               :  Yes
  Enable Pessimism Removal                   :  Yes
  Pessimism Removal Resolution               :  Nearest Common Node
  Enable Input Delay Default Clock           :  No
  Enable Preset / Clear Arcs                 :  No
  Disable Flight Delays                      :  No
  Ignore I/O Paths                           :  No
  Timing Early Launch at Borrowing Latches   :  No
  Borrow Time for Max Delay Exceptions       :  Yes
  Merge Timing Exceptions                    :  Yes

  Corner  Analyze    Analyze    
  Name    Max Paths  Min Paths  
  ------  ---------  ---------  
  Slow    Yes        Yes        
  Fast    Yes        Yes        


------------------------------------------------------------------------------------------------
| Report Methodology
| ------------------
------------------------------------------------------------------------------------------------

No report available as report_methodology has not been run prior. Run report_methodology on the current design for the summary of methodology violations.



check_timing report

Table of Contents
-----------------
1. checking no_clock (0)
2. checking constant_clock (0)
3. checking pulse_width_clock (0)
4. checking unconstrained_internal_endpoints (0)
5. checking no_input_delay (1)
6. checking no_output_delay (64)
7. checking multiple_clock (0)
8. checking generated_clocks (0)
9. checking loops (0)
10. checking partial_input_delay (0)
11. checking partial_output_delay (0)
12. checking latch_loops (0)

1. checking no_clock (0)
------------------------
 There are 0 register/latch pins with no clock.


2. checking constant_clock (0)
------------------------------
 There are 0 register/latch pins with constant_clock.


3. checking pulse_width_clock (0)
---------------------------------
 There are 0 register/latch pins which need pulse_width check


4. checking unconstrained_internal_endpoints (0)
------------------------------------------------
 There are 0 pins that are not constrained for maximum delay.

 There are 0 pins that are not constrained for maximum delay due to constant clock.


5. checking no_input_delay (1)
------------------------------
 There is 1 input port with no input delay specified. (HIGH)

 There are 0 input ports with no input delay but user has a false path constraint.


6. checking no_output_delay (64)
--------------------------------
 There are 64 ports with no output delay specified. (HIGH)

 There are 0 ports with no output delay but user has a false path constraint

 There are 0 ports with no output delay but with a timing clock defined on it or propagating through it


7. checking multiple_clock (0)
------------------------------
 There are 0 register/latch pins with multiple clocks.


8. checking generated_clocks (0)
--------------------------------
 There are 0 generated clocks that are not connected to a clock source.


9. checking loops (0)
---------------------
 There are 0 combinational loops in the design.


10. checking partial_input_delay (0)
------------------------------------
 There are 0 input ports with partial input delay specified.


11. checking partial_output_delay (0)
-------------------------------------
 There are 0 ports with partial output delay specified.


12. checking latch_loops (0)
----------------------------
 There are 0 combinational latch loops in the design through latch input



------------------------------------------------------------------------------------------------
| Design Timing Summary
| ---------------------
------------------------------------------------------------------------------------------------

    WNS(ns)      TNS(ns)  TNS Failing Endpoints  TNS Total Endpoints      WHS(ns)      THS(ns)  THS Failing Endpoints  THS Total Endpoints     WPWS(ns)     TPWS(ns)  TPWS Failing Endpoints  TPWS Total Endpoints  
    -------      -------  ---------------------  -------------------      -------      -------  ---------------------  -------------------     --------     --------  ----------------------  --------------------  
      0.000        0.000                      0                  884        0.263        0.000                      0                  884        3.000        0.000                       0                   158  


All user specified timing constraints are met.


------------------------------------------------------------------------------------------------
| Clock Summary
| -------------
------------------------------------------------------------------------------------------------

Clock                 Waveform(ns)       Period(ns)      Frequency(MHz)
-----                 ------------       ----------      --------------
clk_100MHz            {0.000 5.000}      10.000          100.000         
  clk_out1_clk_wiz_0  {0.000 6.667}      13.333          75.000          
  clkfbout_clk_wiz_0  {0.000 20.000}     40.000          25.000          


------------------------------------------------------------------------------------------------
| Intra Clock Table
| -----------------
------------------------------------------------------------------------------------------------

Clock                     WNS(ns)      TNS(ns)  TNS Failing Endpoints  TNS Total Endpoints      WHS(ns)      THS(ns)  THS Failing Endpoints  THS Total Endpoints     WPWS(ns)     TPWS(ns)  TPWS Failing Endpoints  TPWS Total Endpoints  
-----                     -------      -------  ---------------------  -------------------      -------      -------  ---------------------  -------------------     --------     --------  ----------------------  --------------------  
clk_100MHz                                                                                                                                                              3.000        0.000                       0                     1  
  clk_out1_clk_wiz_0        0.000        0.000                      0                  884        0.263        0.000                      0                  884        5.417        0.000                       0                   154  
  clkfbout_clk_wiz_0                                                                                                                                                   37.845        0.000                       0                     3  


------------------------------------------------------------------------------------------------
| Inter Clock Table
| -----------------
------------------------------------------------------------------------------------------------

From Clock    To Clock          WNS(ns)      TNS(ns)  TNS Failing Endpoints  TNS Total Endpoints      WHS(ns)      THS(ns)  THS Failing Endpoints  THS Total Endpoints  
----------    --------          -------      -------  ---------------------  -------------------      -------      -------  ---------------------  -------------------  


------------------------------------------------------------------------------------------------
| Other Path Groups Table
| -----------------------
------------------------------------------------------------------------------------------------

Path Group    From Clock    To Clock          WNS(ns)      TNS(ns)  TNS Failing Endpoints  TNS Total Endpoints      WHS(ns)      THS(ns)  THS Failing Endpoints  THS Total Endpoints  
----------    ----------    --------          -------      -------  ---------------------  -------------------      -------      -------  ---------------------  -------------------  


------------------------------------------------------------------------------------------------
| User Ignored Path Table
| -----------------------
------------------------------------------------------------------------------------------------

Path Group    From Clock    To Clock    
----------    ----------    --------    


------------------------------------------------------------------------------------------------
| Unconstrained Path Table
| ------------------------
------------------------------------------------------------------------------------------------

Path Group          From Clock          To Clock          
----------          ----------          --------          
(none)              clk_out1_clk_wiz_0                      
(none)              clkfbout_clk_wiz_0                      
(none)                                  clk_out1_clk_wiz_0  


------------------------------------------------------------------------------------------------
| Timing Details
| --------------
------------------------------------------------------------------------------------------------


---------------------------------------------------------------------------------------------------
From Clock:  clk_100MHz
  To Clock:  clk_100MHz

Setup :           NA  Failing Endpoints,  Worst Slack           NA  ,  Total Violation           NA
Hold  :           NA  Failing Endpoints,  Worst Slack           NA  ,  Total Violation           NA
PW    :            0  Failing Endpoints,  Worst Slack        3.000ns,  Total Violation        0.000ns
---------------------------------------------------------------------------------------------------


Pulse Width Checks
--------------------------------------------------------------------------------------
Clock Name:         clk_100MHz
Waveform(ns):       { 0.000 5.000 }
Period(ns):         10.000
Sources:            { clk_100MHz }

Check Type        Corner  Lib Pin            Reference Pin  Required(ns)  Actual(ns)  Slack(ns)  Location         Pin
Min Period        n/a     MMCME2_ADV/CLKIN1  n/a            1.249         10.000      8.751      MMCME2_ADV_X1Y2  clk_wiz_inst/inst/mmcm_adv_inst/CLKIN1
Max Period        n/a     MMCME2_ADV/CLKIN1  n/a            100.000       10.000      90.000     MMCME2_ADV_X1Y2  clk_wiz_inst/inst/mmcm_adv_inst/CLKIN1
Low Pulse Width   Slow    MMCME2_ADV/CLKIN1  n/a            2.000         5.000       3.000      MMCME2_ADV_X1Y2  clk_wiz_inst/inst/mmcm_adv_inst/CLKIN1
Low Pulse Width   Fast    MMCME2_ADV/CLKIN1  n/a            2.000         5.000       3.000      MMCME2_ADV_X1Y2  clk_wiz_inst/inst/mmcm_adv_inst/CLKIN1
High Pulse Width  Slow    MMCME2_ADV/CLKIN1  n/a            2.000         5.000       3.000      MMCME2_ADV_X1Y2  clk_wiz_inst/inst/mmcm_adv_inst/CLKIN1
High Pulse Width  Fast    MMCME2_ADV/CLKIN1  n/a            2.000         5.000       3.000      MMCME2_ADV_X1Y2  clk_wiz_inst/inst/mmcm_adv_inst/CLKIN1



---------------------------------------------------------------------------------------------------
From Clock:  clk_out1_clk_wiz_0
  To Clock:  clk_out1_clk_wiz_0

Setup :            0  Failing Endpoints,  Worst Slack        0.000ns,  Total Violation        0.000ns
Hold  :            0  Failing Endpoints,  Worst Slack        0.263ns,  Total Violation        0.000ns
PW    :            0  Failing Endpoints,  Worst Slack        5.417ns,  Total Violation        0.000ns
---------------------------------------------------------------------------------------------------


Max Delay Paths
--------------------------------------------------------------------------------------
Slack (MET) :             0.000ns  (required time - arrival time)
  Source:                 rvsingle/dp/pcreg/qout_reg[7]/C
                            (rising edge-triggered cell FDRE clocked by clk_out1_clk_wiz_0  {rise@0.000ns fall@6.667ns period=13.333ns})
  Destination:            rvsingle/dp/pcreg/qout_reg[30]/D
                            (rising edge-triggered cell FDRE clocked by clk_out1_clk_wiz_0  {rise@0.000ns fall@6.667ns period=13.333ns})
  Path Group:             clk_out1_clk_wiz_0
  Path Type:              Setup (Max at Slow Process Corner)
  Requirement:            13.333ns  (clk_out1_clk_wiz_0 rise@13.333ns - clk_out1_clk_wiz_0 rise@0.000ns)
  Data Path Delay:        13.294ns  (logic 5.320ns (40.019%)  route 7.974ns (59.981%))
  Logic Levels:           26  (CARRY4=15 LUT2=1 LUT4=3 LUT5=1 LUT6=5 RAMD32=1)
  Clock Path Skew:        -0.030ns (DCD - SCD + CPR)
    Destination Clock Delay (DCD):    -1.427ns = ( 11.906 - 13.333 ) 
    Source Clock Delay      (SCD):    -0.821ns
    Clock Pessimism Removal (CPR):    0.576ns
  Clock Uncertainty:      0.119ns  ((TSJ^2 + DJ^2)^1/2) / 2 + PE
    Total System Jitter     (TSJ):    0.071ns
    Discrete Jitter          (DJ):    0.226ns
    Phase Error              (PE):    0.000ns

    Location             Delay type                Incr(ns)  Path(ns)    Netlist Resource(s)
  -------------------------------------------------------------------    -------------------
                         (clock clk_out1_clk_wiz_0 rise edge)
                                                      0.000     0.000 r  
    E3                                                0.000     0.000 r  clk_100MHz (IN)
                         net (fo=0)                   0.000     0.000    clk_wiz_inst/inst/clk_in1
    E3                   IBUF (Prop_ibuf_I_O)         1.482     1.482 r  clk_wiz_inst/inst/clkin1_ibufg/O
                         net (fo=1, routed)           1.233     2.715    clk_wiz_inst/inst/clk_in1_clk_wiz_0
    MMCME2_ADV_X1Y2      MMCME2_ADV (Prop_mmcme2_adv_CLKIN1_CLKOUT0)
                                                     -7.070    -4.355 r  clk_wiz_inst/inst/mmcm_adv_inst/CLKOUT0
                         net (fo=1, routed)           1.719    -2.636    clk_wiz_inst/inst/clk_out1_clk_wiz_0
    BUFGCTRL_X0Y16       BUFG (Prop_bufg_I_O)         0.096    -2.540 r  clk_wiz_inst/inst/clkout1_buf/O
                         net (fo=152, routed)         1.719    -0.821    rvsingle/dp/pcreg/clk_out1
    SLICE_X78Y60         FDRE                                         r  rvsingle/dp/pcreg/qout_reg[7]/C
  -------------------------------------------------------------------    -------------------
    SLICE_X78Y60         FDRE (Prop_fdre_C_Q)         0.518    -0.303 r  rvsingle/dp/pcreg/qout_reg[7]/Q
                         net (fo=63, routed)          1.229     0.926    rvsingle/dp/pcreg/qout_reg[7]_0
    SLICE_X81Y58         LUT6 (Prop_lut6_I0_O)        0.124     1.050 r  rvsingle/dp/pcreg/Instr_OBUF[23]_inst_i_1/O
                         net (fo=34, routed)          0.937     1.986    rvsingle/dp/rf/Reg_File_Block_reg_r2_0_31_0_5/ADDRA3
    SLICE_X80Y57         RAMD32 (Prop_ramd32_RADR3_O)
                                                      0.150     2.136 r  rvsingle/dp/rf/Reg_File_Block_reg_r2_0_31_0_5/RAMA/O
                         net (fo=2, routed)           0.659     2.795    rvsingle/dp/pcreg/RD20[0]
    SLICE_X81Y56         LUT4 (Prop_lut4_I0_O)        0.328     3.123 r  rvsingle/dp/pcreg/Sum_carry_i_11/O
                         net (fo=12, routed)          0.455     3.578    rvsingle/dp/pcreg/SrcB[0]
    SLICE_X81Y58         LUT2 (Prop_lut2_I1_O)        0.124     3.702 r  rvsingle/dp/pcreg/Sum_carry_i_1/O
                         net (fo=1, routed)           0.613     4.315    rvsingle_n_87
    SLICE_X81Y59         CARRY4 (Prop_carry4_CYINIT_CO[3])
                                                      0.580     4.895 r  dp/alu/Sum_carry/CO[3]
                         net (fo=1, routed)           0.000     4.895    dp/alu/Sum_carry_n_0
    SLICE_X81Y60         CARRY4 (Prop_carry4_CI_CO[3])
                                                      0.114     5.009 r  dp/alu/Sum_carry__0/CO[3]
                         net (fo=1, routed)           0.000     5.009    dp/alu/Sum_carry__0_n_0
    SLICE_X81Y61         CARRY4 (Prop_carry4_CI_CO[3])
                                                      0.114     5.123 r  dp/alu/Sum_carry__1/CO[3]
                         net (fo=1, routed)           0.000     5.123    dp/alu/Sum_carry__1_n_0
    SLICE_X81Y62         CARRY4 (Prop_carry4_CI_CO[3])
                                                      0.114     5.237 r  dp/alu/Sum_carry__2/CO[3]
                         net (fo=1, routed)           0.000     5.237    dp/alu/Sum_carry__2_n_0
    SLICE_X81Y63         CARRY4 (Prop_carry4_CI_CO[3])
                                                      0.114     5.351 r  dp/alu/Sum_carry__3/CO[3]
                         net (fo=1, routed)           0.000     5.351    dp/alu/Sum_carry__3_n_0
    SLICE_X81Y64         CARRY4 (Prop_carry4_CI_CO[3])
                                                      0.114     5.465 r  dp/alu/Sum_carry__4/CO[3]
                         net (fo=1, routed)           0.000     5.465    dp/alu/Sum_carry__4_n_0
    SLICE_X81Y65         CARRY4 (Prop_carry4_CI_O[1])
                                                      0.334     5.799 f  dp/alu/Sum_carry__5/O[1]
                         net (fo=1, routed)           0.548     6.347    rvsingle/dp/pcreg/Reg_File_Block_reg_r1_0_31_24_29_i_19_0[25]
    SLICE_X81Y67         LUT6 (Prop_lut6_I5_O)        0.303     6.650 f  rvsingle/dp/pcreg/Reg_File_Block_reg_r1_0_31_24_29_i_32/O
                         net (fo=1, routed)           0.729     7.380    rvsingle/dp/pcreg/Reg_File_Block_reg_r1_0_31_24_29_i_32_n_0
    SLICE_X76Y66         LUT6 (Prop_lut6_I3_O)        0.124     7.504 f  rvsingle/dp/pcreg/Reg_File_Block_reg_r1_0_31_24_29_i_13/O
                         net (fo=1, routed)           0.618     8.121    rvsingle/dp/pcreg/Reg_File_Block_reg_r1_0_31_24_29_i_13_n_0
    SLICE_X76Y66         LUT4 (Prop_lut4_I0_O)        0.124     8.245 f  rvsingle/dp/pcreg/Reg_File_Block_reg_r1_0_31_24_29_i_7/O
                         net (fo=2, routed)           0.912     9.157    rvsingle/dp/pcreg/DataAdr[25]
    SLICE_X77Y61         LUT4 (Prop_lut4_I3_O)        0.124     9.281 r  rvsingle/dp/pcreg/qout[0]_i_7/O
                         net (fo=1, routed)           0.264     9.546    rvsingle/dp/pcreg/qout[0]_i_7_n_0
    SLICE_X77Y61         LUT6 (Prop_lut6_I0_O)        0.124     9.670 r  rvsingle/dp/pcreg/qout[0]_i_4/O
                         net (fo=1, routed)           0.290     9.960    rvsingle/dp/pcreg/qout[0]_i_4_n_0
    SLICE_X77Y60         LUT5 (Prop_lut5_I0_O)        0.124    10.084 r  rvsingle/dp/pcreg/qout[0]_i_2/O
                         net (fo=33, routed)          0.366    10.449    rvsingle/dp/pcreg/c/BrBase__0
    SLICE_X77Y59         LUT6 (Prop_lut6_I2_O)        0.124    10.573 r  rvsingle/dp/pcreg/qout[1]_i_2/O
                         net (fo=1, routed)           0.355    10.928    rvsingle/dp/pcreg/qout[1]_i_2_n_0
    SLICE_X78Y59         CARRY4 (Prop_carry4_DI[1]_CO[3])
                                                      0.520    11.448 r  rvsingle/dp/pcreg/qout_reg[1]_i_1/CO[3]
                         net (fo=1, routed)           0.000    11.448    rvsingle/dp/pcreg/qout_reg[1]_i_1_n_0
    SLICE_X78Y60         CARRY4 (Prop_carry4_CI_CO[3])
                                                      0.117    11.565 r  rvsingle/dp/pcreg/qout_reg[5]_i_1/CO[3]
                         net (fo=1, routed)           0.000    11.565    rvsingle/dp/pcreg/qout_reg[5]_i_1_n_0
    SLICE_X78Y61         CARRY4 (Prop_carry4_CI_CO[3])
                                                      0.117    11.682 r  rvsingle/dp/pcreg/qout_reg[9]_i_1/CO[3]
                         net (fo=1, routed)           0.000    11.682    rvsingle/dp/pcreg/qout_reg[9]_i_1_n_0
    SLICE_X78Y62         CARRY4 (Prop_carry4_CI_CO[3])
                                                      0.117    11.799 r  rvsingle/dp/pcreg/qout_reg[13]_i_1/CO[3]
                         net (fo=1, routed)           0.000    11.799    rvsingle/dp/pcreg/qout_reg[13]_i_1_n_0
    SLICE_X78Y63         CARRY4 (Prop_carry4_CI_CO[3])
                                                      0.117    11.916 r  rvsingle/dp/pcreg/qout_reg[17]_i_1/CO[3]
                         net (fo=1, routed)           0.000    11.916    rvsingle/dp/pcreg/qout_reg[17]_i_1_n_0
    SLICE_X78Y64         CARRY4 (Prop_carry4_CI_CO[3])
                                                      0.117    12.033 r  rvsingle/dp/pcreg/qout_reg[21]_i_1/CO[3]
                         net (fo=1, routed)           0.000    12.033    rvsingle/dp/pcreg/qout_reg[21]_i_1_n_0
    SLICE_X78Y65         CARRY4 (Prop_carry4_CI_CO[3])
                                                      0.117    12.150 r  rvsingle/dp/pcreg/qout_reg[25]_i_1/CO[3]
                         net (fo=1, routed)           0.000    12.150    rvsingle/dp/pcreg/qout_reg[25]_i_1_n_0
    SLICE_X78Y66         CARRY4 (Prop_carry4_CI_O[1])
                                                      0.323    12.473 r  rvsingle/dp/pcreg/qout_reg[29]_i_1/O[1]
                         net (fo=1, routed)           0.000    12.473    rvsingle/dp/pcreg/qout_reg[29]_i_1_n_6
    SLICE_X78Y66         FDRE                                         r  rvsingle/dp/pcreg/qout_reg[30]/D
  -------------------------------------------------------------------    -------------------

                         (clock clk_out1_clk_wiz_0 rise edge)
                                                     13.333    13.333 r  
    E3                                                0.000    13.333 r  clk_100MHz (IN)
                         net (fo=0)                   0.000    13.333    clk_wiz_inst/inst/clk_in1
    E3                   IBUF (Prop_ibuf_I_O)         1.411    14.745 r  clk_wiz_inst/inst/clkin1_ibufg/O
                         net (fo=1, routed)           1.162    15.906    clk_wiz_inst/inst/clk_in1_clk_wiz_0
    MMCME2_ADV_X1Y2      MMCME2_ADV (Prop_mmcme2_adv_CLKIN1_CLKOUT0)
                                                     -7.324     8.583 r  clk_wiz_inst/inst/mmcm_adv_inst/CLKOUT0
                         net (fo=1, routed)           1.639    10.222    clk_wiz_inst/inst/clk_out1_clk_wiz_0
    BUFGCTRL_X0Y16       BUFG (Prop_bufg_I_O)         0.091    10.313 r  clk_wiz_inst/inst/clkout1_buf/O
                         net (fo=152, routed)         1.593    11.906    rvsingle/dp/pcreg/clk_out1
    SLICE_X78Y66         FDRE                                         r  rvsingle/dp/pcreg/qout_reg[30]/C
                         clock pessimism              0.576    12.483    
                         clock uncertainty           -0.119    12.364    
    SLICE_X78Y66         FDRE (Setup_fdre_C_D)        0.109    12.473    rvsingle/dp/pcreg/qout_reg[30]
  -------------------------------------------------------------------
                         required time                         12.473    
                         arrival time                         -12.473    
  -------------------------------------------------------------------
                         slack                                  0.000    

Slack (MET) :             0.084ns  (required time - arrival time)
  Source:                 rvsingle/dp/pcreg/qout_reg[7]/C
                            (rising edge-triggered cell FDRE clocked by clk_out1_clk_wiz_0  {rise@0.000ns fall@6.667ns period=13.333ns})
  Destination:            rvsingle/dp/pcreg/qout_reg[31]/D
                            (rising edge-triggered cell FDRE clocked by clk_out1_clk_wiz_0  {rise@0.000ns fall@6.667ns period=13.333ns})
  Path Group:             clk_out1_clk_wiz_0
  Path Type:              Setup (Max at Slow Process Corner)
  Requirement:            13.333ns  (clk_out1_clk_wiz_0 rise@13.333ns - clk_out1_clk_wiz_0 rise@0.000ns)
  Data Path Delay:        13.210ns  (logic 5.236ns (39.638%)  route 7.974ns (60.362%))
  Logic Levels:           26  (CARRY4=15 LUT2=1 LUT4=3 LUT5=1 LUT6=5 RAMD32=1)
  Clock Path Skew:        -0.030ns (DCD - SCD + CPR)
    Destination Clock Delay (DCD):    -1.427ns = ( 11.906 - 13.333 ) 
    Source Clock Delay      (SCD):    -0.821ns
    Clock Pessimism Removal (CPR):    0.576ns
  Clock Uncertainty:      0.119ns  ((TSJ^2 + DJ^2)^1/2) / 2 + PE
    Total System Jitter     (TSJ):    0.071ns
    Discrete Jitter          (DJ):    0.226ns
    Phase Error              (PE):    0.000ns

    Location             Delay type                Incr(ns)  Path(ns)    Netlist Resource(s)
  -------------------------------------------------------------------    -------------------
                         (clock clk_out1_clk_wiz_0 rise edge)
                                                      0.000     0.000 r  
    E3                                                0.000     0.000 r  clk_100MHz (IN)
                         net (fo=0)                   0.000     0.000    clk_wiz_inst/inst/clk_in1
    E3                   IBUF (Prop_ibuf_I_O)         1.482     1.482 r  clk_wiz_inst/inst/clkin1_ibufg/O
                         net (fo=1, routed)           1.233     2.715    clk_wiz_inst/inst/clk_in1_clk_wiz_0
    MMCME2_ADV_X1Y2      MMCME2_ADV (Prop_mmcme2_adv_CLKIN1_CLKOUT0)
                                                     -7.070    -4.355 r  clk_wiz_inst/inst/mmcm_adv_inst/CLKOUT0
                         net (fo=1, routed)           1.719    -2.636    clk_wiz_inst/inst/clk_out1_clk_wiz_0
    BUFGCTRL_X0Y16       BUFG (Prop_bufg_I_O)         0.096    -2.540 r  clk_wiz_inst/inst/clkout1_buf/O
                         net (fo=152, routed)         1.719    -0.821    rvsingle/dp/pcreg/clk_out1
    SLICE_X78Y60         FDRE                                         r  rvsingle/dp/pcreg/qout_reg[7]/C
  -------------------------------------------------------------------    -------------------
    SLICE_X78Y60         FDRE (Prop_fdre_C_Q)         0.518    -0.303 r  rvsingle/dp/pcreg/qout_reg[7]/Q
                         net (fo=63, routed)          1.229     0.926    rvsingle/dp/pcreg/qout_reg[7]_0
    SLICE_X81Y58         LUT6 (Prop_lut6_I0_O)        0.124     1.050 r  rvsingle/dp/pcreg/Instr_OBUF[23]_inst_i_1/O
                         net (fo=34, routed)          0.937     1.986    rvsingle/dp/rf/Reg_File_Block_reg_r2_0_31_0_5/ADDRA3
    SLICE_X80Y57         RAMD32 (Prop_ramd32_RADR3_O)
                                                      0.150     2.136 r  rvsingle/dp/rf/Reg_File_Block_reg_r2_0_31_0_5/RAMA/O
                         net (fo=2, routed)           0.659     2.795    rvsingle/dp/pcreg/RD20[0]
    SLICE_X81Y56         LUT4 (Prop_lut4_I0_O)        0.328     3.123 r  rvsingle/dp/pcreg/Sum_carry_i_11/O
                         net (fo=12, routed)          0.455     3.578    rvsingle/dp/pcreg/SrcB[0]
    SLICE_X81Y58         LUT2 (Prop_lut2_I1_O)        0.124     3.702 r  rvsingle/dp/pcreg/Sum_carry_i_1/O
                         net (fo=1, routed)           0.613     4.315    rvsingle_n_87
    SLICE_X81Y59         CARRY4 (Prop_carry4_CYINIT_CO[3])
                                                      0.580     4.895 r  dp/alu/Sum_carry/CO[3]
                         net (fo=1, routed)           0.000     4.895    dp/alu/Sum_carry_n_0
    SLICE_X81Y60         CARRY4 (Prop_carry4_CI_CO[3])
                                                      0.114     5.009 r  dp/alu/Sum_carry__0/CO[3]
                         net (fo=1, routed)           0.000     5.009    dp/alu/Sum_carry__0_n_0
    SLICE_X81Y61         CARRY4 (Prop_carry4_CI_CO[3])
                                                      0.114     5.123 r  dp/alu/Sum_carry__1/CO[3]
                         net (fo=1, routed)           0.000     5.123    dp/alu/Sum_carry__1_n_0
    SLICE_X81Y62         CARRY4 (Prop_carry4_CI_CO[3])
                                                      0.114     5.237 r  dp/alu/Sum_carry__2/CO[3]
                         net (fo=1, routed)           0.000     5.237    dp/alu/Sum_carry__2_n_0
    SLICE_X81Y63         CARRY4 (Prop_carry4_CI_CO[3])
                                                      0.114     5.351 r  dp/alu/Sum_carry__3/CO[3]
                         net (fo=1, routed)           0.000     5.351    dp/alu/Sum_carry__3_n_0
    SLICE_X81Y64         CARRY4 (Prop_carry4_CI_CO[3])
                                                      0.114     5.465 r  dp/alu/Sum_carry__4/CO[3]
                         net (fo=1, routed)           0.000     5.465    dp/alu/Sum_carry__4_n_0
    SLICE_X81Y65         CARRY4 (Prop_carry4_CI_O[1])
                                                      0.334     5.799 f  dp/alu/Sum_carry__5/O[1]
                         net (fo=1, routed)           0.548     6.347    rvsingle/dp/pcreg/Reg_File_Block_reg_r1_0_31_24_29_i_19_0[25]
    SLICE_X81Y67         LUT6 (Prop_lut6_I5_O)        0.303     6.650 f  rvsingle/dp/pcreg/Reg_File_Block_reg_r1_0_31_24_29_i_32/O
                         net (fo=1, routed)           0.729     7.380    rvsingle/dp/pcreg/Reg_File_Block_reg_r1_0_31_24_29_i_32_n_0
    SLICE_X76Y66         LUT6 (Prop_lut6_I3_O)        0.124     7.504 f  rvsingle/dp/pcreg/Reg_File_Block_reg_r1_0_31_24_29_i_13/O
                         net (fo=1, routed)           0.618     8.121    rvsingle/dp/pcreg/Reg_File_Block_reg_r1_0_31_24_29_i_13_n_0
    SLICE_X76Y66         LUT4 (Prop_lut4_I0_O)        0.124     8.245 f  rvsingle/dp/pcreg/Reg_File_Block_reg_r1_0_31_24_29_i_7/O
                         net (fo=2, routed)           0.912     9.157    rvsingle/dp/pcreg/DataAdr[25]
    SLICE_X77Y61         LUT4 (Prop_lut4_I3_O)        0.124     9.281 r  rvsingle/dp/pcreg/qout[0]_i_7/O
                         net (fo=1, routed)           0.264     9.546    rvsingle/dp/pcreg/qout[0]_i_7_n_0
    SLICE_X77Y61         LUT6 (Prop_lut6_I0_O)        0.124     9.670 r  rvsingle/dp/pcreg/qout[0]_i_4/O
                         net (fo=1, routed)           0.290     9.960    rvsingle/dp/pcreg/qout[0]_i_4_n_0
    SLICE_X77Y60         LUT5 (Prop_lut5_I0_O)        0.124    10.084 r  rvsingle/dp/pcreg/qout[0]_i_2/O
                         net (fo=33, routed)          0.366    10.449    rvsingle/dp/pcreg/c/BrBase__0
    SLICE_X77Y59         LUT6 (Prop_lut6_I2_O)        0.124    10.573 r  rvsingle/dp/pcreg/qout[1]_i_2/O
                         net (fo=1, routed)           0.355    10.928    rvsingle/dp/pcreg/qout[1]_i_2_n_0
    SLICE_X78Y59         CARRY4 (Prop_carry4_DI[1]_CO[3])
                                                      0.520    11.448 r  rvsingle/dp/pcreg/qout_reg[1]_i_1/CO[3]
                         net (fo=1, routed)           0.000    11.448    rvsingle/dp/pcreg/qout_reg[1]_i_1_n_0
    SLICE_X78Y60         CARRY4 (Prop_carry4_CI_CO[3])
                                                      0.117    11.565 r  rvsingle/dp/pcreg/qout_reg[5]_i_1/CO[3]
                         net (fo=1, routed)           0.000    11.565    rvsingle/dp/pcreg/qout_reg[5]_i_1_n_0
    SLICE_X78Y61         CARRY4 (Prop_carry4_CI_CO[3])
                                                      0.117    11.682 r  rvsingle/dp/pcreg/qout_reg[9]_i_1/CO[3]
                         net (fo=1, routed)           0.000    11.682    rvsingle/dp/pcreg/qout_reg[9]_i_1_n_0
    SLICE_X78Y62         CARRY4 (Prop_carry4_CI_CO[3])
                                                      0.117    11.799 r  rvsingle/dp/pcreg/qout_reg[13]_i_1/CO[3]
                         net (fo=1, routed)           0.000    11.799    rvsingle/dp/pcreg/qout_reg[13]_i_1_n_0
    SLICE_X78Y63         CARRY4 (Prop_carry4_CI_CO[3])
                                                      0.117    11.916 r  rvsingle/dp/pcreg/qout_reg[17]_i_1/CO[3]
                         net (fo=1, routed)           0.000    11.916    rvsingle/dp/pcreg/qout_reg[17]_i_1_n_0
    SLICE_X78Y64         CARRY4 (Prop_carry4_CI_CO[3])
                                                      0.117    12.033 r  rvsingle/dp/pcreg/qout_reg[21]_i_1/CO[3]
                         net (fo=1, routed)           0.000    12.033    rvsingle/dp/pcreg/qout_reg[21]_i_1_n_0
    SLICE_X78Y65         CARRY4 (Prop_carry4_CI_CO[3])
                                                      0.117    12.150 r  rvsingle/dp/pcreg/qout_reg[25]_i_1/CO[3]
                         net (fo=1, routed)           0.000    12.150    rvsingle/dp/pcreg/qout_reg[25]_i_1_n_0
    SLICE_X78Y66         CARRY4 (Prop_carry4_CI_O[2])
                                                      0.239    12.389 r  rvsingle/dp/pcreg/qout_reg[29]_i_1/O[2]
                         net (fo=1, routed)           0.000    12.389    rvsingle/dp/pcreg/qout_reg[29]_i_1_n_5
    SLICE_X78Y66         FDRE                                         r  rvsingle/dp/pcreg/qout_reg[31]/D
  -------------------------------------------------------------------    -------------------

                         (clock clk_out1_clk_wiz_0 rise edge)
                                                     13.333    13.333 r  
    E3                                                0.000    13.333 r  clk_100MHz (IN)
                         net (fo=0)                   0.000    13.333    clk_wiz_inst/inst/clk_in1
    E3                   IBUF (Prop_ibuf_I_O)         1.411    14.745 r  clk_wiz_inst/inst/clkin1_ibufg/O
                         net (fo=1, routed)           1.162    15.906    clk_wiz_inst/inst/clk_in1_clk_wiz_0
    MMCME2_ADV_X1Y2      MMCME2_ADV (Prop_mmcme2_adv_CLKIN1_CLKOUT0)
                                                     -7.324     8.583 r  clk_wiz_inst/inst/mmcm_adv_inst/CLKOUT0
                         net (fo=1, routed)           1.639    10.222    clk_wiz_inst/inst/clk_out1_clk_wiz_0
    BUFGCTRL_X0Y16       BUFG (Prop_bufg_I_O)         0.091    10.313 r  clk_wiz_inst/inst/clkout1_buf/O
                         net (fo=152, routed)         1.593    11.906    rvsingle/dp/pcreg/clk_out1
    SLICE_X78Y66         FDRE                                         r  rvsingle/dp/pcreg/qout_reg[31]/C
                         clock pessimism              0.576    12.483    
                         clock uncertainty           -0.119    12.364    
    SLICE_X78Y66         FDRE (Setup_fdre_C_D)        0.109    12.473    rvsingle/dp/pcreg/qout_reg[31]
  -------------------------------------------------------------------
                         required time                         12.473    
                         arrival time                         -12.389    
  -------------------------------------------------------------------
                         slack                                  0.084    

Slack (MET) :             0.104ns  (required time - arrival time)
  Source:                 rvsingle/dp/pcreg/qout_reg[7]/C
                            (rising edge-triggered cell FDRE clocked by clk_out1_clk_wiz_0  {rise@0.000ns fall@6.667ns period=13.333ns})
  Destination:            rvsingle/dp/pcreg/qout_reg[29]/D
                            (rising edge-triggered cell FDRE clocked by clk_out1_clk_wiz_0  {rise@0.000ns fall@6.667ns period=13.333ns})
  Path Group:             clk_out1_clk_wiz_0
  Path Type:              Setup (Max at Slow Process Corner)
  Requirement:            13.333ns  (clk_out1_clk_wiz_0 rise@13.333ns - clk_out1_clk_wiz_0 rise@0.000ns)
  Data Path Delay:        13.190ns  (logic 5.216ns (39.546%)  route 7.974ns (60.454%))
  Logic Levels:           26  (CARRY4=15 LUT2=1 LUT4=3 LUT5=1 LUT6=5 RAMD32=1)
  Clock Path Skew:        -0.030ns (DCD - SCD + CPR)
    Destination Clock Delay (DCD):    -1.427ns = ( 11.906 - 13.333 ) 
    Source Clock Delay      (SCD):    -0.821ns
    Clock Pessimism Removal (CPR):    0.576ns
  Clock Uncertainty:      0.119ns  ((TSJ^2 + DJ^2)^1/2) / 2 + PE
    Total System Jitter     (TSJ):    0.071ns
    Discrete Jitter          (DJ):    0.226ns
    Phase Error              (PE):    0.000ns

    Location             Delay type                Incr(ns)  Path(ns)    Netlist Resource(s)
  -------------------------------------------------------------------    -------------------
                         (clock clk_out1_clk_wiz_0 rise edge)
                                                      0.000     0.000 r  
    E3                                                0.000     0.000 r  clk_100MHz (IN)
                         net (fo=0)                   0.000     0.000    clk_wiz_inst/inst/clk_in1
    E3                   IBUF (Prop_ibuf_I_O)         1.482     1.482 r  clk_wiz_inst/inst/clkin1_ibufg/O
                         net (fo=1, routed)           1.233     2.715    clk_wiz_inst/inst/clk_in1_clk_wiz_0
    MMCME2_ADV_X1Y2      MMCME2_ADV (Prop_mmcme2_adv_CLKIN1_CLKOUT0)
                                                     -7.070    -4.355 r  clk_wiz_inst/inst/mmcm_adv_inst/CLKOUT0
                         net (fo=1, routed)           1.719    -2.636    clk_wiz_inst/inst/clk_out1_clk_wiz_0
    BUFGCTRL_X0Y16       BUFG (Prop_bufg_I_O)         0.096    -2.540 r  clk_wiz_inst/inst/clkout1_buf/O
                         net (fo=152, routed)         1.719    -0.821    rvsingle/dp/pcreg/clk_out1
    SLICE_X78Y60         FDRE                                         r  rvsingle/dp/pcreg/qout_reg[7]/C
  -------------------------------------------------------------------    -------------------
    SLICE_X78Y60         FDRE (Prop_fdre_C_Q)         0.518    -0.303 r  rvsingle/dp/pcreg/qout_reg[7]/Q
                         net (fo=63, routed)          1.229     0.926    rvsingle/dp/pcreg/qout_reg[7]_0
    SLICE_X81Y58         LUT6 (Prop_lut6_I0_O)        0.124     1.050 r  rvsingle/dp/pcreg/Instr_OBUF[23]_inst_i_1/O
                         net (fo=34, routed)          0.937     1.986    rvsingle/dp/rf/Reg_File_Block_reg_r2_0_31_0_5/ADDRA3
    SLICE_X80Y57         RAMD32 (Prop_ramd32_RADR3_O)
                                                      0.150     2.136 r  rvsingle/dp/rf/Reg_File_Block_reg_r2_0_31_0_5/RAMA/O
                         net (fo=2, routed)           0.659     2.795    rvsingle/dp/pcreg/RD20[0]
    SLICE_X81Y56         LUT4 (Prop_lut4_I0_O)        0.328     3.123 r  rvsingle/dp/pcreg/Sum_carry_i_11/O
                         net (fo=12, routed)          0.455     3.578    rvsingle/dp/pcreg/SrcB[0]
    SLICE_X81Y58         LUT2 (Prop_lut2_I1_O)        0.124     3.702 r  rvsingle/dp/pcreg/Sum_carry_i_1/O
                         net (fo=1, routed)           0.613     4.315    rvsingle_n_87
    SLICE_X81Y59         CARRY4 (Prop_carry4_CYINIT_CO[3])
                                                      0.580     4.895 r  dp/alu/Sum_carry/CO[3]
                         net (fo=1, routed)           0.000     4.895    dp/alu/Sum_carry_n_0
    SLICE_X81Y60         CARRY4 (Prop_carry4_CI_CO[3])
                                                      0.114     5.009 r  dp/alu/Sum_carry__0/CO[3]
                         net (fo=1, routed)           0.000     5.009    dp/alu/Sum_carry__0_n_0
    SLICE_X81Y61         CARRY4 (Prop_carry4_CI_CO[3])
                                                      0.114     5.123 r  dp/alu/Sum_carry__1/CO[3]
                         net (fo=1, routed)           0.000     5.123    dp/alu/Sum_carry__1_n_0
    SLICE_X81Y62         CARRY4 (Prop_carry4_CI_CO[3])
                                                      0.114     5.237 r  dp/alu/Sum_carry__2/CO[3]
                         net (fo=1, routed)           0.000     5.237    dp/alu/Sum_carry__2_n_0
    SLICE_X81Y63         CARRY4 (Prop_carry4_CI_CO[3])
                                                      0.114     5.351 r  dp/alu/Sum_carry__3/CO[3]
                         net (fo=1, routed)           0.000     5.351    dp/alu/Sum_carry__3_n_0
    SLICE_X81Y64         CARRY4 (Prop_carry4_CI_CO[3])
                                                      0.114     5.465 r  dp/alu/Sum_carry__4/CO[3]
                         net (fo=1, routed)           0.000     5.465    dp/alu/Sum_carry__4_n_0
    SLICE_X81Y65         CARRY4 (Prop_carry4_CI_O[1])
                                                      0.334     5.799 f  dp/alu/Sum_carry__5/O[1]
                         net (fo=1, routed)           0.548     6.347    rvsingle/dp/pcreg/Reg_File_Block_reg_r1_0_31_24_29_i_19_0[25]
    SLICE_X81Y67         LUT6 (Prop_lut6_I5_O)        0.303     6.650 f  rvsingle/dp/pcreg/Reg_File_Block_reg_r1_0_31_24_29_i_32/O
                         net (fo=1, routed)           0.729     7.380    rvsingle/dp/pcreg/Reg_File_Block_reg_r1_0_31_24_29_i_32_n_0
    SLICE_X76Y66         LUT6 (Prop_lut6_I3_O)        0.124     7.504 f  rvsingle/dp/pcreg/Reg_File_Block_reg_r1_0_31_24_29_i_13/O
                         net (fo=1, routed)           0.618     8.121    rvsingle/dp/pcreg/Reg_File_Block_reg_r1_0_31_24_29_i_13_n_0
    SLICE_X76Y66         LUT4 (Prop_lut4_I0_O)        0.124     8.245 f  rvsingle/dp/pcreg/Reg_File_Block_reg_r1_0_31_24_29_i_7/O
                         net (fo=2, routed)           0.912     9.157    rvsingle/dp/pcreg/DataAdr[25]
    SLICE_X77Y61         LUT4 (Prop_lut4_I3_O)        0.124     9.281 r  rvsingle/dp/pcreg/qout[0]_i_7/O
                         net (fo=1, routed)           0.264     9.546    rvsingle/dp/pcreg/qout[0]_i_7_n_0
    SLICE_X77Y61         LUT6 (Prop_lut6_I0_O)        0.124     9.670 r  rvsingle/dp/pcreg/qout[0]_i_4/O
                         net (fo=1, routed)           0.290     9.960    rvsingle/dp/pcreg/qout[0]_i_4_n_0
    SLICE_X77Y60         LUT5 (Prop_lut5_I0_O)        0.124    10.084 r  rvsingle/dp/pcreg/qout[0]_i_2/O
                         net (fo=33, routed)          0.366    10.449    rvsingle/dp/pcreg/c/BrBase__0
    SLICE_X77Y59         LUT6 (Prop_lut6_I2_O)        0.124    10.573 r  rvsingle/dp/pcreg/qout[1]_i_2/O
                         net (fo=1, routed)           0.355    10.928    rvsingle/dp/pcreg/qout[1]_i_2_n_0
    SLICE_X78Y59         CARRY4 (Prop_carry4_DI[1]_CO[3])
                                                      0.520    11.448 r  rvsingle/dp/pcreg/qout_reg[1]_i_1/CO[3]
                         net (fo=1, routed)           0.000    11.448    rvsingle/dp/pcreg/qout_reg[1]_i_1_n_0
    SLICE_X78Y60         CARRY4 (Prop_carry4_CI_CO[3])
                                                      0.117    11.565 r  rvsingle/dp/pcreg/qout_reg[5]_i_1/CO[3]
                         net (fo=1, routed)           0.000    11.565    rvsingle/dp/pcreg/qout_reg[5]_i_1_n_0
    SLICE_X78Y61         CARRY4 (Prop_carry4_CI_CO[3])
                                                      0.117    11.682 r  rvsingle/dp/pcreg/qout_reg[9]_i_1/CO[3]
                         net (fo=1, routed)           0.000    11.682    rvsingle/dp/pcreg/qout_reg[9]_i_1_n_0
    SLICE_X78Y62         CARRY4 (Prop_carry4_CI_CO[3])
                                                      0.117    11.799 r  rvsingle/dp/pcreg/qout_reg[13]_i_1/CO[3]
                         net (fo=1, routed)           0.000    11.799    rvsingle/dp/pcreg/qout_reg[13]_i_1_n_0
    SLICE_X78Y63         CARRY4 (Prop_carry4_CI_CO[3])
                                                      0.117    11.916 r  rvsingle/dp/pcreg/qout_reg[17]_i_1/CO[3]
                         net (fo=1, routed)           0.000    11.916    rvsingle/dp/pcreg/qout_reg[17]_i_1_n_0
    SLICE_X78Y64         CARRY4 (Prop_carry4_CI_CO[3])
                                                      0.117    12.033 r  rvsingle/dp/pcreg/qout_reg[21]_i_1/CO[3]
                         net (fo=1, routed)           0.000    12.033    rvsingle/dp/pcreg/qout_reg[21]_i_1_n_0
    SLICE_X78Y65         CARRY4 (Prop_carry4_CI_CO[3])
                                                      0.117    12.150 r  rvsingle/dp/pcreg/qout_reg[25]_i_1/CO[3]
                         net (fo=1, routed)           0.000    12.150    rvsingle/dp/pcreg/qout_reg[25]_i_1_n_0
    SLICE_X78Y66         CARRY4 (Prop_carry4_CI_O[0])
                                                      0.219    12.369 r  rvsingle/dp/pcreg/qout_reg[29]_i_1/O[0]
                         net (fo=1, routed)           0.000    12.369    rvsingle/dp/pcreg/qout_reg[29]_i_1_n_7
    SLICE_X78Y66         FDRE                                         r  rvsingle/dp/pcreg/qout_reg[29]/D
  -------------------------------------------------------------------    -------------------

                         (clock clk_out1_clk_wiz_0 rise edge)
                                                     13.333    13.333 r  
    E3                                                0.000    13.333 r  clk_100MHz (IN)
                         net (fo=0)                   0.000    13.333    clk_wiz_inst/inst/clk_in1
    E3                   IBUF (Prop_ibuf_I_O)         1.411    14.745 r  clk_wiz_inst/inst/clkin1_ibufg/O
                         net (fo=1, routed)           1.162    15.906    clk_wiz_inst/inst/clk_in1_clk_wiz_0
    MMCME2_ADV_X1Y2      MMCME2_ADV (Prop_mmcme2_adv_CLKIN1_CLKOUT0)
                                                     -7.324     8.583 r  clk_wiz_inst/inst/mmcm_adv_inst/CLKOUT0
                         net (fo=1, routed)           1.639    10.222    clk_wiz_inst/inst/clk_out1_clk_wiz_0
    BUFGCTRL_X0Y16       BUFG (Prop_bufg_I_O)         0.091    10.313 r  clk_wiz_inst/inst/clkout1_buf/O
                         net (fo=152, routed)         1.593    11.906    rvsingle/dp/pcreg/clk_out1
    SLICE_X78Y66         FDRE                                         r  rvsingle/dp/pcreg/qout_reg[29]/C
                         clock pessimism              0.576    12.483    
                         clock uncertainty           -0.119    12.364    
    SLICE_X78Y66         FDRE (Setup_fdre_C_D)        0.109    12.473    rvsingle/dp/pcreg/qout_reg[29]
  -------------------------------------------------------------------
                         required time                         12.473    
                         arrival time                         -12.369    
  -------------------------------------------------------------------
                         slack                                  0.104    

Slack (MET) :             0.118ns  (required time - arrival time)
  Source:                 rvsingle/dp/pcreg/qout_reg[7]/C
                            (rising edge-triggered cell FDRE clocked by clk_out1_clk_wiz_0  {rise@0.000ns fall@6.667ns period=13.333ns})
  Destination:            rvsingle/dp/pcreg/qout_reg[26]/D
                            (rising edge-triggered cell FDRE clocked by clk_out1_clk_wiz_0  {rise@0.000ns fall@6.667ns period=13.333ns})
  Path Group:             clk_out1_clk_wiz_0
  Path Type:              Setup (Max at Slow Process Corner)
  Requirement:            13.333ns  (clk_out1_clk_wiz_0 rise@13.333ns - clk_out1_clk_wiz_0 rise@0.000ns)
  Data Path Delay:        13.177ns  (logic 5.203ns (39.487%)  route 7.974ns (60.513%))
  Logic Levels:           25  (CARRY4=14 LUT2=1 LUT4=3 LUT5=1 LUT6=5 RAMD32=1)
  Clock Path Skew:        -0.029ns (DCD - SCD + CPR)
    Destination Clock Delay (DCD):    -1.426ns = ( 11.907 - 13.333 ) 
    Source Clock Delay      (SCD):    -0.821ns
    Clock Pessimism Removal (CPR):    0.576ns
  Clock Uncertainty:      0.119ns  ((TSJ^2 + DJ^2)^1/2) / 2 + PE
    Total System Jitter     (TSJ):    0.071ns
    Discrete Jitter          (DJ):    0.226ns
    Phase Error              (PE):    0.000ns

    Location             Delay type                Incr(ns)  Path(ns)    Netlist Resource(s)
  -------------------------------------------------------------------    -------------------
                         (clock clk_out1_clk_wiz_0 rise edge)
                                                      0.000     0.000 r  
    E3                                                0.000     0.000 r  clk_100MHz (IN)
                         net (fo=0)                   0.000     0.000    clk_wiz_inst/inst/clk_in1
    E3                   IBUF (Prop_ibuf_I_O)         1.482     1.482 r  clk_wiz_inst/inst/clkin1_ibufg/O
                         net (fo=1, routed)           1.233     2.715    clk_wiz_inst/inst/clk_in1_clk_wiz_0
    MMCME2_ADV_X1Y2      MMCME2_ADV (Prop_mmcme2_adv_CLKIN1_CLKOUT0)
                                                     -7.070    -4.355 r  clk_wiz_inst/inst/mmcm_adv_inst/CLKOUT0
                         net (fo=1, routed)           1.719    -2.636    clk_wiz_inst/inst/clk_out1_clk_wiz_0
    BUFGCTRL_X0Y16       BUFG (Prop_bufg_I_O)         0.096    -2.540 r  clk_wiz_inst/inst/clkout1_buf/O
                         net (fo=152, routed)         1.719    -0.821    rvsingle/dp/pcreg/clk_out1
    SLICE_X78Y60         FDRE                                         r  rvsingle/dp/pcreg/qout_reg[7]/C
  -------------------------------------------------------------------    -------------------
    SLICE_X78Y60         FDRE (Prop_fdre_C_Q)         0.518    -0.303 r  rvsingle/dp/pcreg/qout_reg[7]/Q
                         net (fo=63, routed)          1.229     0.926    rvsingle/dp/pcreg/qout_reg[7]_0
    SLICE_X81Y58         LUT6 (Prop_lut6_I0_O)        0.124     1.050 r  rvsingle/dp/pcreg/Instr_OBUF[23]_inst_i_1/O
                         net (fo=34, routed)          0.937     1.986    rvsingle/dp/rf/Reg_File_Block_reg_r2_0_31_0_5/ADDRA3
    SLICE_X80Y57         RAMD32 (Prop_ramd32_RADR3_O)
                                                      0.150     2.136 r  rvsingle/dp/rf/Reg_File_Block_reg_r2_0_31_0_5/RAMA/O
                         net (fo=2, routed)           0.659     2.795    rvsingle/dp/pcreg/RD20[0]
    SLICE_X81Y56         LUT4 (Prop_lut4_I0_O)        0.328     3.123 r  rvsingle/dp/pcreg/Sum_carry_i_11/O
                         net (fo=12, routed)          0.455     3.578    rvsingle/dp/pcreg/SrcB[0]
    SLICE_X81Y58         LUT2 (Prop_lut2_I1_O)        0.124     3.702 r  rvsingle/dp/pcreg/Sum_carry_i_1/O
                         net (fo=1, routed)           0.613     4.315    rvsingle_n_87
    SLICE_X81Y59         CARRY4 (Prop_carry4_CYINIT_CO[3])
                                                      0.580     4.895 r  dp/alu/Sum_carry/CO[3]
                         net (fo=1, routed)           0.000     4.895    dp/alu/Sum_carry_n_0
    SLICE_X81Y60         CARRY4 (Prop_carry4_CI_CO[3])
                                                      0.114     5.009 r  dp/alu/Sum_carry__0/CO[3]
                         net (fo=1, routed)           0.000     5.009    dp/alu/Sum_carry__0_n_0
    SLICE_X81Y61         CARRY4 (Prop_carry4_CI_CO[3])
                                                      0.114     5.123 r  dp/alu/Sum_carry__1/CO[3]
                         net (fo=1, routed)           0.000     5.123    dp/alu/Sum_carry__1_n_0
    SLICE_X81Y62         CARRY4 (Prop_carry4_CI_CO[3])
                                                      0.114     5.237 r  dp/alu/Sum_carry__2/CO[3]
                         net (fo=1, routed)           0.000     5.237    dp/alu/Sum_carry__2_n_0
    SLICE_X81Y63         CARRY4 (Prop_carry4_CI_CO[3])
                                                      0.114     5.351 r  dp/alu/Sum_carry__3/CO[3]
                         net (fo=1, routed)           0.000     5.351    dp/alu/Sum_carry__3_n_0
    SLICE_X81Y64         CARRY4 (Prop_carry4_CI_CO[3])
                                                      0.114     5.465 r  dp/alu/Sum_carry__4/CO[3]
                         net (fo=1, routed)           0.000     5.465    dp/alu/Sum_carry__4_n_0
    SLICE_X81Y65         CARRY4 (Prop_carry4_CI_O[1])
                                                      0.334     5.799 f  dp/alu/Sum_carry__5/O[1]
                         net (fo=1, routed)           0.548     6.347    rvsingle/dp/pcreg/Reg_File_Block_reg_r1_0_31_24_29_i_19_0[25]
    SLICE_X81Y67         LUT6 (Prop_lut6_I5_O)        0.303     6.650 f  rvsingle/dp/pcreg/Reg_File_Block_reg_r1_0_31_24_29_i_32/O
                         net (fo=1, routed)           0.729     7.380    rvsingle/dp/pcreg/Reg_File_Block_reg_r1_0_31_24_29_i_32_n_0
    SLICE_X76Y66         LUT6 (Prop_lut6_I3_O)        0.124     7.504 f  rvsingle/dp/pcreg/Reg_File_Block_reg_r1_0_31_24_29_i_13/O
                         net (fo=1, routed)           0.618     8.121    rvsingle/dp/pcreg/Reg_File_Block_reg_r1_0_31_24_29_i_13_n_0
    SLICE_X76Y66         LUT4 (Prop_lut4_I0_O)        0.124     8.245 f  rvsingle/dp/pcreg/Reg_File_Block_reg_r1_0_31_24_29_i_7/O
                         net (fo=2, routed)           0.912     9.157    rvsingle/dp/pcreg/DataAdr[25]
    SLICE_X77Y61         LUT4 (Prop_lut4_I3_O)        0.124     9.281 r  rvsingle/dp/pcreg/qout[0]_i_7/O
                         net (fo=1, routed)           0.264     9.546    rvsingle/dp/pcreg/qout[0]_i_7_n_0
    SLICE_X77Y61         LUT6 (Prop_lut6_I0_O)        0.124     9.670 r  rvsingle/dp/pcreg/qout[0]_i_4/O
                         net (fo=1, routed)           0.290     9.960    rvsingle/dp/pcreg/qout[0]_i_4_n_0
    SLICE_X77Y60         LUT5 (Prop_lut5_I0_O)        0.124    10.084 r  rvsingle/dp/pcreg/qout[0]_i_2/O
                         net (fo=33, routed)          0.366    10.449    rvsingle/dp/pcreg/c/BrBase__0
    SLICE_X77Y59         LUT6 (Prop_lut6_I2_O)        0.124    10.573 r  rvsingle/dp/pcreg/qout[1]_i_2/O
                         net (fo=1, routed)           0.355    10.928    rvsingle/dp/pcreg/qout[1]_i_2_n_0
    SLICE_X78Y59         CARRY4 (Prop_carry4_DI[1]_CO[3])
                                                      0.520    11.448 r  rvsingle/dp/pcreg/qout_reg[1]_i_1/CO[3]
                         net (fo=1, routed)           0.000    11.448    rvsingle/dp/pcreg/qout_reg[1]_i_1_n_0
    SLICE_X78Y60         CARRY4 (Prop_carry4_CI_CO[3])
                                                      0.117    11.565 r  rvsingle/dp/pcreg/qout_reg[5]_i_1/CO[3]
                         net (fo=1, routed)           0.000    11.565    rvsingle/dp/pcreg/qout_reg[5]_i_1_n_0
    SLICE_X78Y61         CARRY4 (Prop_carry4_CI_CO[3])
                                                      0.117    11.682 r  rvsingle/dp/pcreg/qout_reg[9]_i_1/CO[3]
                         net (fo=1, routed)           0.000    11.682    rvsingle/dp/pcreg/qout_reg[9]_i_1_n_0
    SLICE_X78Y62         CARRY4 (Prop_carry4_CI_CO[3])
                                                      0.117    11.799 r  rvsingle/dp/pcreg/qout_reg[13]_i_1/CO[3]
                         net (fo=1, routed)           0.000    11.799    rvsingle/dp/pcreg/qout_reg[13]_i_1_n_0
    SLICE_X78Y63         CARRY4 (Prop_carry4_CI_CO[3])
                                                      0.117    11.916 r  rvsingle/dp/pcreg/qout_reg[17]_i_1/CO[3]
                         net (fo=1, routed)           0.000    11.916    rvsingle/dp/pcreg/qout_reg[17]_i_1_n_0
    SLICE_X78Y64         CARRY4 (Prop_carry4_CI_CO[3])
                                                      0.117    12.033 r  rvsingle/dp/pcreg/qout_reg[21]_i_1/CO[3]
                         net (fo=1, routed)           0.000    12.033    rvsingle/dp/pcreg/qout_reg[21]_i_1_n_0
    SLICE_X78Y65         CARRY4 (Prop_carry4_CI_O[1])
                                                      0.323    12.356 r  rvsingle/dp/pcreg/qout_reg[25]_i_1/O[1]
                         net (fo=1, routed)           0.000    12.356    rvsingle/dp/pcreg/qout_reg[25]_i_1_n_6
    SLICE_X78Y65         FDRE                                         r  rvsingle/dp/pcreg/qout_reg[26]/D
  -------------------------------------------------------------------    -------------------

                         (clock clk_out1_clk_wiz_0 rise edge)
                                                     13.333    13.333 r  
    E3                                                0.000    13.333 r  clk_100MHz (IN)
                         net (fo=0)                   0.000    13.333    clk_wiz_inst/inst/clk_in1
    E3                   IBUF (Prop_ibuf_I_O)         1.411    14.745 r  clk_wiz_inst/inst/clkin1_ibufg/O
                         net (fo=1, routed)           1.162    15.906    clk_wiz_inst/inst/clk_in1_clk_wiz_0
    MMCME2_ADV_X1Y2      MMCME2_ADV (Prop_mmcme2_adv_CLKIN1_CLKOUT0)
                                                     -7.324     8.583 r  clk_wiz_inst/inst/mmcm_adv_inst/CLKOUT0
                         net (fo=1, routed)           1.639    10.222    clk_wiz_inst/inst/clk_out1_clk_wiz_0
    BUFGCTRL_X0Y16       BUFG (Prop_bufg_I_O)         0.091    10.313 r  clk_wiz_inst/inst/clkout1_buf/O
                         net (fo=152, routed)         1.594    11.907    rvsingle/dp/pcreg/clk_out1
    SLICE_X78Y65         FDRE                                         r  rvsingle/dp/pcreg/qout_reg[26]/C
                         clock pessimism              0.576    12.484    
                         clock uncertainty           -0.119    12.365    
    SLICE_X78Y65         FDRE (Setup_fdre_C_D)        0.109    12.474    rvsingle/dp/pcreg/qout_reg[26]
  -------------------------------------------------------------------
                         required time                         12.474    
                         arrival time                         -12.356    
  -------------------------------------------------------------------
                         slack                                  0.118    

Slack (MET) :             0.126ns  (required time - arrival time)
  Source:                 rvsingle/dp/pcreg/qout_reg[7]/C
                            (rising edge-triggered cell FDRE clocked by clk_out1_clk_wiz_0  {rise@0.000ns fall@6.667ns period=13.333ns})
  Destination:            rvsingle/dp/pcreg/qout_reg[28]/D
                            (rising edge-triggered cell FDRE clocked by clk_out1_clk_wiz_0  {rise@0.000ns fall@6.667ns period=13.333ns})
  Path Group:             clk_out1_clk_wiz_0
  Path Type:              Setup (Max at Slow Process Corner)
  Requirement:            13.333ns  (clk_out1_clk_wiz_0 rise@13.333ns - clk_out1_clk_wiz_0 rise@0.000ns)
  Data Path Delay:        13.169ns  (logic 5.195ns (39.450%)  route 7.974ns (60.550%))
  Logic Levels:           25  (CARRY4=14 LUT2=1 LUT4=3 LUT5=1 LUT6=5 RAMD32=1)
  Clock Path Skew:        -0.029ns (DCD - SCD + CPR)
    Destination Clock Delay (DCD):    -1.426ns = ( 11.907 - 13.333 ) 
    Source Clock Delay      (SCD):    -0.821ns
    Clock Pessimism Removal (CPR):    0.576ns
  Clock Uncertainty:      0.119ns  ((TSJ^2 + DJ^2)^1/2) / 2 + PE
    Total System Jitter     (TSJ):    0.071ns
    Discrete Jitter          (DJ):    0.226ns
    Phase Error              (PE):    0.000ns

    Location             Delay type                Incr(ns)  Path(ns)    Netlist Resource(s)
  -------------------------------------------------------------------    -------------------
                         (clock clk_out1_clk_wiz_0 rise edge)
                                                      0.000     0.000 r  
    E3                                                0.000     0.000 r  clk_100MHz (IN)
                         net (fo=0)                   0.000     0.000    clk_wiz_inst/inst/clk_in1
    E3                   IBUF (Prop_ibuf_I_O)         1.482     1.482 r  clk_wiz_inst/inst/clkin1_ibufg/O
                         net (fo=1, routed)           1.233     2.715    clk_wiz_inst/inst/clk_in1_clk_wiz_0
    MMCME2_ADV_X1Y2      MMCME2_ADV (Prop_mmcme2_adv_CLKIN1_CLKOUT0)
                                                     -7.070    -4.355 r  clk_wiz_inst/inst/mmcm_adv_inst/CLKOUT0
                         net (fo=1, routed)           1.719    -2.636    clk_wiz_inst/inst/clk_out1_clk_wiz_0
    BUFGCTRL_X0Y16       BUFG (Prop_bufg_I_O)         0.096    -2.540 r  clk_wiz_inst/inst/clkout1_buf/O
                         net (fo=152, routed)         1.719    -0.821    rvsingle/dp/pcreg/clk_out1
    SLICE_X78Y60         FDRE                                         r  rvsingle/dp/pcreg/qout_reg[7]/C
  -------------------------------------------------------------------    -------------------
    SLICE_X78Y60         FDRE (Prop_fdre_C_Q)         0.518    -0.303 r  rvsingle/dp/pcreg/qout_reg[7]/Q
                         net (fo=63, routed)          1.229     0.926    rvsingle/dp/pcreg/qout_reg[7]_0
    SLICE_X81Y58         LUT6 (Prop_lut6_I0_O)        0.124     1.050 r  rvsingle/dp/pcreg/Instr_OBUF[23]_inst_i_1/O
                         net (fo=34, routed)          0.937     1.986    rvsingle/dp/rf/Reg_File_Block_reg_r2_0_31_0_5/ADDRA3
    SLICE_X80Y57         RAMD32 (Prop_ramd32_RADR3_O)
                                                      0.150     2.136 r  rvsingle/dp/rf/Reg_File_Block_reg_r2_0_31_0_5/RAMA/O
                         net (fo=2, routed)           0.659     2.795    rvsingle/dp/pcreg/RD20[0]
    SLICE_X81Y56         LUT4 (Prop_lut4_I0_O)        0.328     3.123 r  rvsingle/dp/pcreg/Sum_carry_i_11/O
                         net (fo=12, routed)          0.455     3.578    rvsingle/dp/pcreg/SrcB[0]
    SLICE_X81Y58         LUT2 (Prop_lut2_I1_O)        0.124     3.702 r  rvsingle/dp/pcreg/Sum_carry_i_1/O
                         net (fo=1, routed)           0.613     4.315    rvsingle_n_87
    SLICE_X81Y59         CARRY4 (Prop_carry4_CYINIT_CO[3])
                                                      0.580     4.895 r  dp/alu/Sum_carry/CO[3]
                         net (fo=1, routed)           0.000     4.895    dp/alu/Sum_carry_n_0
    SLICE_X81Y60         CARRY4 (Prop_carry4_CI_CO[3])
                                                      0.114     5.009 r  dp/alu/Sum_carry__0/CO[3]
                         net (fo=1, routed)           0.000     5.009    dp/alu/Sum_carry__0_n_0
    SLICE_X81Y61         CARRY4 (Prop_carry4_CI_CO[3])
                                                      0.114     5.123 r  dp/alu/Sum_carry__1/CO[3]
                         net (fo=1, routed)           0.000     5.123    dp/alu/Sum_carry__1_n_0
    SLICE_X81Y62         CARRY4 (Prop_carry4_CI_CO[3])
                                                      0.114     5.237 r  dp/alu/Sum_carry__2/CO[3]
                         net (fo=1, routed)           0.000     5.237    dp/alu/Sum_carry__2_n_0
    SLICE_X81Y63         CARRY4 (Prop_carry4_CI_CO[3])
                                                      0.114     5.351 r  dp/alu/Sum_carry__3/CO[3]
                         net (fo=1, routed)           0.000     5.351    dp/alu/Sum_carry__3_n_0
    SLICE_X81Y64         CARRY4 (Prop_carry4_CI_CO[3])
                                                      0.114     5.465 r  dp/alu/Sum_carry__4/CO[3]
                         net (fo=1, routed)           0.000     5.465    dp/alu/Sum_carry__4_n_0
    SLICE_X81Y65         CARRY4 (Prop_carry4_CI_O[1])
                                                      0.334     5.799 f  dp/alu/Sum_carry__5/O[1]
                         net (fo=1, routed)           0.548     6.347    rvsingle/dp/pcreg/Reg_File_Block_reg_r1_0_31_24_29_i_19_0[25]
    SLICE_X81Y67         LUT6 (Prop_lut6_I5_O)        0.303     6.650 f  rvsingle/dp/pcreg/Reg_File_Block_reg_r1_0_31_24_29_i_32/O
                         net (fo=1, routed)           0.729     7.380    rvsingle/dp/pcreg/Reg_File_Block_reg_r1_0_31_24_29_i_32_n_0
    SLICE_X76Y66         LUT6 (Prop_lut6_I3_O)        0.124     7.504 f  rvsingle/dp/pcreg/Reg_File_Block_reg_r1_0_31_24_29_i_13/O
                         net (fo=1, routed)           0.618     8.121    rvsingle/dp/pcreg/Reg_File_Block_reg_r1_0_31_24_29_i_13_n_0
    SLICE_X76Y66         LUT4 (Prop_lut4_I0_O)        0.124     8.245 f  rvsingle/dp/pcreg/Reg_File_Block_reg_r1_0_31_24_29_i_7/O
                         net (fo=2, routed)           0.912     9.157    rvsingle/dp/pcreg/DataAdr[25]
    SLICE_X77Y61         LUT4 (Prop_lut4_I3_O)        0.124     9.281 r  rvsingle/dp/pcreg/qout[0]_i_7/O
                         net (fo=1, routed)           0.264     9.546    rvsingle/dp/pcreg/qout[0]_i_7_n_0
    SLICE_X77Y61         LUT6 (Prop_lut6_I0_O)        0.124     9.670 r  rvsingle/dp/pcreg/qout[0]_i_4/O
                         net (fo=1, routed)           0.290     9.960    rvsingle/dp/pcreg/qout[0]_i_4_n_0
    SLICE_X77Y60         LUT5 (Prop_lut5_I0_O)        0.124    10.084 r  rvsingle/dp/pcreg/qout[0]_i_2/O
                         net (fo=33, routed)          0.366    10.449    rvsingle/dp/pcreg/c/BrBase__0
    SLICE_X77Y59         LUT6 (Prop_lut6_I2_O)        0.124    10.573 r  rvsingle/dp/pcreg/qout[1]_i_2/O
                         net (fo=1, routed)           0.355    10.928    rvsingle/dp/pcreg/qout[1]_i_2_n_0
    SLICE_X78Y59         CARRY4 (Prop_carry4_DI[1]_CO[3])
                                                      0.520    11.448 r  rvsingle/dp/pcreg/qout_reg[1]_i_1/CO[3]
                         net (fo=1, routed)           0.000    11.448    rvsingle/dp/pcreg/qout_reg[1]_i_1_n_0
    SLICE_X78Y60         CARRY4 (Prop_carry4_CI_CO[3])
                                                      0.117    11.565 r  rvsingle/dp/pcreg/qout_reg[5]_i_1/CO[3]
                         net (fo=1, routed)           0.000    11.565    rvsingle/dp/pcreg/qout_reg[5]_i_1_n_0
    SLICE_X78Y61         CARRY4 (Prop_carry4_CI_CO[3])
                                                      0.117    11.682 r  rvsingle/dp/pcreg/qout_reg[9]_i_1/CO[3]
                         net (fo=1, routed)           0.000    11.682    rvsingle/dp/pcreg/qout_reg[9]_i_1_n_0
    SLICE_X78Y62         CARRY4 (Prop_carry4_CI_CO[3])
                                                      0.117    11.799 r  rvsingle/dp/pcreg/qout_reg[13]_i_1/CO[3]
                         net (fo=1, routed)           0.000    11.799    rvsingle/dp/pcreg/qout_reg[13]_i_1_n_0
    SLICE_X78Y63         CARRY4 (Prop_carry4_CI_CO[3])
                                                      0.117    11.916 r  rvsingle/dp/pcreg/qout_reg[17]_i_1/CO[3]
                         net (fo=1, routed)           0.000    11.916    rvsingle/dp/pcreg/qout_reg[17]_i_1_n_0
    SLICE_X78Y64         CARRY4 (Prop_carry4_CI_CO[3])
                                                      0.117    12.033 r  rvsingle/dp/pcreg/qout_reg[21]_i_1/CO[3]
                         net (fo=1, routed)           0.000    12.033    rvsingle/dp/pcreg/qout_reg[21]_i_1_n_0
    SLICE_X78Y65         CARRY4 (Prop_carry4_CI_O[3])
                                                      0.315    12.348 r  rvsingle/dp/pcreg/qout_reg[25]_i_1/O[3]
                         net (fo=1, routed)           0.000    12.348    rvsingle/dp/pcreg/qout_reg[25]_i_1_n_4
    SLICE_X78Y65         FDRE                                         r  rvsingle/dp/pcreg/qout_reg[28]/D
  -------------------------------------------------------------------    -------------------

                         (clock clk_out1_clk_wiz_0 rise edge)
                                                     13.333    13.333 r  
    E3                                                0.000    13.333 r  clk_100MHz (IN)
                         net (fo=0)                   0.000    13.333    clk_wiz_inst/inst/clk_in1
    E3                   IBUF (Prop_ibuf_I_O)         1.411    14.745 r  clk_wiz_inst/inst/clkin1_ibufg/O
                         net (fo=1, routed)           1.162    15.906    clk_wiz_inst/inst/clk_in1_clk_wiz_0
    MMCME2_ADV_X1Y2      MMCME2_ADV (Prop_mmcme2_adv_CLKIN1_CLKOUT0)
                                                     -7.324     8.583 r  clk_wiz_inst/inst/mmcm_adv_inst/CLKOUT0
                         net (fo=1, routed)           1.639    10.222    clk_wiz_inst/inst/clk_out1_clk_wiz_0
    BUFGCTRL_X0Y16       BUFG (Prop_bufg_I_O)         0.091    10.313 r  clk_wiz_inst/inst/clkout1_buf/O
                         net (fo=152, routed)         1.594    11.907    rvsingle/dp/pcreg/clk_out1
    SLICE_X78Y65         FDRE                                         r  rvsingle/dp/pcreg/qout_reg[28]/C
                         clock pessimism              0.576    12.484    
                         clock uncertainty           -0.119    12.365    
    SLICE_X78Y65         FDRE (Setup_fdre_C_D)        0.109    12.474    rvsingle/dp/pcreg/qout_reg[28]
  -------------------------------------------------------------------
                         required time                         12.474    
                         arrival time                         -12.348    
  -------------------------------------------------------------------
                         slack                                  0.126    

Slack (MET) :             0.202ns  (required time - arrival time)
  Source:                 rvsingle/dp/pcreg/qout_reg[7]/C
                            (rising edge-triggered cell FDRE clocked by clk_out1_clk_wiz_0  {rise@0.000ns fall@6.667ns period=13.333ns})
  Destination:            rvsingle/dp/pcreg/qout_reg[27]/D
                            (rising edge-triggered cell FDRE clocked by clk_out1_clk_wiz_0  {rise@0.000ns fall@6.667ns period=13.333ns})
  Path Group:             clk_out1_clk_wiz_0
  Path Type:              Setup (Max at Slow Process Corner)
  Requirement:            13.333ns  (clk_out1_clk_wiz_0 rise@13.333ns - clk_out1_clk_wiz_0 rise@0.000ns)
  Data Path Delay:        13.093ns  (logic 5.119ns (39.098%)  route 7.974ns (60.902%))
  Logic Levels:           25  (CARRY4=14 LUT2=1 LUT4=3 LUT5=1 LUT6=5 RAMD32=1)
  Clock Path Skew:        -0.029ns (DCD - SCD + CPR)
    Destination Clock Delay (DCD):    -1.426ns = ( 11.907 - 13.333 ) 
    Source Clock Delay      (SCD):    -0.821ns
    Clock Pessimism Removal (CPR):    0.576ns
  Clock Uncertainty:      0.119ns  ((TSJ^2 + DJ^2)^1/2) / 2 + PE
    Total System Jitter     (TSJ):    0.071ns
    Discrete Jitter          (DJ):    0.226ns
    Phase Error              (PE):    0.000ns

    Location             Delay type                Incr(ns)  Path(ns)    Netlist Resource(s)
  -------------------------------------------------------------------    -------------------
                         (clock clk_out1_clk_wiz_0 rise edge)
                                                      0.000     0.000 r  
    E3                                                0.000     0.000 r  clk_100MHz (IN)
                         net (fo=0)                   0.000     0.000    clk_wiz_inst/inst/clk_in1
    E3                   IBUF (Prop_ibuf_I_O)         1.482     1.482 r  clk_wiz_inst/inst/clkin1_ibufg/O
                         net (fo=1, routed)           1.233     2.715    clk_wiz_inst/inst/clk_in1_clk_wiz_0
    MMCME2_ADV_X1Y2      MMCME2_ADV (Prop_mmcme2_adv_CLKIN1_CLKOUT0)
                                                     -7.070    -4.355 r  clk_wiz_inst/inst/mmcm_adv_inst/CLKOUT0
                         net (fo=1, routed)           1.719    -2.636    clk_wiz_inst/inst/clk_out1_clk_wiz_0
    BUFGCTRL_X0Y16       BUFG (Prop_bufg_I_O)         0.096    -2.540 r  clk_wiz_inst/inst/clkout1_buf/O
                         net (fo=152, routed)         1.719    -0.821    rvsingle/dp/pcreg/clk_out1
    SLICE_X78Y60         FDRE                                         r  rvsingle/dp/pcreg/qout_reg[7]/C
  -------------------------------------------------------------------    -------------------
    SLICE_X78Y60         FDRE (Prop_fdre_C_Q)         0.518    -0.303 r  rvsingle/dp/pcreg/qout_reg[7]/Q
                         net (fo=63, routed)          1.229     0.926    rvsingle/dp/pcreg/qout_reg[7]_0
    SLICE_X81Y58         LUT6 (Prop_lut6_I0_O)        0.124     1.050 r  rvsingle/dp/pcreg/Instr_OBUF[23]_inst_i_1/O
                         net (fo=34, routed)          0.937     1.986    rvsingle/dp/rf/Reg_File_Block_reg_r2_0_31_0_5/ADDRA3
    SLICE_X80Y57         RAMD32 (Prop_ramd32_RADR3_O)
                                                      0.150     2.136 r  rvsingle/dp/rf/Reg_File_Block_reg_r2_0_31_0_5/RAMA/O
                         net (fo=2, routed)           0.659     2.795    rvsingle/dp/pcreg/RD20[0]
    SLICE_X81Y56         LUT4 (Prop_lut4_I0_O)        0.328     3.123 r  rvsingle/dp/pcreg/Sum_carry_i_11/O
                         net (fo=12, routed)          0.455     3.578    rvsingle/dp/pcreg/SrcB[0]
    SLICE_X81Y58         LUT2 (Prop_lut2_I1_O)        0.124     3.702 r  rvsingle/dp/pcreg/Sum_carry_i_1/O
                         net (fo=1, routed)           0.613     4.315    rvsingle_n_87
    SLICE_X81Y59         CARRY4 (Prop_carry4_CYINIT_CO[3])
                                                      0.580     4.895 r  dp/alu/Sum_carry/CO[3]
                         net (fo=1, routed)           0.000     4.895    dp/alu/Sum_carry_n_0
    SLICE_X81Y60         CARRY4 (Prop_carry4_CI_CO[3])
                                                      0.114     5.009 r  dp/alu/Sum_carry__0/CO[3]
                         net (fo=1, routed)           0.000     5.009    dp/alu/Sum_carry__0_n_0
    SLICE_X81Y61         CARRY4 (Prop_carry4_CI_CO[3])
                                                      0.114     5.123 r  dp/alu/Sum_carry__1/CO[3]
                         net (fo=1, routed)           0.000     5.123    dp/alu/Sum_carry__1_n_0
    SLICE_X81Y62         CARRY4 (Prop_carry4_CI_CO[3])
                                                      0.114     5.237 r  dp/alu/Sum_carry__2/CO[3]
                         net (fo=1, routed)           0.000     5.237    dp/alu/Sum_carry__2_n_0
    SLICE_X81Y63         CARRY4 (Prop_carry4_CI_CO[3])
                                                      0.114     5.351 r  dp/alu/Sum_carry__3/CO[3]
                         net (fo=1, routed)           0.000     5.351    dp/alu/Sum_carry__3_n_0
    SLICE_X81Y64         CARRY4 (Prop_carry4_CI_CO[3])
                                                      0.114     5.465 r  dp/alu/Sum_carry__4/CO[3]
                         net (fo=1, routed)           0.000     5.465    dp/alu/Sum_carry__4_n_0
    SLICE_X81Y65         CARRY4 (Prop_carry4_CI_O[1])
                                                      0.334     5.799 f  dp/alu/Sum_carry__5/O[1]
                         net (fo=1, routed)           0.548     6.347    rvsingle/dp/pcreg/Reg_File_Block_reg_r1_0_31_24_29_i_19_0[25]
    SLICE_X81Y67         LUT6 (Prop_lut6_I5_O)        0.303     6.650 f  rvsingle/dp/pcreg/Reg_File_Block_reg_r1_0_31_24_29_i_32/O
                         net (fo=1, routed)           0.729     7.380    rvsingle/dp/pcreg/Reg_File_Block_reg_r1_0_31_24_29_i_32_n_0
    SLICE_X76Y66         LUT6 (Prop_lut6_I3_O)        0.124     7.504 f  rvsingle/dp/pcreg/Reg_File_Block_reg_r1_0_31_24_29_i_13/O
                         net (fo=1, routed)           0.618     8.121    rvsingle/dp/pcreg/Reg_File_Block_reg_r1_0_31_24_29_i_13_n_0
    SLICE_X76Y66         LUT4 (Prop_lut4_I0_O)        0.124     8.245 f  rvsingle/dp/pcreg/Reg_File_Block_reg_r1_0_31_24_29_i_7/O
                         net (fo=2, routed)           0.912     9.157    rvsingle/dp/pcreg/DataAdr[25]
    SLICE_X77Y61         LUT4 (Prop_lut4_I3_O)        0.124     9.281 r  rvsingle/dp/pcreg/qout[0]_i_7/O
                         net (fo=1, routed)           0.264     9.546    rvsingle/dp/pcreg/qout[0]_i_7_n_0
    SLICE_X77Y61         LUT6 (Prop_lut6_I0_O)        0.124     9.670 r  rvsingle/dp/pcreg/qout[0]_i_4/O
                         net (fo=1, routed)           0.290     9.960    rvsingle/dp/pcreg/qout[0]_i_4_n_0
    SLICE_X77Y60         LUT5 (Prop_lut5_I0_O)        0.124    10.084 r  rvsingle/dp/pcreg/qout[0]_i_2/O
                         net (fo=33, routed)          0.366    10.449    rvsingle/dp/pcreg/c/BrBase__0
    SLICE_X77Y59         LUT6 (Prop_lut6_I2_O)        0.124    10.573 r  rvsingle/dp/pcreg/qout[1]_i_2/O
                         net (fo=1, routed)           0.355    10.928    rvsingle/dp/pcreg/qout[1]_i_2_n_0
    SLICE_X78Y59         CARRY4 (Prop_carry4_DI[1]_CO[3])
                                                      0.520    11.448 r  rvsingle/dp/pcreg/qout_reg[1]_i_1/CO[3]
                         net (fo=1, routed)           0.000    11.448    rvsingle/dp/pcreg/qout_reg[1]_i_1_n_0
    SLICE_X78Y60         CARRY4 (Prop_carry4_CI_CO[3])
                                                      0.117    11.565 r  rvsingle/dp/pcreg/qout_reg[5]_i_1/CO[3]
                         net (fo=1, routed)           0.000    11.565    rvsingle/dp/pcreg/qout_reg[5]_i_1_n_0
    SLICE_X78Y61         CARRY4 (Prop_carry4_CI_CO[3])
                                                      0.117    11.682 r  rvsingle/dp/pcreg/qout_reg[9]_i_1/CO[3]
                         net (fo=1, routed)           0.000    11.682    rvsingle/dp/pcreg/qout_reg[9]_i_1_n_0
    SLICE_X78Y62         CARRY4 (Prop_carry4_CI_CO[3])
                                                      0.117    11.799 r  rvsingle/dp/pcreg/qout_reg[13]_i_1/CO[3]
                         net (fo=1, routed)           0.000    11.799    rvsingle/dp/pcreg/qout_reg[13]_i_1_n_0
    SLICE_X78Y63         CARRY4 (Prop_carry4_CI_CO[3])
                                                      0.117    11.916 r  rvsingle/dp/pcreg/qout_reg[17]_i_1/CO[3]
                         net (fo=1, routed)           0.000    11.916    rvsingle/dp/pcreg/qout_reg[17]_i_1_n_0
    SLICE_X78Y64         CARRY4 (Prop_carry4_CI_CO[3])
                                                      0.117    12.033 r  rvsingle/dp/pcreg/qout_reg[21]_i_1/CO[3]
                         net (fo=1, routed)           0.000    12.033    rvsingle/dp/pcreg/qout_reg[21]_i_1_n_0
    SLICE_X78Y65         CARRY4 (Prop_carry4_CI_O[2])
                                                      0.239    12.272 r  rvsingle/dp/pcreg/qout_reg[25]_i_1/O[2]
                         net (fo=1, routed)           0.000    12.272    rvsingle/dp/pcreg/qout_reg[25]_i_1_n_5
    SLICE_X78Y65         FDRE                                         r  rvsingle/dp/pcreg/qout_reg[27]/D
  -------------------------------------------------------------------    -------------------

                         (clock clk_out1_clk_wiz_0 rise edge)
                                                     13.333    13.333 r  
    E3                                                0.000    13.333 r  clk_100MHz (IN)
                         net (fo=0)                   0.000    13.333    clk_wiz_inst/inst/clk_in1
    E3                   IBUF (Prop_ibuf_I_O)         1.411    14.745 r  clk_wiz_inst/inst/clkin1_ibufg/O
                         net (fo=1, routed)           1.162    15.906    clk_wiz_inst/inst/clk_in1_clk_wiz_0
    MMCME2_ADV_X1Y2      MMCME2_ADV (Prop_mmcme2_adv_CLKIN1_CLKOUT0)
                                                     -7.324     8.583 r  clk_wiz_inst/inst/mmcm_adv_inst/CLKOUT0
                         net (fo=1, routed)           1.639    10.222    clk_wiz_inst/inst/clk_out1_clk_wiz_0
    BUFGCTRL_X0Y16       BUFG (Prop_bufg_I_O)         0.091    10.313 r  clk_wiz_inst/inst/clkout1_buf/O
                         net (fo=152, routed)         1.594    11.907    rvsingle/dp/pcreg/clk_out1
    SLICE_X78Y65         FDRE                                         r  rvsingle/dp/pcreg/qout_reg[27]/C
                         clock pessimism              0.576    12.484    
                         clock uncertainty           -0.119    12.365    
    SLICE_X78Y65         FDRE (Setup_fdre_C_D)        0.109    12.474    rvsingle/dp/pcreg/qout_reg[27]
  -------------------------------------------------------------------
                         required time                         12.474    
                         arrival time                         -12.272    
  -------------------------------------------------------------------
                         slack                                  0.202    

Slack (MET) :             0.222ns  (required time - arrival time)
  Source:                 rvsingle/dp/pcreg/qout_reg[7]/C
                            (rising edge-triggered cell FDRE clocked by clk_out1_clk_wiz_0  {rise@0.000ns fall@6.667ns period=13.333ns})
  Destination:            rvsingle/dp/pcreg/qout_reg[25]/D
                            (rising edge-triggered cell FDRE clocked by clk_out1_clk_wiz_0  {rise@0.000ns fall@6.667ns period=13.333ns})
  Path Group:             clk_out1_clk_wiz_0
  Path Type:              Setup (Max at Slow Process Corner)
  Requirement:            13.333ns  (clk_out1_clk_wiz_0 rise@13.333ns - clk_out1_clk_wiz_0 rise@0.000ns)
  Data Path Delay:        13.073ns  (logic 5.099ns (39.005%)  route 7.974ns (60.995%))
  Logic Levels:           25  (CARRY4=14 LUT2=1 LUT4=3 LUT5=1 LUT6=5 RAMD32=1)
  Clock Path Skew:        -0.029ns (DCD - SCD + CPR)
    Destination Clock Delay (DCD):    -1.426ns = ( 11.907 - 13.333 ) 
    Source Clock Delay      (SCD):    -0.821ns
    Clock Pessimism Removal (CPR):    0.576ns
  Clock Uncertainty:      0.119ns  ((TSJ^2 + DJ^2)^1/2) / 2 + PE
    Total System Jitter     (TSJ):    0.071ns
    Discrete Jitter          (DJ):    0.226ns
    Phase Error              (PE):    0.000ns

    Location             Delay type                Incr(ns)  Path(ns)    Netlist Resource(s)
  -------------------------------------------------------------------    -------------------
                         (clock clk_out1_clk_wiz_0 rise edge)
                                                      0.000     0.000 r  
    E3                                                0.000     0.000 r  clk_100MHz (IN)
                         net (fo=0)                   0.000     0.000    clk_wiz_inst/inst/clk_in1
    E3                   IBUF (Prop_ibuf_I_O)         1.482     1.482 r  clk_wiz_inst/inst/clkin1_ibufg/O
                         net (fo=1, routed)           1.233     2.715    clk_wiz_inst/inst/clk_in1_clk_wiz_0
    MMCME2_ADV_X1Y2      MMCME2_ADV (Prop_mmcme2_adv_CLKIN1_CLKOUT0)
                                                     -7.070    -4.355 r  clk_wiz_inst/inst/mmcm_adv_inst/CLKOUT0
                         net (fo=1, routed)           1.719    -2.636    clk_wiz_inst/inst/clk_out1_clk_wiz_0
    BUFGCTRL_X0Y16       BUFG (Prop_bufg_I_O)         0.096    -2.540 r  clk_wiz_inst/inst/clkout1_buf/O
                         net (fo=152, routed)         1.719    -0.821    rvsingle/dp/pcreg/clk_out1
    SLICE_X78Y60         FDRE                                         r  rvsingle/dp/pcreg/qout_reg[7]/C
  -------------------------------------------------------------------    -------------------
    SLICE_X78Y60         FDRE (Prop_fdre_C_Q)         0.518    -0.303 r  rvsingle/dp/pcreg/qout_reg[7]/Q
                         net (fo=63, routed)          1.229     0.926    rvsingle/dp/pcreg/qout_reg[7]_0
    SLICE_X81Y58         LUT6 (Prop_lut6_I0_O)        0.124     1.050 r  rvsingle/dp/pcreg/Instr_OBUF[23]_inst_i_1/O
                         net (fo=34, routed)          0.937     1.986    rvsingle/dp/rf/Reg_File_Block_reg_r2_0_31_0_5/ADDRA3
    SLICE_X80Y57         RAMD32 (Prop_ramd32_RADR3_O)
                                                      0.150     2.136 r  rvsingle/dp/rf/Reg_File_Block_reg_r2_0_31_0_5/RAMA/O
                         net (fo=2, routed)           0.659     2.795    rvsingle/dp/pcreg/RD20[0]
    SLICE_X81Y56         LUT4 (Prop_lut4_I0_O)        0.328     3.123 r  rvsingle/dp/pcreg/Sum_carry_i_11/O
                         net (fo=12, routed)          0.455     3.578    rvsingle/dp/pcreg/SrcB[0]
    SLICE_X81Y58         LUT2 (Prop_lut2_I1_O)        0.124     3.702 r  rvsingle/dp/pcreg/Sum_carry_i_1/O
                         net (fo=1, routed)           0.613     4.315    rvsingle_n_87
    SLICE_X81Y59         CARRY4 (Prop_carry4_CYINIT_CO[3])
                                                      0.580     4.895 r  dp/alu/Sum_carry/CO[3]
                         net (fo=1, routed)           0.000     4.895    dp/alu/Sum_carry_n_0
    SLICE_X81Y60         CARRY4 (Prop_carry4_CI_CO[3])
                                                      0.114     5.009 r  dp/alu/Sum_carry__0/CO[3]
                         net (fo=1, routed)           0.000     5.009    dp/alu/Sum_carry__0_n_0
    SLICE_X81Y61         CARRY4 (Prop_carry4_CI_CO[3])
                                                      0.114     5.123 r  dp/alu/Sum_carry__1/CO[3]
                         net (fo=1, routed)           0.000     5.123    dp/alu/Sum_carry__1_n_0
    SLICE_X81Y62         CARRY4 (Prop_carry4_CI_CO[3])
                                                      0.114     5.237 r  dp/alu/Sum_carry__2/CO[3]
                         net (fo=1, routed)           0.000     5.237    dp/alu/Sum_carry__2_n_0
    SLICE_X81Y63         CARRY4 (Prop_carry4_CI_CO[3])
                                                      0.114     5.351 r  dp/alu/Sum_carry__3/CO[3]
                         net (fo=1, routed)           0.000     5.351    dp/alu/Sum_carry__3_n_0
    SLICE_X81Y64         CARRY4 (Prop_carry4_CI_CO[3])
                                                      0.114     5.465 r  dp/alu/Sum_carry__4/CO[3]
                         net (fo=1, routed)           0.000     5.465    dp/alu/Sum_carry__4_n_0
    SLICE_X81Y65         CARRY4 (Prop_carry4_CI_O[1])
                                                      0.334     5.799 f  dp/alu/Sum_carry__5/O[1]
                         net (fo=1, routed)           0.548     6.347    rvsingle/dp/pcreg/Reg_File_Block_reg_r1_0_31_24_29_i_19_0[25]
    SLICE_X81Y67         LUT6 (Prop_lut6_I5_O)        0.303     6.650 f  rvsingle/dp/pcreg/Reg_File_Block_reg_r1_0_31_24_29_i_32/O
                         net (fo=1, routed)           0.729     7.380    rvsingle/dp/pcreg/Reg_File_Block_reg_r1_0_31_24_29_i_32_n_0
    SLICE_X76Y66         LUT6 (Prop_lut6_I3_O)        0.124     7.504 f  rvsingle/dp/pcreg/Reg_File_Block_reg_r1_0_31_24_29_i_13/O
                         net (fo=1, routed)           0.618     8.121    rvsingle/dp/pcreg/Reg_File_Block_reg_r1_0_31_24_29_i_13_n_0
    SLICE_X76Y66         LUT4 (Prop_lut4_I0_O)        0.124     8.245 f  rvsingle/dp/pcreg/Reg_File_Block_reg_r1_0_31_24_29_i_7/O
                         net (fo=2, routed)           0.912     9.157    rvsingle/dp/pcreg/DataAdr[25]
    SLICE_X77Y61         LUT4 (Prop_lut4_I3_O)        0.124     9.281 r  rvsingle/dp/pcreg/qout[0]_i_7/O
                         net (fo=1, routed)           0.264     9.546    rvsingle/dp/pcreg/qout[0]_i_7_n_0
    SLICE_X77Y61         LUT6 (Prop_lut6_I0_O)        0.124     9.670 r  rvsingle/dp/pcreg/qout[0]_i_4/O
                         net (fo=1, routed)           0.290     9.960    rvsingle/dp/pcreg/qout[0]_i_4_n_0
    SLICE_X77Y60         LUT5 (Prop_lut5_I0_O)        0.124    10.084 r  rvsingle/dp/pcreg/qout[0]_i_2/O
                         net (fo=33, routed)          0.366    10.449    rvsingle/dp/pcreg/c/BrBase__0
    SLICE_X77Y59         LUT6 (Prop_lut6_I2_O)        0.124    10.573 r  rvsingle/dp/pcreg/qout[1]_i_2/O
                         net (fo=1, routed)           0.355    10.928    rvsingle/dp/pcreg/qout[1]_i_2_n_0
    SLICE_X78Y59         CARRY4 (Prop_carry4_DI[1]_CO[3])
                                                      0.520    11.448 r  rvsingle/dp/pcreg/qout_reg[1]_i_1/CO[3]
                         net (fo=1, routed)           0.000    11.448    rvsingle/dp/pcreg/qout_reg[1]_i_1_n_0
    SLICE_X78Y60         CARRY4 (Prop_carry4_CI_CO[3])
                                                      0.117    11.565 r  rvsingle/dp/pcreg/qout_reg[5]_i_1/CO[3]
                         net (fo=1, routed)           0.000    11.565    rvsingle/dp/pcreg/qout_reg[5]_i_1_n_0
    SLICE_X78Y61         CARRY4 (Prop_carry4_CI_CO[3])
                                                      0.117    11.682 r  rvsingle/dp/pcreg/qout_reg[9]_i_1/CO[3]
                         net (fo=1, routed)           0.000    11.682    rvsingle/dp/pcreg/qout_reg[9]_i_1_n_0
    SLICE_X78Y62         CARRY4 (Prop_carry4_CI_CO[3])
                                                      0.117    11.799 r  rvsingle/dp/pcreg/qout_reg[13]_i_1/CO[3]
                         net (fo=1, routed)           0.000    11.799    rvsingle/dp/pcreg/qout_reg[13]_i_1_n_0
    SLICE_X78Y63         CARRY4 (Prop_carry4_CI_CO[3])
                                                      0.117    11.916 r  rvsingle/dp/pcreg/qout_reg[17]_i_1/CO[3]
                         net (fo=1, routed)           0.000    11.916    rvsingle/dp/pcreg/qout_reg[17]_i_1_n_0
    SLICE_X78Y64         CARRY4 (Prop_carry4_CI_CO[3])
                                                      0.117    12.033 r  rvsingle/dp/pcreg/qout_reg[21]_i_1/CO[3]
                         net (fo=1, routed)           0.000    12.033    rvsingle/dp/pcreg/qout_reg[21]_i_1_n_0
    SLICE_X78Y65         CARRY4 (Prop_carry4_CI_O[0])
                                                      0.219    12.252 r  rvsingle/dp/pcreg/qout_reg[25]_i_1/O[0]
                         net (fo=1, routed)           0.000    12.252    rvsingle/dp/pcreg/qout_reg[25]_i_1_n_7
    SLICE_X78Y65         FDRE                                         r  rvsingle/dp/pcreg/qout_reg[25]/D
  -------------------------------------------------------------------    -------------------

                         (clock clk_out1_clk_wiz_0 rise edge)
                                                     13.333    13.333 r  
    E3                                                0.000    13.333 r  clk_100MHz (IN)
                         net (fo=0)                   0.000    13.333    clk_wiz_inst/inst/clk_in1
    E3                   IBUF (Prop_ibuf_I_O)         1.411    14.745 r  clk_wiz_inst/inst/clkin1_ibufg/O
                         net (fo=1, routed)           1.162    15.906    clk_wiz_inst/inst/clk_in1_clk_wiz_0
    MMCME2_ADV_X1Y2      MMCME2_ADV (Prop_mmcme2_adv_CLKIN1_CLKOUT0)
                                                     -7.324     8.583 r  clk_wiz_inst/inst/mmcm_adv_inst/CLKOUT0
                         net (fo=1, routed)           1.639    10.222    clk_wiz_inst/inst/clk_out1_clk_wiz_0
    BUFGCTRL_X0Y16       BUFG (Prop_bufg_I_O)         0.091    10.313 r  clk_wiz_inst/inst/clkout1_buf/O
                         net (fo=152, routed)         1.594    11.907    rvsingle/dp/pcreg/clk_out1
    SLICE_X78Y65         FDRE                                         r  rvsingle/dp/pcreg/qout_reg[25]/C
                         clock pessimism              0.576    12.484    
                         clock uncertainty           -0.119    12.365    
    SLICE_X78Y65         FDRE (Setup_fdre_C_D)        0.109    12.474    rvsingle/dp/pcreg/qout_reg[25]
  -------------------------------------------------------------------
                         required time                         12.474    
                         arrival time                         -12.252    
  -------------------------------------------------------------------
                         slack                                  0.222    

Slack (MET) :             0.236ns  (required time - arrival time)
  Source:                 rvsingle/dp/pcreg/qout_reg[7]/C
                            (rising edge-triggered cell FDRE clocked by clk_out1_clk_wiz_0  {rise@0.000ns fall@6.667ns period=13.333ns})
  Destination:            rvsingle/dp/pcreg/qout_reg[22]/D
                            (rising edge-triggered cell FDRE clocked by clk_out1_clk_wiz_0  {rise@0.000ns fall@6.667ns period=13.333ns})
  Path Group:             clk_out1_clk_wiz_0
  Path Type:              Setup (Max at Slow Process Corner)
  Requirement:            13.333ns  (clk_out1_clk_wiz_0 rise@13.333ns - clk_out1_clk_wiz_0 rise@0.000ns)
  Data Path Delay:        13.060ns  (logic 5.086ns (38.944%)  route 7.974ns (61.056%))
  Logic Levels:           24  (CARRY4=13 LUT2=1 LUT4=3 LUT5=1 LUT6=5 RAMD32=1)
  Clock Path Skew:        -0.028ns (DCD - SCD + CPR)
    Destination Clock Delay (DCD):    -1.425ns = ( 11.908 - 13.333 ) 
    Source Clock Delay      (SCD):    -0.821ns
    Clock Pessimism Removal (CPR):    0.576ns
  Clock Uncertainty:      0.119ns  ((TSJ^2 + DJ^2)^1/2) / 2 + PE
    Total System Jitter     (TSJ):    0.071ns
    Discrete Jitter          (DJ):    0.226ns
    Phase Error              (PE):    0.000ns

    Location             Delay type                Incr(ns)  Path(ns)    Netlist Resource(s)
  -------------------------------------------------------------------    -------------------
                         (clock clk_out1_clk_wiz_0 rise edge)
                                                      0.000     0.000 r  
    E3                                                0.000     0.000 r  clk_100MHz (IN)
                         net (fo=0)                   0.000     0.000    clk_wiz_inst/inst/clk_in1
    E3                   IBUF (Prop_ibuf_I_O)         1.482     1.482 r  clk_wiz_inst/inst/clkin1_ibufg/O
                         net (fo=1, routed)           1.233     2.715    clk_wiz_inst/inst/clk_in1_clk_wiz_0
    MMCME2_ADV_X1Y2      MMCME2_ADV (Prop_mmcme2_adv_CLKIN1_CLKOUT0)
                                                     -7.070    -4.355 r  clk_wiz_inst/inst/mmcm_adv_inst/CLKOUT0
                         net (fo=1, routed)           1.719    -2.636    clk_wiz_inst/inst/clk_out1_clk_wiz_0
    BUFGCTRL_X0Y16       BUFG (Prop_bufg_I_O)         0.096    -2.540 r  clk_wiz_inst/inst/clkout1_buf/O
                         net (fo=152, routed)         1.719    -0.821    rvsingle/dp/pcreg/clk_out1
    SLICE_X78Y60         FDRE                                         r  rvsingle/dp/pcreg/qout_reg[7]/C
  -------------------------------------------------------------------    -------------------
    SLICE_X78Y60         FDRE (Prop_fdre_C_Q)         0.518    -0.303 r  rvsingle/dp/pcreg/qout_reg[7]/Q
                         net (fo=63, routed)          1.229     0.926    rvsingle/dp/pcreg/qout_reg[7]_0
    SLICE_X81Y58         LUT6 (Prop_lut6_I0_O)        0.124     1.050 r  rvsingle/dp/pcreg/Instr_OBUF[23]_inst_i_1/O
                         net (fo=34, routed)          0.937     1.986    rvsingle/dp/rf/Reg_File_Block_reg_r2_0_31_0_5/ADDRA3
    SLICE_X80Y57         RAMD32 (Prop_ramd32_RADR3_O)
                                                      0.150     2.136 r  rvsingle/dp/rf/Reg_File_Block_reg_r2_0_31_0_5/RAMA/O
                         net (fo=2, routed)           0.659     2.795    rvsingle/dp/pcreg/RD20[0]
    SLICE_X81Y56         LUT4 (Prop_lut4_I0_O)        0.328     3.123 r  rvsingle/dp/pcreg/Sum_carry_i_11/O
                         net (fo=12, routed)          0.455     3.578    rvsingle/dp/pcreg/SrcB[0]
    SLICE_X81Y58         LUT2 (Prop_lut2_I1_O)        0.124     3.702 r  rvsingle/dp/pcreg/Sum_carry_i_1/O
                         net (fo=1, routed)           0.613     4.315    rvsingle_n_87
    SLICE_X81Y59         CARRY4 (Prop_carry4_CYINIT_CO[3])
                                                      0.580     4.895 r  dp/alu/Sum_carry/CO[3]
                         net (fo=1, routed)           0.000     4.895    dp/alu/Sum_carry_n_0
    SLICE_X81Y60         CARRY4 (Prop_carry4_CI_CO[3])
                                                      0.114     5.009 r  dp/alu/Sum_carry__0/CO[3]
                         net (fo=1, routed)           0.000     5.009    dp/alu/Sum_carry__0_n_0
    SLICE_X81Y61         CARRY4 (Prop_carry4_CI_CO[3])
                                                      0.114     5.123 r  dp/alu/Sum_carry__1/CO[3]
                         net (fo=1, routed)           0.000     5.123    dp/alu/Sum_carry__1_n_0
    SLICE_X81Y62         CARRY4 (Prop_carry4_CI_CO[3])
                                                      0.114     5.237 r  dp/alu/Sum_carry__2/CO[3]
                         net (fo=1, routed)           0.000     5.237    dp/alu/Sum_carry__2_n_0
    SLICE_X81Y63         CARRY4 (Prop_carry4_CI_CO[3])
                                                      0.114     5.351 r  dp/alu/Sum_carry__3/CO[3]
                         net (fo=1, routed)           0.000     5.351    dp/alu/Sum_carry__3_n_0
    SLICE_X81Y64         CARRY4 (Prop_carry4_CI_CO[3])
                                                      0.114     5.465 r  dp/alu/Sum_carry__4/CO[3]
                         net (fo=1, routed)           0.000     5.465    dp/alu/Sum_carry__4_n_0
    SLICE_X81Y65         CARRY4 (Prop_carry4_CI_O[1])
                                                      0.334     5.799 f  dp/alu/Sum_carry__5/O[1]
                         net (fo=1, routed)           0.548     6.347    rvsingle/dp/pcreg/Reg_File_Block_reg_r1_0_31_24_29_i_19_0[25]
    SLICE_X81Y67         LUT6 (Prop_lut6_I5_O)        0.303     6.650 f  rvsingle/dp/pcreg/Reg_File_Block_reg_r1_0_31_24_29_i_32/O
                         net (fo=1, routed)           0.729     7.380    rvsingle/dp/pcreg/Reg_File_Block_reg_r1_0_31_24_29_i_32_n_0
    SLICE_X76Y66         LUT6 (Prop_lut6_I3_O)        0.124     7.504 f  rvsingle/dp/pcreg/Reg_File_Block_reg_r1_0_31_24_29_i_13/O
                         net (fo=1, routed)           0.618     8.121    rvsingle/dp/pcreg/Reg_File_Block_reg_r1_0_31_24_29_i_13_n_0
    SLICE_X76Y66         LUT4 (Prop_lut4_I0_O)        0.124     8.245 f  rvsingle/dp/pcreg/Reg_File_Block_reg_r1_0_31_24_29_i_7/O
                         net (fo=2, routed)           0.912     9.157    rvsingle/dp/pcreg/DataAdr[25]
    SLICE_X77Y61         LUT4 (Prop_lut4_I3_O)        0.124     9.281 r  rvsingle/dp/pcreg/qout[0]_i_7/O
                         net (fo=1, routed)           0.264     9.546    rvsingle/dp/pcreg/qout[0]_i_7_n_0
    SLICE_X77Y61         LUT6 (Prop_lut6_I0_O)        0.124     9.670 r  rvsingle/dp/pcreg/qout[0]_i_4/O
                         net (fo=1, routed)           0.290     9.960    rvsingle/dp/pcreg/qout[0]_i_4_n_0
    SLICE_X77Y60         LUT5 (Prop_lut5_I0_O)        0.124    10.084 r  rvsingle/dp/pcreg/qout[0]_i_2/O
                         net (fo=33, routed)          0.366    10.449    rvsingle/dp/pcreg/c/BrBase__0
    SLICE_X77Y59         LUT6 (Prop_lut6_I2_O)        0.124    10.573 r  rvsingle/dp/pcreg/qout[1]_i_2/O
                         net (fo=1, routed)           0.355    10.928    rvsingle/dp/pcreg/qout[1]_i_2_n_0
    SLICE_X78Y59         CARRY4 (Prop_carry4_DI[1]_CO[3])
                                                      0.520    11.448 r  rvsingle/dp/pcreg/qout_reg[1]_i_1/CO[3]
                         net (fo=1, routed)           0.000    11.448    rvsingle/dp/pcreg/qout_reg[1]_i_1_n_0
    SLICE_X78Y60         CARRY4 (Prop_carry4_CI_CO[3])
                                                      0.117    11.565 r  rvsingle/dp/pcreg/qout_reg[5]_i_1/CO[3]
                         net (fo=1, routed)           0.000    11.565    rvsingle/dp/pcreg/qout_reg[5]_i_1_n_0
    SLICE_X78Y61         CARRY4 (Prop_carry4_CI_CO[3])
                                                      0.117    11.682 r  rvsingle/dp/pcreg/qout_reg[9]_i_1/CO[3]
                         net (fo=1, routed)           0.000    11.682    rvsingle/dp/pcreg/qout_reg[9]_i_1_n_0
    SLICE_X78Y62         CARRY4 (Prop_carry4_CI_CO[3])
                                                      0.117    11.799 r  rvsingle/dp/pcreg/qout_reg[13]_i_1/CO[3]
                         net (fo=1, routed)           0.000    11.799    rvsingle/dp/pcreg/qout_reg[13]_i_1_n_0
    SLICE_X78Y63         CARRY4 (Prop_carry4_CI_CO[3])
                                                      0.117    11.916 r  rvsingle/dp/pcreg/qout_reg[17]_i_1/CO[3]
                         net (fo=1, routed)           0.000    11.916    rvsingle/dp/pcreg/qout_reg[17]_i_1_n_0
    SLICE_X78Y64         CARRY4 (Prop_carry4_CI_O[1])
                                                      0.323    12.239 r  rvsingle/dp/pcreg/qout_reg[21]_i_1/O[1]
                         net (fo=1, routed)           0.000    12.239    rvsingle/dp/pcreg/qout_reg[21]_i_1_n_6
    SLICE_X78Y64         FDRE                                         r  rvsingle/dp/pcreg/qout_reg[22]/D
  -------------------------------------------------------------------    -------------------

                         (clock clk_out1_clk_wiz_0 rise edge)
                                                     13.333    13.333 r  
    E3                                                0.000    13.333 r  clk_100MHz (IN)
                         net (fo=0)                   0.000    13.333    clk_wiz_inst/inst/clk_in1
    E3                   IBUF (Prop_ibuf_I_O)         1.411    14.745 r  clk_wiz_inst/inst/clkin1_ibufg/O
                         net (fo=1, routed)           1.162    15.906    clk_wiz_inst/inst/clk_in1_clk_wiz_0
    MMCME2_ADV_X1Y2      MMCME2_ADV (Prop_mmcme2_adv_CLKIN1_CLKOUT0)
                                                     -7.324     8.583 r  clk_wiz_inst/inst/mmcm_adv_inst/CLKOUT0
                         net (fo=1, routed)           1.639    10.222    clk_wiz_inst/inst/clk_out1_clk_wiz_0
    BUFGCTRL_X0Y16       BUFG (Prop_bufg_I_O)         0.091    10.313 r  clk_wiz_inst/inst/clkout1_buf/O
                         net (fo=152, routed)         1.595    11.908    rvsingle/dp/pcreg/clk_out1
    SLICE_X78Y64         FDRE                                         r  rvsingle/dp/pcreg/qout_reg[22]/C
                         clock pessimism              0.576    12.485    
                         clock uncertainty           -0.119    12.366    
    SLICE_X78Y64         FDRE (Setup_fdre_C_D)        0.109    12.475    rvsingle/dp/pcreg/qout_reg[22]
  -------------------------------------------------------------------
                         required time                         12.475    
                         arrival time                         -12.239    
  -------------------------------------------------------------------
                         slack                                  0.236    

Slack (MET) :             0.244ns  (required time - arrival time)
  Source:                 rvsingle/dp/pcreg/qout_reg[7]/C
                            (rising edge-triggered cell FDRE clocked by clk_out1_clk_wiz_0  {rise@0.000ns fall@6.667ns period=13.333ns})
  Destination:            rvsingle/dp/pcreg/qout_reg[24]/D
                            (rising edge-triggered cell FDRE clocked by clk_out1_clk_wiz_0  {rise@0.000ns fall@6.667ns period=13.333ns})
  Path Group:             clk_out1_clk_wiz_0
  Path Type:              Setup (Max at Slow Process Corner)
  Requirement:            13.333ns  (clk_out1_clk_wiz_0 rise@13.333ns - clk_out1_clk_wiz_0 rise@0.000ns)
  Data Path Delay:        13.052ns  (logic 5.078ns (38.907%)  route 7.974ns (61.093%))
  Logic Levels:           24  (CARRY4=13 LUT2=1 LUT4=3 LUT5=1 LUT6=5 RAMD32=1)
  Clock Path Skew:        -0.028ns (DCD - SCD + CPR)
    Destination Clock Delay (DCD):    -1.425ns = ( 11.908 - 13.333 ) 
    Source Clock Delay      (SCD):    -0.821ns
    Clock Pessimism Removal (CPR):    0.576ns
  Clock Uncertainty:      0.119ns  ((TSJ^2 + DJ^2)^1/2) / 2 + PE
    Total System Jitter     (TSJ):    0.071ns
    Discrete Jitter          (DJ):    0.226ns
    Phase Error              (PE):    0.000ns

    Location             Delay type                Incr(ns)  Path(ns)    Netlist Resource(s)
  -------------------------------------------------------------------    -------------------
                         (clock clk_out1_clk_wiz_0 rise edge)
                                                      0.000     0.000 r  
    E3                                                0.000     0.000 r  clk_100MHz (IN)
                         net (fo=0)                   0.000     0.000    clk_wiz_inst/inst/clk_in1
    E3                   IBUF (Prop_ibuf_I_O)         1.482     1.482 r  clk_wiz_inst/inst/clkin1_ibufg/O
                         net (fo=1, routed)           1.233     2.715    clk_wiz_inst/inst/clk_in1_clk_wiz_0
    MMCME2_ADV_X1Y2      MMCME2_ADV (Prop_mmcme2_adv_CLKIN1_CLKOUT0)
                                                     -7.070    -4.355 r  clk_wiz_inst/inst/mmcm_adv_inst/CLKOUT0
                         net (fo=1, routed)           1.719    -2.636    clk_wiz_inst/inst/clk_out1_clk_wiz_0
    BUFGCTRL_X0Y16       BUFG (Prop_bufg_I_O)         0.096    -2.540 r  clk_wiz_inst/inst/clkout1_buf/O
                         net (fo=152, routed)         1.719    -0.821    rvsingle/dp/pcreg/clk_out1
    SLICE_X78Y60         FDRE                                         r  rvsingle/dp/pcreg/qout_reg[7]/C
  -------------------------------------------------------------------    -------------------
    SLICE_X78Y60         FDRE (Prop_fdre_C_Q)         0.518    -0.303 r  rvsingle/dp/pcreg/qout_reg[7]/Q
                         net (fo=63, routed)          1.229     0.926    rvsingle/dp/pcreg/qout_reg[7]_0
    SLICE_X81Y58         LUT6 (Prop_lut6_I0_O)        0.124     1.050 r  rvsingle/dp/pcreg/Instr_OBUF[23]_inst_i_1/O
                         net (fo=34, routed)          0.937     1.986    rvsingle/dp/rf/Reg_File_Block_reg_r2_0_31_0_5/ADDRA3
    SLICE_X80Y57         RAMD32 (Prop_ramd32_RADR3_O)
                                                      0.150     2.136 r  rvsingle/dp/rf/Reg_File_Block_reg_r2_0_31_0_5/RAMA/O
                         net (fo=2, routed)           0.659     2.795    rvsingle/dp/pcreg/RD20[0]
    SLICE_X81Y56         LUT4 (Prop_lut4_I0_O)        0.328     3.123 r  rvsingle/dp/pcreg/Sum_carry_i_11/O
                         net (fo=12, routed)          0.455     3.578    rvsingle/dp/pcreg/SrcB[0]
    SLICE_X81Y58         LUT2 (Prop_lut2_I1_O)        0.124     3.702 r  rvsingle/dp/pcreg/Sum_carry_i_1/O
                         net (fo=1, routed)           0.613     4.315    rvsingle_n_87
    SLICE_X81Y59         CARRY4 (Prop_carry4_CYINIT_CO[3])
                                                      0.580     4.895 r  dp/alu/Sum_carry/CO[3]
                         net (fo=1, routed)           0.000     4.895    dp/alu/Sum_carry_n_0
    SLICE_X81Y60         CARRY4 (Prop_carry4_CI_CO[3])
                                                      0.114     5.009 r  dp/alu/Sum_carry__0/CO[3]
                         net (fo=1, routed)           0.000     5.009    dp/alu/Sum_carry__0_n_0
    SLICE_X81Y61         CARRY4 (Prop_carry4_CI_CO[3])
                                                      0.114     5.123 r  dp/alu/Sum_carry__1/CO[3]
                         net (fo=1, routed)           0.000     5.123    dp/alu/Sum_carry__1_n_0
    SLICE_X81Y62         CARRY4 (Prop_carry4_CI_CO[3])
                                                      0.114     5.237 r  dp/alu/Sum_carry__2/CO[3]
                         net (fo=1, routed)           0.000     5.237    dp/alu/Sum_carry__2_n_0
    SLICE_X81Y63         CARRY4 (Prop_carry4_CI_CO[3])
                                                      0.114     5.351 r  dp/alu/Sum_carry__3/CO[3]
                         net (fo=1, routed)           0.000     5.351    dp/alu/Sum_carry__3_n_0
    SLICE_X81Y64         CARRY4 (Prop_carry4_CI_CO[3])
                                                      0.114     5.465 r  dp/alu/Sum_carry__4/CO[3]
                         net (fo=1, routed)           0.000     5.465    dp/alu/Sum_carry__4_n_0
    SLICE_X81Y65         CARRY4 (Prop_carry4_CI_O[1])
                                                      0.334     5.799 f  dp/alu/Sum_carry__5/O[1]
                         net (fo=1, routed)           0.548     6.347    rvsingle/dp/pcreg/Reg_File_Block_reg_r1_0_31_24_29_i_19_0[25]
    SLICE_X81Y67         LUT6 (Prop_lut6_I5_O)        0.303     6.650 f  rvsingle/dp/pcreg/Reg_File_Block_reg_r1_0_31_24_29_i_32/O
                         net (fo=1, routed)           0.729     7.380    rvsingle/dp/pcreg/Reg_File_Block_reg_r1_0_31_24_29_i_32_n_0
    SLICE_X76Y66         LUT6 (Prop_lut6_I3_O)        0.124     7.504 f  rvsingle/dp/pcreg/Reg_File_Block_reg_r1_0_31_24_29_i_13/O
                         net (fo=1, routed)           0.618     8.121    rvsingle/dp/pcreg/Reg_File_Block_reg_r1_0_31_24_29_i_13_n_0
    SLICE_X76Y66         LUT4 (Prop_lut4_I0_O)        0.124     8.245 f  rvsingle/dp/pcreg/Reg_File_Block_reg_r1_0_31_24_29_i_7/O
                         net (fo=2, routed)           0.912     9.157    rvsingle/dp/pcreg/DataAdr[25]
    SLICE_X77Y61         LUT4 (Prop_lut4_I3_O)        0.124     9.281 r  rvsingle/dp/pcreg/qout[0]_i_7/O
                         net (fo=1, routed)           0.264     9.546    rvsingle/dp/pcreg/qout[0]_i_7_n_0
    SLICE_X77Y61         LUT6 (Prop_lut6_I0_O)        0.124     9.670 r  rvsingle/dp/pcreg/qout[0]_i_4/O
                         net (fo=1, routed)           0.290     9.960    rvsingle/dp/pcreg/qout[0]_i_4_n_0
    SLICE_X77Y60         LUT5 (Prop_lut5_I0_O)        0.124    10.084 r  rvsingle/dp/pcreg/qout[0]_i_2/O
                         net (fo=33, routed)          0.366    10.449    rvsingle/dp/pcreg/c/BrBase__0
    SLICE_X77Y59         LUT6 (Prop_lut6_I2_O)        0.124    10.573 r  rvsingle/dp/pcreg/qout[1]_i_2/O
                         net (fo=1, routed)           0.355    10.928    rvsingle/dp/pcreg/qout[1]_i_2_n_0
    SLICE_X78Y59         CARRY4 (Prop_carry4_DI[1]_CO[3])
                                                      0.520    11.448 r  rvsingle/dp/pcreg/qout_reg[1]_i_1/CO[3]
                         net (fo=1, routed)           0.000    11.448    rvsingle/dp/pcreg/qout_reg[1]_i_1_n_0
    SLICE_X78Y60         CARRY4 (Prop_carry4_CI_CO[3])
                                                      0.117    11.565 r  rvsingle/dp/pcreg/qout_reg[5]_i_1/CO[3]
                         net (fo=1, routed)           0.000    11.565    rvsingle/dp/pcreg/qout_reg[5]_i_1_n_0
    SLICE_X78Y61         CARRY4 (Prop_carry4_CI_CO[3])
                                                      0.117    11.682 r  rvsingle/dp/pcreg/qout_reg[9]_i_1/CO[3]
                         net (fo=1, routed)           0.000    11.682    rvsingle/dp/pcreg/qout_reg[9]_i_1_n_0
    SLICE_X78Y62         CARRY4 (Prop_carry4_CI_CO[3])
                                                      0.117    11.799 r  rvsingle/dp/pcreg/qout_reg[13]_i_1/CO[3]
                         net (fo=1, routed)           0.000    11.799    rvsingle/dp/pcreg/qout_reg[13]_i_1_n_0
    SLICE_X78Y63         CARRY4 (Prop_carry4_CI_CO[3])
                                                      0.117    11.916 r  rvsingle/dp/pcreg/qout_reg[17]_i_1/CO[3]
                         net (fo=1, routed)           0.000    11.916    rvsingle/dp/pcreg/qout_reg[17]_i_1_n_0
    SLICE_X78Y64         CARRY4 (Prop_carry4_CI_O[3])
                                                      0.315    12.231 r  rvsingle/dp/pcreg/qout_reg[21]_i_1/O[3]
                         net (fo=1, routed)           0.000    12.231    rvsingle/dp/pcreg/qout_reg[21]_i_1_n_4
    SLICE_X78Y64         FDRE                                         r  rvsingle/dp/pcreg/qout_reg[24]/D
  -------------------------------------------------------------------    -------------------

                         (clock clk_out1_clk_wiz_0 rise edge)
                                                     13.333    13.333 r  
    E3                                                0.000    13.333 r  clk_100MHz (IN)
                         net (fo=0)                   0.000    13.333    clk_wiz_inst/inst/clk_in1
    E3                   IBUF (Prop_ibuf_I_O)         1.411    14.745 r  clk_wiz_inst/inst/clkin1_ibufg/O
                         net (fo=1, routed)           1.162    15.906    clk_wiz_inst/inst/clk_in1_clk_wiz_0
    MMCME2_ADV_X1Y2      MMCME2_ADV (Prop_mmcme2_adv_CLKIN1_CLKOUT0)
                                                     -7.324     8.583 r  clk_wiz_inst/inst/mmcm_adv_inst/CLKOUT0
                         net (fo=1, routed)           1.639    10.222    clk_wiz_inst/inst/clk_out1_clk_wiz_0
    BUFGCTRL_X0Y16       BUFG (Prop_bufg_I_O)         0.091    10.313 r  clk_wiz_inst/inst/clkout1_buf/O
                         net (fo=152, routed)         1.595    11.908    rvsingle/dp/pcreg/clk_out1
    SLICE_X78Y64         FDRE                                         r  rvsingle/dp/pcreg/qout_reg[24]/C
                         clock pessimism              0.576    12.485    
                         clock uncertainty           -0.119    12.366    
    SLICE_X78Y64         FDRE (Setup_fdre_C_D)        0.109    12.475    rvsingle/dp/pcreg/qout_reg[24]
  -------------------------------------------------------------------
                         required time                         12.475    
                         arrival time                         -12.231    
  -------------------------------------------------------------------
                         slack                                  0.244    

Slack (MET) :             0.320ns  (required time - arrival time)
  Source:                 rvsingle/dp/pcreg/qout_reg[7]/C
                            (rising edge-triggered cell FDRE clocked by clk_out1_clk_wiz_0  {rise@0.000ns fall@6.667ns period=13.333ns})
  Destination:            rvsingle/dp/pcreg/qout_reg[23]/D
                            (rising edge-triggered cell FDRE clocked by clk_out1_clk_wiz_0  {rise@0.000ns fall@6.667ns period=13.333ns})
  Path Group:             clk_out1_clk_wiz_0
  Path Type:              Setup (Max at Slow Process Corner)
  Requirement:            13.333ns  (clk_out1_clk_wiz_0 rise@13.333ns - clk_out1_clk_wiz_0 rise@0.000ns)
  Data Path Delay:        12.976ns  (logic 5.002ns (38.549%)  route 7.974ns (61.451%))
  Logic Levels:           24  (CARRY4=13 LUT2=1 LUT4=3 LUT5=1 LUT6=5 RAMD32=1)
  Clock Path Skew:        -0.028ns (DCD - SCD + CPR)
    Destination Clock Delay (DCD):    -1.425ns = ( 11.908 - 13.333 ) 
    Source Clock Delay      (SCD):    -0.821ns
    Clock Pessimism Removal (CPR):    0.576ns
  Clock Uncertainty:      0.119ns  ((TSJ^2 + DJ^2)^1/2) / 2 + PE
    Total System Jitter     (TSJ):    0.071ns
    Discrete Jitter          (DJ):    0.226ns
    Phase Error              (PE):    0.000ns

    Location             Delay type                Incr(ns)  Path(ns)    Netlist Resource(s)
  -------------------------------------------------------------------    -------------------
                         (clock clk_out1_clk_wiz_0 rise edge)
                                                      0.000     0.000 r  
    E3                                                0.000     0.000 r  clk_100MHz (IN)
                         net (fo=0)                   0.000     0.000    clk_wiz_inst/inst/clk_in1
    E3                   IBUF (Prop_ibuf_I_O)         1.482     1.482 r  clk_wiz_inst/inst/clkin1_ibufg/O
                         net (fo=1, routed)           1.233     2.715    clk_wiz_inst/inst/clk_in1_clk_wiz_0
    MMCME2_ADV_X1Y2      MMCME2_ADV (Prop_mmcme2_adv_CLKIN1_CLKOUT0)
                                                     -7.070    -4.355 r  clk_wiz_inst/inst/mmcm_adv_inst/CLKOUT0
                         net (fo=1, routed)           1.719    -2.636    clk_wiz_inst/inst/clk_out1_clk_wiz_0
    BUFGCTRL_X0Y16       BUFG (Prop_bufg_I_O)         0.096    -2.540 r  clk_wiz_inst/inst/clkout1_buf/O
                         net (fo=152, routed)         1.719    -0.821    rvsingle/dp/pcreg/clk_out1
    SLICE_X78Y60         FDRE                                         r  rvsingle/dp/pcreg/qout_reg[7]/C
  -------------------------------------------------------------------    -------------------
    SLICE_X78Y60         FDRE (Prop_fdre_C_Q)         0.518    -0.303 r  rvsingle/dp/pcreg/qout_reg[7]/Q
                         net (fo=63, routed)          1.229     0.926    rvsingle/dp/pcreg/qout_reg[7]_0
    SLICE_X81Y58         LUT6 (Prop_lut6_I0_O)        0.124     1.050 r  rvsingle/dp/pcreg/Instr_OBUF[23]_inst_i_1/O
                         net (fo=34, routed)          0.937     1.986    rvsingle/dp/rf/Reg_File_Block_reg_r2_0_31_0_5/ADDRA3
    SLICE_X80Y57         RAMD32 (Prop_ramd32_RADR3_O)
                                                      0.150     2.136 r  rvsingle/dp/rf/Reg_File_Block_reg_r2_0_31_0_5/RAMA/O
                         net (fo=2, routed)           0.659     2.795    rvsingle/dp/pcreg/RD20[0]
    SLICE_X81Y56         LUT4 (Prop_lut4_I0_O)        0.328     3.123 r  rvsingle/dp/pcreg/Sum_carry_i_11/O
                         net (fo=12, routed)          0.455     3.578    rvsingle/dp/pcreg/SrcB[0]
    SLICE_X81Y58         LUT2 (Prop_lut2_I1_O)        0.124     3.702 r  rvsingle/dp/pcreg/Sum_carry_i_1/O
                         net (fo=1, routed)           0.613     4.315    rvsingle_n_87
    SLICE_X81Y59         CARRY4 (Prop_carry4_CYINIT_CO[3])
                                                      0.580     4.895 r  dp/alu/Sum_carry/CO[3]
                         net (fo=1, routed)           0.000     4.895    dp/alu/Sum_carry_n_0
    SLICE_X81Y60         CARRY4 (Prop_carry4_CI_CO[3])
                                                      0.114     5.009 r  dp/alu/Sum_carry__0/CO[3]
                         net (fo=1, routed)           0.000     5.009    dp/alu/Sum_carry__0_n_0
    SLICE_X81Y61         CARRY4 (Prop_carry4_CI_CO[3])
                                                      0.114     5.123 r  dp/alu/Sum_carry__1/CO[3]
                         net (fo=1, routed)           0.000     5.123    dp/alu/Sum_carry__1_n_0
    SLICE_X81Y62         CARRY4 (Prop_carry4_CI_CO[3])
                                                      0.114     5.237 r  dp/alu/Sum_carry__2/CO[3]
                         net (fo=1, routed)           0.000     5.237    dp/alu/Sum_carry__2_n_0
    SLICE_X81Y63         CARRY4 (Prop_carry4_CI_CO[3])
                                                      0.114     5.351 r  dp/alu/Sum_carry__3/CO[3]
                         net (fo=1, routed)           0.000     5.351    dp/alu/Sum_carry__3_n_0
    SLICE_X81Y64         CARRY4 (Prop_carry4_CI_CO[3])
                                                      0.114     5.465 r  dp/alu/Sum_carry__4/CO[3]
                         net (fo=1, routed)           0.000     5.465    dp/alu/Sum_carry__4_n_0
    SLICE_X81Y65         CARRY4 (Prop_carry4_CI_O[1])
                                                      0.334     5.799 f  dp/alu/Sum_carry__5/O[1]
                         net (fo=1, routed)           0.548     6.347    rvsingle/dp/pcreg/Reg_File_Block_reg_r1_0_31_24_29_i_19_0[25]
    SLICE_X81Y67         LUT6 (Prop_lut6_I5_O)        0.303     6.650 f  rvsingle/dp/pcreg/Reg_File_Block_reg_r1_0_31_24_29_i_32/O
                         net (fo=1, routed)           0.729     7.380    rvsingle/dp/pcreg/Reg_File_Block_reg_r1_0_31_24_29_i_32_n_0
    SLICE_X76Y66         LUT6 (Prop_lut6_I3_O)        0.124     7.504 f  rvsingle/dp/pcreg/Reg_File_Block_reg_r1_0_31_24_29_i_13/O
                         net (fo=1, routed)           0.618     8.121    rvsingle/dp/pcreg/Reg_File_Block_reg_r1_0_31_24_29_i_13_n_0
    SLICE_X76Y66         LUT4 (Prop_lut4_I0_O)        0.124     8.245 f  rvsingle/dp/pcreg/Reg_File_Block_reg_r1_0_31_24_29_i_7/O
                         net (fo=2, routed)           0.912     9.157    rvsingle/dp/pcreg/DataAdr[25]
    SLICE_X77Y61         LUT4 (Prop_lut4_I3_O)        0.124     9.281 r  rvsingle/dp/pcreg/qout[0]_i_7/O
                         net (fo=1, routed)           0.264     9.546    rvsingle/dp/pcreg/qout[0]_i_7_n_0
    SLICE_X77Y61         LUT6 (Prop_lut6_I0_O)        0.124     9.670 r  rvsingle/dp/pcreg/qout[0]_i_4/O
                         net (fo=1, routed)           0.290     9.960    rvsingle/dp/pcreg/qout[0]_i_4_n_0
    SLICE_X77Y60         LUT5 (Prop_lut5_I0_O)        0.124    10.084 r  rvsingle/dp/pcreg/qout[0]_i_2/O
                         net (fo=33, routed)          0.366    10.449    rvsingle/dp/pcreg/c/BrBase__0
    SLICE_X77Y59         LUT6 (Prop_lut6_I2_O)        0.124    10.573 r  rvsingle/dp/pcreg/qout[1]_i_2/O
                         net (fo=1, routed)           0.355    10.928    rvsingle/dp/pcreg/qout[1]_i_2_n_0
    SLICE_X78Y59         CARRY4 (Prop_carry4_DI[1]_CO[3])
                                                      0.520    11.448 r  rvsingle/dp/pcreg/qout_reg[1]_i_1/CO[3]
                         net (fo=1, routed)           0.000    11.448    rvsingle/dp/pcreg/qout_reg[1]_i_1_n_0
    SLICE_X78Y60         CARRY4 (Prop_carry4_CI_CO[3])
                                                      0.117    11.565 r  rvsingle/dp/pcreg/qout_reg[5]_i_1/CO[3]
                         net (fo=1, routed)           0.000    11.565    rvsingle/dp/pcreg/qout_reg[5]_i_1_n_0
    SLICE_X78Y61         CARRY4 (Prop_carry4_CI_CO[3])
                                                      0.117    11.682 r  rvsingle/dp/pcreg/qout_reg[9]_i_1/CO[3]
                         net (fo=1, routed)           0.000    11.682    rvsingle/dp/pcreg/qout_reg[9]_i_1_n_0
    SLICE_X78Y62         CARRY4 (Prop_carry4_CI_CO[3])
                                                      0.117    11.799 r  rvsingle/dp/pcreg/qout_reg[13]_i_1/CO[3]
                         net (fo=1, routed)           0.000    11.799    rvsingle/dp/pcreg/qout_reg[13]_i_1_n_0
    SLICE_X78Y63         CARRY4 (Prop_carry4_CI_CO[3])
                                                      0.117    11.916 r  rvsingle/dp/pcreg/qout_reg[17]_i_1/CO[3]
                         net (fo=1, routed)           0.000    11.916    rvsingle/dp/pcreg/qout_reg[17]_i_1_n_0
    SLICE_X78Y64         CARRY4 (Prop_carry4_CI_O[2])
                                                      0.239    12.155 r  rvsingle/dp/pcreg/qout_reg[21]_i_1/O[2]
                         net (fo=1, routed)           0.000    12.155    rvsingle/dp/pcreg/qout_reg[21]_i_1_n_5
    SLICE_X78Y64         FDRE                                         r  rvsingle/dp/pcreg/qout_reg[23]/D
  -------------------------------------------------------------------    -------------------

                         (clock clk_out1_clk_wiz_0 rise edge)
                                                     13.333    13.333 r  
    E3                                                0.000    13.333 r  clk_100MHz (IN)
                         net (fo=0)                   0.000    13.333    clk_wiz_inst/inst/clk_in1
    E3                   IBUF (Prop_ibuf_I_O)         1.411    14.745 r  clk_wiz_inst/inst/clkin1_ibufg/O
                         net (fo=1, routed)           1.162    15.906    clk_wiz_inst/inst/clk_in1_clk_wiz_0
    MMCME2_ADV_X1Y2      MMCME2_ADV (Prop_mmcme2_adv_CLKIN1_CLKOUT0)
                                                     -7.324     8.583 r  clk_wiz_inst/inst/mmcm_adv_inst/CLKOUT0
                         net (fo=1, routed)           1.639    10.222    clk_wiz_inst/inst/clk_out1_clk_wiz_0
    BUFGCTRL_X0Y16       BUFG (Prop_bufg_I_O)         0.091    10.313 r  clk_wiz_inst/inst/clkout1_buf/O
                         net (fo=152, routed)         1.595    11.908    rvsingle/dp/pcreg/clk_out1
    SLICE_X78Y64         FDRE                                         r  rvsingle/dp/pcreg/qout_reg[23]/C
                         clock pessimism              0.576    12.485    
                         clock uncertainty           -0.119    12.366    
    SLICE_X78Y64         FDRE (Setup_fdre_C_D)        0.109    12.475    rvsingle/dp/pcreg/qout_reg[23]
  -------------------------------------------------------------------
                         required time                         12.475    
                         arrival time                         -12.155    
  -------------------------------------------------------------------
                         slack                                  0.320    





Min Delay Paths
--------------------------------------------------------------------------------------
Slack (MET) :             0.263ns  (arrival time - required time)
  Source:                 rvsingle/dp/pcreg/qout_reg[0]/C
                            (rising edge-triggered cell FDRE clocked by clk_out1_clk_wiz_0  {rise@0.000ns fall@6.667ns period=13.333ns})
  Destination:            rvsingle/dp/pcreg/qout_reg[0]/D
                            (rising edge-triggered cell FDRE clocked by clk_out1_clk_wiz_0  {rise@0.000ns fall@6.667ns period=13.333ns})
  Path Group:             clk_out1_clk_wiz_0
  Path Type:              Hold (Min at Fast Process Corner)
  Requirement:            0.000ns  (clk_out1_clk_wiz_0 rise@0.000ns - clk_out1_clk_wiz_0 rise@0.000ns)
  Data Path Delay:        0.354ns  (logic 0.186ns (52.498%)  route 0.168ns (47.502%))
  Logic Levels:           1  (LUT6=1)
  Clock Path Skew:        0.000ns (DCD - SCD - CPR)
    Destination Clock Delay (DCD):    -0.804ns
    Source Clock Delay      (SCD):    -0.568ns
    Clock Pessimism Removal (CPR):    -0.236ns

    Location             Delay type                Incr(ns)  Path(ns)    Netlist Resource(s)
  -------------------------------------------------------------------    -------------------
                         (clock clk_out1_clk_wiz_0 rise edge)
                                                      0.000     0.000 r  
    E3                                                0.000     0.000 r  clk_100MHz (IN)
                         net (fo=0)                   0.000     0.000    clk_wiz_inst/inst/clk_in1
    E3                   IBUF (Prop_ibuf_I_O)         0.250     0.250 r  clk_wiz_inst/inst/clkin1_ibufg/O
                         net (fo=1, routed)           0.440     0.690    clk_wiz_inst/inst/clk_in1_clk_wiz_0
    MMCME2_ADV_X1Y2      MMCME2_ADV (Prop_mmcme2_adv_CLKIN1_CLKOUT0)
                                                     -2.379    -1.689 r  clk_wiz_inst/inst/mmcm_adv_inst/CLKOUT0
                         net (fo=1, routed)           0.499    -1.190    clk_wiz_inst/inst/clk_out1_clk_wiz_0
    BUFGCTRL_X0Y16       BUFG (Prop_bufg_I_O)         0.026    -1.164 r  clk_wiz_inst/inst/clkout1_buf/O
                         net (fo=152, routed)         0.596    -0.568    rvsingle/dp/pcreg/clk_out1
    SLICE_X77Y59         FDRE                                         r  rvsingle/dp/pcreg/qout_reg[0]/C
  -------------------------------------------------------------------    -------------------
    SLICE_X77Y59         FDRE (Prop_fdre_C_Q)         0.141    -0.427 r  rvsingle/dp/pcreg/qout_reg[0]/Q
                         net (fo=5, routed)           0.168    -0.259    rvsingle/dp/pcreg/qout_reg[0]_0
    SLICE_X77Y59         LUT6 (Prop_lut6_I5_O)        0.045    -0.214 r  rvsingle/dp/pcreg/qout[0]_i_1/O
                         net (fo=1, routed)           0.000    -0.214    rvsingle/dp/pcreg/qout[0]_i_1_n_0
    SLICE_X77Y59         FDRE                                         r  rvsingle/dp/pcreg/qout_reg[0]/D
  -------------------------------------------------------------------    -------------------

                         (clock clk_out1_clk_wiz_0 rise edge)
                                                      0.000     0.000 r  
    E3                                                0.000     0.000 r  clk_100MHz (IN)
                         net (fo=0)                   0.000     0.000    clk_wiz_inst/inst/clk_in1
    E3                   IBUF (Prop_ibuf_I_O)         0.438     0.438 r  clk_wiz_inst/inst/clkin1_ibufg/O
                         net (fo=1, routed)           0.480     0.918    clk_wiz_inst/inst/clk_in1_clk_wiz_0
    MMCME2_ADV_X1Y2      MMCME2_ADV (Prop_mmcme2_adv_CLKIN1_CLKOUT0)
                                                     -3.163    -2.245 r  clk_wiz_inst/inst/mmcm_adv_inst/CLKOUT0
                         net (fo=1, routed)           0.544    -1.702    clk_wiz_inst/inst/clk_out1_clk_wiz_0
    BUFGCTRL_X0Y16       BUFG (Prop_bufg_I_O)         0.029    -1.673 r  clk_wiz_inst/inst/clkout1_buf/O
                         net (fo=152, routed)         0.869    -0.804    rvsingle/dp/pcreg/clk_out1
    SLICE_X77Y59         FDRE                                         r  rvsingle/dp/pcreg/qout_reg[0]/C
                         clock pessimism              0.236    -0.568    
    SLICE_X77Y59         FDRE (Hold_fdre_C_D)         0.091    -0.477    rvsingle/dp/pcreg/qout_reg[0]
  -------------------------------------------------------------------
                         required time                          0.477    
                         arrival time                          -0.214    
  -------------------------------------------------------------------
                         slack                                  0.263    

Slack (MET) :             0.288ns  (arrival time - required time)
  Source:                 rvsingle/dp/pcreg/qout_reg[20]/C
                            (rising edge-triggered cell FDRE clocked by clk_out1_clk_wiz_0  {rise@0.000ns fall@6.667ns period=13.333ns})
  Destination:            rvsingle/dp/pcreg/qout_reg[20]/D
                            (rising edge-triggered cell FDRE clocked by clk_out1_clk_wiz_0  {rise@0.000ns fall@6.667ns period=13.333ns})
  Path Group:             clk_out1_clk_wiz_0
  Path Type:              Hold (Min at Fast Process Corner)
  Requirement:            0.000ns  (clk_out1_clk_wiz_0 rise@0.000ns - clk_out1_clk_wiz_0 rise@0.000ns)
  Data Path Delay:        0.422ns  (logic 0.273ns (64.655%)  route 0.149ns (35.345%))
  Logic Levels:           2  (CARRY4=1 LUT6=1)
  Clock Path Skew:        0.000ns (DCD - SCD - CPR)
    Destination Clock Delay (DCD):    -0.806ns
    Source Clock Delay      (SCD):    -0.568ns
    Clock Pessimism Removal (CPR):    -0.238ns

    Location             Delay type                Incr(ns)  Path(ns)    Netlist Resource(s)
  -------------------------------------------------------------------    -------------------
                         (clock clk_out1_clk_wiz_0 rise edge)
                                                      0.000     0.000 r  
    E3                                                0.000     0.000 r  clk_100MHz (IN)
                         net (fo=0)                   0.000     0.000    clk_wiz_inst/inst/clk_in1
    E3                   IBUF (Prop_ibuf_I_O)         0.250     0.250 r  clk_wiz_inst/inst/clkin1_ibufg/O
                         net (fo=1, routed)           0.440     0.690    clk_wiz_inst/inst/clk_in1_clk_wiz_0
    MMCME2_ADV_X1Y2      MMCME2_ADV (Prop_mmcme2_adv_CLKIN1_CLKOUT0)
                                                     -2.379    -1.689 r  clk_wiz_inst/inst/mmcm_adv_inst/CLKOUT0
                         net (fo=1, routed)           0.499    -1.190    clk_wiz_inst/inst/clk_out1_clk_wiz_0
    BUFGCTRL_X0Y16       BUFG (Prop_bufg_I_O)         0.026    -1.164 r  clk_wiz_inst/inst/clkout1_buf/O
                         net (fo=152, routed)         0.596    -0.568    rvsingle/dp/pcreg/clk_out1
    SLICE_X78Y63         FDRE                                         r  rvsingle/dp/pcreg/qout_reg[20]/C
  -------------------------------------------------------------------    -------------------
    SLICE_X78Y63         FDRE (Prop_fdre_C_Q)         0.164    -0.404 r  rvsingle/dp/pcreg/qout_reg[20]/Q
                         net (fo=4, routed)           0.149    -0.255    rvsingle/dp/pcreg/qout_reg[20]_0[0]
    SLICE_X78Y63         LUT6 (Prop_lut6_I5_O)        0.045    -0.210 r  rvsingle/dp/pcreg/qout[17]_i_2/O
                         net (fo=1, routed)           0.000    -0.210    rvsingle/dp/pcreg/qout[17]_i_2_n_0
    SLICE_X78Y63         CARRY4 (Prop_carry4_S[3]_O[3])
                                                      0.064    -0.146 r  rvsingle/dp/pcreg/qout_reg[17]_i_1/O[3]
                         net (fo=1, routed)           0.000    -0.146    rvsingle/dp/pcreg/qout_reg[17]_i_1_n_4
    SLICE_X78Y63         FDRE                                         r  rvsingle/dp/pcreg/qout_reg[20]/D
  -------------------------------------------------------------------    -------------------

                         (clock clk_out1_clk_wiz_0 rise edge)
                                                      0.000     0.000 r  
    E3                                                0.000     0.000 r  clk_100MHz (IN)
                         net (fo=0)                   0.000     0.000    clk_wiz_inst/inst/clk_in1
    E3                   IBUF (Prop_ibuf_I_O)         0.438     0.438 r  clk_wiz_inst/inst/clkin1_ibufg/O
                         net (fo=1, routed)           0.480     0.918    clk_wiz_inst/inst/clk_in1_clk_wiz_0
    MMCME2_ADV_X1Y2      MMCME2_ADV (Prop_mmcme2_adv_CLKIN1_CLKOUT0)
                                                     -3.163    -2.245 r  clk_wiz_inst/inst/mmcm_adv_inst/CLKOUT0
                         net (fo=1, routed)           0.544    -1.702    clk_wiz_inst/inst/clk_out1_clk_wiz_0
    BUFGCTRL_X0Y16       BUFG (Prop_bufg_I_O)         0.029    -1.673 r  clk_wiz_inst/inst/clkout1_buf/O
                         net (fo=152, routed)         0.867    -0.806    rvsingle/dp/pcreg/clk_out1
    SLICE_X78Y63         FDRE                                         r  rvsingle/dp/pcreg/qout_reg[20]/C
                         clock pessimism              0.238    -0.568    
    SLICE_X78Y63         FDRE (Hold_fdre_C_D)         0.134    -0.434    rvsingle/dp/pcreg/qout_reg[20]
  -------------------------------------------------------------------
                         required time                          0.434    
                         arrival time                          -0.146    
  -------------------------------------------------------------------
                         slack                                  0.288    

Slack (MET) :             0.288ns  (arrival time - required time)
  Source:                 rvsingle/dp/pcreg/qout_reg[8]/C
                            (rising edge-triggered cell FDRE clocked by clk_out1_clk_wiz_0  {rise@0.000ns fall@6.667ns period=13.333ns})
  Destination:            rvsingle/dp/pcreg/qout_reg[8]/D
                            (rising edge-triggered cell FDRE clocked by clk_out1_clk_wiz_0  {rise@0.000ns fall@6.667ns period=13.333ns})
  Path Group:             clk_out1_clk_wiz_0
  Path Type:              Hold (Min at Fast Process Corner)
  Requirement:            0.000ns  (clk_out1_clk_wiz_0 rise@0.000ns - clk_out1_clk_wiz_0 rise@0.000ns)
  Data Path Delay:        0.422ns  (logic 0.273ns (64.655%)  route 0.149ns (35.345%))
  Logic Levels:           2  (CARRY4=1 LUT6=1)
  Clock Path Skew:        0.000ns (DCD - SCD - CPR)
    Destination Clock Delay (DCD):    -0.803ns
    Source Clock Delay      (SCD):    -0.566ns
    Clock Pessimism Removal (CPR):    -0.237ns

    Location             Delay type                Incr(ns)  Path(ns)    Netlist Resource(s)
  -------------------------------------------------------------------    -------------------
                         (clock clk_out1_clk_wiz_0 rise edge)
                                                      0.000     0.000 r  
    E3                                                0.000     0.000 r  clk_100MHz (IN)
                         net (fo=0)                   0.000     0.000    clk_wiz_inst/inst/clk_in1
    E3                   IBUF (Prop_ibuf_I_O)         0.250     0.250 r  clk_wiz_inst/inst/clkin1_ibufg/O
                         net (fo=1, routed)           0.440     0.690    clk_wiz_inst/inst/clk_in1_clk_wiz_0
    MMCME2_ADV_X1Y2      MMCME2_ADV (Prop_mmcme2_adv_CLKIN1_CLKOUT0)
                                                     -2.379    -1.689 r  clk_wiz_inst/inst/mmcm_adv_inst/CLKOUT0
                         net (fo=1, routed)           0.499    -1.190    clk_wiz_inst/inst/clk_out1_clk_wiz_0
    BUFGCTRL_X0Y16       BUFG (Prop_bufg_I_O)         0.026    -1.164 r  clk_wiz_inst/inst/clkout1_buf/O
                         net (fo=152, routed)         0.598    -0.566    rvsingle/dp/pcreg/clk_out1
    SLICE_X78Y60         FDRE                                         r  rvsingle/dp/pcreg/qout_reg[8]/C
  -------------------------------------------------------------------    -------------------
    SLICE_X78Y60         FDRE (Prop_fdre_C_Q)         0.164    -0.402 r  rvsingle/dp/pcreg/qout_reg[8]/Q
                         net (fo=5, routed)           0.149    -0.253    rvsingle/dp/pcreg/DI[0]
    SLICE_X78Y60         LUT6 (Prop_lut6_I5_O)        0.045    -0.208 r  rvsingle/dp/pcreg/qout[5]_i_2/O
                         net (fo=1, routed)           0.000    -0.208    rvsingle/dp/pcreg/qout[5]_i_2_n_0
    SLICE_X78Y60         CARRY4 (Prop_carry4_S[3]_O[3])
                                                      0.064    -0.144 r  rvsingle/dp/pcreg/qout_reg[5]_i_1/O[3]
                         net (fo=1, routed)           0.000    -0.144    rvsingle/dp/pcreg/qout_reg[5]_i_1_n_4
    SLICE_X78Y60         FDRE                                         r  rvsingle/dp/pcreg/qout_reg[8]/D
  -------------------------------------------------------------------    -------------------

                         (clock clk_out1_clk_wiz_0 rise edge)
                                                      0.000     0.000 r  
    E3                                                0.000     0.000 r  clk_100MHz (IN)
                         net (fo=0)                   0.000     0.000    clk_wiz_inst/inst/clk_in1
    E3                   IBUF (Prop_ibuf_I_O)         0.438     0.438 r  clk_wiz_inst/inst/clkin1_ibufg/O
                         net (fo=1, routed)           0.480     0.918    clk_wiz_inst/inst/clk_in1_clk_wiz_0
    MMCME2_ADV_X1Y2      MMCME2_ADV (Prop_mmcme2_adv_CLKIN1_CLKOUT0)
                                                     -3.163    -2.245 r  clk_wiz_inst/inst/mmcm_adv_inst/CLKOUT0
                         net (fo=1, routed)           0.544    -1.702    clk_wiz_inst/inst/clk_out1_clk_wiz_0
    BUFGCTRL_X0Y16       BUFG (Prop_bufg_I_O)         0.029    -1.673 r  clk_wiz_inst/inst/clkout1_buf/O
                         net (fo=152, routed)         0.870    -0.803    rvsingle/dp/pcreg/clk_out1
    SLICE_X78Y60         FDRE                                         r  rvsingle/dp/pcreg/qout_reg[8]/C
                         clock pessimism              0.237    -0.566    
    SLICE_X78Y60         FDRE (Hold_fdre_C_D)         0.134    -0.432    rvsingle/dp/pcreg/qout_reg[8]
  -------------------------------------------------------------------
                         required time                          0.432    
                         arrival time                          -0.144    
  -------------------------------------------------------------------
                         slack                                  0.288    

Slack (MET) :             0.300ns  (arrival time - required time)
  Source:                 rvsingle/dp/pcreg/qout_reg[12]/C
                            (rising edge-triggered cell FDRE clocked by clk_out1_clk_wiz_0  {rise@0.000ns fall@6.667ns period=13.333ns})
  Destination:            rvsingle/dp/pcreg/qout_reg[12]/D
                            (rising edge-triggered cell FDRE clocked by clk_out1_clk_wiz_0  {rise@0.000ns fall@6.667ns period=13.333ns})
  Path Group:             clk_out1_clk_wiz_0
  Path Type:              Hold (Min at Fast Process Corner)
  Requirement:            0.000ns  (clk_out1_clk_wiz_0 rise@0.000ns - clk_out1_clk_wiz_0 rise@0.000ns)
  Data Path Delay:        0.434ns  (logic 0.273ns (62.840%)  route 0.161ns (37.160%))
  Logic Levels:           2  (CARRY4=1 LUT6=1)
  Clock Path Skew:        0.000ns (DCD - SCD - CPR)
    Destination Clock Delay (DCD):    -0.803ns
    Source Clock Delay      (SCD):    -0.566ns
    Clock Pessimism Removal (CPR):    -0.237ns

    Location             Delay type                Incr(ns)  Path(ns)    Netlist Resource(s)
  -------------------------------------------------------------------    -------------------
                         (clock clk_out1_clk_wiz_0 rise edge)
                                                      0.000     0.000 r  
    E3                                                0.000     0.000 r  clk_100MHz (IN)
                         net (fo=0)                   0.000     0.000    clk_wiz_inst/inst/clk_in1
    E3                   IBUF (Prop_ibuf_I_O)         0.250     0.250 r  clk_wiz_inst/inst/clkin1_ibufg/O
                         net (fo=1, routed)           0.440     0.690    clk_wiz_inst/inst/clk_in1_clk_wiz_0
    MMCME2_ADV_X1Y2      MMCME2_ADV (Prop_mmcme2_adv_CLKIN1_CLKOUT0)
                                                     -2.379    -1.689 r  clk_wiz_inst/inst/mmcm_adv_inst/CLKOUT0
                         net (fo=1, routed)           0.499    -1.190    clk_wiz_inst/inst/clk_out1_clk_wiz_0
    BUFGCTRL_X0Y16       BUFG (Prop_bufg_I_O)         0.026    -1.164 r  clk_wiz_inst/inst/clkout1_buf/O
                         net (fo=152, routed)         0.598    -0.566    rvsingle/dp/pcreg/clk_out1
    SLICE_X78Y61         FDRE                                         r  rvsingle/dp/pcreg/qout_reg[12]/C
  -------------------------------------------------------------------    -------------------
    SLICE_X78Y61         FDRE (Prop_fdre_C_Q)         0.164    -0.402 r  rvsingle/dp/pcreg/qout_reg[12]/Q
                         net (fo=5, routed)           0.161    -0.241    rvsingle/dp/pcreg/qout_reg[15]_0[0]
    SLICE_X78Y61         LUT6 (Prop_lut6_I5_O)        0.045    -0.196 r  rvsingle/dp/pcreg/qout[9]_i_2/O
                         net (fo=1, routed)           0.000    -0.196    rvsingle/dp/pcreg/qout[9]_i_2_n_0
    SLICE_X78Y61         CARRY4 (Prop_carry4_S[3]_O[3])
                                                      0.064    -0.132 r  rvsingle/dp/pcreg/qout_reg[9]_i_1/O[3]
                         net (fo=1, routed)           0.000    -0.132    rvsingle/dp/pcreg/qout_reg[9]_i_1_n_4
    SLICE_X78Y61         FDRE                                         r  rvsingle/dp/pcreg/qout_reg[12]/D
  -------------------------------------------------------------------    -------------------

                         (clock clk_out1_clk_wiz_0 rise edge)
                                                      0.000     0.000 r  
    E3                                                0.000     0.000 r  clk_100MHz (IN)
                         net (fo=0)                   0.000     0.000    clk_wiz_inst/inst/clk_in1
    E3                   IBUF (Prop_ibuf_I_O)         0.438     0.438 r  clk_wiz_inst/inst/clkin1_ibufg/O
                         net (fo=1, routed)           0.480     0.918    clk_wiz_inst/inst/clk_in1_clk_wiz_0
    MMCME2_ADV_X1Y2      MMCME2_ADV (Prop_mmcme2_adv_CLKIN1_CLKOUT0)
                                                     -3.163    -2.245 r  clk_wiz_inst/inst/mmcm_adv_inst/CLKOUT0
                         net (fo=1, routed)           0.544    -1.702    clk_wiz_inst/inst/clk_out1_clk_wiz_0
    BUFGCTRL_X0Y16       BUFG (Prop_bufg_I_O)         0.029    -1.673 r  clk_wiz_inst/inst/clkout1_buf/O
                         net (fo=152, routed)         0.870    -0.803    rvsingle/dp/pcreg/clk_out1
    SLICE_X78Y61         FDRE                                         r  rvsingle/dp/pcreg/qout_reg[12]/C
                         clock pessimism              0.237    -0.566    
    SLICE_X78Y61         FDRE (Hold_fdre_C_D)         0.134    -0.432    rvsingle/dp/pcreg/qout_reg[12]
  -------------------------------------------------------------------
                         required time                          0.432    
                         arrival time                          -0.132    
  -------------------------------------------------------------------
                         slack                                  0.300    

Slack (MET) :             0.302ns  (arrival time - required time)
  Source:                 rvsingle/dp/pcreg/qout_reg[24]/C
                            (rising edge-triggered cell FDRE clocked by clk_out1_clk_wiz_0  {rise@0.000ns fall@6.667ns period=13.333ns})
  Destination:            rvsingle/dp/pcreg/qout_reg[24]/D
                            (rising edge-triggered cell FDRE clocked by clk_out1_clk_wiz_0  {rise@0.000ns fall@6.667ns period=13.333ns})
  Path Group:             clk_out1_clk_wiz_0
  Path Type:              Hold (Min at Fast Process Corner)
  Requirement:            0.000ns  (clk_out1_clk_wiz_0 rise@0.000ns - clk_out1_clk_wiz_0 rise@0.000ns)
  Data Path Delay:        0.436ns  (logic 0.273ns (62.647%)  route 0.163ns (37.353%))
  Logic Levels:           2  (CARRY4=1 LUT6=1)
  Clock Path Skew:        0.000ns (DCD - SCD - CPR)
    Destination Clock Delay (DCD):    -0.806ns
    Source Clock Delay      (SCD):    -0.568ns
    Clock Pessimism Removal (CPR):    -0.238ns

    Location             Delay type                Incr(ns)  Path(ns)    Netlist Resource(s)
  -------------------------------------------------------------------    -------------------
                         (clock clk_out1_clk_wiz_0 rise edge)
                                                      0.000     0.000 r  
    E3                                                0.000     0.000 r  clk_100MHz (IN)
                         net (fo=0)                   0.000     0.000    clk_wiz_inst/inst/clk_in1
    E3                   IBUF (Prop_ibuf_I_O)         0.250     0.250 r  clk_wiz_inst/inst/clkin1_ibufg/O
                         net (fo=1, routed)           0.440     0.690    clk_wiz_inst/inst/clk_in1_clk_wiz_0
    MMCME2_ADV_X1Y2      MMCME2_ADV (Prop_mmcme2_adv_CLKIN1_CLKOUT0)
                                                     -2.379    -1.689 r  clk_wiz_inst/inst/mmcm_adv_inst/CLKOUT0
                         net (fo=1, routed)           0.499    -1.190    clk_wiz_inst/inst/clk_out1_clk_wiz_0
    BUFGCTRL_X0Y16       BUFG (Prop_bufg_I_O)         0.026    -1.164 r  clk_wiz_inst/inst/clkout1_buf/O
                         net (fo=152, routed)         0.596    -0.568    rvsingle/dp/pcreg/clk_out1
    SLICE_X78Y64         FDRE                                         r  rvsingle/dp/pcreg/qout_reg[24]/C
  -------------------------------------------------------------------    -------------------
    SLICE_X78Y64         FDRE (Prop_fdre_C_Q)         0.164    -0.404 r  rvsingle/dp/pcreg/qout_reg[24]/Q
                         net (fo=6, routed)           0.163    -0.241    rvsingle/dp/pcreg/qout_reg[24]_0
    SLICE_X78Y64         LUT6 (Prop_lut6_I5_O)        0.045    -0.196 r  rvsingle/dp/pcreg/qout[21]_i_2/O
                         net (fo=1, routed)           0.000    -0.196    rvsingle/dp/pcreg/qout[21]_i_2_n_0
    SLICE_X78Y64         CARRY4 (Prop_carry4_S[3]_O[3])
                                                      0.064    -0.132 r  rvsingle/dp/pcreg/qout_reg[21]_i_1/O[3]
                         net (fo=1, routed)           0.000    -0.132    rvsingle/dp/pcreg/qout_reg[21]_i_1_n_4
    SLICE_X78Y64         FDRE                                         r  rvsingle/dp/pcreg/qout_reg[24]/D
  -------------------------------------------------------------------    -------------------

                         (clock clk_out1_clk_wiz_0 rise edge)
                                                      0.000     0.000 r  
    E3                                                0.000     0.000 r  clk_100MHz (IN)
                         net (fo=0)                   0.000     0.000    clk_wiz_inst/inst/clk_in1
    E3                   IBUF (Prop_ibuf_I_O)         0.438     0.438 r  clk_wiz_inst/inst/clkin1_ibufg/O
                         net (fo=1, routed)           0.480     0.918    clk_wiz_inst/inst/clk_in1_clk_wiz_0
    MMCME2_ADV_X1Y2      MMCME2_ADV (Prop_mmcme2_adv_CLKIN1_CLKOUT0)
                                                     -3.163    -2.245 r  clk_wiz_inst/inst/mmcm_adv_inst/CLKOUT0
                         net (fo=1, routed)           0.544    -1.702    clk_wiz_inst/inst/clk_out1_clk_wiz_0
    BUFGCTRL_X0Y16       BUFG (Prop_bufg_I_O)         0.029    -1.673 r  clk_wiz_inst/inst/clkout1_buf/O
                         net (fo=152, routed)         0.867    -0.806    rvsingle/dp/pcreg/clk_out1
    SLICE_X78Y64         FDRE                                         r  rvsingle/dp/pcreg/qout_reg[24]/C
                         clock pessimism              0.238    -0.568    
    SLICE_X78Y64         FDRE (Hold_fdre_C_D)         0.134    -0.434    rvsingle/dp/pcreg/qout_reg[24]
  -------------------------------------------------------------------
                         required time                          0.434    
                         arrival time                          -0.132    
  -------------------------------------------------------------------
                         slack                                  0.302    

Slack (MET) :             0.302ns  (arrival time - required time)
  Source:                 rvsingle/dp/pcreg/qout_reg[28]/C
                            (rising edge-triggered cell FDRE clocked by clk_out1_clk_wiz_0  {rise@0.000ns fall@6.667ns period=13.333ns})
  Destination:            rvsingle/dp/pcreg/qout_reg[28]/D
                            (rising edge-triggered cell FDRE clocked by clk_out1_clk_wiz_0  {rise@0.000ns fall@6.667ns period=13.333ns})
  Path Group:             clk_out1_clk_wiz_0
  Path Type:              Hold (Min at Fast Process Corner)
  Requirement:            0.000ns  (clk_out1_clk_wiz_0 rise@0.000ns - clk_out1_clk_wiz_0 rise@0.000ns)
  Data Path Delay:        0.436ns  (logic 0.273ns (62.647%)  route 0.163ns (37.353%))
  Logic Levels:           2  (CARRY4=1 LUT6=1)
  Clock Path Skew:        0.000ns (DCD - SCD - CPR)
    Destination Clock Delay (DCD):    -0.807ns
    Source Clock Delay      (SCD):    -0.568ns
    Clock Pessimism Removal (CPR):    -0.239ns

    Location             Delay type                Incr(ns)  Path(ns)    Netlist Resource(s)
  -------------------------------------------------------------------    -------------------
                         (clock clk_out1_clk_wiz_0 rise edge)
                                                      0.000     0.000 r  
    E3                                                0.000     0.000 r  clk_100MHz (IN)
                         net (fo=0)                   0.000     0.000    clk_wiz_inst/inst/clk_in1
    E3                   IBUF (Prop_ibuf_I_O)         0.250     0.250 r  clk_wiz_inst/inst/clkin1_ibufg/O
                         net (fo=1, routed)           0.440     0.690    clk_wiz_inst/inst/clk_in1_clk_wiz_0
    MMCME2_ADV_X1Y2      MMCME2_ADV (Prop_mmcme2_adv_CLKIN1_CLKOUT0)
                                                     -2.379    -1.689 r  clk_wiz_inst/inst/mmcm_adv_inst/CLKOUT0
                         net (fo=1, routed)           0.499    -1.190    clk_wiz_inst/inst/clk_out1_clk_wiz_0
    BUFGCTRL_X0Y16       BUFG (Prop_bufg_I_O)         0.026    -1.164 r  clk_wiz_inst/inst/clkout1_buf/O
                         net (fo=152, routed)         0.596    -0.568    rvsingle/dp/pcreg/clk_out1
    SLICE_X78Y65         FDRE                                         r  rvsingle/dp/pcreg/qout_reg[28]/C
  -------------------------------------------------------------------    -------------------
    SLICE_X78Y65         FDRE (Prop_fdre_C_Q)         0.164    -0.404 r  rvsingle/dp/pcreg/qout_reg[28]/Q
                         net (fo=6, routed)           0.163    -0.241    rvsingle/dp/pcreg/qout_reg[28]_0
    SLICE_X78Y65         LUT6 (Prop_lut6_I5_O)        0.045    -0.196 r  rvsingle/dp/pcreg/qout[25]_i_2/O
                         net (fo=1, routed)           0.000    -0.196    rvsingle/dp/pcreg/qout[25]_i_2_n_0
    SLICE_X78Y65         CARRY4 (Prop_carry4_S[3]_O[3])
                                                      0.064    -0.132 r  rvsingle/dp/pcreg/qout_reg[25]_i_1/O[3]
                         net (fo=1, routed)           0.000    -0.132    rvsingle/dp/pcreg/qout_reg[25]_i_1_n_4
    SLICE_X78Y65         FDRE                                         r  rvsingle/dp/pcreg/qout_reg[28]/D
  -------------------------------------------------------------------    -------------------

                         (clock clk_out1_clk_wiz_0 rise edge)
                                                      0.000     0.000 r  
    E3                                                0.000     0.000 r  clk_100MHz (IN)
                         net (fo=0)                   0.000     0.000    clk_wiz_inst/inst/clk_in1
    E3                   IBUF (Prop_ibuf_I_O)         0.438     0.438 r  clk_wiz_inst/inst/clkin1_ibufg/O
                         net (fo=1, routed)           0.480     0.918    clk_wiz_inst/inst/clk_in1_clk_wiz_0
    MMCME2_ADV_X1Y2      MMCME2_ADV (Prop_mmcme2_adv_CLKIN1_CLKOUT0)
                                                     -3.163    -2.245 r  clk_wiz_inst/inst/mmcm_adv_inst/CLKOUT0
                         net (fo=1, routed)           0.544    -1.702    clk_wiz_inst/inst/clk_out1_clk_wiz_0
    BUFGCTRL_X0Y16       BUFG (Prop_bufg_I_O)         0.029    -1.673 r  clk_wiz_inst/inst/clkout1_buf/O
                         net (fo=152, routed)         0.866    -0.807    rvsingle/dp/pcreg/clk_out1
    SLICE_X78Y65         FDRE                                         r  rvsingle/dp/pcreg/qout_reg[28]/C
                         clock pessimism              0.239    -0.568    
    SLICE_X78Y65         FDRE (Hold_fdre_C_D)         0.134    -0.434    rvsingle/dp/pcreg/qout_reg[28]
  -------------------------------------------------------------------
                         required time                          0.434    
                         arrival time                          -0.132    
  -------------------------------------------------------------------
                         slack                                  0.302    

Slack (MET) :             0.344ns  (arrival time - required time)
  Source:                 rvsingle/dp/pcreg/qout_reg[29]/C
                            (rising edge-triggered cell FDRE clocked by clk_out1_clk_wiz_0  {rise@0.000ns fall@6.667ns period=13.333ns})
  Destination:            rvsingle/dp/pcreg/qout_reg[29]/D
                            (rising edge-triggered cell FDRE clocked by clk_out1_clk_wiz_0  {rise@0.000ns fall@6.667ns period=13.333ns})
  Path Group:             clk_out1_clk_wiz_0
  Path Type:              Hold (Min at Fast Process Corner)
  Requirement:            0.000ns  (clk_out1_clk_wiz_0 rise@0.000ns - clk_out1_clk_wiz_0 rise@0.000ns)
  Data Path Delay:        0.478ns  (logic 0.279ns (58.386%)  route 0.199ns (41.614%))
  Logic Levels:           2  (CARRY4=1 LUT6=1)
  Clock Path Skew:        0.000ns (DCD - SCD - CPR)
    Destination Clock Delay (DCD):    -0.808ns
    Source Clock Delay      (SCD):    -0.569ns
    Clock Pessimism Removal (CPR):    -0.239ns

    Location             Delay type                Incr(ns)  Path(ns)    Netlist Resource(s)
  -------------------------------------------------------------------    -------------------
                         (clock clk_out1_clk_wiz_0 rise edge)
                                                      0.000     0.000 r  
    E3                                                0.000     0.000 r  clk_100MHz (IN)
                         net (fo=0)                   0.000     0.000    clk_wiz_inst/inst/clk_in1
    E3                   IBUF (Prop_ibuf_I_O)         0.250     0.250 r  clk_wiz_inst/inst/clkin1_ibufg/O
                         net (fo=1, routed)           0.440     0.690    clk_wiz_inst/inst/clk_in1_clk_wiz_0
    MMCME2_ADV_X1Y2      MMCME2_ADV (Prop_mmcme2_adv_CLKIN1_CLKOUT0)
                                                     -2.379    -1.689 r  clk_wiz_inst/inst/mmcm_adv_inst/CLKOUT0
                         net (fo=1, routed)           0.499    -1.190    clk_wiz_inst/inst/clk_out1_clk_wiz_0
    BUFGCTRL_X0Y16       BUFG (Prop_bufg_I_O)         0.026    -1.164 r  clk_wiz_inst/inst/clkout1_buf/O
                         net (fo=152, routed)         0.595    -0.569    rvsingle/dp/pcreg/clk_out1
    SLICE_X78Y66         FDRE                                         r  rvsingle/dp/pcreg/qout_reg[29]/C
  -------------------------------------------------------------------    -------------------
    SLICE_X78Y66         FDRE (Prop_fdre_C_Q)         0.164    -0.405 r  rvsingle/dp/pcreg/qout_reg[29]/Q
                         net (fo=6, routed)           0.199    -0.206    rvsingle/dp/pcreg/qout_reg[31]_0[0]
    SLICE_X78Y66         LUT6 (Prop_lut6_I5_O)        0.045    -0.161 r  rvsingle/dp/pcreg/qout[29]_i_4/O
                         net (fo=1, routed)           0.000    -0.161    rvsingle/dp/pcreg/qout[29]_i_4_n_0
    SLICE_X78Y66         CARRY4 (Prop_carry4_S[0]_O[0])
                                                      0.070    -0.091 r  rvsingle/dp/pcreg/qout_reg[29]_i_1/O[0]
                         net (fo=1, routed)           0.000    -0.091    rvsingle/dp/pcreg/qout_reg[29]_i_1_n_7
    SLICE_X78Y66         FDRE                                         r  rvsingle/dp/pcreg/qout_reg[29]/D
  -------------------------------------------------------------------    -------------------

                         (clock clk_out1_clk_wiz_0 rise edge)
                                                      0.000     0.000 r  
    E3                                                0.000     0.000 r  clk_100MHz (IN)
                         net (fo=0)                   0.000     0.000    clk_wiz_inst/inst/clk_in1
    E3                   IBUF (Prop_ibuf_I_O)         0.438     0.438 r  clk_wiz_inst/inst/clkin1_ibufg/O
                         net (fo=1, routed)           0.480     0.918    clk_wiz_inst/inst/clk_in1_clk_wiz_0
    MMCME2_ADV_X1Y2      MMCME2_ADV (Prop_mmcme2_adv_CLKIN1_CLKOUT0)
                                                     -3.163    -2.245 r  clk_wiz_inst/inst/mmcm_adv_inst/CLKOUT0
                         net (fo=1, routed)           0.544    -1.702    clk_wiz_inst/inst/clk_out1_clk_wiz_0
    BUFGCTRL_X0Y16       BUFG (Prop_bufg_I_O)         0.029    -1.673 r  clk_wiz_inst/inst/clkout1_buf/O
                         net (fo=152, routed)         0.865    -0.808    rvsingle/dp/pcreg/clk_out1
    SLICE_X78Y66         FDRE                                         r  rvsingle/dp/pcreg/qout_reg[29]/C
                         clock pessimism              0.239    -0.569    
    SLICE_X78Y66         FDRE (Hold_fdre_C_D)         0.134    -0.435    rvsingle/dp/pcreg/qout_reg[29]
  -------------------------------------------------------------------
                         required time                          0.435    
                         arrival time                          -0.091    
  -------------------------------------------------------------------
                         slack                                  0.344    

Slack (MET) :             0.345ns  (arrival time - required time)
  Source:                 rvsingle/dp/pcreg/qout_reg[9]/C
                            (rising edge-triggered cell FDRE clocked by clk_out1_clk_wiz_0  {rise@0.000ns fall@6.667ns period=13.333ns})
  Destination:            rvsingle/dp/pcreg/qout_reg[9]/D
                            (rising edge-triggered cell FDRE clocked by clk_out1_clk_wiz_0  {rise@0.000ns fall@6.667ns period=13.333ns})
  Path Group:             clk_out1_clk_wiz_0
  Path Type:              Hold (Min at Fast Process Corner)
  Requirement:            0.000ns  (clk_out1_clk_wiz_0 rise@0.000ns - clk_out1_clk_wiz_0 rise@0.000ns)
  Data Path Delay:        0.479ns  (logic 0.279ns (58.261%)  route 0.200ns (41.739%))
  Logic Levels:           2  (CARRY4=1 LUT6=1)
  Clock Path Skew:        0.000ns (DCD - SCD - CPR)
    Destination Clock Delay (DCD):    -0.803ns
    Source Clock Delay      (SCD):    -0.566ns
    Clock Pessimism Removal (CPR):    -0.237ns

    Location             Delay type                Incr(ns)  Path(ns)    Netlist Resource(s)
  -------------------------------------------------------------------    -------------------
                         (clock clk_out1_clk_wiz_0 rise edge)
                                                      0.000     0.000 r  
    E3                                                0.000     0.000 r  clk_100MHz (IN)
                         net (fo=0)                   0.000     0.000    clk_wiz_inst/inst/clk_in1
    E3                   IBUF (Prop_ibuf_I_O)         0.250     0.250 r  clk_wiz_inst/inst/clkin1_ibufg/O
                         net (fo=1, routed)           0.440     0.690    clk_wiz_inst/inst/clk_in1_clk_wiz_0
    MMCME2_ADV_X1Y2      MMCME2_ADV (Prop_mmcme2_adv_CLKIN1_CLKOUT0)
                                                     -2.379    -1.689 r  clk_wiz_inst/inst/mmcm_adv_inst/CLKOUT0
                         net (fo=1, routed)           0.499    -1.190    clk_wiz_inst/inst/clk_out1_clk_wiz_0
    BUFGCTRL_X0Y16       BUFG (Prop_bufg_I_O)         0.026    -1.164 r  clk_wiz_inst/inst/clkout1_buf/O
                         net (fo=152, routed)         0.598    -0.566    rvsingle/dp/pcreg/clk_out1
    SLICE_X78Y61         FDRE                                         r  rvsingle/dp/pcreg/qout_reg[9]/C
  -------------------------------------------------------------------    -------------------
    SLICE_X78Y61         FDRE (Prop_fdre_C_Q)         0.164    -0.402 r  rvsingle/dp/pcreg/qout_reg[9]/Q
                         net (fo=5, routed)           0.200    -0.202    rvsingle/dp/pcreg/DI[1]
    SLICE_X78Y61         LUT6 (Prop_lut6_I5_O)        0.045    -0.157 r  rvsingle/dp/pcreg/qout[9]_i_5/O
                         net (fo=1, routed)           0.000    -0.157    rvsingle/dp/pcreg/qout[9]_i_5_n_0
    SLICE_X78Y61         CARRY4 (Prop_carry4_S[0]_O[0])
                                                      0.070    -0.087 r  rvsingle/dp/pcreg/qout_reg[9]_i_1/O[0]
                         net (fo=1, routed)           0.000    -0.087    rvsingle/dp/pcreg/qout_reg[9]_i_1_n_7
    SLICE_X78Y61         FDRE                                         r  rvsingle/dp/pcreg/qout_reg[9]/D
  -------------------------------------------------------------------    -------------------

                         (clock clk_out1_clk_wiz_0 rise edge)
                                                      0.000     0.000 r  
    E3                                                0.000     0.000 r  clk_100MHz (IN)
                         net (fo=0)                   0.000     0.000    clk_wiz_inst/inst/clk_in1
    E3                   IBUF (Prop_ibuf_I_O)         0.438     0.438 r  clk_wiz_inst/inst/clkin1_ibufg/O
                         net (fo=1, routed)           0.480     0.918    clk_wiz_inst/inst/clk_in1_clk_wiz_0
    MMCME2_ADV_X1Y2      MMCME2_ADV (Prop_mmcme2_adv_CLKIN1_CLKOUT0)
                                                     -3.163    -2.245 r  clk_wiz_inst/inst/mmcm_adv_inst/CLKOUT0
                         net (fo=1, routed)           0.544    -1.702    clk_wiz_inst/inst/clk_out1_clk_wiz_0
    BUFGCTRL_X0Y16       BUFG (Prop_bufg_I_O)         0.029    -1.673 r  clk_wiz_inst/inst/clkout1_buf/O
                         net (fo=152, routed)         0.870    -0.803    rvsingle/dp/pcreg/clk_out1
    SLICE_X78Y61         FDRE                                         r  rvsingle/dp/pcreg/qout_reg[9]/C
                         clock pessimism              0.237    -0.566    
    SLICE_X78Y61         FDRE (Hold_fdre_C_D)         0.134    -0.432    rvsingle/dp/pcreg/qout_reg[9]
  -------------------------------------------------------------------
                         required time                          0.432    
                         arrival time                          -0.087    
  -------------------------------------------------------------------
                         slack                                  0.345    

Slack (MET) :             0.356ns  (arrival time - required time)
  Source:                 rvsingle/dp/pcreg/qout_reg[25]/C
                            (rising edge-triggered cell FDRE clocked by clk_out1_clk_wiz_0  {rise@0.000ns fall@6.667ns period=13.333ns})
  Destination:            rvsingle/dp/pcreg/qout_reg[25]/D
                            (rising edge-triggered cell FDRE clocked by clk_out1_clk_wiz_0  {rise@0.000ns fall@6.667ns period=13.333ns})
  Path Group:             clk_out1_clk_wiz_0
  Path Type:              Hold (Min at Fast Process Corner)
  Requirement:            0.000ns  (clk_out1_clk_wiz_0 rise@0.000ns - clk_out1_clk_wiz_0 rise@0.000ns)
  Data Path Delay:        0.490ns  (logic 0.279ns (56.941%)  route 0.211ns (43.059%))
  Logic Levels:           2  (CARRY4=1 LUT6=1)
  Clock Path Skew:        0.000ns (DCD - SCD - CPR)
    Destination Clock Delay (DCD):    -0.807ns
    Source Clock Delay      (SCD):    -0.568ns
    Clock Pessimism Removal (CPR):    -0.239ns

    Location             Delay type                Incr(ns)  Path(ns)    Netlist Resource(s)
  -------------------------------------------------------------------    -------------------
                         (clock clk_out1_clk_wiz_0 rise edge)
                                                      0.000     0.000 r  
    E3                                                0.000     0.000 r  clk_100MHz (IN)
                         net (fo=0)                   0.000     0.000    clk_wiz_inst/inst/clk_in1
    E3                   IBUF (Prop_ibuf_I_O)         0.250     0.250 r  clk_wiz_inst/inst/clkin1_ibufg/O
                         net (fo=1, routed)           0.440     0.690    clk_wiz_inst/inst/clk_in1_clk_wiz_0
    MMCME2_ADV_X1Y2      MMCME2_ADV (Prop_mmcme2_adv_CLKIN1_CLKOUT0)
                                                     -2.379    -1.689 r  clk_wiz_inst/inst/mmcm_adv_inst/CLKOUT0
                         net (fo=1, routed)           0.499    -1.190    clk_wiz_inst/inst/clk_out1_clk_wiz_0
    BUFGCTRL_X0Y16       BUFG (Prop_bufg_I_O)         0.026    -1.164 r  clk_wiz_inst/inst/clkout1_buf/O
                         net (fo=152, routed)         0.596    -0.568    rvsingle/dp/pcreg/clk_out1
    SLICE_X78Y65         FDRE                                         r  rvsingle/dp/pcreg/qout_reg[25]/C
  -------------------------------------------------------------------    -------------------
    SLICE_X78Y65         FDRE (Prop_fdre_C_Q)         0.164    -0.404 r  rvsingle/dp/pcreg/qout_reg[25]/Q
                         net (fo=6, routed)           0.211    -0.193    rvsingle/dp/pcreg/qout_reg[25]_0
    SLICE_X78Y65         LUT6 (Prop_lut6_I5_O)        0.045    -0.148 r  rvsingle/dp/pcreg/qout[25]_i_5/O
                         net (fo=1, routed)           0.000    -0.148    rvsingle/dp/pcreg/qout[25]_i_5_n_0
    SLICE_X78Y65         CARRY4 (Prop_carry4_S[0]_O[0])
                                                      0.070    -0.078 r  rvsingle/dp/pcreg/qout_reg[25]_i_1/O[0]
                         net (fo=1, routed)           0.000    -0.078    rvsingle/dp/pcreg/qout_reg[25]_i_1_n_7
    SLICE_X78Y65         FDRE                                         r  rvsingle/dp/pcreg/qout_reg[25]/D
  -------------------------------------------------------------------    -------------------

                         (clock clk_out1_clk_wiz_0 rise edge)
                                                      0.000     0.000 r  
    E3                                                0.000     0.000 r  clk_100MHz (IN)
                         net (fo=0)                   0.000     0.000    clk_wiz_inst/inst/clk_in1
    E3                   IBUF (Prop_ibuf_I_O)         0.438     0.438 r  clk_wiz_inst/inst/clkin1_ibufg/O
                         net (fo=1, routed)           0.480     0.918    clk_wiz_inst/inst/clk_in1_clk_wiz_0
    MMCME2_ADV_X1Y2      MMCME2_ADV (Prop_mmcme2_adv_CLKIN1_CLKOUT0)
                                                     -3.163    -2.245 r  clk_wiz_inst/inst/mmcm_adv_inst/CLKOUT0
                         net (fo=1, routed)           0.544    -1.702    clk_wiz_inst/inst/clk_out1_clk_wiz_0
    BUFGCTRL_X0Y16       BUFG (Prop_bufg_I_O)         0.029    -1.673 r  clk_wiz_inst/inst/clkout1_buf/O
                         net (fo=152, routed)         0.866    -0.807    rvsingle/dp/pcreg/clk_out1
    SLICE_X78Y65         FDRE                                         r  rvsingle/dp/pcreg/qout_reg[25]/C
                         clock pessimism              0.239    -0.568    
    SLICE_X78Y65         FDRE (Hold_fdre_C_D)         0.134    -0.434    rvsingle/dp/pcreg/qout_reg[25]
  -------------------------------------------------------------------
                         required time                          0.434    
                         arrival time                          -0.078    
  -------------------------------------------------------------------
                         slack                                  0.356    

Slack (MET) :             0.371ns  (arrival time - required time)
  Source:                 rvsingle/dp/pcreg/qout_reg[20]/C
                            (rising edge-triggered cell FDRE clocked by clk_out1_clk_wiz_0  {rise@0.000ns fall@6.667ns period=13.333ns})
  Destination:            rvsingle/dp/pcreg/qout_reg[21]/D
                            (rising edge-triggered cell FDRE clocked by clk_out1_clk_wiz_0  {rise@0.000ns fall@6.667ns period=13.333ns})
  Path Group:             clk_out1_clk_wiz_0
  Path Type:              Hold (Min at Fast Process Corner)
  Requirement:            0.000ns  (clk_out1_clk_wiz_0 rise@0.000ns - clk_out1_clk_wiz_0 rise@0.000ns)
  Data Path Delay:        0.520ns  (logic 0.371ns (71.313%)  route 0.149ns (28.687%))
  Logic Levels:           3  (CARRY4=2 LUT6=1)
  Clock Path Skew:        0.015ns (DCD - SCD - CPR)
    Destination Clock Delay (DCD):    -0.806ns
    Source Clock Delay      (SCD):    -0.568ns
    Clock Pessimism Removal (CPR):    -0.253ns

    Location             Delay type                Incr(ns)  Path(ns)    Netlist Resource(s)
  -------------------------------------------------------------------    -------------------
                         (clock clk_out1_clk_wiz_0 rise edge)
                                                      0.000     0.000 r  
    E3                                                0.000     0.000 r  clk_100MHz (IN)
                         net (fo=0)                   0.000     0.000    clk_wiz_inst/inst/clk_in1
    E3                   IBUF (Prop_ibuf_I_O)         0.250     0.250 r  clk_wiz_inst/inst/clkin1_ibufg/O
                         net (fo=1, routed)           0.440     0.690    clk_wiz_inst/inst/clk_in1_clk_wiz_0
    MMCME2_ADV_X1Y2      MMCME2_ADV (Prop_mmcme2_adv_CLKIN1_CLKOUT0)
                                                     -2.379    -1.689 r  clk_wiz_inst/inst/mmcm_adv_inst/CLKOUT0
                         net (fo=1, routed)           0.499    -1.190    clk_wiz_inst/inst/clk_out1_clk_wiz_0
    BUFGCTRL_X0Y16       BUFG (Prop_bufg_I_O)         0.026    -1.164 r  clk_wiz_inst/inst/clkout1_buf/O
                         net (fo=152, routed)         0.596    -0.568    rvsingle/dp/pcreg/clk_out1
    SLICE_X78Y63         FDRE                                         r  rvsingle/dp/pcreg/qout_reg[20]/C
  -------------------------------------------------------------------    -------------------
    SLICE_X78Y63         FDRE (Prop_fdre_C_Q)         0.164    -0.404 r  rvsingle/dp/pcreg/qout_reg[20]/Q
                         net (fo=4, routed)           0.149    -0.255    rvsingle/dp/pcreg/qout_reg[20]_0[0]
    SLICE_X78Y63         LUT6 (Prop_lut6_I5_O)        0.045    -0.210 r  rvsingle/dp/pcreg/qout[17]_i_2/O
                         net (fo=1, routed)           0.000    -0.210    rvsingle/dp/pcreg/qout[17]_i_2_n_0
    SLICE_X78Y63         CARRY4 (Prop_carry4_S[3]_CO[3])
                                                      0.109    -0.101 r  rvsingle/dp/pcreg/qout_reg[17]_i_1/CO[3]
                         net (fo=1, routed)           0.000    -0.101    rvsingle/dp/pcreg/qout_reg[17]_i_1_n_0
    SLICE_X78Y64         CARRY4 (Prop_carry4_CI_O[0])
                                                      0.053    -0.048 r  rvsingle/dp/pcreg/qout_reg[21]_i_1/O[0]
                         net (fo=1, routed)           0.000    -0.048    rvsingle/dp/pcreg/qout_reg[21]_i_1_n_7
    SLICE_X78Y64         FDRE                                         r  rvsingle/dp/pcreg/qout_reg[21]/D
  -------------------------------------------------------------------    -------------------

                         (clock clk_out1_clk_wiz_0 rise edge)
                                                      0.000     0.000 r  
    E3                                                0.000     0.000 r  clk_100MHz (IN)
                         net (fo=0)                   0.000     0.000    clk_wiz_inst/inst/clk_in1
    E3                   IBUF (Prop_ibuf_I_O)         0.438     0.438 r  clk_wiz_inst/inst/clkin1_ibufg/O
                         net (fo=1, routed)           0.480     0.918    clk_wiz_inst/inst/clk_in1_clk_wiz_0
    MMCME2_ADV_X1Y2      MMCME2_ADV (Prop_mmcme2_adv_CLKIN1_CLKOUT0)
                                                     -3.163    -2.245 r  clk_wiz_inst/inst/mmcm_adv_inst/CLKOUT0
                         net (fo=1, routed)           0.544    -1.702    clk_wiz_inst/inst/clk_out1_clk_wiz_0
    BUFGCTRL_X0Y16       BUFG (Prop_bufg_I_O)         0.029    -1.673 r  clk_wiz_inst/inst/clkout1_buf/O
                         net (fo=152, routed)         0.867    -0.806    rvsingle/dp/pcreg/clk_out1
    SLICE_X78Y64         FDRE                                         r  rvsingle/dp/pcreg/qout_reg[21]/C
                         clock pessimism              0.253    -0.553    
    SLICE_X78Y64         FDRE (Hold_fdre_C_D)         0.134    -0.419    rvsingle/dp/pcreg/qout_reg[21]
  -------------------------------------------------------------------
                         required time                          0.419    
                         arrival time                          -0.048    
  -------------------------------------------------------------------
                         slack                                  0.371    





Pulse Width Checks
--------------------------------------------------------------------------------------
Clock Name:         clk_out1_clk_wiz_0
Waveform(ns):       { 0.000 6.667 }
Period(ns):         13.333
Sources:            { clk_wiz_inst/inst/mmcm_adv_inst/CLKOUT0 }

Check Type        Corner  Lib Pin             Reference Pin  Required(ns)  Actual(ns)  Slack(ns)  Location         Pin
Min Period        n/a     BUFG/I              n/a            2.155         13.333      11.178     BUFGCTRL_X0Y16   clk_wiz_inst/inst/clkout1_buf/I
Min Period        n/a     MMCME2_ADV/CLKOUT0  n/a            1.249         13.333      12.084     MMCME2_ADV_X1Y2  clk_wiz_inst/inst/mmcm_adv_inst/CLKOUT0
Min Period        n/a     FDRE/C              n/a            1.000         13.333      12.333     SLICE_X77Y59     rvsingle/dp/pcreg/qout_reg[0]/C
Min Period        n/a     FDRE/C              n/a            1.000         13.333      12.333     SLICE_X78Y61     rvsingle/dp/pcreg/qout_reg[10]/C
Min Period        n/a     FDRE/C              n/a            1.000         13.333      12.333     SLICE_X78Y61     rvsingle/dp/pcreg/qout_reg[11]/C
Min Period        n/a     FDRE/C              n/a            1.000         13.333      12.333     SLICE_X78Y61     rvsingle/dp/pcreg/qout_reg[12]/C
Min Period        n/a     FDRE/C              n/a            1.000         13.333      12.333     SLICE_X78Y62     rvsingle/dp/pcreg/qout_reg[13]/C
Min Period        n/a     FDRE/C              n/a            1.000         13.333      12.333     SLICE_X78Y62     rvsingle/dp/pcreg/qout_reg[14]/C
Min Period        n/a     FDRE/C              n/a            1.000         13.333      12.333     SLICE_X78Y62     rvsingle/dp/pcreg/qout_reg[15]/C
Min Period        n/a     FDRE/C              n/a            1.000         13.333      12.333     SLICE_X78Y62     rvsingle/dp/pcreg/qout_reg[16]/C
Max Period        n/a     MMCME2_ADV/CLKOUT0  n/a            213.360       13.333      200.027    MMCME2_ADV_X1Y2  clk_wiz_inst/inst/mmcm_adv_inst/CLKOUT0
Low Pulse Width   Slow    RAMS64E/CLK         n/a            1.250         6.667       5.417      SLICE_X84Y56     dmem/RAM_reg_0_63_0_0/SP/CLK
Low Pulse Width   Fast    RAMS64E/CLK         n/a            1.250         6.667       5.417      SLICE_X84Y56     dmem/RAM_reg_0_63_0_0/SP/CLK
Low Pulse Width   Slow    RAMS64E/CLK         n/a            1.250         6.667       5.417      SLICE_X84Y56     dmem/RAM_reg_0_63_10_10/SP/CLK
Low Pulse Width   Fast    RAMS64E/CLK         n/a            1.250         6.667       5.417      SLICE_X84Y56     dmem/RAM_reg_0_63_10_10/SP/CLK
Low Pulse Width   Slow    RAMS64E/CLK         n/a            1.250         6.667       5.417      SLICE_X84Y56     dmem/RAM_reg_0_63_11_11/SP/CLK
Low Pulse Width   Fast    RAMS64E/CLK         n/a            1.250         6.667       5.417      SLICE_X84Y56     dmem/RAM_reg_0_63_11_11/SP/CLK
Low Pulse Width   Slow    RAMS64E/CLK         n/a            1.250         6.667       5.417      SLICE_X84Y56     dmem/RAM_reg_0_63_12_12/SP/CLK
Low Pulse Width   Fast    RAMS64E/CLK         n/a            1.250         6.667       5.417      SLICE_X84Y56     dmem/RAM_reg_0_63_12_12/SP/CLK
Low Pulse Width   Slow    RAMS64E/CLK         n/a            1.250         6.667       5.417      SLICE_X84Y61     dmem/RAM_reg_0_63_13_13/SP/CLK
Low Pulse Width   Fast    RAMS64E/CLK         n/a            1.250         6.667       5.417      SLICE_X84Y61     dmem/RAM_reg_0_63_13_13/SP/CLK
High Pulse Width  Slow    RAMS64E/CLK         n/a            1.250         6.667       5.417      SLICE_X84Y56     dmem/RAM_reg_0_63_0_0/SP/CLK
High Pulse Width  Fast    RAMS64E/CLK         n/a            1.250         6.667       5.417      SLICE_X84Y56     dmem/RAM_reg_0_63_0_0/SP/CLK
High Pulse Width  Slow    RAMS64E/CLK         n/a            1.250         6.667       5.417      SLICE_X84Y56     dmem/RAM_reg_0_63_10_10/SP/CLK
High Pulse Width  Fast    RAMS64E/CLK         n/a            1.250         6.667       5.417      SLICE_X84Y56     dmem/RAM_reg_0_63_10_10/SP/CLK
High Pulse Width  Slow    RAMS64E/CLK         n/a            1.250         6.667       5.417      SLICE_X84Y56     dmem/RAM_reg_0_63_11_11/SP/CLK
High Pulse Width  Fast    RAMS64E/CLK         n/a            1.250         6.667       5.417      SLICE_X84Y56     dmem/RAM_reg_0_63_11_11/SP/CLK
High Pulse Width  Slow    RAMS64E/CLK         n/a            1.250         6.667       5.417      SLICE_X84Y56     dmem/RAM_reg_0_63_12_12/SP/CLK
High Pulse Width  Fast    RAMS64E/CLK         n/a            1.250         6.667       5.417      SLICE_X84Y56     dmem/RAM_reg_0_63_12_12/SP/CLK
High Pulse Width  Slow    RAMS64E/CLK         n/a            1.250         6.667       5.417      SLICE_X84Y61     dmem/RAM_reg_0_63_13_13/SP/CLK
High Pulse Width  Fast    RAMS64E/CLK         n/a            1.250         6.667       5.417      SLICE_X84Y61     dmem/RAM_reg_0_63_13_13/SP/CLK



---------------------------------------------------------------------------------------------------
From Clock:  clkfbout_clk_wiz_0
  To Clock:  clkfbout_clk_wiz_0

Setup :           NA  Failing Endpoints,  Worst Slack           NA  ,  Total Violation           NA
Hold  :           NA  Failing Endpoints,  Worst Slack           NA  ,  Total Violation           NA
PW    :            0  Failing Endpoints,  Worst Slack       37.845ns,  Total Violation        0.000ns
---------------------------------------------------------------------------------------------------


Pulse Width Checks
--------------------------------------------------------------------------------------
Clock Name:         clkfbout_clk_wiz_0
Waveform(ns):       { 0.000 20.000 }
Period(ns):         40.000
Sources:            { clk_wiz_inst/inst/mmcm_adv_inst/CLKFBOUT }

Check Type  Corner  Lib Pin              Reference Pin  Required(ns)  Actual(ns)  Slack(ns)  Location         Pin
Min Period  n/a     BUFG/I               n/a            2.155         40.000      37.845     BUFGCTRL_X0Y17   clk_wiz_inst/inst/clkf_buf/I
Min Period  n/a     MMCME2_ADV/CLKFBOUT  n/a            1.249         40.000      38.751     MMCME2_ADV_X1Y2  clk_wiz_inst/inst/mmcm_adv_inst/CLKFBOUT
Min Period  n/a     MMCME2_ADV/CLKFBIN   n/a            1.249         40.000      38.751     MMCME2_ADV_X1Y2  clk_wiz_inst/inst/mmcm_adv_inst/CLKFBIN
Max Period  n/a     MMCME2_ADV/CLKFBIN   n/a            100.000       40.000      60.000     MMCME2_ADV_X1Y2  clk_wiz_inst/inst/mmcm_adv_inst/CLKFBIN
Max Period  n/a     MMCME2_ADV/CLKFBOUT  n/a            213.360       40.000      173.360    MMCME2_ADV_X1Y2  clk_wiz_inst/inst/mmcm_adv_inst/CLKFBOUT



--------------------------------------------------------------------------------------
Path Group:  (none)
From Clock:  clk_out1_clk_wiz_0
  To Clock:  

Max Delay            64 Endpoints
Min Delay            64 Endpoints
--------------------------------------------------------------------------------------


Max Delay Paths
--------------------------------------------------------------------------------------
Slack:                    inf
  Source:                 rvsingle/dp/pcreg/qout_reg[6]/C
                            (rising edge-triggered cell FDRE clocked by clk_out1_clk_wiz_0  {rise@0.000ns fall@6.667ns period=13.333ns})
  Destination:            Instr[11]
                            (output port)
  Path Group:             (none)
  Path Type:              Max at Slow Process Corner
  Data Path Delay:        10.509ns  (logic 3.300ns (31.399%)  route 7.209ns (68.601%))
  Logic Levels:           2  (LUT6=1 OBUF=1)
  Clock Uncertainty:      0.353ns  ((TSJ^2 + DJ^2)^1/2) / 2 + PE
    Total System Jitter     (TSJ):    0.050ns
    Discrete Jitter          (DJ):    0.226ns
    Phase Error              (PE):    0.237ns

    Location             Delay type                Incr(ns)  Path(ns)    Netlist Resource(s)
  -------------------------------------------------------------------    -------------------
                         (clock clk_out1_clk_wiz_0 rise edge)
                                                      0.000     0.000 r  
    E3                                                0.000     0.000 r  clk_100MHz (IN)
                         net (fo=0)                   0.000     0.000    clk_wiz_inst/inst/clk_in1
    E3                   IBUF (Prop_ibuf_I_O)         1.482     1.482 r  clk_wiz_inst/inst/clkin1_ibufg/O
                         net (fo=1, routed)           1.233     2.715    clk_wiz_inst/inst/clk_in1_clk_wiz_0
    MMCME2_ADV_X1Y2      MMCME2_ADV (Prop_mmcme2_adv_CLKIN1_CLKOUT0)
                                                     -7.070    -4.355 r  clk_wiz_inst/inst/mmcm_adv_inst/CLKOUT0
                         net (fo=1, routed)           1.719    -2.636    clk_wiz_inst/inst/clk_out1_clk_wiz_0
    BUFGCTRL_X0Y16       BUFG (Prop_bufg_I_O)         0.096    -2.540 r  clk_wiz_inst/inst/clkout1_buf/O
                         net (fo=152, routed)         1.719    -0.821    rvsingle/dp/pcreg/clk_out1
    SLICE_X78Y60         FDRE                                         r  rvsingle/dp/pcreg/qout_reg[6]/C
  -------------------------------------------------------------------    -------------------
    SLICE_X78Y60         FDRE (Prop_fdre_C_Q)         0.518    -0.303 r  rvsingle/dp/pcreg/qout_reg[6]/Q
                         net (fo=63, routed)          1.518     1.215    rvsingle/dp/pcreg/qout_reg[6]_0
    SLICE_X82Y56         LUT6 (Prop_lut6_I1_O)        0.124     1.339 r  rvsingle/dp/pcreg/Instr_OBUF[11]_inst_i_1/O
                         net (fo=94, routed)          5.692     7.031    Instr_OBUF[11]
    U11                  OBUF (Prop_obuf_I_O)         2.658     9.688 r  Instr_OBUF[11]_inst/O
                         net (fo=0)                   0.000     9.688    Instr[11]
    U11                                                               r  Instr[11] (OUT)
  -------------------------------------------------------------------    -------------------

Slack:                    inf
  Source:                 rvsingle/dp/pcreg/qout_reg[6]/C
                            (rising edge-triggered cell FDRE clocked by clk_out1_clk_wiz_0  {rise@0.000ns fall@6.667ns period=13.333ns})
  Destination:            Instr[7]
                            (output port)
  Path Group:             (none)
  Path Type:              Max at Slow Process Corner
  Data Path Delay:        10.073ns  (logic 3.304ns (32.799%)  route 6.770ns (67.201%))
  Logic Levels:           2  (LUT6=1 OBUF=1)
  Clock Uncertainty:      0.353ns  ((TSJ^2 + DJ^2)^1/2) / 2 + PE
    Total System Jitter     (TSJ):    0.050ns
    Discrete Jitter          (DJ):    0.226ns
    Phase Error              (PE):    0.237ns

    Location             Delay type                Incr(ns)  Path(ns)    Netlist Resource(s)
  -------------------------------------------------------------------    -------------------
                         (clock clk_out1_clk_wiz_0 rise edge)
                                                      0.000     0.000 r  
    E3                                                0.000     0.000 r  clk_100MHz (IN)
                         net (fo=0)                   0.000     0.000    clk_wiz_inst/inst/clk_in1
    E3                   IBUF (Prop_ibuf_I_O)         1.482     1.482 r  clk_wiz_inst/inst/clkin1_ibufg/O
                         net (fo=1, routed)           1.233     2.715    clk_wiz_inst/inst/clk_in1_clk_wiz_0
    MMCME2_ADV_X1Y2      MMCME2_ADV (Prop_mmcme2_adv_CLKIN1_CLKOUT0)
                                                     -7.070    -4.355 r  clk_wiz_inst/inst/mmcm_adv_inst/CLKOUT0
                         net (fo=1, routed)           1.719    -2.636    clk_wiz_inst/inst/clk_out1_clk_wiz_0
    BUFGCTRL_X0Y16       BUFG (Prop_bufg_I_O)         0.096    -2.540 r  clk_wiz_inst/inst/clkout1_buf/O
                         net (fo=152, routed)         1.719    -0.821    rvsingle/dp/pcreg/clk_out1
    SLICE_X78Y60         FDRE                                         r  rvsingle/dp/pcreg/qout_reg[6]/C
  -------------------------------------------------------------------    -------------------
    SLICE_X78Y60         FDRE (Prop_fdre_C_Q)         0.518    -0.303 r  rvsingle/dp/pcreg/qout_reg[6]/Q
                         net (fo=63, routed)          2.127     1.824    rvsingle/dp/pcreg/qout_reg[6]_0
    SLICE_X85Y56         LUT6 (Prop_lut6_I1_O)        0.124     1.948 r  rvsingle/dp/pcreg/Instr_OBUF[7]_inst_i_1/O
                         net (fo=94, routed)          4.643     6.591    Instr_OBUF[7]
    V11                  OBUF (Prop_obuf_I_O)         2.662     9.253 r  Instr_OBUF[7]_inst/O
                         net (fo=0)                   0.000     9.253    Instr[7]
    V11                                                               r  Instr[7] (OUT)
  -------------------------------------------------------------------    -------------------

Slack:                    inf
  Source:                 rvsingle/dp/pcreg/qout_reg[7]/C
                            (rising edge-triggered cell FDRE clocked by clk_out1_clk_wiz_0  {rise@0.000ns fall@6.667ns period=13.333ns})
  Destination:            Instr[10]
                            (output port)
  Path Group:             (none)
  Path Type:              Max at Slow Process Corner
  Data Path Delay:        10.007ns  (logic 3.313ns (33.110%)  route 6.693ns (66.890%))
  Logic Levels:           2  (LUT6=1 OBUF=1)
  Clock Uncertainty:      0.353ns  ((TSJ^2 + DJ^2)^1/2) / 2 + PE
    Total System Jitter     (TSJ):    0.050ns
    Discrete Jitter          (DJ):    0.226ns
    Phase Error              (PE):    0.237ns

    Location             Delay type                Incr(ns)  Path(ns)    Netlist Resource(s)
  -------------------------------------------------------------------    -------------------
                         (clock clk_out1_clk_wiz_0 rise edge)
                                                      0.000     0.000 r  
    E3                                                0.000     0.000 r  clk_100MHz (IN)
                         net (fo=0)                   0.000     0.000    clk_wiz_inst/inst/clk_in1
    E3                   IBUF (Prop_ibuf_I_O)         1.482     1.482 r  clk_wiz_inst/inst/clkin1_ibufg/O
                         net (fo=1, routed)           1.233     2.715    clk_wiz_inst/inst/clk_in1_clk_wiz_0
    MMCME2_ADV_X1Y2      MMCME2_ADV (Prop_mmcme2_adv_CLKIN1_CLKOUT0)
                                                     -7.070    -4.355 r  clk_wiz_inst/inst/mmcm_adv_inst/CLKOUT0
                         net (fo=1, routed)           1.719    -2.636    clk_wiz_inst/inst/clk_out1_clk_wiz_0
    BUFGCTRL_X0Y16       BUFG (Prop_bufg_I_O)         0.096    -2.540 r  clk_wiz_inst/inst/clkout1_buf/O
                         net (fo=152, routed)         1.719    -0.821    rvsingle/dp/pcreg/clk_out1
    SLICE_X78Y60         FDRE                                         r  rvsingle/dp/pcreg/qout_reg[7]/C
  -------------------------------------------------------------------    -------------------
    SLICE_X78Y60         FDRE (Prop_fdre_C_Q)         0.518    -0.303 r  rvsingle/dp/pcreg/qout_reg[7]/Q
                         net (fo=63, routed)          1.289     0.986    rvsingle/dp/pcreg/qout_reg[7]_0
    SLICE_X81Y54         LUT6 (Prop_lut6_I0_O)        0.124     1.110 r  rvsingle/dp/pcreg/Instr_OBUF[10]_inst_i_1/O
                         net (fo=94, routed)          5.404     6.515    Instr_OBUF[10]
    U12                  OBUF (Prop_obuf_I_O)         2.671     9.186 r  Instr_OBUF[10]_inst/O
                         net (fo=0)                   0.000     9.186    Instr[10]
    U12                                                               r  Instr[10] (OUT)
  -------------------------------------------------------------------    -------------------

Slack:                    inf
  Source:                 rvsingle/dp/pcreg/qout_reg[3]/C
                            (rising edge-triggered cell FDRE clocked by clk_out1_clk_wiz_0  {rise@0.000ns fall@6.667ns period=13.333ns})
  Destination:            Instr[27]
                            (output port)
  Path Group:             (none)
  Path Type:              Max at Slow Process Corner
  Data Path Delay:        9.836ns  (logic 3.259ns (33.131%)  route 6.577ns (66.869%))
  Logic Levels:           2  (LUT6=1 OBUF=1)
  Clock Uncertainty:      0.353ns  ((TSJ^2 + DJ^2)^1/2) / 2 + PE
    Total System Jitter     (TSJ):    0.050ns
    Discrete Jitter          (DJ):    0.226ns
    Phase Error              (PE):    0.237ns

    Location             Delay type                Incr(ns)  Path(ns)    Netlist Resource(s)
  -------------------------------------------------------------------    -------------------
                         (clock clk_out1_clk_wiz_0 rise edge)
                                                      0.000     0.000 r  
    E3                                                0.000     0.000 r  clk_100MHz (IN)
                         net (fo=0)                   0.000     0.000    clk_wiz_inst/inst/clk_in1
    E3                   IBUF (Prop_ibuf_I_O)         1.482     1.482 r  clk_wiz_inst/inst/clkin1_ibufg/O
                         net (fo=1, routed)           1.233     2.715    clk_wiz_inst/inst/clk_in1_clk_wiz_0
    MMCME2_ADV_X1Y2      MMCME2_ADV (Prop_mmcme2_adv_CLKIN1_CLKOUT0)
                                                     -7.070    -4.355 r  clk_wiz_inst/inst/mmcm_adv_inst/CLKOUT0
                         net (fo=1, routed)           1.719    -2.636    clk_wiz_inst/inst/clk_out1_clk_wiz_0
    BUFGCTRL_X0Y16       BUFG (Prop_bufg_I_O)         0.096    -2.540 r  clk_wiz_inst/inst/clkout1_buf/O
                         net (fo=152, routed)         1.719    -0.821    rvsingle/dp/pcreg/clk_out1
    SLICE_X78Y59         FDRE                                         r  rvsingle/dp/pcreg/qout_reg[3]/C
  -------------------------------------------------------------------    -------------------
    SLICE_X78Y59         FDRE (Prop_fdre_C_Q)         0.518    -0.303 f  rvsingle/dp/pcreg/qout_reg[3]/Q
                         net (fo=63, routed)          1.528     1.225    rvsingle/dp/pcreg/qout_reg[3]_0
    SLICE_X82Y58         LUT6 (Prop_lut6_I1_O)        0.124     1.349 r  rvsingle/dp/pcreg/Instr_OBUF[27]_inst_i_1/O
                         net (fo=4, routed)           5.049     6.398    Instr_OBUF[25]
    N16                  OBUF (Prop_obuf_I_O)         2.617     9.015 r  Instr_OBUF[27]_inst/O
                         net (fo=0)                   0.000     9.015    Instr[27]
    N16                                                               r  Instr[27] (OUT)
  -------------------------------------------------------------------    -------------------

Slack:                    inf
  Source:                 rvsingle/dp/pcreg/qout_reg[3]/C
                            (rising edge-triggered cell FDRE clocked by clk_out1_clk_wiz_0  {rise@0.000ns fall@6.667ns period=13.333ns})
  Destination:            Instr[25]
                            (output port)
  Path Group:             (none)
  Path Type:              Max at Slow Process Corner
  Data Path Delay:        9.718ns  (logic 3.282ns (33.775%)  route 6.436ns (66.225%))
  Logic Levels:           2  (LUT6=1 OBUF=1)
  Clock Uncertainty:      0.353ns  ((TSJ^2 + DJ^2)^1/2) / 2 + PE
    Total System Jitter     (TSJ):    0.050ns
    Discrete Jitter          (DJ):    0.226ns
    Phase Error              (PE):    0.237ns

    Location             Delay type                Incr(ns)  Path(ns)    Netlist Resource(s)
  -------------------------------------------------------------------    -------------------
                         (clock clk_out1_clk_wiz_0 rise edge)
                                                      0.000     0.000 r  
    E3                                                0.000     0.000 r  clk_100MHz (IN)
                         net (fo=0)                   0.000     0.000    clk_wiz_inst/inst/clk_in1
    E3                   IBUF (Prop_ibuf_I_O)         1.482     1.482 r  clk_wiz_inst/inst/clkin1_ibufg/O
                         net (fo=1, routed)           1.233     2.715    clk_wiz_inst/inst/clk_in1_clk_wiz_0
    MMCME2_ADV_X1Y2      MMCME2_ADV (Prop_mmcme2_adv_CLKIN1_CLKOUT0)
                                                     -7.070    -4.355 r  clk_wiz_inst/inst/mmcm_adv_inst/CLKOUT0
                         net (fo=1, routed)           1.719    -2.636    clk_wiz_inst/inst/clk_out1_clk_wiz_0
    BUFGCTRL_X0Y16       BUFG (Prop_bufg_I_O)         0.096    -2.540 r  clk_wiz_inst/inst/clkout1_buf/O
                         net (fo=152, routed)         1.719    -0.821    rvsingle/dp/pcreg/clk_out1
    SLICE_X78Y59         FDRE                                         r  rvsingle/dp/pcreg/qout_reg[3]/C
  -------------------------------------------------------------------    -------------------
    SLICE_X78Y59         FDRE (Prop_fdre_C_Q)         0.518    -0.303 f  rvsingle/dp/pcreg/qout_reg[3]/Q
                         net (fo=63, routed)          1.528     1.225    rvsingle/dp/pcreg/qout_reg[3]_0
    SLICE_X82Y58         LUT6 (Prop_lut6_I1_O)        0.124     1.349 r  rvsingle/dp/pcreg/Instr_OBUF[27]_inst_i_1/O
                         net (fo=4, routed)           4.908     6.257    Instr_OBUF[25]
    R17                  OBUF (Prop_obuf_I_O)         2.640     8.898 r  Instr_OBUF[25]_inst/O
                         net (fo=0)                   0.000     8.898    Instr[25]
    R17                                                               r  Instr[25] (OUT)
  -------------------------------------------------------------------    -------------------

Slack:                    inf
  Source:                 rvsingle/dp/pcreg/qout_reg[4]/C
                            (rising edge-triggered cell FDRE clocked by clk_out1_clk_wiz_0  {rise@0.000ns fall@6.667ns period=13.333ns})
  Destination:            Instr[26]
                            (output port)
  Path Group:             (none)
  Path Type:              Max at Slow Process Corner
  Data Path Delay:        9.482ns  (logic 3.278ns (34.568%)  route 6.204ns (65.432%))
  Logic Levels:           2  (LUT6=1 OBUF=1)
  Clock Uncertainty:      0.353ns  ((TSJ^2 + DJ^2)^1/2) / 2 + PE
    Total System Jitter     (TSJ):    0.050ns
    Discrete Jitter          (DJ):    0.226ns
    Phase Error              (PE):    0.237ns

    Location             Delay type                Incr(ns)  Path(ns)    Netlist Resource(s)
  -------------------------------------------------------------------    -------------------
                         (clock clk_out1_clk_wiz_0 rise edge)
                                                      0.000     0.000 r  
    E3                                                0.000     0.000 r  clk_100MHz (IN)
                         net (fo=0)                   0.000     0.000    clk_wiz_inst/inst/clk_in1
    E3                   IBUF (Prop_ibuf_I_O)         1.482     1.482 r  clk_wiz_inst/inst/clkin1_ibufg/O
                         net (fo=1, routed)           1.233     2.715    clk_wiz_inst/inst/clk_in1_clk_wiz_0
    MMCME2_ADV_X1Y2      MMCME2_ADV (Prop_mmcme2_adv_CLKIN1_CLKOUT0)
                                                     -7.070    -4.355 r  clk_wiz_inst/inst/mmcm_adv_inst/CLKOUT0
                         net (fo=1, routed)           1.719    -2.636    clk_wiz_inst/inst/clk_out1_clk_wiz_0
    BUFGCTRL_X0Y16       BUFG (Prop_bufg_I_O)         0.096    -2.540 r  clk_wiz_inst/inst/clkout1_buf/O
                         net (fo=152, routed)         1.719    -0.821    rvsingle/dp/pcreg/clk_out1
    SLICE_X78Y59         FDRE                                         r  rvsingle/dp/pcreg/qout_reg[4]/C
  -------------------------------------------------------------------    -------------------
    SLICE_X78Y59         FDRE (Prop_fdre_C_Q)         0.518    -0.303 r  rvsingle/dp/pcreg/qout_reg[4]/Q
                         net (fo=63, routed)          1.688     1.386    rvsingle/dp/pcreg/qout_reg[4]_0
    SLICE_X81Y69         LUT6 (Prop_lut6_I1_O)        0.124     1.510 r  rvsingle/dp/pcreg/Instr_OBUF[26]_inst_i_1/O
                         net (fo=2, routed)           4.516     6.025    Instr_OBUF[26]
    P17                  OBUF (Prop_obuf_I_O)         2.636     8.661 r  Instr_OBUF[26]_inst/O
                         net (fo=0)                   0.000     8.661    Instr[26]
    P17                                                               r  Instr[26] (OUT)
  -------------------------------------------------------------------    -------------------

Slack:                    inf
  Source:                 rvsingle/dp/pcreg/qout_reg[3]/C
                            (rising edge-triggered cell FDRE clocked by clk_out1_clk_wiz_0  {rise@0.000ns fall@6.667ns period=13.333ns})
  Destination:            Instr[8]
                            (output port)
  Path Group:             (none)
  Path Type:              Max at Slow Process Corner
  Data Path Delay:        9.466ns  (logic 3.314ns (35.009%)  route 6.152ns (64.991%))
  Logic Levels:           2  (LUT6=1 OBUF=1)
  Clock Uncertainty:      0.353ns  ((TSJ^2 + DJ^2)^1/2) / 2 + PE
    Total System Jitter     (TSJ):    0.050ns
    Discrete Jitter          (DJ):    0.226ns
    Phase Error              (PE):    0.237ns

    Location             Delay type                Incr(ns)  Path(ns)    Netlist Resource(s)
  -------------------------------------------------------------------    -------------------
                         (clock clk_out1_clk_wiz_0 rise edge)
                                                      0.000     0.000 r  
    E3                                                0.000     0.000 r  clk_100MHz (IN)
                         net (fo=0)                   0.000     0.000    clk_wiz_inst/inst/clk_in1
    E3                   IBUF (Prop_ibuf_I_O)         1.482     1.482 r  clk_wiz_inst/inst/clkin1_ibufg/O
                         net (fo=1, routed)           1.233     2.715    clk_wiz_inst/inst/clk_in1_clk_wiz_0
    MMCME2_ADV_X1Y2      MMCME2_ADV (Prop_mmcme2_adv_CLKIN1_CLKOUT0)
                                                     -7.070    -4.355 r  clk_wiz_inst/inst/mmcm_adv_inst/CLKOUT0
                         net (fo=1, routed)           1.719    -2.636    clk_wiz_inst/inst/clk_out1_clk_wiz_0
    BUFGCTRL_X0Y16       BUFG (Prop_bufg_I_O)         0.096    -2.540 r  clk_wiz_inst/inst/clkout1_buf/O
                         net (fo=152, routed)         1.719    -0.821    rvsingle/dp/pcreg/clk_out1
    SLICE_X78Y59         FDRE                                         r  rvsingle/dp/pcreg/qout_reg[3]/C
  -------------------------------------------------------------------    -------------------
    SLICE_X78Y59         FDRE (Prop_fdre_C_Q)         0.518    -0.303 r  rvsingle/dp/pcreg/qout_reg[3]/Q
                         net (fo=63, routed)          1.614     1.312    rvsingle/dp/pcreg/qout_reg[3]_0
    SLICE_X83Y56         LUT6 (Prop_lut6_I2_O)        0.124     1.436 r  rvsingle/dp/pcreg/Instr_OBUF[8]_inst_i_1/O
                         net (fo=95, routed)          4.538     5.973    Instr_OBUF[8]
    V10                  OBUF (Prop_obuf_I_O)         2.672     8.645 r  Instr_OBUF[8]_inst/O
                         net (fo=0)                   0.000     8.645    Instr[8]
    V10                                                               r  Instr[8] (OUT)
  -------------------------------------------------------------------    -------------------

Slack:                    inf
  Source:                 rvsingle/dp/pcreg/qout_reg[3]/C
                            (rising edge-triggered cell FDRE clocked by clk_out1_clk_wiz_0  {rise@0.000ns fall@6.667ns period=13.333ns})
  Destination:            Instr[2]
                            (output port)
  Path Group:             (none)
  Path Type:              Max at Slow Process Corner
  Data Path Delay:        9.372ns  (logic 3.309ns (35.311%)  route 6.063ns (64.689%))
  Logic Levels:           2  (LUT6=1 OBUF=1)
  Clock Uncertainty:      0.353ns  ((TSJ^2 + DJ^2)^1/2) / 2 + PE
    Total System Jitter     (TSJ):    0.050ns
    Discrete Jitter          (DJ):    0.226ns
    Phase Error              (PE):    0.237ns

    Location             Delay type                Incr(ns)  Path(ns)    Netlist Resource(s)
  -------------------------------------------------------------------    -------------------
                         (clock clk_out1_clk_wiz_0 rise edge)
                                                      0.000     0.000 r  
    E3                                                0.000     0.000 r  clk_100MHz (IN)
                         net (fo=0)                   0.000     0.000    clk_wiz_inst/inst/clk_in1
    E3                   IBUF (Prop_ibuf_I_O)         1.482     1.482 r  clk_wiz_inst/inst/clkin1_ibufg/O
                         net (fo=1, routed)           1.233     2.715    clk_wiz_inst/inst/clk_in1_clk_wiz_0
    MMCME2_ADV_X1Y2      MMCME2_ADV (Prop_mmcme2_adv_CLKIN1_CLKOUT0)
                                                     -7.070    -4.355 r  clk_wiz_inst/inst/mmcm_adv_inst/CLKOUT0
                         net (fo=1, routed)           1.719    -2.636    clk_wiz_inst/inst/clk_out1_clk_wiz_0
    BUFGCTRL_X0Y16       BUFG (Prop_bufg_I_O)         0.096    -2.540 r  clk_wiz_inst/inst/clkout1_buf/O
                         net (fo=152, routed)         1.719    -0.821    rvsingle/dp/pcreg/clk_out1
    SLICE_X78Y59         FDRE                                         r  rvsingle/dp/pcreg/qout_reg[3]/C
  -------------------------------------------------------------------    -------------------
    SLICE_X78Y59         FDRE (Prop_fdre_C_Q)         0.518    -0.303 f  rvsingle/dp/pcreg/qout_reg[3]/Q
                         net (fo=63, routed)          1.782     1.480    rvsingle/dp/pcreg/qout_reg[3]_0
    SLICE_X82Y54         LUT6 (Prop_lut6_I1_O)        0.124     1.604 r  rvsingle/dp/pcreg/Instr_OBUF[3]_inst_i_1/O
                         net (fo=67, routed)          4.280     5.884    Instr_OBUF[2]
    T9                   OBUF (Prop_obuf_I_O)         2.667     8.551 r  Instr_OBUF[2]_inst/O
                         net (fo=0)                   0.000     8.551    Instr[2]
    T9                                                                r  Instr[2] (OUT)
  -------------------------------------------------------------------    -------------------

Slack:                    inf
  Source:                 rvsingle/dp/pcreg/qout_reg[2]/C
                            (rising edge-triggered cell FDRE clocked by clk_out1_clk_wiz_0  {rise@0.000ns fall@6.667ns period=13.333ns})
  Destination:            Instr[0]
                            (output port)
  Path Group:             (none)
  Path Type:              Max at Slow Process Corner
  Data Path Delay:        9.267ns  (logic 3.290ns (35.509%)  route 5.976ns (64.491%))
  Logic Levels:           2  (LUT6=1 OBUF=1)
  Clock Uncertainty:      0.353ns  ((TSJ^2 + DJ^2)^1/2) / 2 + PE
    Total System Jitter     (TSJ):    0.050ns
    Discrete Jitter          (DJ):    0.226ns
    Phase Error              (PE):    0.237ns

    Location             Delay type                Incr(ns)  Path(ns)    Netlist Resource(s)
  -------------------------------------------------------------------    -------------------
                         (clock clk_out1_clk_wiz_0 rise edge)
                                                      0.000     0.000 r  
    E3                                                0.000     0.000 r  clk_100MHz (IN)
                         net (fo=0)                   0.000     0.000    clk_wiz_inst/inst/clk_in1
    E3                   IBUF (Prop_ibuf_I_O)         1.482     1.482 r  clk_wiz_inst/inst/clkin1_ibufg/O
                         net (fo=1, routed)           1.233     2.715    clk_wiz_inst/inst/clk_in1_clk_wiz_0
    MMCME2_ADV_X1Y2      MMCME2_ADV (Prop_mmcme2_adv_CLKIN1_CLKOUT0)
                                                     -7.070    -4.355 r  clk_wiz_inst/inst/mmcm_adv_inst/CLKOUT0
                         net (fo=1, routed)           1.719    -2.636    clk_wiz_inst/inst/clk_out1_clk_wiz_0
    BUFGCTRL_X0Y16       BUFG (Prop_bufg_I_O)         0.096    -2.540 r  clk_wiz_inst/inst/clkout1_buf/O
                         net (fo=152, routed)         1.719    -0.821    rvsingle/dp/pcreg/clk_out1
    SLICE_X78Y59         FDRE                                         r  rvsingle/dp/pcreg/qout_reg[2]/C
  -------------------------------------------------------------------    -------------------
    SLICE_X78Y59         FDRE (Prop_fdre_C_Q)         0.518    -0.303 r  rvsingle/dp/pcreg/qout_reg[2]/Q
                         net (fo=65, routed)          1.880     1.577    rvsingle/dp/pcreg/qout_reg[2]_0
    SLICE_X76Y52         LUT6 (Prop_lut6_I3_O)        0.124     1.701 r  rvsingle/dp/pcreg/Instr_OBUF[1]_inst_i_1/O
                         net (fo=2, routed)           4.096     5.797    Instr_OBUF[0]
    R10                  OBUF (Prop_obuf_I_O)         2.648     8.446 r  Instr_OBUF[0]_inst/O
                         net (fo=0)                   0.000     8.446    Instr[0]
    R10                                                               r  Instr[0] (OUT)
  -------------------------------------------------------------------    -------------------

Slack:                    inf
  Source:                 rvsingle/dp/pcreg/qout_reg[7]/C
                            (rising edge-triggered cell FDRE clocked by clk_out1_clk_wiz_0  {rise@0.000ns fall@6.667ns period=13.333ns})
  Destination:            Instr[9]
                            (output port)
  Path Group:             (none)
  Path Type:              Max at Slow Process Corner
  Data Path Delay:        9.240ns  (logic 3.305ns (35.770%)  route 5.935ns (64.230%))
  Logic Levels:           2  (LUT6=1 OBUF=1)
  Clock Uncertainty:      0.353ns  ((TSJ^2 + DJ^2)^1/2) / 2 + PE
    Total System Jitter     (TSJ):    0.050ns
    Discrete Jitter          (DJ):    0.226ns
    Phase Error              (PE):    0.237ns

    Location             Delay type                Incr(ns)  Path(ns)    Netlist Resource(s)
  -------------------------------------------------------------------    -------------------
                         (clock clk_out1_clk_wiz_0 rise edge)
                                                      0.000     0.000 r  
    E3                                                0.000     0.000 r  clk_100MHz (IN)
                         net (fo=0)                   0.000     0.000    clk_wiz_inst/inst/clk_in1
    E3                   IBUF (Prop_ibuf_I_O)         1.482     1.482 r  clk_wiz_inst/inst/clkin1_ibufg/O
                         net (fo=1, routed)           1.233     2.715    clk_wiz_inst/inst/clk_in1_clk_wiz_0
    MMCME2_ADV_X1Y2      MMCME2_ADV (Prop_mmcme2_adv_CLKIN1_CLKOUT0)
                                                     -7.070    -4.355 r  clk_wiz_inst/inst/mmcm_adv_inst/CLKOUT0
                         net (fo=1, routed)           1.719    -2.636    clk_wiz_inst/inst/clk_out1_clk_wiz_0
    BUFGCTRL_X0Y16       BUFG (Prop_bufg_I_O)         0.096    -2.540 r  clk_wiz_inst/inst/clkout1_buf/O
                         net (fo=152, routed)         1.719    -0.821    rvsingle/dp/pcreg/clk_out1
    SLICE_X78Y60         FDRE                                         r  rvsingle/dp/pcreg/qout_reg[7]/C
  -------------------------------------------------------------------    -------------------
    SLICE_X78Y60         FDRE (Prop_fdre_C_Q)         0.518    -0.303 r  rvsingle/dp/pcreg/qout_reg[7]/Q
                         net (fo=63, routed)          1.609     1.306    rvsingle/dp/pcreg/qout_reg[7]_0
    SLICE_X86Y57         LUT6 (Prop_lut6_I0_O)        0.124     1.430 r  rvsingle/dp/pcreg/Instr_OBUF[9]_inst_i_1/O
                         net (fo=94, routed)          4.326     5.756    Instr_OBUF[9]
    V12                  OBUF (Prop_obuf_I_O)         2.663     8.420 r  Instr_OBUF[9]_inst/O
                         net (fo=0)                   0.000     8.420    Instr[9]
    V12                                                               r  Instr[9] (OUT)
  -------------------------------------------------------------------    -------------------





Min Delay Paths
--------------------------------------------------------------------------------------
Slack:                    inf
  Source:                 rvsingle/dp/pcreg/qout_reg[10]/C
                            (rising edge-triggered cell FDRE clocked by clk_out1_clk_wiz_0  {rise@0.000ns fall@6.667ns period=13.333ns})
  Destination:            PC[10]
                            (output port)
  Path Group:             (none)
  Path Type:              Min at Fast Process Corner
  Data Path Delay:        1.867ns  (logic 1.339ns (71.678%)  route 0.529ns (28.322%))
  Logic Levels:           1  (OBUF=1)
  Clock Uncertainty:      0.353ns  ((TSJ^2 + DJ^2)^1/2) / 2 + PE
    Total System Jitter     (TSJ):    0.050ns
    Discrete Jitter          (DJ):    0.226ns
    Phase Error              (PE):    0.237ns

    Location             Delay type                Incr(ns)  Path(ns)    Netlist Resource(s)
  -------------------------------------------------------------------    -------------------
                         (clock clk_out1_clk_wiz_0 rise edge)
                                                      0.000     0.000 r  
    E3                                                0.000     0.000 r  clk_100MHz (IN)
                         net (fo=0)                   0.000     0.000    clk_wiz_inst/inst/clk_in1
    E3                   IBUF (Prop_ibuf_I_O)         0.250     0.250 r  clk_wiz_inst/inst/clkin1_ibufg/O
                         net (fo=1, routed)           0.440     0.690    clk_wiz_inst/inst/clk_in1_clk_wiz_0
    MMCME2_ADV_X1Y2      MMCME2_ADV (Prop_mmcme2_adv_CLKIN1_CLKOUT0)
                                                     -2.379    -1.689 r  clk_wiz_inst/inst/mmcm_adv_inst/CLKOUT0
                         net (fo=1, routed)           0.499    -1.190    clk_wiz_inst/inst/clk_out1_clk_wiz_0
    BUFGCTRL_X0Y16       BUFG (Prop_bufg_I_O)         0.026    -1.164 r  clk_wiz_inst/inst/clkout1_buf/O
                         net (fo=152, routed)         0.598    -0.566    rvsingle/dp/pcreg/clk_out1
    SLICE_X78Y61         FDRE                                         r  rvsingle/dp/pcreg/qout_reg[10]/C
  -------------------------------------------------------------------    -------------------
    SLICE_X78Y61         FDRE (Prop_fdre_C_Q)         0.164    -0.402 r  rvsingle/dp/pcreg/qout_reg[10]/Q
                         net (fo=5, routed)           0.529     0.127    PC_OBUF[10]
    V7                   OBUF (Prop_obuf_I_O)         1.175     1.301 r  PC_OBUF[10]_inst/O
                         net (fo=0)                   0.000     1.301    PC[10]
    V7                                                                r  PC[10] (OUT)
  -------------------------------------------------------------------    -------------------

Slack:                    inf
  Source:                 rvsingle/dp/pcreg/qout_reg[16]/C
                            (rising edge-triggered cell FDRE clocked by clk_out1_clk_wiz_0  {rise@0.000ns fall@6.667ns period=13.333ns})
  Destination:            PC[16]
                            (output port)
  Path Group:             (none)
  Path Type:              Min at Fast Process Corner
  Data Path Delay:        1.885ns  (logic 1.304ns (69.195%)  route 0.581ns (30.805%))
  Logic Levels:           1  (OBUF=1)
  Clock Uncertainty:      0.353ns  ((TSJ^2 + DJ^2)^1/2) / 2 + PE
    Total System Jitter     (TSJ):    0.050ns
    Discrete Jitter          (DJ):    0.226ns
    Phase Error              (PE):    0.237ns

    Location             Delay type                Incr(ns)  Path(ns)    Netlist Resource(s)
  -------------------------------------------------------------------    -------------------
                         (clock clk_out1_clk_wiz_0 rise edge)
                                                      0.000     0.000 r  
    E3                                                0.000     0.000 r  clk_100MHz (IN)
                         net (fo=0)                   0.000     0.000    clk_wiz_inst/inst/clk_in1
    E3                   IBUF (Prop_ibuf_I_O)         0.250     0.250 r  clk_wiz_inst/inst/clkin1_ibufg/O
                         net (fo=1, routed)           0.440     0.690    clk_wiz_inst/inst/clk_in1_clk_wiz_0
    MMCME2_ADV_X1Y2      MMCME2_ADV (Prop_mmcme2_adv_CLKIN1_CLKOUT0)
                                                     -2.379    -1.689 r  clk_wiz_inst/inst/mmcm_adv_inst/CLKOUT0
                         net (fo=1, routed)           0.499    -1.190    clk_wiz_inst/inst/clk_out1_clk_wiz_0
    BUFGCTRL_X0Y16       BUFG (Prop_bufg_I_O)         0.026    -1.164 r  clk_wiz_inst/inst/clkout1_buf/O
                         net (fo=152, routed)         0.597    -0.567    rvsingle/dp/pcreg/clk_out1
    SLICE_X78Y62         FDRE                                         r  rvsingle/dp/pcreg/qout_reg[16]/C
  -------------------------------------------------------------------    -------------------
    SLICE_X78Y62         FDRE (Prop_fdre_C_Q)         0.164    -0.403 r  rvsingle/dp/pcreg/qout_reg[16]/Q
                         net (fo=5, routed)           0.581     0.177    PC_OBUF[16]
    R1                   OBUF (Prop_obuf_I_O)         1.140     1.318 r  PC_OBUF[16]_inst/O
                         net (fo=0)                   0.000     1.318    PC[16]
    R1                                                                r  PC[16] (OUT)
  -------------------------------------------------------------------    -------------------

Slack:                    inf
  Source:                 rvsingle/dp/pcreg/qout_reg[18]/C
                            (rising edge-triggered cell FDRE clocked by clk_out1_clk_wiz_0  {rise@0.000ns fall@6.667ns period=13.333ns})
  Destination:            PC[18]
                            (output port)
  Path Group:             (none)
  Path Type:              Min at Fast Process Corner
  Data Path Delay:        1.896ns  (logic 1.282ns (67.620%)  route 0.614ns (32.380%))
  Logic Levels:           1  (OBUF=1)
  Clock Uncertainty:      0.353ns  ((TSJ^2 + DJ^2)^1/2) / 2 + PE
    Total System Jitter     (TSJ):    0.050ns
    Discrete Jitter          (DJ):    0.226ns
    Phase Error              (PE):    0.237ns

    Location             Delay type                Incr(ns)  Path(ns)    Netlist Resource(s)
  -------------------------------------------------------------------    -------------------
                         (clock clk_out1_clk_wiz_0 rise edge)
                                                      0.000     0.000 r  
    E3                                                0.000     0.000 r  clk_100MHz (IN)
                         net (fo=0)                   0.000     0.000    clk_wiz_inst/inst/clk_in1
    E3                   IBUF (Prop_ibuf_I_O)         0.250     0.250 r  clk_wiz_inst/inst/clkin1_ibufg/O
                         net (fo=1, routed)           0.440     0.690    clk_wiz_inst/inst/clk_in1_clk_wiz_0
    MMCME2_ADV_X1Y2      MMCME2_ADV (Prop_mmcme2_adv_CLKIN1_CLKOUT0)
                                                     -2.379    -1.689 r  clk_wiz_inst/inst/mmcm_adv_inst/CLKOUT0
                         net (fo=1, routed)           0.499    -1.190    clk_wiz_inst/inst/clk_out1_clk_wiz_0
    BUFGCTRL_X0Y16       BUFG (Prop_bufg_I_O)         0.026    -1.164 r  clk_wiz_inst/inst/clkout1_buf/O
                         net (fo=152, routed)         0.596    -0.568    rvsingle/dp/pcreg/clk_out1
    SLICE_X78Y63         FDRE                                         r  rvsingle/dp/pcreg/qout_reg[18]/C
  -------------------------------------------------------------------    -------------------
    SLICE_X78Y63         FDRE (Prop_fdre_C_Q)         0.164    -0.404 r  rvsingle/dp/pcreg/qout_reg[18]/Q
                         net (fo=5, routed)           0.614     0.210    PC_OBUF[18]
    M4                   OBUF (Prop_obuf_I_O)         1.118     1.328 r  PC_OBUF[18]_inst/O
                         net (fo=0)                   0.000     1.328    PC[18]
    M4                                                                r  PC[18] (OUT)
  -------------------------------------------------------------------    -------------------

Slack:                    inf
  Source:                 rvsingle/dp/pcreg/qout_reg[9]/C
                            (rising edge-triggered cell FDRE clocked by clk_out1_clk_wiz_0  {rise@0.000ns fall@6.667ns period=13.333ns})
  Destination:            PC[9]
                            (output port)
  Path Group:             (none)
  Path Type:              Min at Fast Process Corner
  Data Path Delay:        1.919ns  (logic 1.333ns (69.436%)  route 0.587ns (30.564%))
  Logic Levels:           1  (OBUF=1)
  Clock Uncertainty:      0.353ns  ((TSJ^2 + DJ^2)^1/2) / 2 + PE
    Total System Jitter     (TSJ):    0.050ns
    Discrete Jitter          (DJ):    0.226ns
    Phase Error              (PE):    0.237ns

    Location             Delay type                Incr(ns)  Path(ns)    Netlist Resource(s)
  -------------------------------------------------------------------    -------------------
                         (clock clk_out1_clk_wiz_0 rise edge)
                                                      0.000     0.000 r  
    E3                                                0.000     0.000 r  clk_100MHz (IN)
                         net (fo=0)                   0.000     0.000    clk_wiz_inst/inst/clk_in1
    E3                   IBUF (Prop_ibuf_I_O)         0.250     0.250 r  clk_wiz_inst/inst/clkin1_ibufg/O
                         net (fo=1, routed)           0.440     0.690    clk_wiz_inst/inst/clk_in1_clk_wiz_0
    MMCME2_ADV_X1Y2      MMCME2_ADV (Prop_mmcme2_adv_CLKIN1_CLKOUT0)
                                                     -2.379    -1.689 r  clk_wiz_inst/inst/mmcm_adv_inst/CLKOUT0
                         net (fo=1, routed)           0.499    -1.190    clk_wiz_inst/inst/clk_out1_clk_wiz_0
    BUFGCTRL_X0Y16       BUFG (Prop_bufg_I_O)         0.026    -1.164 r  clk_wiz_inst/inst/clkout1_buf/O
                         net (fo=152, routed)         0.598    -0.566    rvsingle/dp/pcreg/clk_out1
    SLICE_X78Y61         FDRE                                         r  rvsingle/dp/pcreg/qout_reg[9]/C
  -------------------------------------------------------------------    -------------------
    SLICE_X78Y61         FDRE (Prop_fdre_C_Q)         0.164    -0.402 r  rvsingle/dp/pcreg/qout_reg[9]/Q
                         net (fo=5, routed)           0.587     0.184    PC_OBUF[9]
    V6                   OBUF (Prop_obuf_I_O)         1.169     1.353 r  PC_OBUF[9]_inst/O
                         net (fo=0)                   0.000     1.353    PC[9]
    V6                                                                r  PC[9] (OUT)
  -------------------------------------------------------------------    -------------------

Slack:                    inf
  Source:                 rvsingle/dp/pcreg/qout_reg[17]/C
                            (rising edge-triggered cell FDRE clocked by clk_out1_clk_wiz_0  {rise@0.000ns fall@6.667ns period=13.333ns})
  Destination:            PC[17]
                            (output port)
  Path Group:             (none)
  Path Type:              Min at Fast Process Corner
  Data Path Delay:        1.931ns  (logic 1.293ns (66.982%)  route 0.637ns (33.018%))
  Logic Levels:           1  (OBUF=1)
  Clock Uncertainty:      0.353ns  ((TSJ^2 + DJ^2)^1/2) / 2 + PE
    Total System Jitter     (TSJ):    0.050ns
    Discrete Jitter          (DJ):    0.226ns
    Phase Error              (PE):    0.237ns

    Location             Delay type                Incr(ns)  Path(ns)    Netlist Resource(s)
  -------------------------------------------------------------------    -------------------
                         (clock clk_out1_clk_wiz_0 rise edge)
                                                      0.000     0.000 r  
    E3                                                0.000     0.000 r  clk_100MHz (IN)
                         net (fo=0)                   0.000     0.000    clk_wiz_inst/inst/clk_in1
    E3                   IBUF (Prop_ibuf_I_O)         0.250     0.250 r  clk_wiz_inst/inst/clkin1_ibufg/O
                         net (fo=1, routed)           0.440     0.690    clk_wiz_inst/inst/clk_in1_clk_wiz_0
    MMCME2_ADV_X1Y2      MMCME2_ADV (Prop_mmcme2_adv_CLKIN1_CLKOUT0)
                                                     -2.379    -1.689 r  clk_wiz_inst/inst/mmcm_adv_inst/CLKOUT0
                         net (fo=1, routed)           0.499    -1.190    clk_wiz_inst/inst/clk_out1_clk_wiz_0
    BUFGCTRL_X0Y16       BUFG (Prop_bufg_I_O)         0.026    -1.164 r  clk_wiz_inst/inst/clkout1_buf/O
                         net (fo=152, routed)         0.596    -0.568    rvsingle/dp/pcreg/clk_out1
    SLICE_X78Y63         FDRE                                         r  rvsingle/dp/pcreg/qout_reg[17]/C
  -------------------------------------------------------------------    -------------------
    SLICE_X78Y63         FDRE (Prop_fdre_C_Q)         0.164    -0.404 r  rvsingle/dp/pcreg/qout_reg[17]/Q
                         net (fo=5, routed)           0.637     0.233    PC_OBUF[17]
    N4                   OBUF (Prop_obuf_I_O)         1.129     1.362 r  PC_OBUF[17]_inst/O
                         net (fo=0)                   0.000     1.362    PC[17]
    N4                                                                r  PC[17] (OUT)
  -------------------------------------------------------------------    -------------------

Slack:                    inf
  Source:                 rvsingle/dp/pcreg/qout_reg[22]/C
                            (rising edge-triggered cell FDRE clocked by clk_out1_clk_wiz_0  {rise@0.000ns fall@6.667ns period=13.333ns})
  Destination:            PC[22]
                            (output port)
  Path Group:             (none)
  Path Type:              Min at Fast Process Corner
  Data Path Delay:        1.932ns  (logic 1.302ns (67.423%)  route 0.629ns (32.577%))
  Logic Levels:           1  (OBUF=1)
  Clock Uncertainty:      0.353ns  ((TSJ^2 + DJ^2)^1/2) / 2 + PE
    Total System Jitter     (TSJ):    0.050ns
    Discrete Jitter          (DJ):    0.226ns
    Phase Error              (PE):    0.237ns

    Location             Delay type                Incr(ns)  Path(ns)    Netlist Resource(s)
  -------------------------------------------------------------------    -------------------
                         (clock clk_out1_clk_wiz_0 rise edge)
                                                      0.000     0.000 r  
    E3                                                0.000     0.000 r  clk_100MHz (IN)
                         net (fo=0)                   0.000     0.000    clk_wiz_inst/inst/clk_in1
    E3                   IBUF (Prop_ibuf_I_O)         0.250     0.250 r  clk_wiz_inst/inst/clkin1_ibufg/O
                         net (fo=1, routed)           0.440     0.690    clk_wiz_inst/inst/clk_in1_clk_wiz_0
    MMCME2_ADV_X1Y2      MMCME2_ADV (Prop_mmcme2_adv_CLKIN1_CLKOUT0)
                                                     -2.379    -1.689 r  clk_wiz_inst/inst/mmcm_adv_inst/CLKOUT0
                         net (fo=1, routed)           0.499    -1.190    clk_wiz_inst/inst/clk_out1_clk_wiz_0
    BUFGCTRL_X0Y16       BUFG (Prop_bufg_I_O)         0.026    -1.164 r  clk_wiz_inst/inst/clkout1_buf/O
                         net (fo=152, routed)         0.596    -0.568    rvsingle/dp/pcreg/clk_out1
    SLICE_X78Y64         FDRE                                         r  rvsingle/dp/pcreg/qout_reg[22]/C
  -------------------------------------------------------------------    -------------------
    SLICE_X78Y64         FDRE (Prop_fdre_C_Q)         0.164    -0.404 r  rvsingle/dp/pcreg/qout_reg[22]/Q
                         net (fo=6, routed)           0.629     0.225    PC_OBUF[22]
    P4                   OBUF (Prop_obuf_I_O)         1.138     1.363 r  PC_OBUF[22]_inst/O
                         net (fo=0)                   0.000     1.363    PC[22]
    P4                                                                r  PC[22] (OUT)
  -------------------------------------------------------------------    -------------------

Slack:                    inf
  Source:                 rvsingle/dp/pcreg/qout_reg[1]/C
                            (rising edge-triggered cell FDRE clocked by clk_out1_clk_wiz_0  {rise@0.000ns fall@6.667ns period=13.333ns})
  Destination:            PC[1]
                            (output port)
  Path Group:             (none)
  Path Type:              Min at Fast Process Corner
  Data Path Delay:        1.943ns  (logic 1.326ns (68.230%)  route 0.617ns (31.770%))
  Logic Levels:           1  (OBUF=1)
  Clock Uncertainty:      0.353ns  ((TSJ^2 + DJ^2)^1/2) / 2 + PE
    Total System Jitter     (TSJ):    0.050ns
    Discrete Jitter          (DJ):    0.226ns
    Phase Error              (PE):    0.237ns

    Location             Delay type                Incr(ns)  Path(ns)    Netlist Resource(s)
  -------------------------------------------------------------------    -------------------
                         (clock clk_out1_clk_wiz_0 rise edge)
                                                      0.000     0.000 r  
    E3                                                0.000     0.000 r  clk_100MHz (IN)
                         net (fo=0)                   0.000     0.000    clk_wiz_inst/inst/clk_in1
    E3                   IBUF (Prop_ibuf_I_O)         0.250     0.250 r  clk_wiz_inst/inst/clkin1_ibufg/O
                         net (fo=1, routed)           0.440     0.690    clk_wiz_inst/inst/clk_in1_clk_wiz_0
    MMCME2_ADV_X1Y2      MMCME2_ADV (Prop_mmcme2_adv_CLKIN1_CLKOUT0)
                                                     -2.379    -1.689 r  clk_wiz_inst/inst/mmcm_adv_inst/CLKOUT0
                         net (fo=1, routed)           0.499    -1.190    clk_wiz_inst/inst/clk_out1_clk_wiz_0
    BUFGCTRL_X0Y16       BUFG (Prop_bufg_I_O)         0.026    -1.164 r  clk_wiz_inst/inst/clkout1_buf/O
                         net (fo=152, routed)         0.599    -0.565    rvsingle/dp/pcreg/clk_out1
    SLICE_X78Y59         FDRE                                         r  rvsingle/dp/pcreg/qout_reg[1]/C
  -------------------------------------------------------------------    -------------------
    SLICE_X78Y59         FDRE (Prop_fdre_C_Q)         0.164    -0.401 r  rvsingle/dp/pcreg/qout_reg[1]/Q
                         net (fo=5, routed)           0.617     0.216    PC_OBUF[1]
    T8                   OBUF (Prop_obuf_I_O)         1.162     1.377 r  PC_OBUF[1]_inst/O
                         net (fo=0)                   0.000     1.377    PC[1]
    T8                                                                r  PC[1] (OUT)
  -------------------------------------------------------------------    -------------------

Slack:                    inf
  Source:                 rvsingle/dp/pcreg/qout_reg[11]/C
                            (rising edge-triggered cell FDRE clocked by clk_out1_clk_wiz_0  {rise@0.000ns fall@6.667ns period=13.333ns})
  Destination:            PC[11]
                            (output port)
  Path Group:             (none)
  Path Type:              Min at Fast Process Corner
  Data Path Delay:        1.945ns  (logic 1.314ns (67.569%)  route 0.631ns (32.431%))
  Logic Levels:           1  (OBUF=1)
  Clock Uncertainty:      0.353ns  ((TSJ^2 + DJ^2)^1/2) / 2 + PE
    Total System Jitter     (TSJ):    0.050ns
    Discrete Jitter          (DJ):    0.226ns
    Phase Error              (PE):    0.237ns

    Location             Delay type                Incr(ns)  Path(ns)    Netlist Resource(s)
  -------------------------------------------------------------------    -------------------
                         (clock clk_out1_clk_wiz_0 rise edge)
                                                      0.000     0.000 r  
    E3                                                0.000     0.000 r  clk_100MHz (IN)
                         net (fo=0)                   0.000     0.000    clk_wiz_inst/inst/clk_in1
    E3                   IBUF (Prop_ibuf_I_O)         0.250     0.250 r  clk_wiz_inst/inst/clkin1_ibufg/O
                         net (fo=1, routed)           0.440     0.690    clk_wiz_inst/inst/clk_in1_clk_wiz_0
    MMCME2_ADV_X1Y2      MMCME2_ADV (Prop_mmcme2_adv_CLKIN1_CLKOUT0)
                                                     -2.379    -1.689 r  clk_wiz_inst/inst/mmcm_adv_inst/CLKOUT0
                         net (fo=1, routed)           0.499    -1.190    clk_wiz_inst/inst/clk_out1_clk_wiz_0
    BUFGCTRL_X0Y16       BUFG (Prop_bufg_I_O)         0.026    -1.164 r  clk_wiz_inst/inst/clkout1_buf/O
                         net (fo=152, routed)         0.598    -0.566    rvsingle/dp/pcreg/clk_out1
    SLICE_X78Y61         FDRE                                         r  rvsingle/dp/pcreg/qout_reg[11]/C
  -------------------------------------------------------------------    -------------------
    SLICE_X78Y61         FDRE (Prop_fdre_C_Q)         0.164    -0.402 r  rvsingle/dp/pcreg/qout_reg[11]/Q
                         net (fo=5, routed)           0.631     0.229    PC_OBUF[11]
    R5                   OBUF (Prop_obuf_I_O)         1.150     1.379 r  PC_OBUF[11]_inst/O
                         net (fo=0)                   0.000     1.379    PC[11]
    R5                                                                r  PC[11] (OUT)
  -------------------------------------------------------------------    -------------------

Slack:                    inf
  Source:                 rvsingle/dp/pcreg/qout_reg[14]/C
                            (rising edge-triggered cell FDRE clocked by clk_out1_clk_wiz_0  {rise@0.000ns fall@6.667ns period=13.333ns})
  Destination:            PC[14]
                            (output port)
  Path Group:             (none)
  Path Type:              Min at Fast Process Corner
  Data Path Delay:        1.950ns  (logic 1.305ns (66.907%)  route 0.645ns (33.093%))
  Logic Levels:           1  (OBUF=1)
  Clock Uncertainty:      0.353ns  ((TSJ^2 + DJ^2)^1/2) / 2 + PE
    Total System Jitter     (TSJ):    0.050ns
    Discrete Jitter          (DJ):    0.226ns
    Phase Error              (PE):    0.237ns

    Location             Delay type                Incr(ns)  Path(ns)    Netlist Resource(s)
  -------------------------------------------------------------------    -------------------
                         (clock clk_out1_clk_wiz_0 rise edge)
                                                      0.000     0.000 r  
    E3                                                0.000     0.000 r  clk_100MHz (IN)
                         net (fo=0)                   0.000     0.000    clk_wiz_inst/inst/clk_in1
    E3                   IBUF (Prop_ibuf_I_O)         0.250     0.250 r  clk_wiz_inst/inst/clkin1_ibufg/O
                         net (fo=1, routed)           0.440     0.690    clk_wiz_inst/inst/clk_in1_clk_wiz_0
    MMCME2_ADV_X1Y2      MMCME2_ADV (Prop_mmcme2_adv_CLKIN1_CLKOUT0)
                                                     -2.379    -1.689 r  clk_wiz_inst/inst/mmcm_adv_inst/CLKOUT0
                         net (fo=1, routed)           0.499    -1.190    clk_wiz_inst/inst/clk_out1_clk_wiz_0
    BUFGCTRL_X0Y16       BUFG (Prop_bufg_I_O)         0.026    -1.164 r  clk_wiz_inst/inst/clkout1_buf/O
                         net (fo=152, routed)         0.597    -0.567    rvsingle/dp/pcreg/clk_out1
    SLICE_X78Y62         FDRE                                         r  rvsingle/dp/pcreg/qout_reg[14]/C
  -------------------------------------------------------------------    -------------------
    SLICE_X78Y62         FDRE (Prop_fdre_C_Q)         0.164    -0.403 r  rvsingle/dp/pcreg/qout_reg[14]/Q
                         net (fo=5, routed)           0.645     0.242    PC_OBUF[14]
    M6                   OBUF (Prop_obuf_I_O)         1.141     1.383 r  PC_OBUF[14]_inst/O
                         net (fo=0)                   0.000     1.383    PC[14]
    M6                                                                r  PC[14] (OUT)
  -------------------------------------------------------------------    -------------------

Slack:                    inf
  Source:                 rvsingle/dp/pcreg/qout_reg[19]/C
                            (rising edge-triggered cell FDRE clocked by clk_out1_clk_wiz_0  {rise@0.000ns fall@6.667ns period=13.333ns})
  Destination:            PC[19]
                            (output port)
  Path Group:             (none)
  Path Type:              Min at Fast Process Corner
  Data Path Delay:        1.956ns  (logic 1.304ns (66.647%)  route 0.652ns (33.353%))
  Logic Levels:           1  (OBUF=1)
  Clock Uncertainty:      0.353ns  ((TSJ^2 + DJ^2)^1/2) / 2 + PE
    Total System Jitter     (TSJ):    0.050ns
    Discrete Jitter          (DJ):    0.226ns
    Phase Error              (PE):    0.237ns

    Location             Delay type                Incr(ns)  Path(ns)    Netlist Resource(s)
  -------------------------------------------------------------------    -------------------
                         (clock clk_out1_clk_wiz_0 rise edge)
                                                      0.000     0.000 r  
    E3                                                0.000     0.000 r  clk_100MHz (IN)
                         net (fo=0)                   0.000     0.000    clk_wiz_inst/inst/clk_in1
    E3                   IBUF (Prop_ibuf_I_O)         0.250     0.250 r  clk_wiz_inst/inst/clkin1_ibufg/O
                         net (fo=1, routed)           0.440     0.690    clk_wiz_inst/inst/clk_in1_clk_wiz_0
    MMCME2_ADV_X1Y2      MMCME2_ADV (Prop_mmcme2_adv_CLKIN1_CLKOUT0)
                                                     -2.379    -1.689 r  clk_wiz_inst/inst/mmcm_adv_inst/CLKOUT0
                         net (fo=1, routed)           0.499    -1.190    clk_wiz_inst/inst/clk_out1_clk_wiz_0
    BUFGCTRL_X0Y16       BUFG (Prop_bufg_I_O)         0.026    -1.164 r  clk_wiz_inst/inst/clkout1_buf/O
                         net (fo=152, routed)         0.596    -0.568    rvsingle/dp/pcreg/clk_out1
    SLICE_X78Y63         FDRE                                         r  rvsingle/dp/pcreg/qout_reg[19]/C
  -------------------------------------------------------------------    -------------------
    SLICE_X78Y63         FDRE (Prop_fdre_C_Q)         0.164    -0.404 r  rvsingle/dp/pcreg/qout_reg[19]/Q
                         net (fo=5, routed)           0.652     0.248    PC_OBUF[19]
    R2                   OBUF (Prop_obuf_I_O)         1.140     1.388 r  PC_OBUF[19]_inst/O
                         net (fo=0)                   0.000     1.388    PC[19]
    R2                                                                r  PC[19] (OUT)
  -------------------------------------------------------------------    -------------------





--------------------------------------------------------------------------------------
Path Group:  (none)
From Clock:  clkfbout_clk_wiz_0
  To Clock:  

Max Delay             1 Endpoint
Min Delay             1 Endpoint
--------------------------------------------------------------------------------------


Max Delay Paths
--------------------------------------------------------------------------------------
Slack:                    inf
  Source:                 clk_wiz_inst/inst/mmcm_adv_inst/CLKFBOUT
                            (clock source 'clkfbout_clk_wiz_0'  {rise@0.000ns fall@20.000ns period=40.000ns})
  Destination:            clk_wiz_inst/inst/mmcm_adv_inst/CLKFBIN
  Path Group:             (none)
  Path Type:              Max at Fast Process Corner
  Data Path Delay:        1.396ns  (logic 0.029ns (2.077%)  route 1.367ns (97.923%))
  Logic Levels:           1  (BUFG=1)
  Clock Uncertainty:      0.317ns  ((TSJ^2 + DJ^2)^1/2) / 2 + PE
    Total System Jitter     (TSJ):    0.050ns
    Discrete Jitter          (DJ):    0.153ns
    Phase Error              (PE):    0.237ns

    Location             Delay type                Incr(ns)  Path(ns)    Netlist Resource(s)
  -------------------------------------------------------------------    -------------------
                         (clock clkfbout_clk_wiz_0 fall edge)
                                                     20.000    20.000 f  
    E3                                                0.000    20.000 f  clk_100MHz (IN)
                         net (fo=0)                   0.000    20.000    clk_wiz_inst/inst/clk_in1
    E3                   IBUF (Prop_ibuf_I_O)         0.438    20.438 f  clk_wiz_inst/inst/clkin1_ibufg/O
                         net (fo=1, routed)           0.480    20.918    clk_wiz_inst/inst/clk_in1_clk_wiz_0
  -------------------------------------------------------------------    -------------------
    MMCME2_ADV_X1Y2      MMCME2_ADV (Prop_mmcme2_adv_CLKIN1_CLKFBOUT)
                                                     -3.163    17.755 f  clk_wiz_inst/inst/mmcm_adv_inst/CLKFBOUT
                         net (fo=1, routed)           0.544    18.298    clk_wiz_inst/inst/clkfbout_clk_wiz_0
    BUFGCTRL_X0Y17       BUFG (Prop_bufg_I_O)         0.029    18.327 f  clk_wiz_inst/inst/clkf_buf/O
                         net (fo=1, routed)           0.824    19.151    clk_wiz_inst/inst/clkfbout_buf_clk_wiz_0
    MMCME2_ADV_X1Y2      MMCME2_ADV                                   f  clk_wiz_inst/inst/mmcm_adv_inst/CLKFBIN
  -------------------------------------------------------------------    -------------------





Min Delay Paths
--------------------------------------------------------------------------------------
Slack:                    inf
  Source:                 clk_wiz_inst/inst/mmcm_adv_inst/CLKFBOUT
                            (clock source 'clkfbout_clk_wiz_0'  {rise@0.000ns fall@20.000ns period=40.000ns})
  Destination:            clk_wiz_inst/inst/mmcm_adv_inst/CLKFBIN
  Path Group:             (none)
  Path Type:              Min at Slow Process Corner
  Data Path Delay:        3.236ns  (logic 0.091ns (2.812%)  route 3.145ns (97.188%))
  Logic Levels:           1  (BUFG=1)
  Clock Uncertainty:      0.317ns  ((TSJ^2 + DJ^2)^1/2) / 2 + PE
    Total System Jitter     (TSJ):    0.050ns
    Discrete Jitter          (DJ):    0.153ns
    Phase Error              (PE):    0.237ns

    Location             Delay type                Incr(ns)  Path(ns)    Netlist Resource(s)
  -------------------------------------------------------------------    -------------------
                         (clock clkfbout_clk_wiz_0 rise edge)
                                                      0.000     0.000 r  
    E3                                                0.000     0.000 r  clk_100MHz (IN)
                         net (fo=0)                   0.000     0.000    clk_wiz_inst/inst/clk_in1
    E3                   IBUF (Prop_ibuf_I_O)         1.411     1.411 r  clk_wiz_inst/inst/clkin1_ibufg/O
                         net (fo=1, routed)           1.162     2.573    clk_wiz_inst/inst/clk_in1_clk_wiz_0
  -------------------------------------------------------------------    -------------------
    MMCME2_ADV_X1Y2      MMCME2_ADV (Prop_mmcme2_adv_CLKIN1_CLKFBOUT)
                                                     -7.324    -4.751 r  clk_wiz_inst/inst/mmcm_adv_inst/CLKFBOUT
                         net (fo=1, routed)           1.639    -3.112    clk_wiz_inst/inst/clkfbout_clk_wiz_0
    BUFGCTRL_X0Y17       BUFG (Prop_bufg_I_O)         0.091    -3.021 r  clk_wiz_inst/inst/clkf_buf/O
                         net (fo=1, routed)           1.506    -1.515    clk_wiz_inst/inst/clkfbout_buf_clk_wiz_0
    MMCME2_ADV_X1Y2      MMCME2_ADV                                   r  clk_wiz_inst/inst/mmcm_adv_inst/CLKFBIN
  -------------------------------------------------------------------    -------------------





--------------------------------------------------------------------------------------
Path Group:  (none)
From Clock:  
  To Clock:  clk_out1_clk_wiz_0

Max Delay            32 Endpoints
Min Delay            32 Endpoints
--------------------------------------------------------------------------------------


Max Delay Paths
--------------------------------------------------------------------------------------
Slack:                    inf
  Source:                 reset
                            (input port)
  Destination:            rvsingle/dp/pcreg/qout_reg[1]/R
                            (rising edge-triggered cell FDRE clocked by clk_out1_clk_wiz_0  {rise@0.000ns fall@6.667ns period=13.333ns})
  Path Group:             (none)
  Path Type:              Setup (Max at Slow Process Corner)
  Data Path Delay:        6.478ns  (logic 1.478ns (22.810%)  route 5.000ns (77.190%))
  Logic Levels:           1  (IBUF=1)
  Clock Path Skew:        -1.422ns (DCD - SCD + CPR)
    Destination Clock Delay (DCD):    -1.422ns
    Source Clock Delay      (SCD):    0.000ns
    Clock Pessimism Removal (CPR):    0.000ns
  Clock Uncertainty:      0.353ns  ((TSJ^2 + DJ^2)^1/2) / 2 + PE
    Total System Jitter     (TSJ):    0.050ns
    Discrete Jitter          (DJ):    0.226ns
    Phase Error              (PE):    0.237ns

    Location             Delay type                Incr(ns)  Path(ns)    Netlist Resource(s)
  -------------------------------------------------------------------    -------------------
    J15                                               0.000     0.000 r  reset (IN)
                         net (fo=0)                   0.000     0.000    reset
    J15                  IBUF (Prop_ibuf_I_O)         1.478     1.478 r  reset_IBUF_inst/O
                         net (fo=33, routed)          5.000     6.478    rvsingle/dp/pcreg/reset
    SLICE_X78Y59         FDRE                                         r  rvsingle/dp/pcreg/qout_reg[1]/R
  -------------------------------------------------------------------    -------------------

                         (clock clk_out1_clk_wiz_0 rise edge)
                                                      0.000     0.000 r  
    E3                                                0.000     0.000 r  clk_100MHz (IN)
                         net (fo=0)                   0.000     0.000    clk_wiz_inst/inst/clk_in1
    E3                   IBUF (Prop_ibuf_I_O)         1.411     1.411 r  clk_wiz_inst/inst/clkin1_ibufg/O
                         net (fo=1, routed)           1.162     2.573    clk_wiz_inst/inst/clk_in1_clk_wiz_0
    MMCME2_ADV_X1Y2      MMCME2_ADV (Prop_mmcme2_adv_CLKIN1_CLKOUT0)
                                                     -7.324    -4.751 r  clk_wiz_inst/inst/mmcm_adv_inst/CLKOUT0
                         net (fo=1, routed)           1.639    -3.112    clk_wiz_inst/inst/clk_out1_clk_wiz_0
    BUFGCTRL_X0Y16       BUFG (Prop_bufg_I_O)         0.091    -3.021 r  clk_wiz_inst/inst/clkout1_buf/O
                         net (fo=152, routed)         1.598    -1.422    rvsingle/dp/pcreg/clk_out1
    SLICE_X78Y59         FDRE                                         r  rvsingle/dp/pcreg/qout_reg[1]/C

Slack:                    inf
  Source:                 reset
                            (input port)
  Destination:            rvsingle/dp/pcreg/qout_reg[2]/R
                            (rising edge-triggered cell FDRE clocked by clk_out1_clk_wiz_0  {rise@0.000ns fall@6.667ns period=13.333ns})
  Path Group:             (none)
  Path Type:              Setup (Max at Slow Process Corner)
  Data Path Delay:        6.478ns  (logic 1.478ns (22.810%)  route 5.000ns (77.190%))
  Logic Levels:           1  (IBUF=1)
  Clock Path Skew:        -1.422ns (DCD - SCD + CPR)
    Destination Clock Delay (DCD):    -1.422ns
    Source Clock Delay      (SCD):    0.000ns
    Clock Pessimism Removal (CPR):    0.000ns
  Clock Uncertainty:      0.353ns  ((TSJ^2 + DJ^2)^1/2) / 2 + PE
    Total System Jitter     (TSJ):    0.050ns
    Discrete Jitter          (DJ):    0.226ns
    Phase Error              (PE):    0.237ns

    Location             Delay type                Incr(ns)  Path(ns)    Netlist Resource(s)
  -------------------------------------------------------------------    -------------------
    J15                                               0.000     0.000 r  reset (IN)
                         net (fo=0)                   0.000     0.000    reset
    J15                  IBUF (Prop_ibuf_I_O)         1.478     1.478 r  reset_IBUF_inst/O
                         net (fo=33, routed)          5.000     6.478    rvsingle/dp/pcreg/reset
    SLICE_X78Y59         FDRE                                         r  rvsingle/dp/pcreg/qout_reg[2]/R
  -------------------------------------------------------------------    -------------------

                         (clock clk_out1_clk_wiz_0 rise edge)
                                                      0.000     0.000 r  
    E3                                                0.000     0.000 r  clk_100MHz (IN)
                         net (fo=0)                   0.000     0.000    clk_wiz_inst/inst/clk_in1
    E3                   IBUF (Prop_ibuf_I_O)         1.411     1.411 r  clk_wiz_inst/inst/clkin1_ibufg/O
                         net (fo=1, routed)           1.162     2.573    clk_wiz_inst/inst/clk_in1_clk_wiz_0
    MMCME2_ADV_X1Y2      MMCME2_ADV (Prop_mmcme2_adv_CLKIN1_CLKOUT0)
                                                     -7.324    -4.751 r  clk_wiz_inst/inst/mmcm_adv_inst/CLKOUT0
                         net (fo=1, routed)           1.639    -3.112    clk_wiz_inst/inst/clk_out1_clk_wiz_0
    BUFGCTRL_X0Y16       BUFG (Prop_bufg_I_O)         0.091    -3.021 r  clk_wiz_inst/inst/clkout1_buf/O
                         net (fo=152, routed)         1.598    -1.422    rvsingle/dp/pcreg/clk_out1
    SLICE_X78Y59         FDRE                                         r  rvsingle/dp/pcreg/qout_reg[2]/C

Slack:                    inf
  Source:                 reset
                            (input port)
  Destination:            rvsingle/dp/pcreg/qout_reg[3]/R
                            (rising edge-triggered cell FDRE clocked by clk_out1_clk_wiz_0  {rise@0.000ns fall@6.667ns period=13.333ns})
  Path Group:             (none)
  Path Type:              Setup (Max at Slow Process Corner)
  Data Path Delay:        6.478ns  (logic 1.478ns (22.810%)  route 5.000ns (77.190%))
  Logic Levels:           1  (IBUF=1)
  Clock Path Skew:        -1.422ns (DCD - SCD + CPR)
    Destination Clock Delay (DCD):    -1.422ns
    Source Clock Delay      (SCD):    0.000ns
    Clock Pessimism Removal (CPR):    0.000ns
  Clock Uncertainty:      0.353ns  ((TSJ^2 + DJ^2)^1/2) / 2 + PE
    Total System Jitter     (TSJ):    0.050ns
    Discrete Jitter          (DJ):    0.226ns
    Phase Error              (PE):    0.237ns

    Location             Delay type                Incr(ns)  Path(ns)    Netlist Resource(s)
  -------------------------------------------------------------------    -------------------
    J15                                               0.000     0.000 r  reset (IN)
                         net (fo=0)                   0.000     0.000    reset
    J15                  IBUF (Prop_ibuf_I_O)         1.478     1.478 r  reset_IBUF_inst/O
                         net (fo=33, routed)          5.000     6.478    rvsingle/dp/pcreg/reset
    SLICE_X78Y59         FDRE                                         r  rvsingle/dp/pcreg/qout_reg[3]/R
  -------------------------------------------------------------------    -------------------

                         (clock clk_out1_clk_wiz_0 rise edge)
                                                      0.000     0.000 r  
    E3                                                0.000     0.000 r  clk_100MHz (IN)
                         net (fo=0)                   0.000     0.000    clk_wiz_inst/inst/clk_in1
    E3                   IBUF (Prop_ibuf_I_O)         1.411     1.411 r  clk_wiz_inst/inst/clkin1_ibufg/O
                         net (fo=1, routed)           1.162     2.573    clk_wiz_inst/inst/clk_in1_clk_wiz_0
    MMCME2_ADV_X1Y2      MMCME2_ADV (Prop_mmcme2_adv_CLKIN1_CLKOUT0)
                                                     -7.324    -4.751 r  clk_wiz_inst/inst/mmcm_adv_inst/CLKOUT0
                         net (fo=1, routed)           1.639    -3.112    clk_wiz_inst/inst/clk_out1_clk_wiz_0
    BUFGCTRL_X0Y16       BUFG (Prop_bufg_I_O)         0.091    -3.021 r  clk_wiz_inst/inst/clkout1_buf/O
                         net (fo=152, routed)         1.598    -1.422    rvsingle/dp/pcreg/clk_out1
    SLICE_X78Y59         FDRE                                         r  rvsingle/dp/pcreg/qout_reg[3]/C

Slack:                    inf
  Source:                 reset
                            (input port)
  Destination:            rvsingle/dp/pcreg/qout_reg[4]/R
                            (rising edge-triggered cell FDRE clocked by clk_out1_clk_wiz_0  {rise@0.000ns fall@6.667ns period=13.333ns})
  Path Group:             (none)
  Path Type:              Setup (Max at Slow Process Corner)
  Data Path Delay:        6.478ns  (logic 1.478ns (22.810%)  route 5.000ns (77.190%))
  Logic Levels:           1  (IBUF=1)
  Clock Path Skew:        -1.422ns (DCD - SCD + CPR)
    Destination Clock Delay (DCD):    -1.422ns
    Source Clock Delay      (SCD):    0.000ns
    Clock Pessimism Removal (CPR):    0.000ns
  Clock Uncertainty:      0.353ns  ((TSJ^2 + DJ^2)^1/2) / 2 + PE
    Total System Jitter     (TSJ):    0.050ns
    Discrete Jitter          (DJ):    0.226ns
    Phase Error              (PE):    0.237ns

    Location             Delay type                Incr(ns)  Path(ns)    Netlist Resource(s)
  -------------------------------------------------------------------    -------------------
    J15                                               0.000     0.000 r  reset (IN)
                         net (fo=0)                   0.000     0.000    reset
    J15                  IBUF (Prop_ibuf_I_O)         1.478     1.478 r  reset_IBUF_inst/O
                         net (fo=33, routed)          5.000     6.478    rvsingle/dp/pcreg/reset
    SLICE_X78Y59         FDRE                                         r  rvsingle/dp/pcreg/qout_reg[4]/R
  -------------------------------------------------------------------    -------------------

                         (clock clk_out1_clk_wiz_0 rise edge)
                                                      0.000     0.000 r  
    E3                                                0.000     0.000 r  clk_100MHz (IN)
                         net (fo=0)                   0.000     0.000    clk_wiz_inst/inst/clk_in1
    E3                   IBUF (Prop_ibuf_I_O)         1.411     1.411 r  clk_wiz_inst/inst/clkin1_ibufg/O
                         net (fo=1, routed)           1.162     2.573    clk_wiz_inst/inst/clk_in1_clk_wiz_0
    MMCME2_ADV_X1Y2      MMCME2_ADV (Prop_mmcme2_adv_CLKIN1_CLKOUT0)
                                                     -7.324    -4.751 r  clk_wiz_inst/inst/mmcm_adv_inst/CLKOUT0
                         net (fo=1, routed)           1.639    -3.112    clk_wiz_inst/inst/clk_out1_clk_wiz_0
    BUFGCTRL_X0Y16       BUFG (Prop_bufg_I_O)         0.091    -3.021 r  clk_wiz_inst/inst/clkout1_buf/O
                         net (fo=152, routed)         1.598    -1.422    rvsingle/dp/pcreg/clk_out1
    SLICE_X78Y59         FDRE                                         r  rvsingle/dp/pcreg/qout_reg[4]/C

Slack:                    inf
  Source:                 reset
                            (input port)
  Destination:            rvsingle/dp/pcreg/qout_reg[13]/R
                            (rising edge-triggered cell FDRE clocked by clk_out1_clk_wiz_0  {rise@0.000ns fall@6.667ns period=13.333ns})
  Path Group:             (none)
  Path Type:              Setup (Max at Slow Process Corner)
  Data Path Delay:        6.470ns  (logic 1.478ns (22.838%)  route 4.992ns (77.162%))
  Logic Levels:           1  (IBUF=1)
  Clock Path Skew:        -1.424ns (DCD - SCD + CPR)
    Destination Clock Delay (DCD):    -1.424ns
    Source Clock Delay      (SCD):    0.000ns
    Clock Pessimism Removal (CPR):    0.000ns
  Clock Uncertainty:      0.353ns  ((TSJ^2 + DJ^2)^1/2) / 2 + PE
    Total System Jitter     (TSJ):    0.050ns
    Discrete Jitter          (DJ):    0.226ns
    Phase Error              (PE):    0.237ns

    Location             Delay type                Incr(ns)  Path(ns)    Netlist Resource(s)
  -------------------------------------------------------------------    -------------------
    J15                                               0.000     0.000 r  reset (IN)
                         net (fo=0)                   0.000     0.000    reset
    J15                  IBUF (Prop_ibuf_I_O)         1.478     1.478 r  reset_IBUF_inst/O
                         net (fo=33, routed)          4.992     6.470    rvsingle/dp/pcreg/reset
    SLICE_X78Y62         FDRE                                         r  rvsingle/dp/pcreg/qout_reg[13]/R
  -------------------------------------------------------------------    -------------------

                         (clock clk_out1_clk_wiz_0 rise edge)
                                                      0.000     0.000 r  
    E3                                                0.000     0.000 r  clk_100MHz (IN)
                         net (fo=0)                   0.000     0.000    clk_wiz_inst/inst/clk_in1
    E3                   IBUF (Prop_ibuf_I_O)         1.411     1.411 r  clk_wiz_inst/inst/clkin1_ibufg/O
                         net (fo=1, routed)           1.162     2.573    clk_wiz_inst/inst/clk_in1_clk_wiz_0
    MMCME2_ADV_X1Y2      MMCME2_ADV (Prop_mmcme2_adv_CLKIN1_CLKOUT0)
                                                     -7.324    -4.751 r  clk_wiz_inst/inst/mmcm_adv_inst/CLKOUT0
                         net (fo=1, routed)           1.639    -3.112    clk_wiz_inst/inst/clk_out1_clk_wiz_0
    BUFGCTRL_X0Y16       BUFG (Prop_bufg_I_O)         0.091    -3.021 r  clk_wiz_inst/inst/clkout1_buf/O
                         net (fo=152, routed)         1.596    -1.424    rvsingle/dp/pcreg/clk_out1
    SLICE_X78Y62         FDRE                                         r  rvsingle/dp/pcreg/qout_reg[13]/C

Slack:                    inf
  Source:                 reset
                            (input port)
  Destination:            rvsingle/dp/pcreg/qout_reg[14]/R
                            (rising edge-triggered cell FDRE clocked by clk_out1_clk_wiz_0  {rise@0.000ns fall@6.667ns period=13.333ns})
  Path Group:             (none)
  Path Type:              Setup (Max at Slow Process Corner)
  Data Path Delay:        6.470ns  (logic 1.478ns (22.838%)  route 4.992ns (77.162%))
  Logic Levels:           1  (IBUF=1)
  Clock Path Skew:        -1.424ns (DCD - SCD + CPR)
    Destination Clock Delay (DCD):    -1.424ns
    Source Clock Delay      (SCD):    0.000ns
    Clock Pessimism Removal (CPR):    0.000ns
  Clock Uncertainty:      0.353ns  ((TSJ^2 + DJ^2)^1/2) / 2 + PE
    Total System Jitter     (TSJ):    0.050ns
    Discrete Jitter          (DJ):    0.226ns
    Phase Error              (PE):    0.237ns

    Location             Delay type                Incr(ns)  Path(ns)    Netlist Resource(s)
  -------------------------------------------------------------------    -------------------
    J15                                               0.000     0.000 r  reset (IN)
                         net (fo=0)                   0.000     0.000    reset
    J15                  IBUF (Prop_ibuf_I_O)         1.478     1.478 r  reset_IBUF_inst/O
                         net (fo=33, routed)          4.992     6.470    rvsingle/dp/pcreg/reset
    SLICE_X78Y62         FDRE                                         r  rvsingle/dp/pcreg/qout_reg[14]/R
  -------------------------------------------------------------------    -------------------

                         (clock clk_out1_clk_wiz_0 rise edge)
                                                      0.000     0.000 r  
    E3                                                0.000     0.000 r  clk_100MHz (IN)
                         net (fo=0)                   0.000     0.000    clk_wiz_inst/inst/clk_in1
    E3                   IBUF (Prop_ibuf_I_O)         1.411     1.411 r  clk_wiz_inst/inst/clkin1_ibufg/O
                         net (fo=1, routed)           1.162     2.573    clk_wiz_inst/inst/clk_in1_clk_wiz_0
    MMCME2_ADV_X1Y2      MMCME2_ADV (Prop_mmcme2_adv_CLKIN1_CLKOUT0)
                                                     -7.324    -4.751 r  clk_wiz_inst/inst/mmcm_adv_inst/CLKOUT0
                         net (fo=1, routed)           1.639    -3.112    clk_wiz_inst/inst/clk_out1_clk_wiz_0
    BUFGCTRL_X0Y16       BUFG (Prop_bufg_I_O)         0.091    -3.021 r  clk_wiz_inst/inst/clkout1_buf/O
                         net (fo=152, routed)         1.596    -1.424    rvsingle/dp/pcreg/clk_out1
    SLICE_X78Y62         FDRE                                         r  rvsingle/dp/pcreg/qout_reg[14]/C

Slack:                    inf
  Source:                 reset
                            (input port)
  Destination:            rvsingle/dp/pcreg/qout_reg[15]/R
                            (rising edge-triggered cell FDRE clocked by clk_out1_clk_wiz_0  {rise@0.000ns fall@6.667ns period=13.333ns})
  Path Group:             (none)
  Path Type:              Setup (Max at Slow Process Corner)
  Data Path Delay:        6.470ns  (logic 1.478ns (22.838%)  route 4.992ns (77.162%))
  Logic Levels:           1  (IBUF=1)
  Clock Path Skew:        -1.424ns (DCD - SCD + CPR)
    Destination Clock Delay (DCD):    -1.424ns
    Source Clock Delay      (SCD):    0.000ns
    Clock Pessimism Removal (CPR):    0.000ns
  Clock Uncertainty:      0.353ns  ((TSJ^2 + DJ^2)^1/2) / 2 + PE
    Total System Jitter     (TSJ):    0.050ns
    Discrete Jitter          (DJ):    0.226ns
    Phase Error              (PE):    0.237ns

    Location             Delay type                Incr(ns)  Path(ns)    Netlist Resource(s)
  -------------------------------------------------------------------    -------------------
    J15                                               0.000     0.000 r  reset (IN)
                         net (fo=0)                   0.000     0.000    reset
    J15                  IBUF (Prop_ibuf_I_O)         1.478     1.478 r  reset_IBUF_inst/O
                         net (fo=33, routed)          4.992     6.470    rvsingle/dp/pcreg/reset
    SLICE_X78Y62         FDRE                                         r  rvsingle/dp/pcreg/qout_reg[15]/R
  -------------------------------------------------------------------    -------------------

                         (clock clk_out1_clk_wiz_0 rise edge)
                                                      0.000     0.000 r  
    E3                                                0.000     0.000 r  clk_100MHz (IN)
                         net (fo=0)                   0.000     0.000    clk_wiz_inst/inst/clk_in1
    E3                   IBUF (Prop_ibuf_I_O)         1.411     1.411 r  clk_wiz_inst/inst/clkin1_ibufg/O
                         net (fo=1, routed)           1.162     2.573    clk_wiz_inst/inst/clk_in1_clk_wiz_0
    MMCME2_ADV_X1Y2      MMCME2_ADV (Prop_mmcme2_adv_CLKIN1_CLKOUT0)
                                                     -7.324    -4.751 r  clk_wiz_inst/inst/mmcm_adv_inst/CLKOUT0
                         net (fo=1, routed)           1.639    -3.112    clk_wiz_inst/inst/clk_out1_clk_wiz_0
    BUFGCTRL_X0Y16       BUFG (Prop_bufg_I_O)         0.091    -3.021 r  clk_wiz_inst/inst/clkout1_buf/O
                         net (fo=152, routed)         1.596    -1.424    rvsingle/dp/pcreg/clk_out1
    SLICE_X78Y62         FDRE                                         r  rvsingle/dp/pcreg/qout_reg[15]/C

Slack:                    inf
  Source:                 reset
                            (input port)
  Destination:            rvsingle/dp/pcreg/qout_reg[16]/R
                            (rising edge-triggered cell FDRE clocked by clk_out1_clk_wiz_0  {rise@0.000ns fall@6.667ns period=13.333ns})
  Path Group:             (none)
  Path Type:              Setup (Max at Slow Process Corner)
  Data Path Delay:        6.470ns  (logic 1.478ns (22.838%)  route 4.992ns (77.162%))
  Logic Levels:           1  (IBUF=1)
  Clock Path Skew:        -1.424ns (DCD - SCD + CPR)
    Destination Clock Delay (DCD):    -1.424ns
    Source Clock Delay      (SCD):    0.000ns
    Clock Pessimism Removal (CPR):    0.000ns
  Clock Uncertainty:      0.353ns  ((TSJ^2 + DJ^2)^1/2) / 2 + PE
    Total System Jitter     (TSJ):    0.050ns
    Discrete Jitter          (DJ):    0.226ns
    Phase Error              (PE):    0.237ns

    Location             Delay type                Incr(ns)  Path(ns)    Netlist Resource(s)
  -------------------------------------------------------------------    -------------------
    J15                                               0.000     0.000 r  reset (IN)
                         net (fo=0)                   0.000     0.000    reset
    J15                  IBUF (Prop_ibuf_I_O)         1.478     1.478 r  reset_IBUF_inst/O
                         net (fo=33, routed)          4.992     6.470    rvsingle/dp/pcreg/reset
    SLICE_X78Y62         FDRE                                         r  rvsingle/dp/pcreg/qout_reg[16]/R
  -------------------------------------------------------------------    -------------------

                         (clock clk_out1_clk_wiz_0 rise edge)
                                                      0.000     0.000 r  
    E3                                                0.000     0.000 r  clk_100MHz (IN)
                         net (fo=0)                   0.000     0.000    clk_wiz_inst/inst/clk_in1
    E3                   IBUF (Prop_ibuf_I_O)         1.411     1.411 r  clk_wiz_inst/inst/clkin1_ibufg/O
                         net (fo=1, routed)           1.162     2.573    clk_wiz_inst/inst/clk_in1_clk_wiz_0
    MMCME2_ADV_X1Y2      MMCME2_ADV (Prop_mmcme2_adv_CLKIN1_CLKOUT0)
                                                     -7.324    -4.751 r  clk_wiz_inst/inst/mmcm_adv_inst/CLKOUT0
                         net (fo=1, routed)           1.639    -3.112    clk_wiz_inst/inst/clk_out1_clk_wiz_0
    BUFGCTRL_X0Y16       BUFG (Prop_bufg_I_O)         0.091    -3.021 r  clk_wiz_inst/inst/clkout1_buf/O
                         net (fo=152, routed)         1.596    -1.424    rvsingle/dp/pcreg/clk_out1
    SLICE_X78Y62         FDRE                                         r  rvsingle/dp/pcreg/qout_reg[16]/C

Slack:                    inf
  Source:                 reset
                            (input port)
  Destination:            rvsingle/dp/pcreg/qout_reg[5]/R
                            (rising edge-triggered cell FDRE clocked by clk_out1_clk_wiz_0  {rise@0.000ns fall@6.667ns period=13.333ns})
  Path Group:             (none)
  Path Type:              Setup (Max at Slow Process Corner)
  Data Path Delay:        6.462ns  (logic 1.478ns (22.864%)  route 4.985ns (77.136%))
  Logic Levels:           1  (IBUF=1)
  Clock Path Skew:        -1.422ns (DCD - SCD + CPR)
    Destination Clock Delay (DCD):    -1.422ns
    Source Clock Delay      (SCD):    0.000ns
    Clock Pessimism Removal (CPR):    0.000ns
  Clock Uncertainty:      0.353ns  ((TSJ^2 + DJ^2)^1/2) / 2 + PE
    Total System Jitter     (TSJ):    0.050ns
    Discrete Jitter          (DJ):    0.226ns
    Phase Error              (PE):    0.237ns

    Location             Delay type                Incr(ns)  Path(ns)    Netlist Resource(s)
  -------------------------------------------------------------------    -------------------
    J15                                               0.000     0.000 r  reset (IN)
                         net (fo=0)                   0.000     0.000    reset
    J15                  IBUF (Prop_ibuf_I_O)         1.478     1.478 r  reset_IBUF_inst/O
                         net (fo=33, routed)          4.985     6.462    rvsingle/dp/pcreg/reset
    SLICE_X78Y60         FDRE                                         r  rvsingle/dp/pcreg/qout_reg[5]/R
  -------------------------------------------------------------------    -------------------

                         (clock clk_out1_clk_wiz_0 rise edge)
                                                      0.000     0.000 r  
    E3                                                0.000     0.000 r  clk_100MHz (IN)
                         net (fo=0)                   0.000     0.000    clk_wiz_inst/inst/clk_in1
    E3                   IBUF (Prop_ibuf_I_O)         1.411     1.411 r  clk_wiz_inst/inst/clkin1_ibufg/O
                         net (fo=1, routed)           1.162     2.573    clk_wiz_inst/inst/clk_in1_clk_wiz_0
    MMCME2_ADV_X1Y2      MMCME2_ADV (Prop_mmcme2_adv_CLKIN1_CLKOUT0)
                                                     -7.324    -4.751 r  clk_wiz_inst/inst/mmcm_adv_inst/CLKOUT0
                         net (fo=1, routed)           1.639    -3.112    clk_wiz_inst/inst/clk_out1_clk_wiz_0
    BUFGCTRL_X0Y16       BUFG (Prop_bufg_I_O)         0.091    -3.021 r  clk_wiz_inst/inst/clkout1_buf/O
                         net (fo=152, routed)         1.598    -1.422    rvsingle/dp/pcreg/clk_out1
    SLICE_X78Y60         FDRE                                         r  rvsingle/dp/pcreg/qout_reg[5]/C

Slack:                    inf
  Source:                 reset
                            (input port)
  Destination:            rvsingle/dp/pcreg/qout_reg[6]/R
                            (rising edge-triggered cell FDRE clocked by clk_out1_clk_wiz_0  {rise@0.000ns fall@6.667ns period=13.333ns})
  Path Group:             (none)
  Path Type:              Setup (Max at Slow Process Corner)
  Data Path Delay:        6.462ns  (logic 1.478ns (22.864%)  route 4.985ns (77.136%))
  Logic Levels:           1  (IBUF=1)
  Clock Path Skew:        -1.422ns (DCD - SCD + CPR)
    Destination Clock Delay (DCD):    -1.422ns
    Source Clock Delay      (SCD):    0.000ns
    Clock Pessimism Removal (CPR):    0.000ns
  Clock Uncertainty:      0.353ns  ((TSJ^2 + DJ^2)^1/2) / 2 + PE
    Total System Jitter     (TSJ):    0.050ns
    Discrete Jitter          (DJ):    0.226ns
    Phase Error              (PE):    0.237ns

    Location             Delay type                Incr(ns)  Path(ns)    Netlist Resource(s)
  -------------------------------------------------------------------    -------------------
    J15                                               0.000     0.000 r  reset (IN)
                         net (fo=0)                   0.000     0.000    reset
    J15                  IBUF (Prop_ibuf_I_O)         1.478     1.478 r  reset_IBUF_inst/O
                         net (fo=33, routed)          4.985     6.462    rvsingle/dp/pcreg/reset
    SLICE_X78Y60         FDRE                                         r  rvsingle/dp/pcreg/qout_reg[6]/R
  -------------------------------------------------------------------    -------------------

                         (clock clk_out1_clk_wiz_0 rise edge)
                                                      0.000     0.000 r  
    E3                                                0.000     0.000 r  clk_100MHz (IN)
                         net (fo=0)                   0.000     0.000    clk_wiz_inst/inst/clk_in1
    E3                   IBUF (Prop_ibuf_I_O)         1.411     1.411 r  clk_wiz_inst/inst/clkin1_ibufg/O
                         net (fo=1, routed)           1.162     2.573    clk_wiz_inst/inst/clk_in1_clk_wiz_0
    MMCME2_ADV_X1Y2      MMCME2_ADV (Prop_mmcme2_adv_CLKIN1_CLKOUT0)
                                                     -7.324    -4.751 r  clk_wiz_inst/inst/mmcm_adv_inst/CLKOUT0
                         net (fo=1, routed)           1.639    -3.112    clk_wiz_inst/inst/clk_out1_clk_wiz_0
    BUFGCTRL_X0Y16       BUFG (Prop_bufg_I_O)         0.091    -3.021 r  clk_wiz_inst/inst/clkout1_buf/O
                         net (fo=152, routed)         1.598    -1.422    rvsingle/dp/pcreg/clk_out1
    SLICE_X78Y60         FDRE                                         r  rvsingle/dp/pcreg/qout_reg[6]/C





Min Delay Paths
--------------------------------------------------------------------------------------
Slack:                    inf
  Source:                 reset
                            (input port)
  Destination:            rvsingle/dp/pcreg/qout_reg[21]/R
                            (rising edge-triggered cell FDRE clocked by clk_out1_clk_wiz_0  {rise@0.000ns fall@6.667ns period=13.333ns})
  Path Group:             (none)
  Path Type:              Hold (Min at Fast Process Corner)
  Data Path Delay:        2.216ns  (logic 0.245ns (11.077%)  route 1.970ns (88.923%))
  Logic Levels:           1  (IBUF=1)
  Clock Path Skew:        -0.806ns (DCD - SCD - CPR)
    Destination Clock Delay (DCD):    -0.806ns
    Source Clock Delay      (SCD):    0.000ns
    Clock Pessimism Removal (CPR):    -0.000ns

    Location             Delay type                Incr(ns)  Path(ns)    Netlist Resource(s)
  -------------------------------------------------------------------    -------------------
    J15                                               0.000     0.000 r  reset (IN)
                         net (fo=0)                   0.000     0.000    reset
    J15                  IBUF (Prop_ibuf_I_O)         0.245     0.245 r  reset_IBUF_inst/O
                         net (fo=33, routed)          1.970     2.216    rvsingle/dp/pcreg/reset
    SLICE_X78Y64         FDRE                                         r  rvsingle/dp/pcreg/qout_reg[21]/R
  -------------------------------------------------------------------    -------------------

                         (clock clk_out1_clk_wiz_0 rise edge)
                                                      0.000     0.000 r  
    E3                                                0.000     0.000 r  clk_100MHz (IN)
                         net (fo=0)                   0.000     0.000    clk_wiz_inst/inst/clk_in1
    E3                   IBUF (Prop_ibuf_I_O)         0.438     0.438 r  clk_wiz_inst/inst/clkin1_ibufg/O
                         net (fo=1, routed)           0.480     0.918    clk_wiz_inst/inst/clk_in1_clk_wiz_0
    MMCME2_ADV_X1Y2      MMCME2_ADV (Prop_mmcme2_adv_CLKIN1_CLKOUT0)
                                                     -3.163    -2.245 r  clk_wiz_inst/inst/mmcm_adv_inst/CLKOUT0
                         net (fo=1, routed)           0.544    -1.702    clk_wiz_inst/inst/clk_out1_clk_wiz_0
    BUFGCTRL_X0Y16       BUFG (Prop_bufg_I_O)         0.029    -1.673 r  clk_wiz_inst/inst/clkout1_buf/O
                         net (fo=152, routed)         0.867    -0.806    rvsingle/dp/pcreg/clk_out1
    SLICE_X78Y64         FDRE                                         r  rvsingle/dp/pcreg/qout_reg[21]/C

Slack:                    inf
  Source:                 reset
                            (input port)
  Destination:            rvsingle/dp/pcreg/qout_reg[22]/R
                            (rising edge-triggered cell FDRE clocked by clk_out1_clk_wiz_0  {rise@0.000ns fall@6.667ns period=13.333ns})
  Path Group:             (none)
  Path Type:              Hold (Min at Fast Process Corner)
  Data Path Delay:        2.216ns  (logic 0.245ns (11.077%)  route 1.970ns (88.923%))
  Logic Levels:           1  (IBUF=1)
  Clock Path Skew:        -0.806ns (DCD - SCD - CPR)
    Destination Clock Delay (DCD):    -0.806ns
    Source Clock Delay      (SCD):    0.000ns
    Clock Pessimism Removal (CPR):    -0.000ns

    Location             Delay type                Incr(ns)  Path(ns)    Netlist Resource(s)
  -------------------------------------------------------------------    -------------------
    J15                                               0.000     0.000 r  reset (IN)
                         net (fo=0)                   0.000     0.000    reset
    J15                  IBUF (Prop_ibuf_I_O)         0.245     0.245 r  reset_IBUF_inst/O
                         net (fo=33, routed)          1.970     2.216    rvsingle/dp/pcreg/reset
    SLICE_X78Y64         FDRE                                         r  rvsingle/dp/pcreg/qout_reg[22]/R
  -------------------------------------------------------------------    -------------------

                         (clock clk_out1_clk_wiz_0 rise edge)
                                                      0.000     0.000 r  
    E3                                                0.000     0.000 r  clk_100MHz (IN)
                         net (fo=0)                   0.000     0.000    clk_wiz_inst/inst/clk_in1
    E3                   IBUF (Prop_ibuf_I_O)         0.438     0.438 r  clk_wiz_inst/inst/clkin1_ibufg/O
                         net (fo=1, routed)           0.480     0.918    clk_wiz_inst/inst/clk_in1_clk_wiz_0
    MMCME2_ADV_X1Y2      MMCME2_ADV (Prop_mmcme2_adv_CLKIN1_CLKOUT0)
                                                     -3.163    -2.245 r  clk_wiz_inst/inst/mmcm_adv_inst/CLKOUT0
                         net (fo=1, routed)           0.544    -1.702    clk_wiz_inst/inst/clk_out1_clk_wiz_0
    BUFGCTRL_X0Y16       BUFG (Prop_bufg_I_O)         0.029    -1.673 r  clk_wiz_inst/inst/clkout1_buf/O
                         net (fo=152, routed)         0.867    -0.806    rvsingle/dp/pcreg/clk_out1
    SLICE_X78Y64         FDRE                                         r  rvsingle/dp/pcreg/qout_reg[22]/C

Slack:                    inf
  Source:                 reset
                            (input port)
  Destination:            rvsingle/dp/pcreg/qout_reg[23]/R
                            (rising edge-triggered cell FDRE clocked by clk_out1_clk_wiz_0  {rise@0.000ns fall@6.667ns period=13.333ns})
  Path Group:             (none)
  Path Type:              Hold (Min at Fast Process Corner)
  Data Path Delay:        2.216ns  (logic 0.245ns (11.077%)  route 1.970ns (88.923%))
  Logic Levels:           1  (IBUF=1)
  Clock Path Skew:        -0.806ns (DCD - SCD - CPR)
    Destination Clock Delay (DCD):    -0.806ns
    Source Clock Delay      (SCD):    0.000ns
    Clock Pessimism Removal (CPR):    -0.000ns

    Location             Delay type                Incr(ns)  Path(ns)    Netlist Resource(s)
  -------------------------------------------------------------------    -------------------
    J15                                               0.000     0.000 r  reset (IN)
                         net (fo=0)                   0.000     0.000    reset
    J15                  IBUF (Prop_ibuf_I_O)         0.245     0.245 r  reset_IBUF_inst/O
                         net (fo=33, routed)          1.970     2.216    rvsingle/dp/pcreg/reset
    SLICE_X78Y64         FDRE                                         r  rvsingle/dp/pcreg/qout_reg[23]/R
  -------------------------------------------------------------------    -------------------

                         (clock clk_out1_clk_wiz_0 rise edge)
                                                      0.000     0.000 r  
    E3                                                0.000     0.000 r  clk_100MHz (IN)
                         net (fo=0)                   0.000     0.000    clk_wiz_inst/inst/clk_in1
    E3                   IBUF (Prop_ibuf_I_O)         0.438     0.438 r  clk_wiz_inst/inst/clkin1_ibufg/O
                         net (fo=1, routed)           0.480     0.918    clk_wiz_inst/inst/clk_in1_clk_wiz_0
    MMCME2_ADV_X1Y2      MMCME2_ADV (Prop_mmcme2_adv_CLKIN1_CLKOUT0)
                                                     -3.163    -2.245 r  clk_wiz_inst/inst/mmcm_adv_inst/CLKOUT0
                         net (fo=1, routed)           0.544    -1.702    clk_wiz_inst/inst/clk_out1_clk_wiz_0
    BUFGCTRL_X0Y16       BUFG (Prop_bufg_I_O)         0.029    -1.673 r  clk_wiz_inst/inst/clkout1_buf/O
                         net (fo=152, routed)         0.867    -0.806    rvsingle/dp/pcreg/clk_out1
    SLICE_X78Y64         FDRE                                         r  rvsingle/dp/pcreg/qout_reg[23]/C

Slack:                    inf
  Source:                 reset
                            (input port)
  Destination:            rvsingle/dp/pcreg/qout_reg[24]/R
                            (rising edge-triggered cell FDRE clocked by clk_out1_clk_wiz_0  {rise@0.000ns fall@6.667ns period=13.333ns})
  Path Group:             (none)
  Path Type:              Hold (Min at Fast Process Corner)
  Data Path Delay:        2.216ns  (logic 0.245ns (11.077%)  route 1.970ns (88.923%))
  Logic Levels:           1  (IBUF=1)
  Clock Path Skew:        -0.806ns (DCD - SCD - CPR)
    Destination Clock Delay (DCD):    -0.806ns
    Source Clock Delay      (SCD):    0.000ns
    Clock Pessimism Removal (CPR):    -0.000ns

    Location             Delay type                Incr(ns)  Path(ns)    Netlist Resource(s)
  -------------------------------------------------------------------    -------------------
    J15                                               0.000     0.000 r  reset (IN)
                         net (fo=0)                   0.000     0.000    reset
    J15                  IBUF (Prop_ibuf_I_O)         0.245     0.245 r  reset_IBUF_inst/O
                         net (fo=33, routed)          1.970     2.216    rvsingle/dp/pcreg/reset
    SLICE_X78Y64         FDRE                                         r  rvsingle/dp/pcreg/qout_reg[24]/R
  -------------------------------------------------------------------    -------------------

                         (clock clk_out1_clk_wiz_0 rise edge)
                                                      0.000     0.000 r  
    E3                                                0.000     0.000 r  clk_100MHz (IN)
                         net (fo=0)                   0.000     0.000    clk_wiz_inst/inst/clk_in1
    E3                   IBUF (Prop_ibuf_I_O)         0.438     0.438 r  clk_wiz_inst/inst/clkin1_ibufg/O
                         net (fo=1, routed)           0.480     0.918    clk_wiz_inst/inst/clk_in1_clk_wiz_0
    MMCME2_ADV_X1Y2      MMCME2_ADV (Prop_mmcme2_adv_CLKIN1_CLKOUT0)
                                                     -3.163    -2.245 r  clk_wiz_inst/inst/mmcm_adv_inst/CLKOUT0
                         net (fo=1, routed)           0.544    -1.702    clk_wiz_inst/inst/clk_out1_clk_wiz_0
    BUFGCTRL_X0Y16       BUFG (Prop_bufg_I_O)         0.029    -1.673 r  clk_wiz_inst/inst/clkout1_buf/O
                         net (fo=152, routed)         0.867    -0.806    rvsingle/dp/pcreg/clk_out1
    SLICE_X78Y64         FDRE                                         r  rvsingle/dp/pcreg/qout_reg[24]/C

Slack:                    inf
  Source:                 reset
                            (input port)
  Destination:            rvsingle/dp/pcreg/qout_reg[17]/R
                            (rising edge-triggered cell FDRE clocked by clk_out1_clk_wiz_0  {rise@0.000ns fall@6.667ns period=13.333ns})
  Path Group:             (none)
  Path Type:              Hold (Min at Fast Process Corner)
  Data Path Delay:        2.270ns  (logic 0.245ns (10.814%)  route 2.024ns (89.186%))
  Logic Levels:           1  (IBUF=1)
  Clock Path Skew:        -0.806ns (DCD - SCD - CPR)
    Destination Clock Delay (DCD):    -0.806ns
    Source Clock Delay      (SCD):    0.000ns
    Clock Pessimism Removal (CPR):    -0.000ns

    Location             Delay type                Incr(ns)  Path(ns)    Netlist Resource(s)
  -------------------------------------------------------------------    -------------------
    J15                                               0.000     0.000 r  reset (IN)
                         net (fo=0)                   0.000     0.000    reset
    J15                  IBUF (Prop_ibuf_I_O)         0.245     0.245 r  reset_IBUF_inst/O
                         net (fo=33, routed)          2.024     2.270    rvsingle/dp/pcreg/reset
    SLICE_X78Y63         FDRE                                         r  rvsingle/dp/pcreg/qout_reg[17]/R
  -------------------------------------------------------------------    -------------------

                         (clock clk_out1_clk_wiz_0 rise edge)
                                                      0.000     0.000 r  
    E3                                                0.000     0.000 r  clk_100MHz (IN)
                         net (fo=0)                   0.000     0.000    clk_wiz_inst/inst/clk_in1
    E3                   IBUF (Prop_ibuf_I_O)         0.438     0.438 r  clk_wiz_inst/inst/clkin1_ibufg/O
                         net (fo=1, routed)           0.480     0.918    clk_wiz_inst/inst/clk_in1_clk_wiz_0
    MMCME2_ADV_X1Y2      MMCME2_ADV (Prop_mmcme2_adv_CLKIN1_CLKOUT0)
                                                     -3.163    -2.245 r  clk_wiz_inst/inst/mmcm_adv_inst/CLKOUT0
                         net (fo=1, routed)           0.544    -1.702    clk_wiz_inst/inst/clk_out1_clk_wiz_0
    BUFGCTRL_X0Y16       BUFG (Prop_bufg_I_O)         0.029    -1.673 r  clk_wiz_inst/inst/clkout1_buf/O
                         net (fo=152, routed)         0.867    -0.806    rvsingle/dp/pcreg/clk_out1
    SLICE_X78Y63         FDRE                                         r  rvsingle/dp/pcreg/qout_reg[17]/C

Slack:                    inf
  Source:                 reset
                            (input port)
  Destination:            rvsingle/dp/pcreg/qout_reg[18]/R
                            (rising edge-triggered cell FDRE clocked by clk_out1_clk_wiz_0  {rise@0.000ns fall@6.667ns period=13.333ns})
  Path Group:             (none)
  Path Type:              Hold (Min at Fast Process Corner)
  Data Path Delay:        2.270ns  (logic 0.245ns (10.814%)  route 2.024ns (89.186%))
  Logic Levels:           1  (IBUF=1)
  Clock Path Skew:        -0.806ns (DCD - SCD - CPR)
    Destination Clock Delay (DCD):    -0.806ns
    Source Clock Delay      (SCD):    0.000ns
    Clock Pessimism Removal (CPR):    -0.000ns

    Location             Delay type                Incr(ns)  Path(ns)    Netlist Resource(s)
  -------------------------------------------------------------------    -------------------
    J15                                               0.000     0.000 r  reset (IN)
                         net (fo=0)                   0.000     0.000    reset
    J15                  IBUF (Prop_ibuf_I_O)         0.245     0.245 r  reset_IBUF_inst/O
                         net (fo=33, routed)          2.024     2.270    rvsingle/dp/pcreg/reset
    SLICE_X78Y63         FDRE                                         r  rvsingle/dp/pcreg/qout_reg[18]/R
  -------------------------------------------------------------------    -------------------

                         (clock clk_out1_clk_wiz_0 rise edge)
                                                      0.000     0.000 r  
    E3                                                0.000     0.000 r  clk_100MHz (IN)
                         net (fo=0)                   0.000     0.000    clk_wiz_inst/inst/clk_in1
    E3                   IBUF (Prop_ibuf_I_O)         0.438     0.438 r  clk_wiz_inst/inst/clkin1_ibufg/O
                         net (fo=1, routed)           0.480     0.918    clk_wiz_inst/inst/clk_in1_clk_wiz_0
    MMCME2_ADV_X1Y2      MMCME2_ADV (Prop_mmcme2_adv_CLKIN1_CLKOUT0)
                                                     -3.163    -2.245 r  clk_wiz_inst/inst/mmcm_adv_inst/CLKOUT0
                         net (fo=1, routed)           0.544    -1.702    clk_wiz_inst/inst/clk_out1_clk_wiz_0
    BUFGCTRL_X0Y16       BUFG (Prop_bufg_I_O)         0.029    -1.673 r  clk_wiz_inst/inst/clkout1_buf/O
                         net (fo=152, routed)         0.867    -0.806    rvsingle/dp/pcreg/clk_out1
    SLICE_X78Y63         FDRE                                         r  rvsingle/dp/pcreg/qout_reg[18]/C

Slack:                    inf
  Source:                 reset
                            (input port)
  Destination:            rvsingle/dp/pcreg/qout_reg[19]/R
                            (rising edge-triggered cell FDRE clocked by clk_out1_clk_wiz_0  {rise@0.000ns fall@6.667ns period=13.333ns})
  Path Group:             (none)
  Path Type:              Hold (Min at Fast Process Corner)
  Data Path Delay:        2.270ns  (logic 0.245ns (10.814%)  route 2.024ns (89.186%))
  Logic Levels:           1  (IBUF=1)
  Clock Path Skew:        -0.806ns (DCD - SCD - CPR)
    Destination Clock Delay (DCD):    -0.806ns
    Source Clock Delay      (SCD):    0.000ns
    Clock Pessimism Removal (CPR):    -0.000ns

    Location             Delay type                Incr(ns)  Path(ns)    Netlist Resource(s)
  -------------------------------------------------------------------    -------------------
    J15                                               0.000     0.000 r  reset (IN)
                         net (fo=0)                   0.000     0.000    reset
    J15                  IBUF (Prop_ibuf_I_O)         0.245     0.245 r  reset_IBUF_inst/O
                         net (fo=33, routed)          2.024     2.270    rvsingle/dp/pcreg/reset
    SLICE_X78Y63         FDRE                                         r  rvsingle/dp/pcreg/qout_reg[19]/R
  -------------------------------------------------------------------    -------------------

                         (clock clk_out1_clk_wiz_0 rise edge)
                                                      0.000     0.000 r  
    E3                                                0.000     0.000 r  clk_100MHz (IN)
                         net (fo=0)                   0.000     0.000    clk_wiz_inst/inst/clk_in1
    E3                   IBUF (Prop_ibuf_I_O)         0.438     0.438 r  clk_wiz_inst/inst/clkin1_ibufg/O
                         net (fo=1, routed)           0.480     0.918    clk_wiz_inst/inst/clk_in1_clk_wiz_0
    MMCME2_ADV_X1Y2      MMCME2_ADV (Prop_mmcme2_adv_CLKIN1_CLKOUT0)
                                                     -3.163    -2.245 r  clk_wiz_inst/inst/mmcm_adv_inst/CLKOUT0
                         net (fo=1, routed)           0.544    -1.702    clk_wiz_inst/inst/clk_out1_clk_wiz_0
    BUFGCTRL_X0Y16       BUFG (Prop_bufg_I_O)         0.029    -1.673 r  clk_wiz_inst/inst/clkout1_buf/O
                         net (fo=152, routed)         0.867    -0.806    rvsingle/dp/pcreg/clk_out1
    SLICE_X78Y63         FDRE                                         r  rvsingle/dp/pcreg/qout_reg[19]/C

Slack:                    inf
  Source:                 reset
                            (input port)
  Destination:            rvsingle/dp/pcreg/qout_reg[20]/R
                            (rising edge-triggered cell FDRE clocked by clk_out1_clk_wiz_0  {rise@0.000ns fall@6.667ns period=13.333ns})
  Path Group:             (none)
  Path Type:              Hold (Min at Fast Process Corner)
  Data Path Delay:        2.270ns  (logic 0.245ns (10.814%)  route 2.024ns (89.186%))
  Logic Levels:           1  (IBUF=1)
  Clock Path Skew:        -0.806ns (DCD - SCD - CPR)
    Destination Clock Delay (DCD):    -0.806ns
    Source Clock Delay      (SCD):    0.000ns
    Clock Pessimism Removal (CPR):    -0.000ns

    Location             Delay type                Incr(ns)  Path(ns)    Netlist Resource(s)
  -------------------------------------------------------------------    -------------------
    J15                                               0.000     0.000 r  reset (IN)
                         net (fo=0)                   0.000     0.000    reset
    J15                  IBUF (Prop_ibuf_I_O)         0.245     0.245 r  reset_IBUF_inst/O
                         net (fo=33, routed)          2.024     2.270    rvsingle/dp/pcreg/reset
    SLICE_X78Y63         FDRE                                         r  rvsingle/dp/pcreg/qout_reg[20]/R
  -------------------------------------------------------------------    -------------------

                         (clock clk_out1_clk_wiz_0 rise edge)
                                                      0.000     0.000 r  
    E3                                                0.000     0.000 r  clk_100MHz (IN)
                         net (fo=0)                   0.000     0.000    clk_wiz_inst/inst/clk_in1
    E3                   IBUF (Prop_ibuf_I_O)         0.438     0.438 r  clk_wiz_inst/inst/clkin1_ibufg/O
                         net (fo=1, routed)           0.480     0.918    clk_wiz_inst/inst/clk_in1_clk_wiz_0
    MMCME2_ADV_X1Y2      MMCME2_ADV (Prop_mmcme2_adv_CLKIN1_CLKOUT0)
                                                     -3.163    -2.245 r  clk_wiz_inst/inst/mmcm_adv_inst/CLKOUT0
                         net (fo=1, routed)           0.544    -1.702    clk_wiz_inst/inst/clk_out1_clk_wiz_0
    BUFGCTRL_X0Y16       BUFG (Prop_bufg_I_O)         0.029    -1.673 r  clk_wiz_inst/inst/clkout1_buf/O
                         net (fo=152, routed)         0.867    -0.806    rvsingle/dp/pcreg/clk_out1
    SLICE_X78Y63         FDRE                                         r  rvsingle/dp/pcreg/qout_reg[20]/C

Slack:                    inf
  Source:                 reset
                            (input port)
  Destination:            rvsingle/dp/pcreg/qout_reg[25]/R
                            (rising edge-triggered cell FDRE clocked by clk_out1_clk_wiz_0  {rise@0.000ns fall@6.667ns period=13.333ns})
  Path Group:             (none)
  Path Type:              Hold (Min at Fast Process Corner)
  Data Path Delay:        2.279ns  (logic 0.245ns (10.769%)  route 2.034ns (89.231%))
  Logic Levels:           1  (IBUF=1)
  Clock Path Skew:        -0.807ns (DCD - SCD - CPR)
    Destination Clock Delay (DCD):    -0.807ns
    Source Clock Delay      (SCD):    0.000ns
    Clock Pessimism Removal (CPR):    -0.000ns

    Location             Delay type                Incr(ns)  Path(ns)    Netlist Resource(s)
  -------------------------------------------------------------------    -------------------
    J15                                               0.000     0.000 r  reset (IN)
                         net (fo=0)                   0.000     0.000    reset
    J15                  IBUF (Prop_ibuf_I_O)         0.245     0.245 r  reset_IBUF_inst/O
                         net (fo=33, routed)          2.034     2.279    rvsingle/dp/pcreg/reset
    SLICE_X78Y65         FDRE                                         r  rvsingle/dp/pcreg/qout_reg[25]/R
  -------------------------------------------------------------------    -------------------

                         (clock clk_out1_clk_wiz_0 rise edge)
                                                      0.000     0.000 r  
    E3                                                0.000     0.000 r  clk_100MHz (IN)
                         net (fo=0)                   0.000     0.000    clk_wiz_inst/inst/clk_in1
    E3                   IBUF (Prop_ibuf_I_O)         0.438     0.438 r  clk_wiz_inst/inst/clkin1_ibufg/O
                         net (fo=1, routed)           0.480     0.918    clk_wiz_inst/inst/clk_in1_clk_wiz_0
    MMCME2_ADV_X1Y2      MMCME2_ADV (Prop_mmcme2_adv_CLKIN1_CLKOUT0)
                                                     -3.163    -2.245 r  clk_wiz_inst/inst/mmcm_adv_inst/CLKOUT0
                         net (fo=1, routed)           0.544    -1.702    clk_wiz_inst/inst/clk_out1_clk_wiz_0
    BUFGCTRL_X0Y16       BUFG (Prop_bufg_I_O)         0.029    -1.673 r  clk_wiz_inst/inst/clkout1_buf/O
                         net (fo=152, routed)         0.866    -0.807    rvsingle/dp/pcreg/clk_out1
    SLICE_X78Y65         FDRE                                         r  rvsingle/dp/pcreg/qout_reg[25]/C

Slack:                    inf
  Source:                 reset
                            (input port)
  Destination:            rvsingle/dp/pcreg/qout_reg[26]/R
                            (rising edge-triggered cell FDRE clocked by clk_out1_clk_wiz_0  {rise@0.000ns fall@6.667ns period=13.333ns})
  Path Group:             (none)
  Path Type:              Hold (Min at Fast Process Corner)
  Data Path Delay:        2.279ns  (logic 0.245ns (10.769%)  route 2.034ns (89.231%))
  Logic Levels:           1  (IBUF=1)
  Clock Path Skew:        -0.807ns (DCD - SCD - CPR)
    Destination Clock Delay (DCD):    -0.807ns
    Source Clock Delay      (SCD):    0.000ns
    Clock Pessimism Removal (CPR):    -0.000ns

    Location             Delay type                Incr(ns)  Path(ns)    Netlist Resource(s)
  -------------------------------------------------------------------    -------------------
    J15                                               0.000     0.000 r  reset (IN)
                         net (fo=0)                   0.000     0.000    reset
    J15                  IBUF (Prop_ibuf_I_O)         0.245     0.245 r  reset_IBUF_inst/O
                         net (fo=33, routed)          2.034     2.279    rvsingle/dp/pcreg/reset
    SLICE_X78Y65         FDRE                                         r  rvsingle/dp/pcreg/qout_reg[26]/R
  -------------------------------------------------------------------    -------------------

                         (clock clk_out1_clk_wiz_0 rise edge)
                                                      0.000     0.000 r  
    E3                                                0.000     0.000 r  clk_100MHz (IN)
                         net (fo=0)                   0.000     0.000    clk_wiz_inst/inst/clk_in1
    E3                   IBUF (Prop_ibuf_I_O)         0.438     0.438 r  clk_wiz_inst/inst/clkin1_ibufg/O
                         net (fo=1, routed)           0.480     0.918    clk_wiz_inst/inst/clk_in1_clk_wiz_0
    MMCME2_ADV_X1Y2      MMCME2_ADV (Prop_mmcme2_adv_CLKIN1_CLKOUT0)
                                                     -3.163    -2.245 r  clk_wiz_inst/inst/mmcm_adv_inst/CLKOUT0
                         net (fo=1, routed)           0.544    -1.702    clk_wiz_inst/inst/clk_out1_clk_wiz_0
    BUFGCTRL_X0Y16       BUFG (Prop_bufg_I_O)         0.029    -1.673 r  clk_wiz_inst/inst/clkout1_buf/O
                         net (fo=152, routed)         0.866    -0.807    rvsingle/dp/pcreg/clk_out1
    SLICE_X78Y65         FDRE                                         r  rvsingle/dp/pcreg/qout_reg[26]/C





