Copyright 1986-2022 Xilinx, Inc. All Rights Reserved.
------------------------------------------------------------------------------------------------------------------------------------------------------------------------------------------------------------------------------------------------
| Tool Version : Vivado v.2022.2 (win64) Build 3671981 Fri Oct 14 05:00:03 MDT 2022
| Date         : Fri Oct  9 05:39:17 2026
| Host         : LAPTOP-6D98Q4KP running 64-bit major release  (build 9200)
| Command      : report_timing_summary -max_paths 10 -report_unconstrained -file wrapper_nexys_top_timing_summary_routed.rpt -pb wrapper_nexys_top_timing_summary_routed.pb -rpx wrapper_nexys_top_timing_summary_routed.rpx -warn_on_violation
| Design       : wrapper_nexys_top
| Device       : 7a100t-csg324
| Speed File   : -1  PRODUCTION 1.23 2018-06-13
------------------------------------------------------------------------------------------------------------------------------------------------------------------------------------------------------------------------------------------------

Timing Summary Report

------------------------------------------------------------------------------------------------
| Timer Settings
| --------------
------------------------------------------------------------------------------------------------

  Enable Multi Corner Analysis               :  Yes
  Enable Pessimism Removal                   :  Yes
  Pessimism Removal Resolution               :  Nearest Common Node
  Enable Input Delay Default Clock           :  No
  Enable Preset / Clear Arcs                 :  No
  Disable Flight Delays                      :  No
  Ignore I/O Paths                           :  No
  Timing Early Launch at Borrowing Latches   :  No
  Borrow Time for Max Delay Exceptions       :  Yes
  Merge Timing Exceptions                    :  Yes

  Corner  Analyze    Analyze    
  Name    Max Paths  Min Paths  
  ------  ---------  ---------  
  Slow    Yes        Yes        
  Fast    Yes        Yes        


------------------------------------------------------------------------------------------------
| Report Methodology
| ------------------
------------------------------------------------------------------------------------------------

Rule       Severity          Description                  Violations  
---------  ----------------  ---------------------------  ----------  
TIMING-17  Critical Warning  Non-clocked sequential cell  3           

Note: This report is based on the most recent report_methodology run and may not be up-to-date. Run report_methodology on the current design for the latest report.



check_timing report

Table of Contents
-----------------
1. checking no_clock (3)
2. checking constant_clock (0)
3. checking pulse_width_clock (0)
4. checking unconstrained_internal_endpoints (3)
5. checking no_input_delay (2)
6. checking no_output_delay (15)
7. checking multiple_clock (0)
8. checking generated_clocks (0)
9. checking loops (0)
10. checking partial_input_delay (0)
11. checking partial_output_delay (0)
12. checking latch_loops (0)

1. checking no_clock (3)
------------------------
 There are 3 register/latch pins with no clock driven by root clock pin: clk_sevenseg/clk_int_reg/Q (HIGH)


2. checking constant_clock (0)
------------------------------
 There are 0 register/latch pins with constant_clock.


3. checking pulse_width_clock (0)
---------------------------------
 There are 0 register/latch pins which need pulse_width check


4. checking unconstrained_internal_endpoints (3)
------------------------------------------------
 There are 3 pins that are not constrained for maximum delay. (HIGH)

 There are 0 pins that are not constrained for maximum delay due to constant clock.


5. checking no_input_delay (2)
------------------------------
 There are 2 input ports with no input delay specified. (HIGH)

 There are 0 input ports with no input delay but user has a false path constraint.


6. checking no_output_delay (15)
--------------------------------
 There are 15 ports with no output delay specified. (HIGH)

 There are 0 ports with no output delay but user has a false path constraint

 There are 0 ports with no output delay but with a timing clock defined on it or propagating through it


7. checking multiple_clock (0)
------------------------------
 There are 0 register/latch pins with multiple clocks.


8. checking generated_clocks (0)
--------------------------------
 There are 0 generated clocks that are not connected to a clock source.


9. checking loops (0)
---------------------
 There are 0 combinational loops in the design.


10. checking partial_input_delay (0)
------------------------------------
 There are 0 input ports with partial input delay specified.


11. checking partial_output_delay (0)
-------------------------------------
 There are 0 ports with partial output delay specified.


12. checking latch_loops (0)
----------------------------
 There are 0 combinational latch loops in the design through latch input



------------------------------------------------------------------------------------------------
| Design Timing Summary
| ---------------------
------------------------------------------------------------------------------------------------

    WNS(ns)      TNS(ns)  TNS Failing Endpoints  TNS Total Endpoints      WHS(ns)      THS(ns)  THS Failing Endpoints  THS Total Endpoints     WPWS(ns)     TPWS(ns)  TPWS Failing Endpoints  TPWS Total Endpoints  
    -------      -------  ---------------------  -------------------      -------      -------  ---------------------  -------------------     --------     --------  ----------------------  --------------------  
      0.042        0.000                      0                 1517        0.073        0.000                      0                 1517        3.000        0.000                       0                   356  


All user specified timing constraints are met.


------------------------------------------------------------------------------------------------
| Clock Summary
| -------------
------------------------------------------------------------------------------------------------

Clock                 Waveform(ns)       Period(ns)      Frequency(MHz)
-----                 ------------       ----------      --------------
clk_100MHz            {0.000 5.000}      10.000          100.000         
  clk_out1_clk_wiz_0  {0.000 6.667}      13.333          75.000          
  clkfbout_clk_wiz_0  {0.000 20.000}     40.000          25.000          


------------------------------------------------------------------------------------------------
| Intra Clock Table
| -----------------
------------------------------------------------------------------------------------------------

Clock                     WNS(ns)      TNS(ns)  TNS Failing Endpoints  TNS Total Endpoints      WHS(ns)      THS(ns)  THS Failing Endpoints  THS Total Endpoints     WPWS(ns)     TPWS(ns)  TPWS Failing Endpoints  TPWS Total Endpoints  
-----                     -------      -------  ---------------------  -------------------      -------      -------  ---------------------  -------------------     --------     --------  ----------------------  --------------------  
clk_100MHz                                                                                                                                                              3.000        0.000                       0                     1  
  clk_out1_clk_wiz_0        0.042        0.000                      0                 1517        0.073        0.000                      0                 1517        5.417        0.000                       0                   352  
  clkfbout_clk_wiz_0                                                                                                                                                   37.845        0.000                       0                     3  


------------------------------------------------------------------------------------------------
| Inter Clock Table
| -----------------
------------------------------------------------------------------------------------------------

From Clock    To Clock          WNS(ns)      TNS(ns)  TNS Failing Endpoints  TNS Total Endpoints      WHS(ns)      THS(ns)  THS Failing Endpoints  THS Total Endpoints  
----------    --------          -------      -------  ---------------------  -------------------      -------      -------  ---------------------  -------------------  


------------------------------------------------------------------------------------------------
| Other Path Groups Table
| -----------------------
------------------------------------------------------------------------------------------------

Path Group    From Clock    To Clock          WNS(ns)      TNS(ns)  TNS Failing Endpoints  TNS Total Endpoints      WHS(ns)      THS(ns)  THS Failing Endpoints  THS Total Endpoints  
----------    ----------    --------          -------      -------  ---------------------  -------------------      -------      -------  ---------------------  -------------------  


------------------------------------------------------------------------------------------------
| User Ignored Path Table
| -----------------------
------------------------------------------------------------------------------------------------

Path Group    From Clock    To Clock    
----------    ----------    --------    


------------------------------------------------------------------------------------------------
| Unconstrained Path Table
| ------------------------
------------------------------------------------------------------------------------------------

Path Group          From Clock          To Clock          
----------          ----------          --------          
(none)                                                      
(none)              clk_out1_clk_wiz_0                      
(none)              clkfbout_clk_wiz_0                      
(none)                                  clk_out1_clk_wiz_0  


------------------------------------------------------------------------------------------------
| Timing Details
| --------------
------------------------------------------------------------------------------------------------


---------------------------------------------------------------------------------------------------
From Clock:  clk_100MHz
  To Clock:  clk_100MHz

Setup :           NA  Failing Endpoints,  Worst Slack           NA  ,  Total Violation           NA
Hold  :           NA  Failing Endpoints,  Worst Slack           NA  ,  Total Violation           NA
PW    :            0  Failing Endpoints,  Worst Slack        3.000ns,  Total Violation        0.000ns
---------------------------------------------------------------------------------------------------


Pulse Width Checks
--------------------------------------------------------------------------------------
Clock Name:         clk_100MHz
Waveform(ns):       { 0.000 5.000 }
Period(ns):         10.000
Sources:            { clk_100MHz }

Check Type        Corner  Lib Pin            Reference Pin  Required(ns)  Actual(ns)  Slack(ns)  Location         Pin
Min Period        n/a     MMCME2_ADV/CLKIN1  n/a            1.249         10.000      8.751      MMCME2_ADV_X1Y2  clk_wiz_inst/inst/mmcm_adv_inst/CLKIN1
Max Period        n/a     MMCME2_ADV/CLKIN1  n/a            100.000       10.000      90.000     MMCME2_ADV_X1Y2  clk_wiz_inst/inst/mmcm_adv_inst/CLKIN1
Low Pulse Width   Slow    MMCME2_ADV/CLKIN1  n/a            2.000         5.000       3.000      MMCME2_ADV_X1Y2  clk_wiz_inst/inst/mmcm_adv_inst/CLKIN1
Low Pulse Width   Fast    MMCME2_ADV/CLKIN1  n/a            2.000         5.000       3.000      MMCME2_ADV_X1Y2  clk_wiz_inst/inst/mmcm_adv_inst/CLKIN1
High Pulse Width  Slow    MMCME2_ADV/CLKIN1  n/a            2.000         5.000       3.000      MMCME2_ADV_X1Y2  clk_wiz_inst/inst/mmcm_adv_inst/CLKIN1
High Pulse Width  Fast    MMCME2_ADV/CLKIN1  n/a            2.000         5.000       3.000      MMCME2_ADV_X1Y2  clk_wiz_inst/inst/mmcm_adv_inst/CLKIN1



---------------------------------------------------------------------------------------------------
From Clock:  clk_out1_clk_wiz_0
  To Clock:  clk_out1_clk_wiz_0

Setup :            0  Failing Endpoints,  Worst Slack        0.042ns,  Total Violation        0.000ns
Hold  :            0  Failing Endpoints,  Worst Slack        0.073ns,  Total Violation        0.000ns
PW    :            0  Failing Endpoints,  Worst Slack        5.417ns,  Total Violation        0.000ns
---------------------------------------------------------------------------------------------------


Max Delay Paths
--------------------------------------------------------------------------------------
Slack (MET) :             0.042ns  (required time - arrival time)
  Source:                 toppyty/rvsingle/dp/pcreg/qout_reg[7]/C
                            (rising edge-triggered cell FDRE clocked by clk_out1_clk_wiz_0  {rise@0.000ns fall@6.667ns period=13.333ns})
  Destination:            toppyty/rvsingle/dp/pcreg/qout_reg[7]/D
                            (rising edge-triggered cell FDRE clocked by clk_out1_clk_wiz_0  {rise@0.000ns fall@6.667ns period=13.333ns})
  Path Group:             clk_out1_clk_wiz_0
  Path Type:              Setup (Max at Slow Process Corner)
  Requirement:            13.333ns  (clk_out1_clk_wiz_0 rise@13.333ns - clk_out1_clk_wiz_0 rise@0.000ns)
  Data Path Delay:        12.937ns  (logic 3.415ns (26.397%)  route 9.522ns (73.603%))
  Logic Levels:           17  (CARRY4=6 LUT4=2 LUT6=8 RAMD32=1)
  Clock Path Skew:        0.000ns (DCD - SCD + CPR)
    Destination Clock Delay (DCD):    -1.421ns = ( 11.912 - 13.333 ) 
    Source Clock Delay      (SCD):    -0.820ns
    Clock Pessimism Removal (CPR):    0.601ns
  Clock Uncertainty:      0.119ns  ((TSJ^2 + DJ^2)^1/2) / 2 + PE
    Total System Jitter     (TSJ):    0.071ns
    Discrete Jitter          (DJ):    0.226ns
    Phase Error              (PE):    0.000ns

    Location             Delay type                Incr(ns)  Path(ns)    Netlist Resource(s)
  -------------------------------------------------------------------    -------------------
                         (clock clk_out1_clk_wiz_0 rise edge)
                                                      0.000     0.000 r  
    E3                                                0.000     0.000 r  clk_100MHz (IN)
                         net (fo=0)                   0.000     0.000    clk_wiz_inst/inst/clk_in1
    E3                   IBUF (Prop_ibuf_I_O)         1.482     1.482 r  clk_wiz_inst/inst/clkin1_ibufg/O
                         net (fo=1, routed)           1.233     2.715    clk_wiz_inst/inst/clk_in1_clk_wiz_0
    MMCME2_ADV_X1Y2      MMCME2_ADV (Prop_mmcme2_adv_CLKIN1_CLKOUT0)
                                                     -7.070    -4.355 r  clk_wiz_inst/inst/mmcm_adv_inst/CLKOUT0
                         net (fo=1, routed)           1.719    -2.636    clk_wiz_inst/inst/clk_out1_clk_wiz_0
    BUFGCTRL_X0Y16       BUFG (Prop_bufg_I_O)         0.096    -2.540 r  clk_wiz_inst/inst/clkout1_buf/O
                         net (fo=350, routed)         1.720    -0.820    toppyty/rvsingle/dp/pcreg/clk_out1
    SLICE_X5Y62          FDRE                                         r  toppyty/rvsingle/dp/pcreg/qout_reg[7]/C
  -------------------------------------------------------------------    -------------------
    SLICE_X5Y62          FDRE (Prop_fdre_C_Q)         0.456    -0.364 r  toppyty/rvsingle/dp/pcreg/qout_reg[7]/Q
                         net (fo=62, routed)          0.991     0.627    toppyty/rvsingle/dp/pcreg/PC__0[5]
    SLICE_X6Y63          LUT6 (Prop_lut6_I0_O)        0.124     0.751 r  toppyty/rvsingle/dp/pcreg/Reg_File_Block_reg_r2_0_31_0_5_i_4/O
                         net (fo=35, routed)          1.290     2.041    toppyty/rvsingle/dp/rf/Reg_File_Block_reg_r2_0_31_0_5/ADDRB1
    SLICE_X8Y64          RAMD32 (Prop_ramd32_RADR1_O)
                                                      0.124     2.165 r  toppyty/rvsingle/dp/rf/Reg_File_Block_reg_r2_0_31_0_5/RAMB_D1/O
                         net (fo=5, routed)           0.673     2.838    toppyty/rvsingle/dp/pcreg/RD20[3]
    SLICE_X11Y61         LUT4 (Prop_lut4_I2_O)        0.124     2.962 r  toppyty/rvsingle/dp/pcreg/i__carry_i_11/O
                         net (fo=90, routed)          1.193     4.154    toppyty/rvsingle/dp/pcreg/qout_reg[7]_12
    SLICE_X7Y62          LUT6 (Prop_lut6_I0_O)        0.124     4.278 r  toppyty/rvsingle/dp/pcreg/slt0_carry_i_3/O
                         net (fo=2, routed)           0.480     4.759    toppyty/rvsingle/dp/alu/slt0_carry__0_0[1]
    SLICE_X3Y62          CARRY4 (Prop_carry4_DI[1]_CO[3])
                                                      0.507     5.266 r  toppyty/rvsingle/dp/alu/slt0_carry/CO[3]
                         net (fo=1, routed)           0.000     5.266    toppyty/rvsingle/dp/alu/slt0_carry_n_0
    SLICE_X3Y63          CARRY4 (Prop_carry4_CI_CO[3])
                                                      0.114     5.380 r  toppyty/rvsingle/dp/alu/slt0_carry__0/CO[3]
                         net (fo=1, routed)           0.000     5.380    toppyty/rvsingle/dp/alu/slt0_carry__0_n_0
    SLICE_X3Y64          CARRY4 (Prop_carry4_CI_CO[3])
                                                      0.114     5.494 r  toppyty/rvsingle/dp/alu/slt0_carry__1/CO[3]
                         net (fo=1, routed)           0.000     5.494    toppyty/rvsingle/dp/alu/slt0_carry__1_n_0
    SLICE_X3Y65          CARRY4 (Prop_carry4_CI_CO[3])
                                                      0.114     5.608 r  toppyty/rvsingle/dp/alu/slt0_carry__2/CO[3]
                         net (fo=1, routed)           0.742     6.350    toppyty/rvsingle/dp/pcreg/CO[0]
    SLICE_X1Y64          LUT6 (Prop_lut6_I5_O)        0.124     6.474 r  toppyty/rvsingle/dp/pcreg/Reg_File_Block_reg_r1_0_31_0_5_i_48/O
                         net (fo=1, routed)           0.413     6.887    toppyty/rvsingle/dp/pcreg/Reg_File_Block_reg_r1_0_31_0_5_i_48_n_0
    SLICE_X1Y63          LUT6 (Prop_lut6_I2_O)        0.124     7.011 r  toppyty/rvsingle/dp/pcreg/Reg_File_Block_reg_r1_0_31_0_5_i_38/O
                         net (fo=1, routed)           0.151     7.162    toppyty/rvsingle/dp/pcreg/Reg_File_Block_reg_r1_0_31_0_5_i_38_n_0
    SLICE_X1Y63          LUT6 (Prop_lut6_I5_O)        0.124     7.286 f  toppyty/rvsingle/dp/pcreg/Reg_File_Block_reg_r1_0_31_0_5_i_28/O
                         net (fo=1, routed)           0.573     7.859    toppyty/rvsingle/dp/pcreg/Reg_File_Block_reg_r1_0_31_0_5_i_28_n_0
    SLICE_X7Y62          LUT6 (Prop_lut6_I5_O)        0.124     7.983 r  toppyty/rvsingle/dp/pcreg/Reg_File_Block_reg_r1_0_31_0_5_i_20/O
                         net (fo=5, routed)           0.798     8.781    toppyty/rvsingle/dp/pcreg/Reg_File_Block_reg_r1_0_31_0_5_i_20_n_0
    SLICE_X10Y68         LUT4 (Prop_lut4_I3_O)        0.124     8.905 r  toppyty/rvsingle/dp/pcreg/qout[1]_i_8/O
                         net (fo=1, routed)           0.575     9.480    toppyty/rvsingle/dp/pcreg/qout[1]_i_8_n_0
    SLICE_X11Y70         LUT6 (Prop_lut6_I0_O)        0.124     9.604 r  toppyty/rvsingle/dp/pcreg/qout[1]_i_7/O
                         net (fo=1, routed)           0.487    10.091    toppyty/rvsingle/dp/pcreg/qout[1]_i_7_n_0
    SLICE_X8Y66          LUT6 (Prop_lut6_I2_O)        0.124    10.215 r  toppyty/rvsingle/dp/pcreg/qout[1]_i_2/O
                         net (fo=1, routed)           0.626    10.841    toppyty/rvsingle/dp/pcreg/qout[1]_i_2_n_0
    SLICE_X7Y63          CARRY4 (Prop_carry4_DI[1]_CO[3])
                                                      0.507    11.348 r  toppyty/rvsingle/dp/pcreg/qout_reg[1]_i_1/CO[3]
                         net (fo=1, routed)           0.000    11.348    toppyty/rvsingle/dp/pcreg/qout_reg[1]_i_1_n_0
    SLICE_X7Y64          CARRY4 (Prop_carry4_CI_O[2])
                                                      0.239    11.587 r  toppyty/rvsingle/dp/pcreg/qout_reg[5]_i_1/O[2]
                         net (fo=1, routed)           0.530    12.117    toppyty/rvsingle/dp/pcreg/qout_reg[5]_i_1_n_5
    SLICE_X5Y62          FDRE                                         r  toppyty/rvsingle/dp/pcreg/qout_reg[7]/D
  -------------------------------------------------------------------    -------------------

                         (clock clk_out1_clk_wiz_0 rise edge)
                                                     13.333    13.333 r  
    E3                                                0.000    13.333 r  clk_100MHz (IN)
                         net (fo=0)                   0.000    13.333    clk_wiz_inst/inst/clk_in1
    E3                   IBUF (Prop_ibuf_I_O)         1.411    14.745 r  clk_wiz_inst/inst/clkin1_ibufg/O
                         net (fo=1, routed)           1.162    15.906    clk_wiz_inst/inst/clk_in1_clk_wiz_0
    MMCME2_ADV_X1Y2      MMCME2_ADV (Prop_mmcme2_adv_CLKIN1_CLKOUT0)
                                                     -7.324     8.583 r  clk_wiz_inst/inst/mmcm_adv_inst/CLKOUT0
                         net (fo=1, routed)           1.639    10.222    clk_wiz_inst/inst/clk_out1_clk_wiz_0
    BUFGCTRL_X0Y16       BUFG (Prop_bufg_I_O)         0.091    10.313 r  clk_wiz_inst/inst/clkout1_buf/O
                         net (fo=350, routed)         1.599    11.912    toppyty/rvsingle/dp/pcreg/clk_out1
    SLICE_X5Y62          FDRE                                         r  toppyty/rvsingle/dp/pcreg/qout_reg[7]/C
                         clock pessimism              0.601    12.514    
                         clock uncertainty           -0.119    12.395    
    SLICE_X5Y62          FDRE (Setup_fdre_C_D)       -0.236    12.159    toppyty/rvsingle/dp/pcreg/qout_reg[7]
  -------------------------------------------------------------------
                         required time                         12.159    
                         arrival time                         -12.117    
  -------------------------------------------------------------------
                         slack                                  0.042    

Slack (MET) :             0.059ns  (required time - arrival time)
  Source:                 toppyty/rvsingle/dp/pcreg/qout_reg[7]/C
                            (rising edge-triggered cell FDRE clocked by clk_out1_clk_wiz_0  {rise@0.000ns fall@6.667ns period=13.333ns})
  Destination:            toppyty/rvsingle/dp/pcreg/qout_reg[30]/D
                            (rising edge-triggered cell FDRE clocked by clk_out1_clk_wiz_0  {rise@0.000ns fall@6.667ns period=13.333ns})
  Path Group:             clk_out1_clk_wiz_0
  Path Type:              Setup (Max at Slow Process Corner)
  Requirement:            13.333ns  (clk_out1_clk_wiz_0 rise@13.333ns - clk_out1_clk_wiz_0 rise@0.000ns)
  Data Path Delay:        13.186ns  (logic 4.194ns (31.806%)  route 8.992ns (68.194%))
  Logic Levels:           23  (CARRY4=12 LUT4=2 LUT6=8 RAMD32=1)
  Clock Path Skew:        -0.032ns (DCD - SCD + CPR)
    Destination Clock Delay (DCD):    -1.428ns = ( 11.905 - 13.333 ) 
    Source Clock Delay      (SCD):    -0.820ns
    Clock Pessimism Removal (CPR):    0.576ns
  Clock Uncertainty:      0.119ns  ((TSJ^2 + DJ^2)^1/2) / 2 + PE
    Total System Jitter     (TSJ):    0.071ns
    Discrete Jitter          (DJ):    0.226ns
    Phase Error              (PE):    0.000ns

    Location             Delay type                Incr(ns)  Path(ns)    Netlist Resource(s)
  -------------------------------------------------------------------    -------------------
                         (clock clk_out1_clk_wiz_0 rise edge)
                                                      0.000     0.000 r  
    E3                                                0.000     0.000 r  clk_100MHz (IN)
                         net (fo=0)                   0.000     0.000    clk_wiz_inst/inst/clk_in1
    E3                   IBUF (Prop_ibuf_I_O)         1.482     1.482 r  clk_wiz_inst/inst/clkin1_ibufg/O
                         net (fo=1, routed)           1.233     2.715    clk_wiz_inst/inst/clk_in1_clk_wiz_0
    MMCME2_ADV_X1Y2      MMCME2_ADV (Prop_mmcme2_adv_CLKIN1_CLKOUT0)
                                                     -7.070    -4.355 r  clk_wiz_inst/inst/mmcm_adv_inst/CLKOUT0
                         net (fo=1, routed)           1.719    -2.636    clk_wiz_inst/inst/clk_out1_clk_wiz_0
    BUFGCTRL_X0Y16       BUFG (Prop_bufg_I_O)         0.096    -2.540 r  clk_wiz_inst/inst/clkout1_buf/O
                         net (fo=350, routed)         1.720    -0.820    toppyty/rvsingle/dp/pcreg/clk_out1
    SLICE_X5Y62          FDRE                                         r  toppyty/rvsingle/dp/pcreg/qout_reg[7]/C
  -------------------------------------------------------------------    -------------------
    SLICE_X5Y62          FDRE (Prop_fdre_C_Q)         0.456    -0.364 r  toppyty/rvsingle/dp/pcreg/qout_reg[7]/Q
                         net (fo=62, routed)          0.991     0.627    toppyty/rvsingle/dp/pcreg/PC__0[5]
    SLICE_X6Y63          LUT6 (Prop_lut6_I0_O)        0.124     0.751 r  toppyty/rvsingle/dp/pcreg/Reg_File_Block_reg_r2_0_31_0_5_i_4/O
                         net (fo=35, routed)          1.290     2.041    toppyty/rvsingle/dp/rf/Reg_File_Block_reg_r2_0_31_0_5/ADDRB1
    SLICE_X8Y64          RAMD32 (Prop_ramd32_RADR1_O)
                                                      0.124     2.165 r  toppyty/rvsingle/dp/rf/Reg_File_Block_reg_r2_0_31_0_5/RAMB_D1/O
                         net (fo=5, routed)           0.673     2.838    toppyty/rvsingle/dp/pcreg/RD20[3]
    SLICE_X11Y61         LUT4 (Prop_lut4_I2_O)        0.124     2.962 r  toppyty/rvsingle/dp/pcreg/i__carry_i_11/O
                         net (fo=90, routed)          1.193     4.154    toppyty/rvsingle/dp/pcreg/qout_reg[7]_12
    SLICE_X7Y62          LUT6 (Prop_lut6_I0_O)        0.124     4.278 r  toppyty/rvsingle/dp/pcreg/slt0_carry_i_3/O
                         net (fo=2, routed)           0.480     4.759    toppyty/rvsingle/dp/alu/slt0_carry__0_0[1]
    SLICE_X3Y62          CARRY4 (Prop_carry4_DI[1]_CO[3])
                                                      0.507     5.266 r  toppyty/rvsingle/dp/alu/slt0_carry/CO[3]
                         net (fo=1, routed)           0.000     5.266    toppyty/rvsingle/dp/alu/slt0_carry_n_0
    SLICE_X3Y63          CARRY4 (Prop_carry4_CI_CO[3])
                                                      0.114     5.380 r  toppyty/rvsingle/dp/alu/slt0_carry__0/CO[3]
                         net (fo=1, routed)           0.000     5.380    toppyty/rvsingle/dp/alu/slt0_carry__0_n_0
    SLICE_X3Y64          CARRY4 (Prop_carry4_CI_CO[3])
                                                      0.114     5.494 r  toppyty/rvsingle/dp/alu/slt0_carry__1/CO[3]
                         net (fo=1, routed)           0.000     5.494    toppyty/rvsingle/dp/alu/slt0_carry__1_n_0
    SLICE_X3Y65          CARRY4 (Prop_carry4_CI_CO[3])
                                                      0.114     5.608 r  toppyty/rvsingle/dp/alu/slt0_carry__2/CO[3]
                         net (fo=1, routed)           0.742     6.350    toppyty/rvsingle/dp/pcreg/CO[0]
    SLICE_X1Y64          LUT6 (Prop_lut6_I5_O)        0.124     6.474 r  toppyty/rvsingle/dp/pcreg/Reg_File_Block_reg_r1_0_31_0_5_i_48/O
                         net (fo=1, routed)           0.413     6.887    toppyty/rvsingle/dp/pcreg/Reg_File_Block_reg_r1_0_31_0_5_i_48_n_0
    SLICE_X1Y63          LUT6 (Prop_lut6_I2_O)        0.124     7.011 r  toppyty/rvsingle/dp/pcreg/Reg_File_Block_reg_r1_0_31_0_5_i_38/O
                         net (fo=1, routed)           0.151     7.162    toppyty/rvsingle/dp/pcreg/Reg_File_Block_reg_r1_0_31_0_5_i_38_n_0
    SLICE_X1Y63          LUT6 (Prop_lut6_I5_O)        0.124     7.286 f  toppyty/rvsingle/dp/pcreg/Reg_File_Block_reg_r1_0_31_0_5_i_28/O
                         net (fo=1, routed)           0.573     7.859    toppyty/rvsingle/dp/pcreg/Reg_File_Block_reg_r1_0_31_0_5_i_28_n_0
    SLICE_X7Y62          LUT6 (Prop_lut6_I5_O)        0.124     7.983 r  toppyty/rvsingle/dp/pcreg/Reg_File_Block_reg_r1_0_31_0_5_i_20/O
                         net (fo=5, routed)           0.798     8.781    toppyty/rvsingle/dp/pcreg/Reg_File_Block_reg_r1_0_31_0_5_i_20_n_0
    SLICE_X10Y68         LUT4 (Prop_lut4_I3_O)        0.124     8.905 r  toppyty/rvsingle/dp/pcreg/qout[1]_i_8/O
                         net (fo=1, routed)           0.575     9.480    toppyty/rvsingle/dp/pcreg/qout[1]_i_8_n_0
    SLICE_X11Y70         LUT6 (Prop_lut6_I0_O)        0.124     9.604 r  toppyty/rvsingle/dp/pcreg/qout[1]_i_7/O
                         net (fo=1, routed)           0.487    10.091    toppyty/rvsingle/dp/pcreg/qout[1]_i_7_n_0
    SLICE_X8Y66          LUT6 (Prop_lut6_I2_O)        0.124    10.215 r  toppyty/rvsingle/dp/pcreg/qout[1]_i_2/O
                         net (fo=1, routed)           0.626    10.841    toppyty/rvsingle/dp/pcreg/qout[1]_i_2_n_0
    SLICE_X7Y63          CARRY4 (Prop_carry4_DI[1]_CO[3])
                                                      0.507    11.348 r  toppyty/rvsingle/dp/pcreg/qout_reg[1]_i_1/CO[3]
                         net (fo=1, routed)           0.000    11.348    toppyty/rvsingle/dp/pcreg/qout_reg[1]_i_1_n_0
    SLICE_X7Y64          CARRY4 (Prop_carry4_CI_CO[3])
                                                      0.114    11.462 r  toppyty/rvsingle/dp/pcreg/qout_reg[5]_i_1/CO[3]
                         net (fo=1, routed)           0.000    11.462    toppyty/rvsingle/dp/pcreg/qout_reg[5]_i_1_n_0
    SLICE_X7Y65          CARRY4 (Prop_carry4_CI_CO[3])
                                                      0.114    11.576 r  toppyty/rvsingle/dp/pcreg/qout_reg[9]_i_1/CO[3]
                         net (fo=1, routed)           0.000    11.576    toppyty/rvsingle/dp/pcreg/qout_reg[9]_i_1_n_0
    SLICE_X7Y66          CARRY4 (Prop_carry4_CI_CO[3])
                                                      0.114    11.690 r  toppyty/rvsingle/dp/pcreg/qout_reg[13]_i_1/CO[3]
                         net (fo=1, routed)           0.000    11.690    toppyty/rvsingle/dp/pcreg/qout_reg[13]_i_1_n_0
    SLICE_X7Y67          CARRY4 (Prop_carry4_CI_CO[3])
                                                      0.114    11.804 r  toppyty/rvsingle/dp/pcreg/qout_reg[17]_i_1/CO[3]
                         net (fo=1, routed)           0.000    11.804    toppyty/rvsingle/dp/pcreg/qout_reg[17]_i_1_n_0
    SLICE_X7Y68          CARRY4 (Prop_carry4_CI_CO[3])
                                                      0.114    11.918 r  toppyty/rvsingle/dp/pcreg/qout_reg[21]_i_1/CO[3]
                         net (fo=1, routed)           0.000    11.918    toppyty/rvsingle/dp/pcreg/qout_reg[21]_i_1_n_0
    SLICE_X7Y69          CARRY4 (Prop_carry4_CI_CO[3])
                                                      0.114    12.032 r  toppyty/rvsingle/dp/pcreg/qout_reg[25]_i_1/CO[3]
                         net (fo=1, routed)           0.000    12.032    toppyty/rvsingle/dp/pcreg/qout_reg[25]_i_1_n_0
    SLICE_X7Y70          CARRY4 (Prop_carry4_CI_O[1])
                                                      0.334    12.366 r  toppyty/rvsingle/dp/pcreg/qout_reg[29]_i_1/O[1]
                         net (fo=1, routed)           0.000    12.366    toppyty/rvsingle/dp/pcreg/qout_reg[29]_i_1_n_6
    SLICE_X7Y70          FDRE                                         r  toppyty/rvsingle/dp/pcreg/qout_reg[30]/D
  -------------------------------------------------------------------    -------------------

                         (clock clk_out1_clk_wiz_0 rise edge)
                                                     13.333    13.333 r  
    E3                                                0.000    13.333 r  clk_100MHz (IN)
                         net (fo=0)                   0.000    13.333    clk_wiz_inst/inst/clk_in1
    E3                   IBUF (Prop_ibuf_I_O)         1.411    14.745 r  clk_wiz_inst/inst/clkin1_ibufg/O
                         net (fo=1, routed)           1.162    15.906    clk_wiz_inst/inst/clk_in1_clk_wiz_0
    MMCME2_ADV_X1Y2      MMCME2_ADV (Prop_mmcme2_adv_CLKIN1_CLKOUT0)
                                                     -7.324     8.583 r  clk_wiz_inst/inst/mmcm_adv_inst/CLKOUT0
                         net (fo=1, routed)           1.639    10.222    clk_wiz_inst/inst/clk_out1_clk_wiz_0
    BUFGCTRL_X0Y16       BUFG (Prop_bufg_I_O)         0.091    10.313 r  clk_wiz_inst/inst/clkout1_buf/O
                         net (fo=350, routed)         1.592    11.905    toppyty/rvsingle/dp/pcreg/clk_out1
    SLICE_X7Y70          FDRE                                         r  toppyty/rvsingle/dp/pcreg/qout_reg[30]/C
                         clock pessimism              0.576    12.482    
                         clock uncertainty           -0.119    12.363    
    SLICE_X7Y70          FDRE (Setup_fdre_C_D)        0.062    12.425    toppyty/rvsingle/dp/pcreg/qout_reg[30]
  -------------------------------------------------------------------
                         required time                         12.425    
                         arrival time                         -12.366    
  -------------------------------------------------------------------
                         slack                                  0.059    

Slack (MET) :             0.154ns  (required time - arrival time)
  Source:                 toppyty/rvsingle/dp/pcreg/qout_reg[7]/C
                            (rising edge-triggered cell FDRE clocked by clk_out1_clk_wiz_0  {rise@0.000ns fall@6.667ns period=13.333ns})
  Destination:            toppyty/rvsingle/dp/pcreg/qout_reg[31]/D
                            (rising edge-triggered cell FDRE clocked by clk_out1_clk_wiz_0  {rise@0.000ns fall@6.667ns period=13.333ns})
  Path Group:             clk_out1_clk_wiz_0
  Path Type:              Setup (Max at Slow Process Corner)
  Requirement:            13.333ns  (clk_out1_clk_wiz_0 rise@13.333ns - clk_out1_clk_wiz_0 rise@0.000ns)
  Data Path Delay:        13.091ns  (logic 4.099ns (31.311%)  route 8.992ns (68.689%))
  Logic Levels:           23  (CARRY4=12 LUT4=2 LUT6=8 RAMD32=1)
  Clock Path Skew:        -0.032ns (DCD - SCD + CPR)
    Destination Clock Delay (DCD):    -1.428ns = ( 11.905 - 13.333 ) 
    Source Clock Delay      (SCD):    -0.820ns
    Clock Pessimism Removal (CPR):    0.576ns
  Clock Uncertainty:      0.119ns  ((TSJ^2 + DJ^2)^1/2) / 2 + PE
    Total System Jitter     (TSJ):    0.071ns
    Discrete Jitter          (DJ):    0.226ns
    Phase Error              (PE):    0.000ns

    Location             Delay type                Incr(ns)  Path(ns)    Netlist Resource(s)
  -------------------------------------------------------------------    -------------------
                         (clock clk_out1_clk_wiz_0 rise edge)
                                                      0.000     0.000 r  
    E3                                                0.000     0.000 r  clk_100MHz (IN)
                         net (fo=0)                   0.000     0.000    clk_wiz_inst/inst/clk_in1
    E3                   IBUF (Prop_ibuf_I_O)         1.482     1.482 r  clk_wiz_inst/inst/clkin1_ibufg/O
                         net (fo=1, routed)           1.233     2.715    clk_wiz_inst/inst/clk_in1_clk_wiz_0
    MMCME2_ADV_X1Y2      MMCME2_ADV (Prop_mmcme2_adv_CLKIN1_CLKOUT0)
                                                     -7.070    -4.355 r  clk_wiz_inst/inst/mmcm_adv_inst/CLKOUT0
                         net (fo=1, routed)           1.719    -2.636    clk_wiz_inst/inst/clk_out1_clk_wiz_0
    BUFGCTRL_X0Y16       BUFG (Prop_bufg_I_O)         0.096    -2.540 r  clk_wiz_inst/inst/clkout1_buf/O
                         net (fo=350, routed)         1.720    -0.820    toppyty/rvsingle/dp/pcreg/clk_out1
    SLICE_X5Y62          FDRE                                         r  toppyty/rvsingle/dp/pcreg/qout_reg[7]/C
  -------------------------------------------------------------------    -------------------
    SLICE_X5Y62          FDRE (Prop_fdre_C_Q)         0.456    -0.364 r  toppyty/rvsingle/dp/pcreg/qout_reg[7]/Q
                         net (fo=62, routed)          0.991     0.627    toppyty/rvsingle/dp/pcreg/PC__0[5]
    SLICE_X6Y63          LUT6 (Prop_lut6_I0_O)        0.124     0.751 r  toppyty/rvsingle/dp/pcreg/Reg_File_Block_reg_r2_0_31_0_5_i_4/O
                         net (fo=35, routed)          1.290     2.041    toppyty/rvsingle/dp/rf/Reg_File_Block_reg_r2_0_31_0_5/ADDRB1
    SLICE_X8Y64          RAMD32 (Prop_ramd32_RADR1_O)
                                                      0.124     2.165 r  toppyty/rvsingle/dp/rf/Reg_File_Block_reg_r2_0_31_0_5/RAMB_D1/O
                         net (fo=5, routed)           0.673     2.838    toppyty/rvsingle/dp/pcreg/RD20[3]
    SLICE_X11Y61         LUT4 (Prop_lut4_I2_O)        0.124     2.962 r  toppyty/rvsingle/dp/pcreg/i__carry_i_11/O
                         net (fo=90, routed)          1.193     4.154    toppyty/rvsingle/dp/pcreg/qout_reg[7]_12
    SLICE_X7Y62          LUT6 (Prop_lut6_I0_O)        0.124     4.278 r  toppyty/rvsingle/dp/pcreg/slt0_carry_i_3/O
                         net (fo=2, routed)           0.480     4.759    toppyty/rvsingle/dp/alu/slt0_carry__0_0[1]
    SLICE_X3Y62          CARRY4 (Prop_carry4_DI[1]_CO[3])
                                                      0.507     5.266 r  toppyty/rvsingle/dp/alu/slt0_carry/CO[3]
                         net (fo=1, routed)           0.000     5.266    toppyty/rvsingle/dp/alu/slt0_carry_n_0
    SLICE_X3Y63          CARRY4 (Prop_carry4_CI_CO[3])
                                                      0.114     5.380 r  toppyty/rvsingle/dp/alu/slt0_carry__0/CO[3]
                         net (fo=1, routed)           0.000     5.380    toppyty/rvsingle/dp/alu/slt0_carry__0_n_0
    SLICE_X3Y64          CARRY4 (Prop_carry4_CI_CO[3])
                                                      0.114     5.494 r  toppyty/rvsingle/dp/alu/slt0_carry__1/CO[3]
                         net (fo=1, routed)           0.000     5.494    toppyty/rvsingle/dp/alu/slt0_carry__1_n_0
    SLICE_X3Y65          CARRY4 (Prop_carry4_CI_CO[3])
                                                      0.114     5.608 r  toppyty/rvsingle/dp/alu/slt0_carry__2/CO[3]
                         net (fo=1, routed)           0.742     6.350    toppyty/rvsingle/dp/pcreg/CO[0]
    SLICE_X1Y64          LUT6 (Prop_lut6_I5_O)        0.124     6.474 r  toppyty/rvsingle/dp/pcreg/Reg_File_Block_reg_r1_0_31_0_5_i_48/O
                         net (fo=1, routed)           0.413     6.887    toppyty/rvsingle/dp/pcreg/Reg_File_Block_reg_r1_0_31_0_5_i_48_n_0
    SLICE_X1Y63          LUT6 (Prop_lut6_I2_O)        0.124     7.011 r  toppyty/rvsingle/dp/pcreg/Reg_File_Block_reg_r1_0_31_0_5_i_38/O
                         net (fo=1, routed)           0.151     7.162    toppyty/rvsingle/dp/pcreg/Reg_File_Block_reg_r1_0_31_0_5_i_38_n_0
    SLICE_X1Y63          LUT6 (Prop_lut6_I5_O)        0.124     7.286 f  toppyty/rvsingle/dp/pcreg/Reg_File_Block_reg_r1_0_31_0_5_i_28/O
                         net (fo=1, routed)           0.573     7.859    toppyty/rvsingle/dp/pcreg/Reg_File_Block_reg_r1_0_31_0_5_i_28_n_0
    SLICE_X7Y62          LUT6 (Prop_lut6_I5_O)        0.124     7.983 r  toppyty/rvsingle/dp/pcreg/Reg_File_Block_reg_r1_0_31_0_5_i_20/O
                         net (fo=5, routed)           0.798     8.781    toppyty/rvsingle/dp/pcreg/Reg_File_Block_reg_r1_0_31_0_5_i_20_n_0
    SLICE_X10Y68         LUT4 (Prop_lut4_I3_O)        0.124     8.905 r  toppyty/rvsingle/dp/pcreg/qout[1]_i_8/O
                         net (fo=1, routed)           0.575     9.480    toppyty/rvsingle/dp/pcreg/qout[1]_i_8_n_0
    SLICE_X11Y70         LUT6 (Prop_lut6_I0_O)        0.124     9.604 r  toppyty/rvsingle/dp/pcreg/qout[1]_i_7/O
                         net (fo=1, routed)           0.487    10.091    toppyty/rvsingle/dp/pcreg/qout[1]_i_7_n_0
    SLICE_X8Y66          LUT6 (Prop_lut6_I2_O)        0.124    10.215 r  toppyty/rvsingle/dp/pcreg/qout[1]_i_2/O
                         net (fo=1, routed)           0.626    10.841    toppyty/rvsingle/dp/pcreg/qout[1]_i_2_n_0
    SLICE_X7Y63          CARRY4 (Prop_carry4_DI[1]_CO[3])
                                                      0.507    11.348 r  toppyty/rvsingle/dp/pcreg/qout_reg[1]_i_1/CO[3]
                         net (fo=1, routed)           0.000    11.348    toppyty/rvsingle/dp/pcreg/qout_reg[1]_i_1_n_0
    SLICE_X7Y64          CARRY4 (Prop_carry4_CI_CO[3])
                                                      0.114    11.462 r  toppyty/rvsingle/dp/pcreg/qout_reg[5]_i_1/CO[3]
                         net (fo=1, routed)           0.000    11.462    toppyty/rvsingle/dp/pcreg/qout_reg[5]_i_1_n_0
    SLICE_X7Y65          CARRY4 (Prop_carry4_CI_CO[3])
                                                      0.114    11.576 r  toppyty/rvsingle/dp/pcreg/qout_reg[9]_i_1/CO[3]
                         net (fo=1, routed)           0.000    11.576    toppyty/rvsingle/dp/pcreg/qout_reg[9]_i_1_n_0
    SLICE_X7Y66          CARRY4 (Prop_carry4_CI_CO[3])
                                                      0.114    11.690 r  toppyty/rvsingle/dp/pcreg/qout_reg[13]_i_1/CO[3]
                         net (fo=1, routed)           0.000    11.690    toppyty/rvsingle/dp/pcreg/qout_reg[13]_i_1_n_0
    SLICE_X7Y67          CARRY4 (Prop_carry4_CI_CO[3])
                                                      0.114    11.804 r  toppyty/rvsingle/dp/pcreg/qout_reg[17]_i_1/CO[3]
                         net (fo=1, routed)           0.000    11.804    toppyty/rvsingle/dp/pcreg/qout_reg[17]_i_1_n_0
    SLICE_X7Y68          CARRY4 (Prop_carry4_CI_CO[3])
                                                      0.114    11.918 r  toppyty/rvsingle/dp/pcreg/qout_reg[21]_i_1/CO[3]
                         net (fo=1, routed)           0.000    11.918    toppyty/rvsingle/dp/pcreg/qout_reg[21]_i_1_n_0
    SLICE_X7Y69          CARRY4 (Prop_carry4_CI_CO[3])
                                                      0.114    12.032 r  toppyty/rvsingle/dp/pcreg/qout_reg[25]_i_1/CO[3]
                         net (fo=1, routed)           0.000    12.032    toppyty/rvsingle/dp/pcreg/qout_reg[25]_i_1_n_0
    SLICE_X7Y70          CARRY4 (Prop_carry4_CI_O[2])
                                                      0.239    12.271 r  toppyty/rvsingle/dp/pcreg/qout_reg[29]_i_1/O[2]
                         net (fo=1, routed)           0.000    12.271    toppyty/rvsingle/dp/pcreg/qout_reg[29]_i_1_n_5
    SLICE_X7Y70          FDRE                                         r  toppyty/rvsingle/dp/pcreg/qout_reg[31]/D
  -------------------------------------------------------------------    -------------------

                         (clock clk_out1_clk_wiz_0 rise edge)
                                                     13.333    13.333 r  
    E3                                                0.000    13.333 r  clk_100MHz (IN)
                         net (fo=0)                   0.000    13.333    clk_wiz_inst/inst/clk_in1
    E3                   IBUF (Prop_ibuf_I_O)         1.411    14.745 r  clk_wiz_inst/inst/clkin1_ibufg/O
                         net (fo=1, routed)           1.162    15.906    clk_wiz_inst/inst/clk_in1_clk_wiz_0
    MMCME2_ADV_X1Y2      MMCME2_ADV (Prop_mmcme2_adv_CLKIN1_CLKOUT0)
                                                     -7.324     8.583 r  clk_wiz_inst/inst/mmcm_adv_inst/CLKOUT0
                         net (fo=1, routed)           1.639    10.222    clk_wiz_inst/inst/clk_out1_clk_wiz_0
    BUFGCTRL_X0Y16       BUFG (Prop_bufg_I_O)         0.091    10.313 r  clk_wiz_inst/inst/clkout1_buf/O
                         net (fo=350, routed)         1.592    11.905    toppyty/rvsingle/dp/pcreg/clk_out1
    SLICE_X7Y70          FDRE                                         r  toppyty/rvsingle/dp/pcreg/qout_reg[31]/C
                         clock pessimism              0.576    12.482    
                         clock uncertainty           -0.119    12.363    
    SLICE_X7Y70          FDRE (Setup_fdre_C_D)        0.062    12.425    toppyty/rvsingle/dp/pcreg/qout_reg[31]
  -------------------------------------------------------------------
                         required time                         12.425    
                         arrival time                         -12.271    
  -------------------------------------------------------------------
                         slack                                  0.154    

Slack (MET) :             0.170ns  (required time - arrival time)
  Source:                 toppyty/rvsingle/dp/pcreg/qout_reg[7]/C
                            (rising edge-triggered cell FDRE clocked by clk_out1_clk_wiz_0  {rise@0.000ns fall@6.667ns period=13.333ns})
  Destination:            toppyty/rvsingle/dp/pcreg/qout_reg[29]/D
                            (rising edge-triggered cell FDRE clocked by clk_out1_clk_wiz_0  {rise@0.000ns fall@6.667ns period=13.333ns})
  Path Group:             clk_out1_clk_wiz_0
  Path Type:              Setup (Max at Slow Process Corner)
  Requirement:            13.333ns  (clk_out1_clk_wiz_0 rise@13.333ns - clk_out1_clk_wiz_0 rise@0.000ns)
  Data Path Delay:        13.075ns  (logic 4.083ns (31.227%)  route 8.992ns (68.773%))
  Logic Levels:           23  (CARRY4=12 LUT4=2 LUT6=8 RAMD32=1)
  Clock Path Skew:        -0.032ns (DCD - SCD + CPR)
    Destination Clock Delay (DCD):    -1.428ns = ( 11.905 - 13.333 ) 
    Source Clock Delay      (SCD):    -0.820ns
    Clock Pessimism Removal (CPR):    0.576ns
  Clock Uncertainty:      0.119ns  ((TSJ^2 + DJ^2)^1/2) / 2 + PE
    Total System Jitter     (TSJ):    0.071ns
    Discrete Jitter          (DJ):    0.226ns
    Phase Error              (PE):    0.000ns

    Location             Delay type                Incr(ns)  Path(ns)    Netlist Resource(s)
  -------------------------------------------------------------------    -------------------
                         (clock clk_out1_clk_wiz_0 rise edge)
                                                      0.000     0.000 r  
    E3                                                0.000     0.000 r  clk_100MHz (IN)
                         net (fo=0)                   0.000     0.000    clk_wiz_inst/inst/clk_in1
    E3                   IBUF (Prop_ibuf_I_O)         1.482     1.482 r  clk_wiz_inst/inst/clkin1_ibufg/O
                         net (fo=1, routed)           1.233     2.715    clk_wiz_inst/inst/clk_in1_clk_wiz_0
    MMCME2_ADV_X1Y2      MMCME2_ADV (Prop_mmcme2_adv_CLKIN1_CLKOUT0)
                                                     -7.070    -4.355 r  clk_wiz_inst/inst/mmcm_adv_inst/CLKOUT0
                         net (fo=1, routed)           1.719    -2.636    clk_wiz_inst/inst/clk_out1_clk_wiz_0
    BUFGCTRL_X0Y16       BUFG (Prop_bufg_I_O)         0.096    -2.540 r  clk_wiz_inst/inst/clkout1_buf/O
                         net (fo=350, routed)         1.720    -0.820    toppyty/rvsingle/dp/pcreg/clk_out1
    SLICE_X5Y62          FDRE                                         r  toppyty/rvsingle/dp/pcreg/qout_reg[7]/C
  -------------------------------------------------------------------    -------------------
    SLICE_X5Y62          FDRE (Prop_fdre_C_Q)         0.456    -0.364 r  toppyty/rvsingle/dp/pcreg/qout_reg[7]/Q
                         net (fo=62, routed)          0.991     0.627    toppyty/rvsingle/dp/pcreg/PC__0[5]
    SLICE_X6Y63          LUT6 (Prop_lut6_I0_O)        0.124     0.751 r  toppyty/rvsingle/dp/pcreg/Reg_File_Block_reg_r2_0_31_0_5_i_4/O
                         net (fo=35, routed)          1.290     2.041    toppyty/rvsingle/dp/rf/Reg_File_Block_reg_r2_0_31_0_5/ADDRB1
    SLICE_X8Y64          RAMD32 (Prop_ramd32_RADR1_O)
                                                      0.124     2.165 r  toppyty/rvsingle/dp/rf/Reg_File_Block_reg_r2_0_31_0_5/RAMB_D1/O
                         net (fo=5, routed)           0.673     2.838    toppyty/rvsingle/dp/pcreg/RD20[3]
    SLICE_X11Y61         LUT4 (Prop_lut4_I2_O)        0.124     2.962 r  toppyty/rvsingle/dp/pcreg/i__carry_i_11/O
                         net (fo=90, routed)          1.193     4.154    toppyty/rvsingle/dp/pcreg/qout_reg[7]_12
    SLICE_X7Y62          LUT6 (Prop_lut6_I0_O)        0.124     4.278 r  toppyty/rvsingle/dp/pcreg/slt0_carry_i_3/O
                         net (fo=2, routed)           0.480     4.759    toppyty/rvsingle/dp/alu/slt0_carry__0_0[1]
    SLICE_X3Y62          CARRY4 (Prop_carry4_DI[1]_CO[3])
                                                      0.507     5.266 r  toppyty/rvsingle/dp/alu/slt0_carry/CO[3]
                         net (fo=1, routed)           0.000     5.266    toppyty/rvsingle/dp/alu/slt0_carry_n_0
    SLICE_X3Y63          CARRY4 (Prop_carry4_CI_CO[3])
                                                      0.114     5.380 r  toppyty/rvsingle/dp/alu/slt0_carry__0/CO[3]
                         net (fo=1, routed)           0.000     5.380    toppyty/rvsingle/dp/alu/slt0_carry__0_n_0
    SLICE_X3Y64          CARRY4 (Prop_carry4_CI_CO[3])
                                                      0.114     5.494 r  toppyty/rvsingle/dp/alu/slt0_carry__1/CO[3]
                         net (fo=1, routed)           0.000     5.494    toppyty/rvsingle/dp/alu/slt0_carry__1_n_0
    SLICE_X3Y65          CARRY4 (Prop_carry4_CI_CO[3])
                                                      0.114     5.608 r  toppyty/rvsingle/dp/alu/slt0_carry__2/CO[3]
                         net (fo=1, routed)           0.742     6.350    toppyty/rvsingle/dp/pcreg/CO[0]
    SLICE_X1Y64          LUT6 (Prop_lut6_I5_O)        0.124     6.474 r  toppyty/rvsingle/dp/pcreg/Reg_File_Block_reg_r1_0_31_0_5_i_48/O
                         net (fo=1, routed)           0.413     6.887    toppyty/rvsingle/dp/pcreg/Reg_File_Block_reg_r1_0_31_0_5_i_48_n_0
    SLICE_X1Y63          LUT6 (Prop_lut6_I2_O)        0.124     7.011 r  toppyty/rvsingle/dp/pcreg/Reg_File_Block_reg_r1_0_31_0_5_i_38/O
                         net (fo=1, routed)           0.151     7.162    toppyty/rvsingle/dp/pcreg/Reg_File_Block_reg_r1_0_31_0_5_i_38_n_0
    SLICE_X1Y63          LUT6 (Prop_lut6_I5_O)        0.124     7.286 f  toppyty/rvsingle/dp/pcreg/Reg_File_Block_reg_r1_0_31_0_5_i_28/O
                         net (fo=1, routed)           0.573     7.859    toppyty/rvsingle/dp/pcreg/Reg_File_Block_reg_r1_0_31_0_5_i_28_n_0
    SLICE_X7Y62          LUT6 (Prop_lut6_I5_O)        0.124     7.983 r  toppyty/rvsingle/dp/pcreg/Reg_File_Block_reg_r1_0_31_0_5_i_20/O
                         net (fo=5, routed)           0.798     8.781    toppyty/rvsingle/dp/pcreg/Reg_File_Block_reg_r1_0_31_0_5_i_20_n_0
    SLICE_X10Y68         LUT4 (Prop_lut4_I3_O)        0.124     8.905 r  toppyty/rvsingle/dp/pcreg/qout[1]_i_8/O
                         net (fo=1, routed)           0.575     9.480    toppyty/rvsingle/dp/pcreg/qout[1]_i_8_n_0
    SLICE_X11Y70         LUT6 (Prop_lut6_I0_O)        0.124     9.604 r  toppyty/rvsingle/dp/pcreg/qout[1]_i_7/O
                         net (fo=1, routed)           0.487    10.091    toppyty/rvsingle/dp/pcreg/qout[1]_i_7_n_0
    SLICE_X8Y66          LUT6 (Prop_lut6_I2_O)        0.124    10.215 r  toppyty/rvsingle/dp/pcreg/qout[1]_i_2/O
                         net (fo=1, routed)           0.626    10.841    toppyty/rvsingle/dp/pcreg/qout[1]_i_2_n_0
    SLICE_X7Y63          CARRY4 (Prop_carry4_DI[1]_CO[3])
                                                      0.507    11.348 r  toppyty/rvsingle/dp/pcreg/qout_reg[1]_i_1/CO[3]
                         net (fo=1, routed)           0.000    11.348    toppyty/rvsingle/dp/pcreg/qout_reg[1]_i_1_n_0
    SLICE_X7Y64          CARRY4 (Prop_carry4_CI_CO[3])
                                                      0.114    11.462 r  toppyty/rvsingle/dp/pcreg/qout_reg[5]_i_1/CO[3]
                         net (fo=1, routed)           0.000    11.462    toppyty/rvsingle/dp/pcreg/qout_reg[5]_i_1_n_0
    SLICE_X7Y65          CARRY4 (Prop_carry4_CI_CO[3])
                                                      0.114    11.576 r  toppyty/rvsingle/dp/pcreg/qout_reg[9]_i_1/CO[3]
                         net (fo=1, routed)           0.000    11.576    toppyty/rvsingle/dp/pcreg/qout_reg[9]_i_1_n_0
    SLICE_X7Y66          CARRY4 (Prop_carry4_CI_CO[3])
                                                      0.114    11.690 r  toppyty/rvsingle/dp/pcreg/qout_reg[13]_i_1/CO[3]
                         net (fo=1, routed)           0.000    11.690    toppyty/rvsingle/dp/pcreg/qout_reg[13]_i_1_n_0
    SLICE_X7Y67          CARRY4 (Prop_carry4_CI_CO[3])
                                                      0.114    11.804 r  toppyty/rvsingle/dp/pcreg/qout_reg[17]_i_1/CO[3]
                         net (fo=1, routed)           0.000    11.804    toppyty/rvsingle/dp/pcreg/qout_reg[17]_i_1_n_0
    SLICE_X7Y68          CARRY4 (Prop_carry4_CI_CO[3])
                                                      0.114    11.918 r  toppyty/rvsingle/dp/pcreg/qout_reg[21]_i_1/CO[3]
                         net (fo=1, routed)           0.000    11.918    toppyty/rvsingle/dp/pcreg/qout_reg[21]_i_1_n_0
    SLICE_X7Y69          CARRY4 (Prop_carry4_CI_CO[3])
                                                      0.114    12.032 r  toppyty/rvsingle/dp/pcreg/qout_reg[25]_i_1/CO[3]
                         net (fo=1, routed)           0.000    12.032    toppyty/rvsingle/dp/pcreg/qout_reg[25]_i_1_n_0
    SLICE_X7Y70          CARRY4 (Prop_carry4_CI_O[0])
                                                      0.223    12.255 r  toppyty/rvsingle/dp/pcreg/qout_reg[29]_i_1/O[0]
                         net (fo=1, routed)           0.000    12.255    toppyty/rvsingle/dp/pcreg/qout_reg[29]_i_1_n_7
    SLICE_X7Y70          FDRE                                         r  toppyty/rvsingle/dp/pcreg/qout_reg[29]/D
  -------------------------------------------------------------------    -------------------

                         (clock clk_out1_clk_wiz_0 rise edge)
                                                     13.333    13.333 r  
    E3                                                0.000    13.333 r  clk_100MHz (IN)
                         net (fo=0)                   0.000    13.333    clk_wiz_inst/inst/clk_in1
    E3                   IBUF (Prop_ibuf_I_O)         1.411    14.745 r  clk_wiz_inst/inst/clkin1_ibufg/O
                         net (fo=1, routed)           1.162    15.906    clk_wiz_inst/inst/clk_in1_clk_wiz_0
    MMCME2_ADV_X1Y2      MMCME2_ADV (Prop_mmcme2_adv_CLKIN1_CLKOUT0)
                                                     -7.324     8.583 r  clk_wiz_inst/inst/mmcm_adv_inst/CLKOUT0
                         net (fo=1, routed)           1.639    10.222    clk_wiz_inst/inst/clk_out1_clk_wiz_0
    BUFGCTRL_X0Y16       BUFG (Prop_bufg_I_O)         0.091    10.313 r  clk_wiz_inst/inst/clkout1_buf/O
                         net (fo=350, routed)         1.592    11.905    toppyty/rvsingle/dp/pcreg/clk_out1
    SLICE_X7Y70          FDRE                                         r  toppyty/rvsingle/dp/pcreg/qout_reg[29]/C
                         clock pessimism              0.576    12.482    
                         clock uncertainty           -0.119    12.363    
    SLICE_X7Y70          FDRE (Setup_fdre_C_D)        0.062    12.425    toppyty/rvsingle/dp/pcreg/qout_reg[29]
  -------------------------------------------------------------------
                         required time                         12.425    
                         arrival time                         -12.255    
  -------------------------------------------------------------------
                         slack                                  0.170    

Slack (MET) :             0.173ns  (required time - arrival time)
  Source:                 toppyty/rvsingle/dp/pcreg/qout_reg[7]/C
                            (rising edge-triggered cell FDRE clocked by clk_out1_clk_wiz_0  {rise@0.000ns fall@6.667ns period=13.333ns})
  Destination:            toppyty/rvsingle/dp/pcreg/qout_reg[26]/D
                            (rising edge-triggered cell FDRE clocked by clk_out1_clk_wiz_0  {rise@0.000ns fall@6.667ns period=13.333ns})
  Path Group:             clk_out1_clk_wiz_0
  Path Type:              Setup (Max at Slow Process Corner)
  Requirement:            13.333ns  (clk_out1_clk_wiz_0 rise@13.333ns - clk_out1_clk_wiz_0 rise@0.000ns)
  Data Path Delay:        13.072ns  (logic 4.080ns (31.212%)  route 8.992ns (68.788%))
  Logic Levels:           22  (CARRY4=11 LUT4=2 LUT6=8 RAMD32=1)
  Clock Path Skew:        -0.032ns (DCD - SCD + CPR)
    Destination Clock Delay (DCD):    -1.428ns = ( 11.905 - 13.333 ) 
    Source Clock Delay      (SCD):    -0.820ns
    Clock Pessimism Removal (CPR):    0.576ns
  Clock Uncertainty:      0.119ns  ((TSJ^2 + DJ^2)^1/2) / 2 + PE
    Total System Jitter     (TSJ):    0.071ns
    Discrete Jitter          (DJ):    0.226ns
    Phase Error              (PE):    0.000ns

    Location             Delay type                Incr(ns)  Path(ns)    Netlist Resource(s)
  -------------------------------------------------------------------    -------------------
                         (clock clk_out1_clk_wiz_0 rise edge)
                                                      0.000     0.000 r  
    E3                                                0.000     0.000 r  clk_100MHz (IN)
                         net (fo=0)                   0.000     0.000    clk_wiz_inst/inst/clk_in1
    E3                   IBUF (Prop_ibuf_I_O)         1.482     1.482 r  clk_wiz_inst/inst/clkin1_ibufg/O
                         net (fo=1, routed)           1.233     2.715    clk_wiz_inst/inst/clk_in1_clk_wiz_0
    MMCME2_ADV_X1Y2      MMCME2_ADV (Prop_mmcme2_adv_CLKIN1_CLKOUT0)
                                                     -7.070    -4.355 r  clk_wiz_inst/inst/mmcm_adv_inst/CLKOUT0
                         net (fo=1, routed)           1.719    -2.636    clk_wiz_inst/inst/clk_out1_clk_wiz_0
    BUFGCTRL_X0Y16       BUFG (Prop_bufg_I_O)         0.096    -2.540 r  clk_wiz_inst/inst/clkout1_buf/O
                         net (fo=350, routed)         1.720    -0.820    toppyty/rvsingle/dp/pcreg/clk_out1
    SLICE_X5Y62          FDRE                                         r  toppyty/rvsingle/dp/pcreg/qout_reg[7]/C
  -------------------------------------------------------------------    -------------------
    SLICE_X5Y62          FDRE (Prop_fdre_C_Q)         0.456    -0.364 r  toppyty/rvsingle/dp/pcreg/qout_reg[7]/Q
                         net (fo=62, routed)          0.991     0.627    toppyty/rvsingle/dp/pcreg/PC__0[5]
    SLICE_X6Y63          LUT6 (Prop_lut6_I0_O)        0.124     0.751 r  toppyty/rvsingle/dp/pcreg/Reg_File_Block_reg_r2_0_31_0_5_i_4/O
                         net (fo=35, routed)          1.290     2.041    toppyty/rvsingle/dp/rf/Reg_File_Block_reg_r2_0_31_0_5/ADDRB1
    SLICE_X8Y64          RAMD32 (Prop_ramd32_RADR1_O)
                                                      0.124     2.165 r  toppyty/rvsingle/dp/rf/Reg_File_Block_reg_r2_0_31_0_5/RAMB_D1/O
                         net (fo=5, routed)           0.673     2.838    toppyty/rvsingle/dp/pcreg/RD20[3]
    SLICE_X11Y61         LUT4 (Prop_lut4_I2_O)        0.124     2.962 r  toppyty/rvsingle/dp/pcreg/i__carry_i_11/O
                         net (fo=90, routed)          1.193     4.154    toppyty/rvsingle/dp/pcreg/qout_reg[7]_12
    SLICE_X7Y62          LUT6 (Prop_lut6_I0_O)        0.124     4.278 r  toppyty/rvsingle/dp/pcreg/slt0_carry_i_3/O
                         net (fo=2, routed)           0.480     4.759    toppyty/rvsingle/dp/alu/slt0_carry__0_0[1]
    SLICE_X3Y62          CARRY4 (Prop_carry4_DI[1]_CO[3])
                                                      0.507     5.266 r  toppyty/rvsingle/dp/alu/slt0_carry/CO[3]
                         net (fo=1, routed)           0.000     5.266    toppyty/rvsingle/dp/alu/slt0_carry_n_0
    SLICE_X3Y63          CARRY4 (Prop_carry4_CI_CO[3])
                                                      0.114     5.380 r  toppyty/rvsingle/dp/alu/slt0_carry__0/CO[3]
                         net (fo=1, routed)           0.000     5.380    toppyty/rvsingle/dp/alu/slt0_carry__0_n_0
    SLICE_X3Y64          CARRY4 (Prop_carry4_CI_CO[3])
                                                      0.114     5.494 r  toppyty/rvsingle/dp/alu/slt0_carry__1/CO[3]
                         net (fo=1, routed)           0.000     5.494    toppyty/rvsingle/dp/alu/slt0_carry__1_n_0
    SLICE_X3Y65          CARRY4 (Prop_carry4_CI_CO[3])
                                                      0.114     5.608 r  toppyty/rvsingle/dp/alu/slt0_carry__2/CO[3]
                         net (fo=1, routed)           0.742     6.350    toppyty/rvsingle/dp/pcreg/CO[0]
    SLICE_X1Y64          LUT6 (Prop_lut6_I5_O)        0.124     6.474 r  toppyty/rvsingle/dp/pcreg/Reg_File_Block_reg_r1_0_31_0_5_i_48/O
                         net (fo=1, routed)           0.413     6.887    toppyty/rvsingle/dp/pcreg/Reg_File_Block_reg_r1_0_31_0_5_i_48_n_0
    SLICE_X1Y63          LUT6 (Prop_lut6_I2_O)        0.124     7.011 r  toppyty/rvsingle/dp/pcreg/Reg_File_Block_reg_r1_0_31_0_5_i_38/O
                         net (fo=1, routed)           0.151     7.162    toppyty/rvsingle/dp/pcreg/Reg_File_Block_reg_r1_0_31_0_5_i_38_n_0
    SLICE_X1Y63          LUT6 (Prop_lut6_I5_O)        0.124     7.286 f  toppyty/rvsingle/dp/pcreg/Reg_File_Block_reg_r1_0_31_0_5_i_28/O
                         net (fo=1, routed)           0.573     7.859    toppyty/rvsingle/dp/pcreg/Reg_File_Block_reg_r1_0_31_0_5_i_28_n_0
    SLICE_X7Y62          LUT6 (Prop_lut6_I5_O)        0.124     7.983 r  toppyty/rvsingle/dp/pcreg/Reg_File_Block_reg_r1_0_31_0_5_i_20/O
                         net (fo=5, routed)           0.798     8.781    toppyty/rvsingle/dp/pcreg/Reg_File_Block_reg_r1_0_31_0_5_i_20_n_0
    SLICE_X10Y68         LUT4 (Prop_lut4_I3_O)        0.124     8.905 r  toppyty/rvsingle/dp/pcreg/qout[1]_i_8/O
                         net (fo=1, routed)           0.575     9.480    toppyty/rvsingle/dp/pcreg/qout[1]_i_8_n_0
    SLICE_X11Y70         LUT6 (Prop_lut6_I0_O)        0.124     9.604 r  toppyty/rvsingle/dp/pcreg/qout[1]_i_7/O
                         net (fo=1, routed)           0.487    10.091    toppyty/rvsingle/dp/pcreg/qout[1]_i_7_n_0
    SLICE_X8Y66          LUT6 (Prop_lut6_I2_O)        0.124    10.215 r  toppyty/rvsingle/dp/pcreg/qout[1]_i_2/O
                         net (fo=1, routed)           0.626    10.841    toppyty/rvsingle/dp/pcreg/qout[1]_i_2_n_0
    SLICE_X7Y63          CARRY4 (Prop_carry4_DI[1]_CO[3])
                                                      0.507    11.348 r  toppyty/rvsingle/dp/pcreg/qout_reg[1]_i_1/CO[3]
                         net (fo=1, routed)           0.000    11.348    toppyty/rvsingle/dp/pcreg/qout_reg[1]_i_1_n_0
    SLICE_X7Y64          CARRY4 (Prop_carry4_CI_CO[3])
                                                      0.114    11.462 r  toppyty/rvsingle/dp/pcreg/qout_reg[5]_i_1/CO[3]
                         net (fo=1, routed)           0.000    11.462    toppyty/rvsingle/dp/pcreg/qout_reg[5]_i_1_n_0
    SLICE_X7Y65          CARRY4 (Prop_carry4_CI_CO[3])
                                                      0.114    11.576 r  toppyty/rvsingle/dp/pcreg/qout_reg[9]_i_1/CO[3]
                         net (fo=1, routed)           0.000    11.576    toppyty/rvsingle/dp/pcreg/qout_reg[9]_i_1_n_0
    SLICE_X7Y66          CARRY4 (Prop_carry4_CI_CO[3])
                                                      0.114    11.690 r  toppyty/rvsingle/dp/pcreg/qout_reg[13]_i_1/CO[3]
                         net (fo=1, routed)           0.000    11.690    toppyty/rvsingle/dp/pcreg/qout_reg[13]_i_1_n_0
    SLICE_X7Y67          CARRY4 (Prop_carry4_CI_CO[3])
                                                      0.114    11.804 r  toppyty/rvsingle/dp/pcreg/qout_reg[17]_i_1/CO[3]
                         net (fo=1, routed)           0.000    11.804    toppyty/rvsingle/dp/pcreg/qout_reg[17]_i_1_n_0
    SLICE_X7Y68          CARRY4 (Prop_carry4_CI_CO[3])
                                                      0.114    11.918 r  toppyty/rvsingle/dp/pcreg/qout_reg[21]_i_1/CO[3]
                         net (fo=1, routed)           0.000    11.918    toppyty/rvsingle/dp/pcreg/qout_reg[21]_i_1_n_0
    SLICE_X7Y69          CARRY4 (Prop_carry4_CI_O[1])
                                                      0.334    12.252 r  toppyty/rvsingle/dp/pcreg/qout_reg[25]_i_1/O[1]
                         net (fo=1, routed)           0.000    12.252    toppyty/rvsingle/dp/pcreg/qout_reg[25]_i_1_n_6
    SLICE_X7Y69          FDRE                                         r  toppyty/rvsingle/dp/pcreg/qout_reg[26]/D
  -------------------------------------------------------------------    -------------------

                         (clock clk_out1_clk_wiz_0 rise edge)
                                                     13.333    13.333 r  
    E3                                                0.000    13.333 r  clk_100MHz (IN)
                         net (fo=0)                   0.000    13.333    clk_wiz_inst/inst/clk_in1
    E3                   IBUF (Prop_ibuf_I_O)         1.411    14.745 r  clk_wiz_inst/inst/clkin1_ibufg/O
                         net (fo=1, routed)           1.162    15.906    clk_wiz_inst/inst/clk_in1_clk_wiz_0
    MMCME2_ADV_X1Y2      MMCME2_ADV (Prop_mmcme2_adv_CLKIN1_CLKOUT0)
                                                     -7.324     8.583 r  clk_wiz_inst/inst/mmcm_adv_inst/CLKOUT0
                         net (fo=1, routed)           1.639    10.222    clk_wiz_inst/inst/clk_out1_clk_wiz_0
    BUFGCTRL_X0Y16       BUFG (Prop_bufg_I_O)         0.091    10.313 r  clk_wiz_inst/inst/clkout1_buf/O
                         net (fo=350, routed)         1.592    11.905    toppyty/rvsingle/dp/pcreg/clk_out1
    SLICE_X7Y69          FDRE                                         r  toppyty/rvsingle/dp/pcreg/qout_reg[26]/C
                         clock pessimism              0.576    12.482    
                         clock uncertainty           -0.119    12.363    
    SLICE_X7Y69          FDRE (Setup_fdre_C_D)        0.062    12.425    toppyty/rvsingle/dp/pcreg/qout_reg[26]
  -------------------------------------------------------------------
                         required time                         12.425    
                         arrival time                         -12.252    
  -------------------------------------------------------------------
                         slack                                  0.173    

Slack (MET) :             0.194ns  (required time - arrival time)
  Source:                 toppyty/rvsingle/dp/pcreg/qout_reg[7]/C
                            (rising edge-triggered cell FDRE clocked by clk_out1_clk_wiz_0  {rise@0.000ns fall@6.667ns period=13.333ns})
  Destination:            toppyty/rvsingle/dp/pcreg/qout_reg[28]/D
                            (rising edge-triggered cell FDRE clocked by clk_out1_clk_wiz_0  {rise@0.000ns fall@6.667ns period=13.333ns})
  Path Group:             clk_out1_clk_wiz_0
  Path Type:              Setup (Max at Slow Process Corner)
  Requirement:            13.333ns  (clk_out1_clk_wiz_0 rise@13.333ns - clk_out1_clk_wiz_0 rise@0.000ns)
  Data Path Delay:        13.051ns  (logic 4.059ns (31.101%)  route 8.992ns (68.899%))
  Logic Levels:           22  (CARRY4=11 LUT4=2 LUT6=8 RAMD32=1)
  Clock Path Skew:        -0.032ns (DCD - SCD + CPR)
    Destination Clock Delay (DCD):    -1.428ns = ( 11.905 - 13.333 ) 
    Source Clock Delay      (SCD):    -0.820ns
    Clock Pessimism Removal (CPR):    0.576ns
  Clock Uncertainty:      0.119ns  ((TSJ^2 + DJ^2)^1/2) / 2 + PE
    Total System Jitter     (TSJ):    0.071ns
    Discrete Jitter          (DJ):    0.226ns
    Phase Error              (PE):    0.000ns

    Location             Delay type                Incr(ns)  Path(ns)    Netlist Resource(s)
  -------------------------------------------------------------------    -------------------
                         (clock clk_out1_clk_wiz_0 rise edge)
                                                      0.000     0.000 r  
    E3                                                0.000     0.000 r  clk_100MHz (IN)
                         net (fo=0)                   0.000     0.000    clk_wiz_inst/inst/clk_in1
    E3                   IBUF (Prop_ibuf_I_O)         1.482     1.482 r  clk_wiz_inst/inst/clkin1_ibufg/O
                         net (fo=1, routed)           1.233     2.715    clk_wiz_inst/inst/clk_in1_clk_wiz_0
    MMCME2_ADV_X1Y2      MMCME2_ADV (Prop_mmcme2_adv_CLKIN1_CLKOUT0)
                                                     -7.070    -4.355 r  clk_wiz_inst/inst/mmcm_adv_inst/CLKOUT0
                         net (fo=1, routed)           1.719    -2.636    clk_wiz_inst/inst/clk_out1_clk_wiz_0
    BUFGCTRL_X0Y16       BUFG (Prop_bufg_I_O)         0.096    -2.540 r  clk_wiz_inst/inst/clkout1_buf/O
                         net (fo=350, routed)         1.720    -0.820    toppyty/rvsingle/dp/pcreg/clk_out1
    SLICE_X5Y62          FDRE                                         r  toppyty/rvsingle/dp/pcreg/qout_reg[7]/C
  -------------------------------------------------------------------    -------------------
    SLICE_X5Y62          FDRE (Prop_fdre_C_Q)         0.456    -0.364 r  toppyty/rvsingle/dp/pcreg/qout_reg[7]/Q
                         net (fo=62, routed)          0.991     0.627    toppyty/rvsingle/dp/pcreg/PC__0[5]
    SLICE_X6Y63          LUT6 (Prop_lut6_I0_O)        0.124     0.751 r  toppyty/rvsingle/dp/pcreg/Reg_File_Block_reg_r2_0_31_0_5_i_4/O
                         net (fo=35, routed)          1.290     2.041    toppyty/rvsingle/dp/rf/Reg_File_Block_reg_r2_0_31_0_5/ADDRB1
    SLICE_X8Y64          RAMD32 (Prop_ramd32_RADR1_O)
                                                      0.124     2.165 r  toppyty/rvsingle/dp/rf/Reg_File_Block_reg_r2_0_31_0_5/RAMB_D1/O
                         net (fo=5, routed)           0.673     2.838    toppyty/rvsingle/dp/pcreg/RD20[3]
    SLICE_X11Y61         LUT4 (Prop_lut4_I2_O)        0.124     2.962 r  toppyty/rvsingle/dp/pcreg/i__carry_i_11/O
                         net (fo=90, routed)          1.193     4.154    toppyty/rvsingle/dp/pcreg/qout_reg[7]_12
    SLICE_X7Y62          LUT6 (Prop_lut6_I0_O)        0.124     4.278 r  toppyty/rvsingle/dp/pcreg/slt0_carry_i_3/O
                         net (fo=2, routed)           0.480     4.759    toppyty/rvsingle/dp/alu/slt0_carry__0_0[1]
    SLICE_X3Y62          CARRY4 (Prop_carry4_DI[1]_CO[3])
                                                      0.507     5.266 r  toppyty/rvsingle/dp/alu/slt0_carry/CO[3]
                         net (fo=1, routed)           0.000     5.266    toppyty/rvsingle/dp/alu/slt0_carry_n_0
    SLICE_X3Y63          CARRY4 (Prop_carry4_CI_CO[3])
                                                      0.114     5.380 r  toppyty/rvsingle/dp/alu/slt0_carry__0/CO[3]
                         net (fo=1, routed)           0.000     5.380    toppyty/rvsingle/dp/alu/slt0_carry__0_n_0
    SLICE_X3Y64          CARRY4 (Prop_carry4_CI_CO[3])
                                                      0.114     5.494 r  toppyty/rvsingle/dp/alu/slt0_carry__1/CO[3]
                         net (fo=1, routed)           0.000     5.494    toppyty/rvsingle/dp/alu/slt0_carry__1_n_0
    SLICE_X3Y65          CARRY4 (Prop_carry4_CI_CO[3])
                                                      0.114     5.608 r  toppyty/rvsingle/dp/alu/slt0_carry__2/CO[3]
                         net (fo=1, routed)           0.742     6.350    toppyty/rvsingle/dp/pcreg/CO[0]
    SLICE_X1Y64          LUT6 (Prop_lut6_I5_O)        0.124     6.474 r  toppyty/rvsingle/dp/pcreg/Reg_File_Block_reg_r1_0_31_0_5_i_48/O
                         net (fo=1, routed)           0.413     6.887    toppyty/rvsingle/dp/pcreg/Reg_File_Block_reg_r1_0_31_0_5_i_48_n_0
    SLICE_X1Y63          LUT6 (Prop_lut6_I2_O)        0.124     7.011 r  toppyty/rvsingle/dp/pcreg/Reg_File_Block_reg_r1_0_31_0_5_i_38/O
                         net (fo=1, routed)           0.151     7.162    toppyty/rvsingle/dp/pcreg/Reg_File_Block_reg_r1_0_31_0_5_i_38_n_0
    SLICE_X1Y63          LUT6 (Prop_lut6_I5_O)        0.124     7.286 f  toppyty/rvsingle/dp/pcreg/Reg_File_Block_reg_r1_0_31_0_5_i_28/O
                         net (fo=1, routed)           0.573     7.859    toppyty/rvsingle/dp/pcreg/Reg_File_Block_reg_r1_0_31_0_5_i_28_n_0
    SLICE_X7Y62          LUT6 (Prop_lut6_I5_O)        0.124     7.983 r  toppyty/rvsingle/dp/pcreg/Reg_File_Block_reg_r1_0_31_0_5_i_20/O
                         net (fo=5, routed)           0.798     8.781    toppyty/rvsingle/dp/pcreg/Reg_File_Block_reg_r1_0_31_0_5_i_20_n_0
    SLICE_X10Y68         LUT4 (Prop_lut4_I3_O)        0.124     8.905 r  toppyty/rvsingle/dp/pcreg/qout[1]_i_8/O
                         net (fo=1, routed)           0.575     9.480    toppyty/rvsingle/dp/pcreg/qout[1]_i_8_n_0
    SLICE_X11Y70         LUT6 (Prop_lut6_I0_O)        0.124     9.604 r  toppyty/rvsingle/dp/pcreg/qout[1]_i_7/O
                         net (fo=1, routed)           0.487    10.091    toppyty/rvsingle/dp/pcreg/qout[1]_i_7_n_0
    SLICE_X8Y66          LUT6 (Prop_lut6_I2_O)        0.124    10.215 r  toppyty/rvsingle/dp/pcreg/qout[1]_i_2/O
                         net (fo=1, routed)           0.626    10.841    toppyty/rvsingle/dp/pcreg/qout[1]_i_2_n_0
    SLICE_X7Y63          CARRY4 (Prop_carry4_DI[1]_CO[3])
                                                      0.507    11.348 r  toppyty/rvsingle/dp/pcreg/qout_reg[1]_i_1/CO[3]
                         net (fo=1, routed)           0.000    11.348    toppyty/rvsingle/dp/pcreg/qout_reg[1]_i_1_n_0
    SLICE_X7Y64          CARRY4 (Prop_carry4_CI_CO[3])
                                                      0.114    11.462 r  toppyty/rvsingle/dp/pcreg/qout_reg[5]_i_1/CO[3]
                         net (fo=1, routed)           0.000    11.462    toppyty/rvsingle/dp/pcreg/qout_reg[5]_i_1_n_0
    SLICE_X7Y65          CARRY4 (Prop_carry4_CI_CO[3])
                                                      0.114    11.576 r  toppyty/rvsingle/dp/pcreg/qout_reg[9]_i_1/CO[3]
                         net (fo=1, routed)           0.000    11.576    toppyty/rvsingle/dp/pcreg/qout_reg[9]_i_1_n_0
    SLICE_X7Y66          CARRY4 (Prop_carry4_CI_CO[3])
                                                      0.114    11.690 r  toppyty/rvsingle/dp/pcreg/qout_reg[13]_i_1/CO[3]
                         net (fo=1, routed)           0.000    11.690    toppyty/rvsingle/dp/pcreg/qout_reg[13]_i_1_n_0
    SLICE_X7Y67          CARRY4 (Prop_carry4_CI_CO[3])
                                                      0.114    11.804 r  toppyty/rvsingle/dp/pcreg/qout_reg[17]_i_1/CO[3]
                         net (fo=1, routed)           0.000    11.804    toppyty/rvsingle/dp/pcreg/qout_reg[17]_i_1_n_0
    SLICE_X7Y68          CARRY4 (Prop_carry4_CI_CO[3])
                                                      0.114    11.918 r  toppyty/rvsingle/dp/pcreg/qout_reg[21]_i_1/CO[3]
                         net (fo=1, routed)           0.000    11.918    toppyty/rvsingle/dp/pcreg/qout_reg[21]_i_1_n_0
    SLICE_X7Y69          CARRY4 (Prop_carry4_CI_O[3])
                                                      0.313    12.231 r  toppyty/rvsingle/dp/pcreg/qout_reg[25]_i_1/O[3]
                         net (fo=1, routed)           0.000    12.231    toppyty/rvsingle/dp/pcreg/qout_reg[25]_i_1_n_4
    SLICE_X7Y69          FDRE                                         r  toppyty/rvsingle/dp/pcreg/qout_reg[28]/D
  -------------------------------------------------------------------    -------------------

                         (clock clk_out1_clk_wiz_0 rise edge)
                                                     13.333    13.333 r  
    E3                                                0.000    13.333 r  clk_100MHz (IN)
                         net (fo=0)                   0.000    13.333    clk_wiz_inst/inst/clk_in1
    E3                   IBUF (Prop_ibuf_I_O)         1.411    14.745 r  clk_wiz_inst/inst/clkin1_ibufg/O
                         net (fo=1, routed)           1.162    15.906    clk_wiz_inst/inst/clk_in1_clk_wiz_0
    MMCME2_ADV_X1Y2      MMCME2_ADV (Prop_mmcme2_adv_CLKIN1_CLKOUT0)
                                                     -7.324     8.583 r  clk_wiz_inst/inst/mmcm_adv_inst/CLKOUT0
                         net (fo=1, routed)           1.639    10.222    clk_wiz_inst/inst/clk_out1_clk_wiz_0
    BUFGCTRL_X0Y16       BUFG (Prop_bufg_I_O)         0.091    10.313 r  clk_wiz_inst/inst/clkout1_buf/O
                         net (fo=350, routed)         1.592    11.905    toppyty/rvsingle/dp/pcreg/clk_out1
    SLICE_X7Y69          FDRE                                         r  toppyty/rvsingle/dp/pcreg/qout_reg[28]/C
                         clock pessimism              0.576    12.482    
                         clock uncertainty           -0.119    12.363    
    SLICE_X7Y69          FDRE (Setup_fdre_C_D)        0.062    12.425    toppyty/rvsingle/dp/pcreg/qout_reg[28]
  -------------------------------------------------------------------
                         required time                         12.425    
                         arrival time                         -12.231    
  -------------------------------------------------------------------
                         slack                                  0.194    

Slack (MET) :             0.225ns  (required time - arrival time)
  Source:                 toppyty/rvsingle/dp/pcreg/qout_reg[7]/C
                            (rising edge-triggered cell FDRE clocked by clk_out1_clk_wiz_0  {rise@0.000ns fall@6.667ns period=13.333ns})
  Destination:            toppyty/rvsingle/dp/pcreg/qout_reg[4]/D
                            (rising edge-triggered cell FDRE clocked by clk_out1_clk_wiz_0  {rise@0.000ns fall@6.667ns period=13.333ns})
  Path Group:             clk_out1_clk_wiz_0
  Path Type:              Setup (Max at Slow Process Corner)
  Requirement:            13.333ns  (clk_out1_clk_wiz_0 rise@13.333ns - clk_out1_clk_wiz_0 rise@0.000ns)
  Data Path Delay:        12.723ns  (logic 3.265ns (25.661%)  route 9.458ns (74.339%))
  Logic Levels:           16  (CARRY4=5 LUT4=2 LUT6=8 RAMD32=1)
  Clock Path Skew:        -0.026ns (DCD - SCD + CPR)
    Destination Clock Delay (DCD):    -1.422ns = ( 11.911 - 13.333 ) 
    Source Clock Delay      (SCD):    -0.820ns
    Clock Pessimism Removal (CPR):    0.576ns
  Clock Uncertainty:      0.119ns  ((TSJ^2 + DJ^2)^1/2) / 2 + PE
    Total System Jitter     (TSJ):    0.071ns
    Discrete Jitter          (DJ):    0.226ns
    Phase Error              (PE):    0.000ns

    Location             Delay type                Incr(ns)  Path(ns)    Netlist Resource(s)
  -------------------------------------------------------------------    -------------------
                         (clock clk_out1_clk_wiz_0 rise edge)
                                                      0.000     0.000 r  
    E3                                                0.000     0.000 r  clk_100MHz (IN)
                         net (fo=0)                   0.000     0.000    clk_wiz_inst/inst/clk_in1
    E3                   IBUF (Prop_ibuf_I_O)         1.482     1.482 r  clk_wiz_inst/inst/clkin1_ibufg/O
                         net (fo=1, routed)           1.233     2.715    clk_wiz_inst/inst/clk_in1_clk_wiz_0
    MMCME2_ADV_X1Y2      MMCME2_ADV (Prop_mmcme2_adv_CLKIN1_CLKOUT0)
                                                     -7.070    -4.355 r  clk_wiz_inst/inst/mmcm_adv_inst/CLKOUT0
                         net (fo=1, routed)           1.719    -2.636    clk_wiz_inst/inst/clk_out1_clk_wiz_0
    BUFGCTRL_X0Y16       BUFG (Prop_bufg_I_O)         0.096    -2.540 r  clk_wiz_inst/inst/clkout1_buf/O
                         net (fo=350, routed)         1.720    -0.820    toppyty/rvsingle/dp/pcreg/clk_out1
    SLICE_X5Y62          FDRE                                         r  toppyty/rvsingle/dp/pcreg/qout_reg[7]/C
  -------------------------------------------------------------------    -------------------
    SLICE_X5Y62          FDRE (Prop_fdre_C_Q)         0.456    -0.364 r  toppyty/rvsingle/dp/pcreg/qout_reg[7]/Q
                         net (fo=62, routed)          0.991     0.627    toppyty/rvsingle/dp/pcreg/PC__0[5]
    SLICE_X6Y63          LUT6 (Prop_lut6_I0_O)        0.124     0.751 r  toppyty/rvsingle/dp/pcreg/Reg_File_Block_reg_r2_0_31_0_5_i_4/O
                         net (fo=35, routed)          1.290     2.041    toppyty/rvsingle/dp/rf/Reg_File_Block_reg_r2_0_31_0_5/ADDRB1
    SLICE_X8Y64          RAMD32 (Prop_ramd32_RADR1_O)
                                                      0.124     2.165 r  toppyty/rvsingle/dp/rf/Reg_File_Block_reg_r2_0_31_0_5/RAMB_D1/O
                         net (fo=5, routed)           0.673     2.838    toppyty/rvsingle/dp/pcreg/RD20[3]
    SLICE_X11Y61         LUT4 (Prop_lut4_I2_O)        0.124     2.962 r  toppyty/rvsingle/dp/pcreg/i__carry_i_11/O
                         net (fo=90, routed)          1.193     4.154    toppyty/rvsingle/dp/pcreg/qout_reg[7]_12
    SLICE_X7Y62          LUT6 (Prop_lut6_I0_O)        0.124     4.278 r  toppyty/rvsingle/dp/pcreg/slt0_carry_i_3/O
                         net (fo=2, routed)           0.480     4.759    toppyty/rvsingle/dp/alu/slt0_carry__0_0[1]
    SLICE_X3Y62          CARRY4 (Prop_carry4_DI[1]_CO[3])
                                                      0.507     5.266 r  toppyty/rvsingle/dp/alu/slt0_carry/CO[3]
                         net (fo=1, routed)           0.000     5.266    toppyty/rvsingle/dp/alu/slt0_carry_n_0
    SLICE_X3Y63          CARRY4 (Prop_carry4_CI_CO[3])
                                                      0.114     5.380 r  toppyty/rvsingle/dp/alu/slt0_carry__0/CO[3]
                         net (fo=1, routed)           0.000     5.380    toppyty/rvsingle/dp/alu/slt0_carry__0_n_0
    SLICE_X3Y64          CARRY4 (Prop_carry4_CI_CO[3])
                                                      0.114     5.494 r  toppyty/rvsingle/dp/alu/slt0_carry__1/CO[3]
                         net (fo=1, routed)           0.000     5.494    toppyty/rvsingle/dp/alu/slt0_carry__1_n_0
    SLICE_X3Y65          CARRY4 (Prop_carry4_CI_CO[3])
                                                      0.114     5.608 r  toppyty/rvsingle/dp/alu/slt0_carry__2/CO[3]
                         net (fo=1, routed)           0.742     6.350    toppyty/rvsingle/dp/pcreg/CO[0]
    SLICE_X1Y64          LUT6 (Prop_lut6_I5_O)        0.124     6.474 r  toppyty/rvsingle/dp/pcreg/Reg_File_Block_reg_r1_0_31_0_5_i_48/O
                         net (fo=1, routed)           0.413     6.887    toppyty/rvsingle/dp/pcreg/Reg_File_Block_reg_r1_0_31_0_5_i_48_n_0
    SLICE_X1Y63          LUT6 (Prop_lut6_I2_O)        0.124     7.011 r  toppyty/rvsingle/dp/pcreg/Reg_File_Block_reg_r1_0_31_0_5_i_38/O
                         net (fo=1, routed)           0.151     7.162    toppyty/rvsingle/dp/pcreg/Reg_File_Block_reg_r1_0_31_0_5_i_38_n_0
    SLICE_X1Y63          LUT6 (Prop_lut6_I5_O)        0.124     7.286 f  toppyty/rvsingle/dp/pcreg/Reg_File_Block_reg_r1_0_31_0_5_i_28/O
                         net (fo=1, routed)           0.573     7.859    toppyty/rvsingle/dp/pcreg/Reg_File_Block_reg_r1_0_31_0_5_i_28_n_0
    SLICE_X7Y62          LUT6 (Prop_lut6_I5_O)        0.124     7.983 r  toppyty/rvsingle/dp/pcreg/Reg_File_Block_reg_r1_0_31_0_5_i_20/O
                         net (fo=5, routed)           0.798     8.781    toppyty/rvsingle/dp/pcreg/Reg_File_Block_reg_r1_0_31_0_5_i_20_n_0
    SLICE_X10Y68         LUT4 (Prop_lut4_I3_O)        0.124     8.905 r  toppyty/rvsingle/dp/pcreg/qout[1]_i_8/O
                         net (fo=1, routed)           0.575     9.480    toppyty/rvsingle/dp/pcreg/qout[1]_i_8_n_0
    SLICE_X11Y70         LUT6 (Prop_lut6_I0_O)        0.124     9.604 r  toppyty/rvsingle/dp/pcreg/qout[1]_i_7/O
                         net (fo=1, routed)           0.487    10.091    toppyty/rvsingle/dp/pcreg/qout[1]_i_7_n_0
    SLICE_X8Y66          LUT6 (Prop_lut6_I2_O)        0.124    10.215 r  toppyty/rvsingle/dp/pcreg/qout[1]_i_2/O
                         net (fo=1, routed)           0.626    10.841    toppyty/rvsingle/dp/pcreg/qout[1]_i_2_n_0
    SLICE_X7Y63          CARRY4 (Prop_carry4_DI[1]_O[3])
                                                      0.596    11.437 r  toppyty/rvsingle/dp/pcreg/qout_reg[1]_i_1/O[3]
                         net (fo=1, routed)           0.466    11.904    toppyty/rvsingle/dp/pcreg/qout_reg[1]_i_1_n_4
    SLICE_X5Y63          FDRE                                         r  toppyty/rvsingle/dp/pcreg/qout_reg[4]/D
  -------------------------------------------------------------------    -------------------

                         (clock clk_out1_clk_wiz_0 rise edge)
                                                     13.333    13.333 r  
    E3                                                0.000    13.333 r  clk_100MHz (IN)
                         net (fo=0)                   0.000    13.333    clk_wiz_inst/inst/clk_in1
    E3                   IBUF (Prop_ibuf_I_O)         1.411    14.745 r  clk_wiz_inst/inst/clkin1_ibufg/O
                         net (fo=1, routed)           1.162    15.906    clk_wiz_inst/inst/clk_in1_clk_wiz_0
    MMCME2_ADV_X1Y2      MMCME2_ADV (Prop_mmcme2_adv_CLKIN1_CLKOUT0)
                                                     -7.324     8.583 r  clk_wiz_inst/inst/mmcm_adv_inst/CLKOUT0
                         net (fo=1, routed)           1.639    10.222    clk_wiz_inst/inst/clk_out1_clk_wiz_0
    BUFGCTRL_X0Y16       BUFG (Prop_bufg_I_O)         0.091    10.313 r  clk_wiz_inst/inst/clkout1_buf/O
                         net (fo=350, routed)         1.598    11.911    toppyty/rvsingle/dp/pcreg/clk_out1
    SLICE_X5Y63          FDRE                                         r  toppyty/rvsingle/dp/pcreg/qout_reg[4]/C
                         clock pessimism              0.576    12.488    
                         clock uncertainty           -0.119    12.369    
    SLICE_X5Y63          FDRE (Setup_fdre_C_D)       -0.240    12.129    toppyty/rvsingle/dp/pcreg/qout_reg[4]
  -------------------------------------------------------------------
                         required time                         12.129    
                         arrival time                         -11.904    
  -------------------------------------------------------------------
                         slack                                  0.225    

Slack (MET) :             0.268ns  (required time - arrival time)
  Source:                 toppyty/rvsingle/dp/pcreg/qout_reg[7]/C
                            (rising edge-triggered cell FDRE clocked by clk_out1_clk_wiz_0  {rise@0.000ns fall@6.667ns period=13.333ns})
  Destination:            toppyty/rvsingle/dp/pcreg/qout_reg[27]/D
                            (rising edge-triggered cell FDRE clocked by clk_out1_clk_wiz_0  {rise@0.000ns fall@6.667ns period=13.333ns})
  Path Group:             clk_out1_clk_wiz_0
  Path Type:              Setup (Max at Slow Process Corner)
  Requirement:            13.333ns  (clk_out1_clk_wiz_0 rise@13.333ns - clk_out1_clk_wiz_0 rise@0.000ns)
  Data Path Delay:        12.977ns  (logic 3.985ns (30.708%)  route 8.992ns (69.292%))
  Logic Levels:           22  (CARRY4=11 LUT4=2 LUT6=8 RAMD32=1)
  Clock Path Skew:        -0.032ns (DCD - SCD + CPR)
    Destination Clock Delay (DCD):    -1.428ns = ( 11.905 - 13.333 ) 
    Source Clock Delay      (SCD):    -0.820ns
    Clock Pessimism Removal (CPR):    0.576ns
  Clock Uncertainty:      0.119ns  ((TSJ^2 + DJ^2)^1/2) / 2 + PE
    Total System Jitter     (TSJ):    0.071ns
    Discrete Jitter          (DJ):    0.226ns
    Phase Error              (PE):    0.000ns

    Location             Delay type                Incr(ns)  Path(ns)    Netlist Resource(s)
  -------------------------------------------------------------------    -------------------
                         (clock clk_out1_clk_wiz_0 rise edge)
                                                      0.000     0.000 r  
    E3                                                0.000     0.000 r  clk_100MHz (IN)
                         net (fo=0)                   0.000     0.000    clk_wiz_inst/inst/clk_in1
    E3                   IBUF (Prop_ibuf_I_O)         1.482     1.482 r  clk_wiz_inst/inst/clkin1_ibufg/O
                         net (fo=1, routed)           1.233     2.715    clk_wiz_inst/inst/clk_in1_clk_wiz_0
    MMCME2_ADV_X1Y2      MMCME2_ADV (Prop_mmcme2_adv_CLKIN1_CLKOUT0)
                                                     -7.070    -4.355 r  clk_wiz_inst/inst/mmcm_adv_inst/CLKOUT0
                         net (fo=1, routed)           1.719    -2.636    clk_wiz_inst/inst/clk_out1_clk_wiz_0
    BUFGCTRL_X0Y16       BUFG (Prop_bufg_I_O)         0.096    -2.540 r  clk_wiz_inst/inst/clkout1_buf/O
                         net (fo=350, routed)         1.720    -0.820    toppyty/rvsingle/dp/pcreg/clk_out1
    SLICE_X5Y62          FDRE                                         r  toppyty/rvsingle/dp/pcreg/qout_reg[7]/C
  -------------------------------------------------------------------    -------------------
    SLICE_X5Y62          FDRE (Prop_fdre_C_Q)         0.456    -0.364 r  toppyty/rvsingle/dp/pcreg/qout_reg[7]/Q
                         net (fo=62, routed)          0.991     0.627    toppyty/rvsingle/dp/pcreg/PC__0[5]
    SLICE_X6Y63          LUT6 (Prop_lut6_I0_O)        0.124     0.751 r  toppyty/rvsingle/dp/pcreg/Reg_File_Block_reg_r2_0_31_0_5_i_4/O
                         net (fo=35, routed)          1.290     2.041    toppyty/rvsingle/dp/rf/Reg_File_Block_reg_r2_0_31_0_5/ADDRB1
    SLICE_X8Y64          RAMD32 (Prop_ramd32_RADR1_O)
                                                      0.124     2.165 r  toppyty/rvsingle/dp/rf/Reg_File_Block_reg_r2_0_31_0_5/RAMB_D1/O
                         net (fo=5, routed)           0.673     2.838    toppyty/rvsingle/dp/pcreg/RD20[3]
    SLICE_X11Y61         LUT4 (Prop_lut4_I2_O)        0.124     2.962 r  toppyty/rvsingle/dp/pcreg/i__carry_i_11/O
                         net (fo=90, routed)          1.193     4.154    toppyty/rvsingle/dp/pcreg/qout_reg[7]_12
    SLICE_X7Y62          LUT6 (Prop_lut6_I0_O)        0.124     4.278 r  toppyty/rvsingle/dp/pcreg/slt0_carry_i_3/O
                         net (fo=2, routed)           0.480     4.759    toppyty/rvsingle/dp/alu/slt0_carry__0_0[1]
    SLICE_X3Y62          CARRY4 (Prop_carry4_DI[1]_CO[3])
                                                      0.507     5.266 r  toppyty/rvsingle/dp/alu/slt0_carry/CO[3]
                         net (fo=1, routed)           0.000     5.266    toppyty/rvsingle/dp/alu/slt0_carry_n_0
    SLICE_X3Y63          CARRY4 (Prop_carry4_CI_CO[3])
                                                      0.114     5.380 r  toppyty/rvsingle/dp/alu/slt0_carry__0/CO[3]
                         net (fo=1, routed)           0.000     5.380    toppyty/rvsingle/dp/alu/slt0_carry__0_n_0
    SLICE_X3Y64          CARRY4 (Prop_carry4_CI_CO[3])
                                                      0.114     5.494 r  toppyty/rvsingle/dp/alu/slt0_carry__1/CO[3]
                         net (fo=1, routed)           0.000     5.494    toppyty/rvsingle/dp/alu/slt0_carry__1_n_0
    SLICE_X3Y65          CARRY4 (Prop_carry4_CI_CO[3])
                                                      0.114     5.608 r  toppyty/rvsingle/dp/alu/slt0_carry__2/CO[3]
                         net (fo=1, routed)           0.742     6.350    toppyty/rvsingle/dp/pcreg/CO[0]
    SLICE_X1Y64          LUT6 (Prop_lut6_I5_O)        0.124     6.474 r  toppyty/rvsingle/dp/pcreg/Reg_File_Block_reg_r1_0_31_0_5_i_48/O
                         net (fo=1, routed)           0.413     6.887    toppyty/rvsingle/dp/pcreg/Reg_File_Block_reg_r1_0_31_0_5_i_48_n_0
    SLICE_X1Y63          LUT6 (Prop_lut6_I2_O)        0.124     7.011 r  toppyty/rvsingle/dp/pcreg/Reg_File_Block_reg_r1_0_31_0_5_i_38/O
                         net (fo=1, routed)           0.151     7.162    toppyty/rvsingle/dp/pcreg/Reg_File_Block_reg_r1_0_31_0_5_i_38_n_0
    SLICE_X1Y63          LUT6 (Prop_lut6_I5_O)        0.124     7.286 f  toppyty/rvsingle/dp/pcreg/Reg_File_Block_reg_r1_0_31_0_5_i_28/O
                         net (fo=1, routed)           0.573     7.859    toppyty/rvsingle/dp/pcreg/Reg_File_Block_reg_r1_0_31_0_5_i_28_n_0
    SLICE_X7Y62          LUT6 (Prop_lut6_I5_O)        0.124     7.983 r  toppyty/rvsingle/dp/pcreg/Reg_File_Block_reg_r1_0_31_0_5_i_20/O
                         net (fo=5, routed)           0.798     8.781    toppyty/rvsingle/dp/pcreg/Reg_File_Block_reg_r1_0_31_0_5_i_20_n_0
    SLICE_X10Y68         LUT4 (Prop_lut4_I3_O)        0.124     8.905 r  toppyty/rvsingle/dp/pcreg/qout[1]_i_8/O
                         net (fo=1, routed)           0.575     9.480    toppyty/rvsingle/dp/pcreg/qout[1]_i_8_n_0
    SLICE_X11Y70         LUT6 (Prop_lut6_I0_O)        0.124     9.604 r  toppyty/rvsingle/dp/pcreg/qout[1]_i_7/O
                         net (fo=1, routed)           0.487    10.091    toppyty/rvsingle/dp/pcreg/qout[1]_i_7_n_0
    SLICE_X8Y66          LUT6 (Prop_lut6_I2_O)        0.124    10.215 r  toppyty/rvsingle/dp/pcreg/qout[1]_i_2/O
                         net (fo=1, routed)           0.626    10.841    toppyty/rvsingle/dp/pcreg/qout[1]_i_2_n_0
    SLICE_X7Y63          CARRY4 (Prop_carry4_DI[1]_CO[3])
                                                      0.507    11.348 r  toppyty/rvsingle/dp/pcreg/qout_reg[1]_i_1/CO[3]
                         net (fo=1, routed)           0.000    11.348    toppyty/rvsingle/dp/pcreg/qout_reg[1]_i_1_n_0
    SLICE_X7Y64          CARRY4 (Prop_carry4_CI_CO[3])
                                                      0.114    11.462 r  toppyty/rvsingle/dp/pcreg/qout_reg[5]_i_1/CO[3]
                         net (fo=1, routed)           0.000    11.462    toppyty/rvsingle/dp/pcreg/qout_reg[5]_i_1_n_0
    SLICE_X7Y65          CARRY4 (Prop_carry4_CI_CO[3])
                                                      0.114    11.576 r  toppyty/rvsingle/dp/pcreg/qout_reg[9]_i_1/CO[3]
                         net (fo=1, routed)           0.000    11.576    toppyty/rvsingle/dp/pcreg/qout_reg[9]_i_1_n_0
    SLICE_X7Y66          CARRY4 (Prop_carry4_CI_CO[3])
                                                      0.114    11.690 r  toppyty/rvsingle/dp/pcreg/qout_reg[13]_i_1/CO[3]
                         net (fo=1, routed)           0.000    11.690    toppyty/rvsingle/dp/pcreg/qout_reg[13]_i_1_n_0
    SLICE_X7Y67          CARRY4 (Prop_carry4_CI_CO[3])
                                                      0.114    11.804 r  toppyty/rvsingle/dp/pcreg/qout_reg[17]_i_1/CO[3]
                         net (fo=1, routed)           0.000    11.804    toppyty/rvsingle/dp/pcreg/qout_reg[17]_i_1_n_0
    SLICE_X7Y68          CARRY4 (Prop_carry4_CI_CO[3])
                                                      0.114    11.918 r  toppyty/rvsingle/dp/pcreg/qout_reg[21]_i_1/CO[3]
                         net (fo=1, routed)           0.000    11.918    toppyty/rvsingle/dp/pcreg/qout_reg[21]_i_1_n_0
    SLICE_X7Y69          CARRY4 (Prop_carry4_CI_O[2])
                                                      0.239    12.157 r  toppyty/rvsingle/dp/pcreg/qout_reg[25]_i_1/O[2]
                         net (fo=1, routed)           0.000    12.157    toppyty/rvsingle/dp/pcreg/qout_reg[25]_i_1_n_5
    SLICE_X7Y69          FDRE                                         r  toppyty/rvsingle/dp/pcreg/qout_reg[27]/D
  -------------------------------------------------------------------    -------------------

                         (clock clk_out1_clk_wiz_0 rise edge)
                                                     13.333    13.333 r  
    E3                                                0.000    13.333 r  clk_100MHz (IN)
                         net (fo=0)                   0.000    13.333    clk_wiz_inst/inst/clk_in1
    E3                   IBUF (Prop_ibuf_I_O)         1.411    14.745 r  clk_wiz_inst/inst/clkin1_ibufg/O
                         net (fo=1, routed)           1.162    15.906    clk_wiz_inst/inst/clk_in1_clk_wiz_0
    MMCME2_ADV_X1Y2      MMCME2_ADV (Prop_mmcme2_adv_CLKIN1_CLKOUT0)
                                                     -7.324     8.583 r  clk_wiz_inst/inst/mmcm_adv_inst/CLKOUT0
                         net (fo=1, routed)           1.639    10.222    clk_wiz_inst/inst/clk_out1_clk_wiz_0
    BUFGCTRL_X0Y16       BUFG (Prop_bufg_I_O)         0.091    10.313 r  clk_wiz_inst/inst/clkout1_buf/O
                         net (fo=350, routed)         1.592    11.905    toppyty/rvsingle/dp/pcreg/clk_out1
    SLICE_X7Y69          FDRE                                         r  toppyty/rvsingle/dp/pcreg/qout_reg[27]/C
                         clock pessimism              0.576    12.482    
                         clock uncertainty           -0.119    12.363    
    SLICE_X7Y69          FDRE (Setup_fdre_C_D)        0.062    12.425    toppyty/rvsingle/dp/pcreg/qout_reg[27]
  -------------------------------------------------------------------
                         required time                         12.425    
                         arrival time                         -12.157    
  -------------------------------------------------------------------
                         slack                                  0.268    

Slack (MET) :             0.284ns  (required time - arrival time)
  Source:                 toppyty/rvsingle/dp/pcreg/qout_reg[7]/C
                            (rising edge-triggered cell FDRE clocked by clk_out1_clk_wiz_0  {rise@0.000ns fall@6.667ns period=13.333ns})
  Destination:            toppyty/rvsingle/dp/pcreg/qout_reg[25]/D
                            (rising edge-triggered cell FDRE clocked by clk_out1_clk_wiz_0  {rise@0.000ns fall@6.667ns period=13.333ns})
  Path Group:             clk_out1_clk_wiz_0
  Path Type:              Setup (Max at Slow Process Corner)
  Requirement:            13.333ns  (clk_out1_clk_wiz_0 rise@13.333ns - clk_out1_clk_wiz_0 rise@0.000ns)
  Data Path Delay:        12.961ns  (logic 3.969ns (30.622%)  route 8.992ns (69.378%))
  Logic Levels:           22  (CARRY4=11 LUT4=2 LUT6=8 RAMD32=1)
  Clock Path Skew:        -0.032ns (DCD - SCD + CPR)
    Destination Clock Delay (DCD):    -1.428ns = ( 11.905 - 13.333 ) 
    Source Clock Delay      (SCD):    -0.820ns
    Clock Pessimism Removal (CPR):    0.576ns
  Clock Uncertainty:      0.119ns  ((TSJ^2 + DJ^2)^1/2) / 2 + PE
    Total System Jitter     (TSJ):    0.071ns
    Discrete Jitter          (DJ):    0.226ns
    Phase Error              (PE):    0.000ns

    Location             Delay type                Incr(ns)  Path(ns)    Netlist Resource(s)
  -------------------------------------------------------------------    -------------------
                         (clock clk_out1_clk_wiz_0 rise edge)
                                                      0.000     0.000 r  
    E3                                                0.000     0.000 r  clk_100MHz (IN)
                         net (fo=0)                   0.000     0.000    clk_wiz_inst/inst/clk_in1
    E3                   IBUF (Prop_ibuf_I_O)         1.482     1.482 r  clk_wiz_inst/inst/clkin1_ibufg/O
                         net (fo=1, routed)           1.233     2.715    clk_wiz_inst/inst/clk_in1_clk_wiz_0
    MMCME2_ADV_X1Y2      MMCME2_ADV (Prop_mmcme2_adv_CLKIN1_CLKOUT0)
                                                     -7.070    -4.355 r  clk_wiz_inst/inst/mmcm_adv_inst/CLKOUT0
                         net (fo=1, routed)           1.719    -2.636    clk_wiz_inst/inst/clk_out1_clk_wiz_0
    BUFGCTRL_X0Y16       BUFG (Prop_bufg_I_O)         0.096    -2.540 r  clk_wiz_inst/inst/clkout1_buf/O
                         net (fo=350, routed)         1.720    -0.820    toppyty/rvsingle/dp/pcreg/clk_out1
    SLICE_X5Y62          FDRE                                         r  toppyty/rvsingle/dp/pcreg/qout_reg[7]/C
  -------------------------------------------------------------------    -------------------
    SLICE_X5Y62          FDRE (Prop_fdre_C_Q)         0.456    -0.364 r  toppyty/rvsingle/dp/pcreg/qout_reg[7]/Q
                         net (fo=62, routed)          0.991     0.627    toppyty/rvsingle/dp/pcreg/PC__0[5]
    SLICE_X6Y63          LUT6 (Prop_lut6_I0_O)        0.124     0.751 r  toppyty/rvsingle/dp/pcreg/Reg_File_Block_reg_r2_0_31_0_5_i_4/O
                         net (fo=35, routed)          1.290     2.041    toppyty/rvsingle/dp/rf/Reg_File_Block_reg_r2_0_31_0_5/ADDRB1
    SLICE_X8Y64          RAMD32 (Prop_ramd32_RADR1_O)
                                                      0.124     2.165 r  toppyty/rvsingle/dp/rf/Reg_File_Block_reg_r2_0_31_0_5/RAMB_D1/O
                         net (fo=5, routed)           0.673     2.838    toppyty/rvsingle/dp/pcreg/RD20[3]
    SLICE_X11Y61         LUT4 (Prop_lut4_I2_O)        0.124     2.962 r  toppyty/rvsingle/dp/pcreg/i__carry_i_11/O
                         net (fo=90, routed)          1.193     4.154    toppyty/rvsingle/dp/pcreg/qout_reg[7]_12
    SLICE_X7Y62          LUT6 (Prop_lut6_I0_O)        0.124     4.278 r  toppyty/rvsingle/dp/pcreg/slt0_carry_i_3/O
                         net (fo=2, routed)           0.480     4.759    toppyty/rvsingle/dp/alu/slt0_carry__0_0[1]
    SLICE_X3Y62          CARRY4 (Prop_carry4_DI[1]_CO[3])
                                                      0.507     5.266 r  toppyty/rvsingle/dp/alu/slt0_carry/CO[3]
                         net (fo=1, routed)           0.000     5.266    toppyty/rvsingle/dp/alu/slt0_carry_n_0
    SLICE_X3Y63          CARRY4 (Prop_carry4_CI_CO[3])
                                                      0.114     5.380 r  toppyty/rvsingle/dp/alu/slt0_carry__0/CO[3]
                         net (fo=1, routed)           0.000     5.380    toppyty/rvsingle/dp/alu/slt0_carry__0_n_0
    SLICE_X3Y64          CARRY4 (Prop_carry4_CI_CO[3])
                                                      0.114     5.494 r  toppyty/rvsingle/dp/alu/slt0_carry__1/CO[3]
                         net (fo=1, routed)           0.000     5.494    toppyty/rvsingle/dp/alu/slt0_carry__1_n_0
    SLICE_X3Y65          CARRY4 (Prop_carry4_CI_CO[3])
                                                      0.114     5.608 r  toppyty/rvsingle/dp/alu/slt0_carry__2/CO[3]
                         net (fo=1, routed)           0.742     6.350    toppyty/rvsingle/dp/pcreg/CO[0]
    SLICE_X1Y64          LUT6 (Prop_lut6_I5_O)        0.124     6.474 r  toppyty/rvsingle/dp/pcreg/Reg_File_Block_reg_r1_0_31_0_5_i_48/O
                         net (fo=1, routed)           0.413     6.887    toppyty/rvsingle/dp/pcreg/Reg_File_Block_reg_r1_0_31_0_5_i_48_n_0
    SLICE_X1Y63          LUT6 (Prop_lut6_I2_O)        0.124     7.011 r  toppyty/rvsingle/dp/pcreg/Reg_File_Block_reg_r1_0_31_0_5_i_38/O
                         net (fo=1, routed)           0.151     7.162    toppyty/rvsingle/dp/pcreg/Reg_File_Block_reg_r1_0_31_0_5_i_38_n_0
    SLICE_X1Y63          LUT6 (Prop_lut6_I5_O)        0.124     7.286 f  toppyty/rvsingle/dp/pcreg/Reg_File_Block_reg_r1_0_31_0_5_i_28/O
                         net (fo=1, routed)           0.573     7.859    toppyty/rvsingle/dp/pcreg/Reg_File_Block_reg_r1_0_31_0_5_i_28_n_0
    SLICE_X7Y62          LUT6 (Prop_lut6_I5_O)        0.124     7.983 r  toppyty/rvsingle/dp/pcreg/Reg_File_Block_reg_r1_0_31_0_5_i_20/O
                         net (fo=5, routed)           0.798     8.781    toppyty/rvsingle/dp/pcreg/Reg_File_Block_reg_r1_0_31_0_5_i_20_n_0
    SLICE_X10Y68         LUT4 (Prop_lut4_I3_O)        0.124     8.905 r  toppyty/rvsingle/dp/pcreg/qout[1]_i_8/O
                         net (fo=1, routed)           0.575     9.480    toppyty/rvsingle/dp/pcreg/qout[1]_i_8_n_0
    SLICE_X11Y70         LUT6 (Prop_lut6_I0_O)        0.124     9.604 r  toppyty/rvsingle/dp/pcreg/qout[1]_i_7/O
                         net (fo=1, routed)           0.487    10.091    toppyty/rvsingle/dp/pcreg/qout[1]_i_7_n_0
    SLICE_X8Y66          LUT6 (Prop_lut6_I2_O)        0.124    10.215 r  toppyty/rvsingle/dp/pcreg/qout[1]_i_2/O
                         net (fo=1, routed)           0.626    10.841    toppyty/rvsingle/dp/pcreg/qout[1]_i_2_n_0
    SLICE_X7Y63          CARRY4 (Prop_carry4_DI[1]_CO[3])
                                                      0.507    11.348 r  toppyty/rvsingle/dp/pcreg/qout_reg[1]_i_1/CO[3]
                         net (fo=1, routed)           0.000    11.348    toppyty/rvsingle/dp/pcreg/qout_reg[1]_i_1_n_0
    SLICE_X7Y64          CARRY4 (Prop_carry4_CI_CO[3])
                                                      0.114    11.462 r  toppyty/rvsingle/dp/pcreg/qout_reg[5]_i_1/CO[3]
                         net (fo=1, routed)           0.000    11.462    toppyty/rvsingle/dp/pcreg/qout_reg[5]_i_1_n_0
    SLICE_X7Y65          CARRY4 (Prop_carry4_CI_CO[3])
                                                      0.114    11.576 r  toppyty/rvsingle/dp/pcreg/qout_reg[9]_i_1/CO[3]
                         net (fo=1, routed)           0.000    11.576    toppyty/rvsingle/dp/pcreg/qout_reg[9]_i_1_n_0
    SLICE_X7Y66          CARRY4 (Prop_carry4_CI_CO[3])
                                                      0.114    11.690 r  toppyty/rvsingle/dp/pcreg/qout_reg[13]_i_1/CO[3]
                         net (fo=1, routed)           0.000    11.690    toppyty/rvsingle/dp/pcreg/qout_reg[13]_i_1_n_0
    SLICE_X7Y67          CARRY4 (Prop_carry4_CI_CO[3])
                                                      0.114    11.804 r  toppyty/rvsingle/dp/pcreg/qout_reg[17]_i_1/CO[3]
                         net (fo=1, routed)           0.000    11.804    toppyty/rvsingle/dp/pcreg/qout_reg[17]_i_1_n_0
    SLICE_X7Y68          CARRY4 (Prop_carry4_CI_CO[3])
                                                      0.114    11.918 r  toppyty/rvsingle/dp/pcreg/qout_reg[21]_i_1/CO[3]
                         net (fo=1, routed)           0.000    11.918    toppyty/rvsingle/dp/pcreg/qout_reg[21]_i_1_n_0
    SLICE_X7Y69          CARRY4 (Prop_carry4_CI_O[0])
                                                      0.223    12.141 r  toppyty/rvsingle/dp/pcreg/qout_reg[25]_i_1/O[0]
                         net (fo=1, routed)           0.000    12.141    toppyty/rvsingle/dp/pcreg/qout_reg[25]_i_1_n_7
    SLICE_X7Y69          FDRE                                         r  toppyty/rvsingle/dp/pcreg/qout_reg[25]/D
  -------------------------------------------------------------------    -------------------

                         (clock clk_out1_clk_wiz_0 rise edge)
                                                     13.333    13.333 r  
    E3                                                0.000    13.333 r  clk_100MHz (IN)
                         net (fo=0)                   0.000    13.333    clk_wiz_inst/inst/clk_in1
    E3                   IBUF (Prop_ibuf_I_O)         1.411    14.745 r  clk_wiz_inst/inst/clkin1_ibufg/O
                         net (fo=1, routed)           1.162    15.906    clk_wiz_inst/inst/clk_in1_clk_wiz_0
    MMCME2_ADV_X1Y2      MMCME2_ADV (Prop_mmcme2_adv_CLKIN1_CLKOUT0)
                                                     -7.324     8.583 r  clk_wiz_inst/inst/mmcm_adv_inst/CLKOUT0
                         net (fo=1, routed)           1.639    10.222    clk_wiz_inst/inst/clk_out1_clk_wiz_0
    BUFGCTRL_X0Y16       BUFG (Prop_bufg_I_O)         0.091    10.313 r  clk_wiz_inst/inst/clkout1_buf/O
                         net (fo=350, routed)         1.592    11.905    toppyty/rvsingle/dp/pcreg/clk_out1
    SLICE_X7Y69          FDRE                                         r  toppyty/rvsingle/dp/pcreg/qout_reg[25]/C
                         clock pessimism              0.576    12.482    
                         clock uncertainty           -0.119    12.363    
    SLICE_X7Y69          FDRE (Setup_fdre_C_D)        0.062    12.425    toppyty/rvsingle/dp/pcreg/qout_reg[25]
  -------------------------------------------------------------------
                         required time                         12.425    
                         arrival time                         -12.141    
  -------------------------------------------------------------------
                         slack                                  0.284    

Slack (MET) :             0.288ns  (required time - arrival time)
  Source:                 toppyty/rvsingle/dp/pcreg/qout_reg[7]/C
                            (rising edge-triggered cell FDRE clocked by clk_out1_clk_wiz_0  {rise@0.000ns fall@6.667ns period=13.333ns})
  Destination:            toppyty/rvsingle/dp/pcreg/qout_reg[22]/D
                            (rising edge-triggered cell FDRE clocked by clk_out1_clk_wiz_0  {rise@0.000ns fall@6.667ns period=13.333ns})
  Path Group:             clk_out1_clk_wiz_0
  Path Type:              Setup (Max at Slow Process Corner)
  Requirement:            13.333ns  (clk_out1_clk_wiz_0 rise@13.333ns - clk_out1_clk_wiz_0 rise@0.000ns)
  Data Path Delay:        12.958ns  (logic 3.966ns (30.606%)  route 8.992ns (69.394%))
  Logic Levels:           21  (CARRY4=10 LUT4=2 LUT6=8 RAMD32=1)
  Clock Path Skew:        -0.031ns (DCD - SCD + CPR)
    Destination Clock Delay (DCD):    -1.427ns = ( 11.906 - 13.333 ) 
    Source Clock Delay      (SCD):    -0.820ns
    Clock Pessimism Removal (CPR):    0.576ns
  Clock Uncertainty:      0.119ns  ((TSJ^2 + DJ^2)^1/2) / 2 + PE
    Total System Jitter     (TSJ):    0.071ns
    Discrete Jitter          (DJ):    0.226ns
    Phase Error              (PE):    0.000ns

    Location             Delay type                Incr(ns)  Path(ns)    Netlist Resource(s)
  -------------------------------------------------------------------    -------------------
                         (clock clk_out1_clk_wiz_0 rise edge)
                                                      0.000     0.000 r  
    E3                                                0.000     0.000 r  clk_100MHz (IN)
                         net (fo=0)                   0.000     0.000    clk_wiz_inst/inst/clk_in1
    E3                   IBUF (Prop_ibuf_I_O)         1.482     1.482 r  clk_wiz_inst/inst/clkin1_ibufg/O
                         net (fo=1, routed)           1.233     2.715    clk_wiz_inst/inst/clk_in1_clk_wiz_0
    MMCME2_ADV_X1Y2      MMCME2_ADV (Prop_mmcme2_adv_CLKIN1_CLKOUT0)
                                                     -7.070    -4.355 r  clk_wiz_inst/inst/mmcm_adv_inst/CLKOUT0
                         net (fo=1, routed)           1.719    -2.636    clk_wiz_inst/inst/clk_out1_clk_wiz_0
    BUFGCTRL_X0Y16       BUFG (Prop_bufg_I_O)         0.096    -2.540 r  clk_wiz_inst/inst/clkout1_buf/O
                         net (fo=350, routed)         1.720    -0.820    toppyty/rvsingle/dp/pcreg/clk_out1
    SLICE_X5Y62          FDRE                                         r  toppyty/rvsingle/dp/pcreg/qout_reg[7]/C
  -------------------------------------------------------------------    -------------------
    SLICE_X5Y62          FDRE (Prop_fdre_C_Q)         0.456    -0.364 r  toppyty/rvsingle/dp/pcreg/qout_reg[7]/Q
                         net (fo=62, routed)          0.991     0.627    toppyty/rvsingle/dp/pcreg/PC__0[5]
    SLICE_X6Y63          LUT6 (Prop_lut6_I0_O)        0.124     0.751 r  toppyty/rvsingle/dp/pcreg/Reg_File_Block_reg_r2_0_31_0_5_i_4/O
                         net (fo=35, routed)          1.290     2.041    toppyty/rvsingle/dp/rf/Reg_File_Block_reg_r2_0_31_0_5/ADDRB1
    SLICE_X8Y64          RAMD32 (Prop_ramd32_RADR1_O)
                                                      0.124     2.165 r  toppyty/rvsingle/dp/rf/Reg_File_Block_reg_r2_0_31_0_5/RAMB_D1/O
                         net (fo=5, routed)           0.673     2.838    toppyty/rvsingle/dp/pcreg/RD20[3]
    SLICE_X11Y61         LUT4 (Prop_lut4_I2_O)        0.124     2.962 r  toppyty/rvsingle/dp/pcreg/i__carry_i_11/O
                         net (fo=90, routed)          1.193     4.154    toppyty/rvsingle/dp/pcreg/qout_reg[7]_12
    SLICE_X7Y62          LUT6 (Prop_lut6_I0_O)        0.124     4.278 r  toppyty/rvsingle/dp/pcreg/slt0_carry_i_3/O
                         net (fo=2, routed)           0.480     4.759    toppyty/rvsingle/dp/alu/slt0_carry__0_0[1]
    SLICE_X3Y62          CARRY4 (Prop_carry4_DI[1]_CO[3])
                                                      0.507     5.266 r  toppyty/rvsingle/dp/alu/slt0_carry/CO[3]
                         net (fo=1, routed)           0.000     5.266    toppyty/rvsingle/dp/alu/slt0_carry_n_0
    SLICE_X3Y63          CARRY4 (Prop_carry4_CI_CO[3])
                                                      0.114     5.380 r  toppyty/rvsingle/dp/alu/slt0_carry__0/CO[3]
                         net (fo=1, routed)           0.000     5.380    toppyty/rvsingle/dp/alu/slt0_carry__0_n_0
    SLICE_X3Y64          CARRY4 (Prop_carry4_CI_CO[3])
                                                      0.114     5.494 r  toppyty/rvsingle/dp/alu/slt0_carry__1/CO[3]
                         net (fo=1, routed)           0.000     5.494    toppyty/rvsingle/dp/alu/slt0_carry__1_n_0
    SLICE_X3Y65          CARRY4 (Prop_carry4_CI_CO[3])
                                                      0.114     5.608 r  toppyty/rvsingle/dp/alu/slt0_carry__2/CO[3]
                         net (fo=1, routed)           0.742     6.350    toppyty/rvsingle/dp/pcreg/CO[0]
    SLICE_X1Y64          LUT6 (Prop_lut6_I5_O)        0.124     6.474 r  toppyty/rvsingle/dp/pcreg/Reg_File_Block_reg_r1_0_31_0_5_i_48/O
                         net (fo=1, routed)           0.413     6.887    toppyty/rvsingle/dp/pcreg/Reg_File_Block_reg_r1_0_31_0_5_i_48_n_0
    SLICE_X1Y63          LUT6 (Prop_lut6_I2_O)        0.124     7.011 r  toppyty/rvsingle/dp/pcreg/Reg_File_Block_reg_r1_0_31_0_5_i_38/O
                         net (fo=1, routed)           0.151     7.162    toppyty/rvsingle/dp/pcreg/Reg_File_Block_reg_r1_0_31_0_5_i_38_n_0
    SLICE_X1Y63          LUT6 (Prop_lut6_I5_O)        0.124     7.286 f  toppyty/rvsingle/dp/pcreg/Reg_File_Block_reg_r1_0_31_0_5_i_28/O
                         net (fo=1, routed)           0.573     7.859    toppyty/rvsingle/dp/pcreg/Reg_File_Block_reg_r1_0_31_0_5_i_28_n_0
    SLICE_X7Y62          LUT6 (Prop_lut6_I5_O)        0.124     7.983 r  toppyty/rvsingle/dp/pcreg/Reg_File_Block_reg_r1_0_31_0_5_i_20/O
                         net (fo=5, routed)           0.798     8.781    toppyty/rvsingle/dp/pcreg/Reg_File_Block_reg_r1_0_31_0_5_i_20_n_0
    SLICE_X10Y68         LUT4 (Prop_lut4_I3_O)        0.124     8.905 r  toppyty/rvsingle/dp/pcreg/qout[1]_i_8/O
                         net (fo=1, routed)           0.575     9.480    toppyty/rvsingle/dp/pcreg/qout[1]_i_8_n_0
    SLICE_X11Y70         LUT6 (Prop_lut6_I0_O)        0.124     9.604 r  toppyty/rvsingle/dp/pcreg/qout[1]_i_7/O
                         net (fo=1, routed)           0.487    10.091    toppyty/rvsingle/dp/pcreg/qout[1]_i_7_n_0
    SLICE_X8Y66          LUT6 (Prop_lut6_I2_O)        0.124    10.215 r  toppyty/rvsingle/dp/pcreg/qout[1]_i_2/O
                         net (fo=1, routed)           0.626    10.841    toppyty/rvsingle/dp/pcreg/qout[1]_i_2_n_0
    SLICE_X7Y63          CARRY4 (Prop_carry4_DI[1]_CO[3])
                                                      0.507    11.348 r  toppyty/rvsingle/dp/pcreg/qout_reg[1]_i_1/CO[3]
                         net (fo=1, routed)           0.000    11.348    toppyty/rvsingle/dp/pcreg/qout_reg[1]_i_1_n_0
    SLICE_X7Y64          CARRY4 (Prop_carry4_CI_CO[3])
                                                      0.114    11.462 r  toppyty/rvsingle/dp/pcreg/qout_reg[5]_i_1/CO[3]
                         net (fo=1, routed)           0.000    11.462    toppyty/rvsingle/dp/pcreg/qout_reg[5]_i_1_n_0
    SLICE_X7Y65          CARRY4 (Prop_carry4_CI_CO[3])
                                                      0.114    11.576 r  toppyty/rvsingle/dp/pcreg/qout_reg[9]_i_1/CO[3]
                         net (fo=1, routed)           0.000    11.576    toppyty/rvsingle/dp/pcreg/qout_reg[9]_i_1_n_0
    SLICE_X7Y66          CARRY4 (Prop_carry4_CI_CO[3])
                                                      0.114    11.690 r  toppyty/rvsingle/dp/pcreg/qout_reg[13]_i_1/CO[3]
                         net (fo=1, routed)           0.000    11.690    toppyty/rvsingle/dp/pcreg/qout_reg[13]_i_1_n_0
    SLICE_X7Y67          CARRY4 (Prop_carry4_CI_CO[3])
                                                      0.114    11.804 r  toppyty/rvsingle/dp/pcreg/qout_reg[17]_i_1/CO[3]
                         net (fo=1, routed)           0.000    11.804    toppyty/rvsingle/dp/pcreg/qout_reg[17]_i_1_n_0
    SLICE_X7Y68          CARRY4 (Prop_carry4_CI_O[1])
                                                      0.334    12.138 r  toppyty/rvsingle/dp/pcreg/qout_reg[21]_i_1/O[1]
                         net (fo=1, routed)           0.000    12.138    toppyty/rvsingle/dp/pcreg/qout_reg[21]_i_1_n_6
    SLICE_X7Y68          FDRE                                         r  toppyty/rvsingle/dp/pcreg/qout_reg[22]/D
  -------------------------------------------------------------------    -------------------

                         (clock clk_out1_clk_wiz_0 rise edge)
                                                     13.333    13.333 r  
    E3                                                0.000    13.333 r  clk_100MHz (IN)
                         net (fo=0)                   0.000    13.333    clk_wiz_inst/inst/clk_in1
    E3                   IBUF (Prop_ibuf_I_O)         1.411    14.745 r  clk_wiz_inst/inst/clkin1_ibufg/O
                         net (fo=1, routed)           1.162    15.906    clk_wiz_inst/inst/clk_in1_clk_wiz_0
    MMCME2_ADV_X1Y2      MMCME2_ADV (Prop_mmcme2_adv_CLKIN1_CLKOUT0)
                                                     -7.324     8.583 r  clk_wiz_inst/inst/mmcm_adv_inst/CLKOUT0
                         net (fo=1, routed)           1.639    10.222    clk_wiz_inst/inst/clk_out1_clk_wiz_0
    BUFGCTRL_X0Y16       BUFG (Prop_bufg_I_O)         0.091    10.313 r  clk_wiz_inst/inst/clkout1_buf/O
                         net (fo=350, routed)         1.593    11.906    toppyty/rvsingle/dp/pcreg/clk_out1
    SLICE_X7Y68          FDRE                                         r  toppyty/rvsingle/dp/pcreg/qout_reg[22]/C
                         clock pessimism              0.576    12.483    
                         clock uncertainty           -0.119    12.364    
    SLICE_X7Y68          FDRE (Setup_fdre_C_D)        0.062    12.426    toppyty/rvsingle/dp/pcreg/qout_reg[22]
  -------------------------------------------------------------------
                         required time                         12.426    
                         arrival time                         -12.138    
  -------------------------------------------------------------------
                         slack                                  0.288    





Min Delay Paths
--------------------------------------------------------------------------------------
Slack (MET) :             0.073ns  (arrival time - required time)
  Source:                 cpci/countty_cyc/count_out_reg[5]/C
                            (rising edge-triggered cell FDRE clocked by clk_out1_clk_wiz_0  {rise@0.000ns fall@6.667ns period=13.333ns})
  Destination:            cpci/Memmy/Reg_File_Block_reg_0_63_3_5/RAMA/WADR5
                            (rising edge-triggered cell RAMD64E clocked by clk_out1_clk_wiz_0  {rise@0.000ns fall@6.667ns period=13.333ns})
  Path Group:             clk_out1_clk_wiz_0
  Path Type:              Hold (Min at Fast Process Corner)
  Requirement:            0.000ns  (clk_out1_clk_wiz_0 rise@0.000ns - clk_out1_clk_wiz_0 rise@0.000ns)
  Data Path Delay:        0.280ns  (logic 0.141ns (50.397%)  route 0.139ns (49.603%))
  Logic Levels:           0  
  Clock Path Skew:        0.037ns (DCD - SCD - CPR)
    Destination Clock Delay (DCD):    -0.812ns
    Source Clock Delay      (SCD):    -0.574ns
    Clock Pessimism Removal (CPR):    -0.275ns

    Location             Delay type                Incr(ns)  Path(ns)    Netlist Resource(s)
  -------------------------------------------------------------------    -------------------
                         (clock clk_out1_clk_wiz_0 rise edge)
                                                      0.000     0.000 r  
    E3                                                0.000     0.000 r  clk_100MHz (IN)
                         net (fo=0)                   0.000     0.000    clk_wiz_inst/inst/clk_in1
    E3                   IBUF (Prop_ibuf_I_O)         0.250     0.250 r  clk_wiz_inst/inst/clkin1_ibufg/O
                         net (fo=1, routed)           0.440     0.690    clk_wiz_inst/inst/clk_in1_clk_wiz_0
    MMCME2_ADV_X1Y2      MMCME2_ADV (Prop_mmcme2_adv_CLKIN1_CLKOUT0)
                                                     -2.379    -1.689 r  clk_wiz_inst/inst/mmcm_adv_inst/CLKOUT0
                         net (fo=1, routed)           0.499    -1.190    clk_wiz_inst/inst/clk_out1_clk_wiz_0
    BUFGCTRL_X0Y16       BUFG (Prop_bufg_I_O)         0.026    -1.164 r  clk_wiz_inst/inst/clkout1_buf/O
                         net (fo=350, routed)         0.590    -0.574    cpci/countty_cyc/clk_out1
    SLICE_X4Y75          FDRE                                         r  cpci/countty_cyc/count_out_reg[5]/C
  -------------------------------------------------------------------    -------------------
    SLICE_X4Y75          FDRE (Prop_fdre_C_Q)         0.141    -0.433 r  cpci/countty_cyc/count_out_reg[5]/Q
                         net (fo=57, routed)          0.139    -0.294    cpci/Memmy/Reg_File_Block_reg_0_63_3_5/ADDRD5
    SLICE_X2Y75          RAMD64E                                      r  cpci/Memmy/Reg_File_Block_reg_0_63_3_5/RAMA/WADR5
  -------------------------------------------------------------------    -------------------

                         (clock clk_out1_clk_wiz_0 rise edge)
                                                      0.000     0.000 r  
    E3                                                0.000     0.000 r  clk_100MHz (IN)
                         net (fo=0)                   0.000     0.000    clk_wiz_inst/inst/clk_in1
    E3                   IBUF (Prop_ibuf_I_O)         0.438     0.438 r  clk_wiz_inst/inst/clkin1_ibufg/O
                         net (fo=1, routed)           0.480     0.918    clk_wiz_inst/inst/clk_in1_clk_wiz_0
    MMCME2_ADV_X1Y2      MMCME2_ADV (Prop_mmcme2_adv_CLKIN1_CLKOUT0)
                                                     -3.163    -2.245 r  clk_wiz_inst/inst/mmcm_adv_inst/CLKOUT0
                         net (fo=1, routed)           0.544    -1.702    clk_wiz_inst/inst/clk_out1_clk_wiz_0
    BUFGCTRL_X0Y16       BUFG (Prop_bufg_I_O)         0.029    -1.673 r  clk_wiz_inst/inst/clkout1_buf/O
                         net (fo=350, routed)         0.861    -0.812    cpci/Memmy/Reg_File_Block_reg_0_63_3_5/WCLK
    SLICE_X2Y75          RAMD64E                                      r  cpci/Memmy/Reg_File_Block_reg_0_63_3_5/RAMA/CLK
                         clock pessimism              0.275    -0.537    
    SLICE_X2Y75          RAMD64E (Hold_ramd64e_CLK_WADR5)
                                                      0.170    -0.367    cpci/Memmy/Reg_File_Block_reg_0_63_3_5/RAMA
  -------------------------------------------------------------------
                         required time                          0.367    
                         arrival time                          -0.294    
  -------------------------------------------------------------------
                         slack                                  0.073    

Slack (MET) :             0.073ns  (arrival time - required time)
  Source:                 cpci/countty_cyc/count_out_reg[5]/C
                            (rising edge-triggered cell FDRE clocked by clk_out1_clk_wiz_0  {rise@0.000ns fall@6.667ns period=13.333ns})
  Destination:            cpci/Memmy/Reg_File_Block_reg_0_63_3_5/RAMB/WADR5
                            (rising edge-triggered cell RAMD64E clocked by clk_out1_clk_wiz_0  {rise@0.000ns fall@6.667ns period=13.333ns})
  Path Group:             clk_out1_clk_wiz_0
  Path Type:              Hold (Min at Fast Process Corner)
  Requirement:            0.000ns  (clk_out1_clk_wiz_0 rise@0.000ns - clk_out1_clk_wiz_0 rise@0.000ns)
  Data Path Delay:        0.280ns  (logic 0.141ns (50.397%)  route 0.139ns (49.603%))
  Logic Levels:           0  
  Clock Path Skew:        0.037ns (DCD - SCD - CPR)
    Destination Clock Delay (DCD):    -0.812ns
    Source Clock Delay      (SCD):    -0.574ns
    Clock Pessimism Removal (CPR):    -0.275ns

    Location             Delay type                Incr(ns)  Path(ns)    Netlist Resource(s)
  -------------------------------------------------------------------    -------------------
                         (clock clk_out1_clk_wiz_0 rise edge)
                                                      0.000     0.000 r  
    E3                                                0.000     0.000 r  clk_100MHz (IN)
                         net (fo=0)                   0.000     0.000    clk_wiz_inst/inst/clk_in1
    E3                   IBUF (Prop_ibuf_I_O)         0.250     0.250 r  clk_wiz_inst/inst/clkin1_ibufg/O
                         net (fo=1, routed)           0.440     0.690    clk_wiz_inst/inst/clk_in1_clk_wiz_0
    MMCME2_ADV_X1Y2      MMCME2_ADV (Prop_mmcme2_adv_CLKIN1_CLKOUT0)
                                                     -2.379    -1.689 r  clk_wiz_inst/inst/mmcm_adv_inst/CLKOUT0
                         net (fo=1, routed)           0.499    -1.190    clk_wiz_inst/inst/clk_out1_clk_wiz_0
    BUFGCTRL_X0Y16       BUFG (Prop_bufg_I_O)         0.026    -1.164 r  clk_wiz_inst/inst/clkout1_buf/O
                         net (fo=350, routed)         0.590    -0.574    cpci/countty_cyc/clk_out1
    SLICE_X4Y75          FDRE                                         r  cpci/countty_cyc/count_out_reg[5]/C
  -------------------------------------------------------------------    -------------------
    SLICE_X4Y75          FDRE (Prop_fdre_C_Q)         0.141    -0.433 r  cpci/countty_cyc/count_out_reg[5]/Q
                         net (fo=57, routed)          0.139    -0.294    cpci/Memmy/Reg_File_Block_reg_0_63_3_5/ADDRD5
    SLICE_X2Y75          RAMD64E                                      r  cpci/Memmy/Reg_File_Block_reg_0_63_3_5/RAMB/WADR5
  -------------------------------------------------------------------    -------------------

                         (clock clk_out1_clk_wiz_0 rise edge)
                                                      0.000     0.000 r  
    E3                                                0.000     0.000 r  clk_100MHz (IN)
                         net (fo=0)                   0.000     0.000    clk_wiz_inst/inst/clk_in1
    E3                   IBUF (Prop_ibuf_I_O)         0.438     0.438 r  clk_wiz_inst/inst/clkin1_ibufg/O
                         net (fo=1, routed)           0.480     0.918    clk_wiz_inst/inst/clk_in1_clk_wiz_0
    MMCME2_ADV_X1Y2      MMCME2_ADV (Prop_mmcme2_adv_CLKIN1_CLKOUT0)
                                                     -3.163    -2.245 r  clk_wiz_inst/inst/mmcm_adv_inst/CLKOUT0
                         net (fo=1, routed)           0.544    -1.702    clk_wiz_inst/inst/clk_out1_clk_wiz_0
    BUFGCTRL_X0Y16       BUFG (Prop_bufg_I_O)         0.029    -1.673 r  clk_wiz_inst/inst/clkout1_buf/O
                         net (fo=350, routed)         0.861    -0.812    cpci/Memmy/Reg_File_Block_reg_0_63_3_5/WCLK
    SLICE_X2Y75          RAMD64E                                      r  cpci/Memmy/Reg_File_Block_reg_0_63_3_5/RAMB/CLK
                         clock pessimism              0.275    -0.537    
    SLICE_X2Y75          RAMD64E (Hold_ramd64e_CLK_WADR5)
                                                      0.170    -0.367    cpci/Memmy/Reg_File_Block_reg_0_63_3_5/RAMB
  -------------------------------------------------------------------
                         required time                          0.367    
                         arrival time                          -0.294    
  -------------------------------------------------------------------
                         slack                                  0.073    

Slack (MET) :             0.073ns  (arrival time - required time)
  Source:                 cpci/countty_cyc/count_out_reg[5]/C
                            (rising edge-triggered cell FDRE clocked by clk_out1_clk_wiz_0  {rise@0.000ns fall@6.667ns period=13.333ns})
  Destination:            cpci/Memmy/Reg_File_Block_reg_0_63_3_5/RAMC/WADR5
                            (rising edge-triggered cell RAMD64E clocked by clk_out1_clk_wiz_0  {rise@0.000ns fall@6.667ns period=13.333ns})
  Path Group:             clk_out1_clk_wiz_0
  Path Type:              Hold (Min at Fast Process Corner)
  Requirement:            0.000ns  (clk_out1_clk_wiz_0 rise@0.000ns - clk_out1_clk_wiz_0 rise@0.000ns)
  Data Path Delay:        0.280ns  (logic 0.141ns (50.397%)  route 0.139ns (49.603%))
  Logic Levels:           0  
  Clock Path Skew:        0.037ns (DCD - SCD - CPR)
    Destination Clock Delay (DCD):    -0.812ns
    Source Clock Delay      (SCD):    -0.574ns
    Clock Pessimism Removal (CPR):    -0.275ns

    Location             Delay type                Incr(ns)  Path(ns)    Netlist Resource(s)
  -------------------------------------------------------------------    -------------------
                         (clock clk_out1_clk_wiz_0 rise edge)
                                                      0.000     0.000 r  
    E3                                                0.000     0.000 r  clk_100MHz (IN)
                         net (fo=0)                   0.000     0.000    clk_wiz_inst/inst/clk_in1
    E3                   IBUF (Prop_ibuf_I_O)         0.250     0.250 r  clk_wiz_inst/inst/clkin1_ibufg/O
                         net (fo=1, routed)           0.440     0.690    clk_wiz_inst/inst/clk_in1_clk_wiz_0
    MMCME2_ADV_X1Y2      MMCME2_ADV (Prop_mmcme2_adv_CLKIN1_CLKOUT0)
                                                     -2.379    -1.689 r  clk_wiz_inst/inst/mmcm_adv_inst/CLKOUT0
                         net (fo=1, routed)           0.499    -1.190    clk_wiz_inst/inst/clk_out1_clk_wiz_0
    BUFGCTRL_X0Y16       BUFG (Prop_bufg_I_O)         0.026    -1.164 r  clk_wiz_inst/inst/clkout1_buf/O
                         net (fo=350, routed)         0.590    -0.574    cpci/countty_cyc/clk_out1
    SLICE_X4Y75          FDRE                                         r  cpci/countty_cyc/count_out_reg[5]/C
  -------------------------------------------------------------------    -------------------
    SLICE_X4Y75          FDRE (Prop_fdre_C_Q)         0.141    -0.433 r  cpci/countty_cyc/count_out_reg[5]/Q
                         net (fo=57, routed)          0.139    -0.294    cpci/Memmy/Reg_File_Block_reg_0_63_3_5/ADDRD5
    SLICE_X2Y75          RAMD64E                                      r  cpci/Memmy/Reg_File_Block_reg_0_63_3_5/RAMC/WADR5
  -------------------------------------------------------------------    -------------------

                         (clock clk_out1_clk_wiz_0 rise edge)
                                                      0.000     0.000 r  
    E3                                                0.000     0.000 r  clk_100MHz (IN)
                         net (fo=0)                   0.000     0.000    clk_wiz_inst/inst/clk_in1
    E3                   IBUF (Prop_ibuf_I_O)         0.438     0.438 r  clk_wiz_inst/inst/clkin1_ibufg/O
                         net (fo=1, routed)           0.480     0.918    clk_wiz_inst/inst/clk_in1_clk_wiz_0
    MMCME2_ADV_X1Y2      MMCME2_ADV (Prop_mmcme2_adv_CLKIN1_CLKOUT0)
                                                     -3.163    -2.245 r  clk_wiz_inst/inst/mmcm_adv_inst/CLKOUT0
                         net (fo=1, routed)           0.544    -1.702    clk_wiz_inst/inst/clk_out1_clk_wiz_0
    BUFGCTRL_X0Y16       BUFG (Prop_bufg_I_O)         0.029    -1.673 r  clk_wiz_inst/inst/clkout1_buf/O
                         net (fo=350, routed)         0.861    -0.812    cpci/Memmy/Reg_File_Block_reg_0_63_3_5/WCLK
    SLICE_X2Y75          RAMD64E                                      r  cpci/Memmy/Reg_File_Block_reg_0_63_3_5/RAMC/CLK
                         clock pessimism              0.275    -0.537    
    SLICE_X2Y75          RAMD64E (Hold_ramd64e_CLK_WADR5)
                                                      0.170    -0.367    cpci/Memmy/Reg_File_Block_reg_0_63_3_5/RAMC
  -------------------------------------------------------------------
                         required time                          0.367    
                         arrival time                          -0.294    
  -------------------------------------------------------------------
                         slack                                  0.073    

Slack (MET) :             0.073ns  (arrival time - required time)
  Source:                 cpci/countty_cyc/count_out_reg[5]/C
                            (rising edge-triggered cell FDRE clocked by clk_out1_clk_wiz_0  {rise@0.000ns fall@6.667ns period=13.333ns})
  Destination:            cpci/Memmy/Reg_File_Block_reg_0_63_3_5/RAMD/WADR5
                            (rising edge-triggered cell RAMD64E clocked by clk_out1_clk_wiz_0  {rise@0.000ns fall@6.667ns period=13.333ns})
  Path Group:             clk_out1_clk_wiz_0
  Path Type:              Hold (Min at Fast Process Corner)
  Requirement:            0.000ns  (clk_out1_clk_wiz_0 rise@0.000ns - clk_out1_clk_wiz_0 rise@0.000ns)
  Data Path Delay:        0.280ns  (logic 0.141ns (50.397%)  route 0.139ns (49.603%))
  Logic Levels:           0  
  Clock Path Skew:        0.037ns (DCD - SCD - CPR)
    Destination Clock Delay (DCD):    -0.812ns
    Source Clock Delay      (SCD):    -0.574ns
    Clock Pessimism Removal (CPR):    -0.275ns

    Location             Delay type                Incr(ns)  Path(ns)    Netlist Resource(s)
  -------------------------------------------------------------------    -------------------
                         (clock clk_out1_clk_wiz_0 rise edge)
                                                      0.000     0.000 r  
    E3                                                0.000     0.000 r  clk_100MHz (IN)
                         net (fo=0)                   0.000     0.000    clk_wiz_inst/inst/clk_in1
    E3                   IBUF (Prop_ibuf_I_O)         0.250     0.250 r  clk_wiz_inst/inst/clkin1_ibufg/O
                         net (fo=1, routed)           0.440     0.690    clk_wiz_inst/inst/clk_in1_clk_wiz_0
    MMCME2_ADV_X1Y2      MMCME2_ADV (Prop_mmcme2_adv_CLKIN1_CLKOUT0)
                                                     -2.379    -1.689 r  clk_wiz_inst/inst/mmcm_adv_inst/CLKOUT0
                         net (fo=1, routed)           0.499    -1.190    clk_wiz_inst/inst/clk_out1_clk_wiz_0
    BUFGCTRL_X0Y16       BUFG (Prop_bufg_I_O)         0.026    -1.164 r  clk_wiz_inst/inst/clkout1_buf/O
                         net (fo=350, routed)         0.590    -0.574    cpci/countty_cyc/clk_out1
    SLICE_X4Y75          FDRE                                         r  cpci/countty_cyc/count_out_reg[5]/C
  -------------------------------------------------------------------    -------------------
    SLICE_X4Y75          FDRE (Prop_fdre_C_Q)         0.141    -0.433 r  cpci/countty_cyc/count_out_reg[5]/Q
                         net (fo=57, routed)          0.139    -0.294    cpci/Memmy/Reg_File_Block_reg_0_63_3_5/ADDRD5
    SLICE_X2Y75          RAMD64E                                      r  cpci/Memmy/Reg_File_Block_reg_0_63_3_5/RAMD/WADR5
  -------------------------------------------------------------------    -------------------

                         (clock clk_out1_clk_wiz_0 rise edge)
                                                      0.000     0.000 r  
    E3                                                0.000     0.000 r  clk_100MHz (IN)
                         net (fo=0)                   0.000     0.000    clk_wiz_inst/inst/clk_in1
    E3                   IBUF (Prop_ibuf_I_O)         0.438     0.438 r  clk_wiz_inst/inst/clkin1_ibufg/O
                         net (fo=1, routed)           0.480     0.918    clk_wiz_inst/inst/clk_in1_clk_wiz_0
    MMCME2_ADV_X1Y2      MMCME2_ADV (Prop_mmcme2_adv_CLKIN1_CLKOUT0)
                                                     -3.163    -2.245 r  clk_wiz_inst/inst/mmcm_adv_inst/CLKOUT0
                         net (fo=1, routed)           0.544    -1.702    clk_wiz_inst/inst/clk_out1_clk_wiz_0
    BUFGCTRL_X0Y16       BUFG (Prop_bufg_I_O)         0.029    -1.673 r  clk_wiz_inst/inst/clkout1_buf/O
                         net (fo=350, routed)         0.861    -0.812    cpci/Memmy/Reg_File_Block_reg_0_63_3_5/WCLK
    SLICE_X2Y75          RAMD64E                                      r  cpci/Memmy/Reg_File_Block_reg_0_63_3_5/RAMD/CLK
                         clock pessimism              0.275    -0.537    
    SLICE_X2Y75          RAMD64E (Hold_ramd64e_CLK_WADR5)
                                                      0.170    -0.367    cpci/Memmy/Reg_File_Block_reg_0_63_3_5/RAMD
  -------------------------------------------------------------------
                         required time                          0.367    
                         arrival time                          -0.294    
  -------------------------------------------------------------------
                         slack                                  0.073    

Slack (MET) :             0.077ns  (arrival time - required time)
  Source:                 cpci/countty_cyc/count_out_reg[1]/C
                            (rising edge-triggered cell FDRE clocked by clk_out1_clk_wiz_0  {rise@0.000ns fall@6.667ns period=13.333ns})
  Destination:            cpci/Memmy/Reg_File_Block_reg_0_63_15_17/RAMA/WADR1
                            (rising edge-triggered cell RAMD64E clocked by clk_out1_clk_wiz_0  {rise@0.000ns fall@6.667ns period=13.333ns})
  Path Group:             clk_out1_clk_wiz_0
  Path Type:              Hold (Min at Fast Process Corner)
  Requirement:            0.000ns  (clk_out1_clk_wiz_0 rise@0.000ns - clk_out1_clk_wiz_0 rise@0.000ns)
  Data Path Delay:        0.399ns  (logic 0.141ns (35.356%)  route 0.258ns (64.644%))
  Logic Levels:           0  
  Clock Path Skew:        0.013ns (DCD - SCD - CPR)
    Destination Clock Delay (DCD):    -0.815ns
    Source Clock Delay      (SCD):    -0.574ns
    Clock Pessimism Removal (CPR):    -0.254ns

    Location             Delay type                Incr(ns)  Path(ns)    Netlist Resource(s)
  -------------------------------------------------------------------    -------------------
                         (clock clk_out1_clk_wiz_0 rise edge)
                                                      0.000     0.000 r  
    E3                                                0.000     0.000 r  clk_100MHz (IN)
                         net (fo=0)                   0.000     0.000    clk_wiz_inst/inst/clk_in1
    E3                   IBUF (Prop_ibuf_I_O)         0.250     0.250 r  clk_wiz_inst/inst/clkin1_ibufg/O
                         net (fo=1, routed)           0.440     0.690    clk_wiz_inst/inst/clk_in1_clk_wiz_0
    MMCME2_ADV_X1Y2      MMCME2_ADV (Prop_mmcme2_adv_CLKIN1_CLKOUT0)
                                                     -2.379    -1.689 r  clk_wiz_inst/inst/mmcm_adv_inst/CLKOUT0
                         net (fo=1, routed)           0.499    -1.190    clk_wiz_inst/inst/clk_out1_clk_wiz_0
    BUFGCTRL_X0Y16       BUFG (Prop_bufg_I_O)         0.026    -1.164 r  clk_wiz_inst/inst/clkout1_buf/O
                         net (fo=350, routed)         0.590    -0.574    cpci/countty_cyc/clk_out1
    SLICE_X4Y74          FDRE                                         r  cpci/countty_cyc/count_out_reg[1]/C
  -------------------------------------------------------------------    -------------------
    SLICE_X4Y74          FDRE (Prop_fdre_C_Q)         0.141    -0.433 r  cpci/countty_cyc/count_out_reg[1]/Q
                         net (fo=57, routed)          0.258    -0.175    cpci/Memmy/Reg_File_Block_reg_0_63_15_17/ADDRD1
    SLICE_X6Y74          RAMD64E                                      r  cpci/Memmy/Reg_File_Block_reg_0_63_15_17/RAMA/WADR1
  -------------------------------------------------------------------    -------------------

                         (clock clk_out1_clk_wiz_0 rise edge)
                                                      0.000     0.000 r  
    E3                                                0.000     0.000 r  clk_100MHz (IN)
                         net (fo=0)                   0.000     0.000    clk_wiz_inst/inst/clk_in1
    E3                   IBUF (Prop_ibuf_I_O)         0.438     0.438 r  clk_wiz_inst/inst/clkin1_ibufg/O
                         net (fo=1, routed)           0.480     0.918    clk_wiz_inst/inst/clk_in1_clk_wiz_0
    MMCME2_ADV_X1Y2      MMCME2_ADV (Prop_mmcme2_adv_CLKIN1_CLKOUT0)
                                                     -3.163    -2.245 r  clk_wiz_inst/inst/mmcm_adv_inst/CLKOUT0
                         net (fo=1, routed)           0.544    -1.702    clk_wiz_inst/inst/clk_out1_clk_wiz_0
    BUFGCTRL_X0Y16       BUFG (Prop_bufg_I_O)         0.029    -1.673 r  clk_wiz_inst/inst/clkout1_buf/O
                         net (fo=350, routed)         0.858    -0.815    cpci/Memmy/Reg_File_Block_reg_0_63_15_17/WCLK
    SLICE_X6Y74          RAMD64E                                      r  cpci/Memmy/Reg_File_Block_reg_0_63_15_17/RAMA/CLK
                         clock pessimism              0.254    -0.561    
    SLICE_X6Y74          RAMD64E (Hold_ramd64e_CLK_WADR1)
                                                      0.309    -0.252    cpci/Memmy/Reg_File_Block_reg_0_63_15_17/RAMA
  -------------------------------------------------------------------
                         required time                          0.252    
                         arrival time                          -0.175    
  -------------------------------------------------------------------
                         slack                                  0.077    

Slack (MET) :             0.077ns  (arrival time - required time)
  Source:                 cpci/countty_cyc/count_out_reg[1]/C
                            (rising edge-triggered cell FDRE clocked by clk_out1_clk_wiz_0  {rise@0.000ns fall@6.667ns period=13.333ns})
  Destination:            cpci/Memmy/Reg_File_Block_reg_0_63_15_17/RAMB/WADR1
                            (rising edge-triggered cell RAMD64E clocked by clk_out1_clk_wiz_0  {rise@0.000ns fall@6.667ns period=13.333ns})
  Path Group:             clk_out1_clk_wiz_0
  Path Type:              Hold (Min at Fast Process Corner)
  Requirement:            0.000ns  (clk_out1_clk_wiz_0 rise@0.000ns - clk_out1_clk_wiz_0 rise@0.000ns)
  Data Path Delay:        0.399ns  (logic 0.141ns (35.356%)  route 0.258ns (64.644%))
  Logic Levels:           0  
  Clock Path Skew:        0.013ns (DCD - SCD - CPR)
    Destination Clock Delay (DCD):    -0.815ns
    Source Clock Delay      (SCD):    -0.574ns
    Clock Pessimism Removal (CPR):    -0.254ns

    Location             Delay type                Incr(ns)  Path(ns)    Netlist Resource(s)
  -------------------------------------------------------------------    -------------------
                         (clock clk_out1_clk_wiz_0 rise edge)
                                                      0.000     0.000 r  
    E3                                                0.000     0.000 r  clk_100MHz (IN)
                         net (fo=0)                   0.000     0.000    clk_wiz_inst/inst/clk_in1
    E3                   IBUF (Prop_ibuf_I_O)         0.250     0.250 r  clk_wiz_inst/inst/clkin1_ibufg/O
                         net (fo=1, routed)           0.440     0.690    clk_wiz_inst/inst/clk_in1_clk_wiz_0
    MMCME2_ADV_X1Y2      MMCME2_ADV (Prop_mmcme2_adv_CLKIN1_CLKOUT0)
                                                     -2.379    -1.689 r  clk_wiz_inst/inst/mmcm_adv_inst/CLKOUT0
                         net (fo=1, routed)           0.499    -1.190    clk_wiz_inst/inst/clk_out1_clk_wiz_0
    BUFGCTRL_X0Y16       BUFG (Prop_bufg_I_O)         0.026    -1.164 r  clk_wiz_inst/inst/clkout1_buf/O
                         net (fo=350, routed)         0.590    -0.574    cpci/countty_cyc/clk_out1
    SLICE_X4Y74          FDRE                                         r  cpci/countty_cyc/count_out_reg[1]/C
  -------------------------------------------------------------------    -------------------
    SLICE_X4Y74          FDRE (Prop_fdre_C_Q)         0.141    -0.433 r  cpci/countty_cyc/count_out_reg[1]/Q
                         net (fo=57, routed)          0.258    -0.175    cpci/Memmy/Reg_File_Block_reg_0_63_15_17/ADDRD1
    SLICE_X6Y74          RAMD64E                                      r  cpci/Memmy/Reg_File_Block_reg_0_63_15_17/RAMB/WADR1
  -------------------------------------------------------------------    -------------------

                         (clock clk_out1_clk_wiz_0 rise edge)
                                                      0.000     0.000 r  
    E3                                                0.000     0.000 r  clk_100MHz (IN)
                         net (fo=0)                   0.000     0.000    clk_wiz_inst/inst/clk_in1
    E3                   IBUF (Prop_ibuf_I_O)         0.438     0.438 r  clk_wiz_inst/inst/clkin1_ibufg/O
                         net (fo=1, routed)           0.480     0.918    clk_wiz_inst/inst/clk_in1_clk_wiz_0
    MMCME2_ADV_X1Y2      MMCME2_ADV (Prop_mmcme2_adv_CLKIN1_CLKOUT0)
                                                     -3.163    -2.245 r  clk_wiz_inst/inst/mmcm_adv_inst/CLKOUT0
                         net (fo=1, routed)           0.544    -1.702    clk_wiz_inst/inst/clk_out1_clk_wiz_0
    BUFGCTRL_X0Y16       BUFG (Prop_bufg_I_O)         0.029    -1.673 r  clk_wiz_inst/inst/clkout1_buf/O
                         net (fo=350, routed)         0.858    -0.815    cpci/Memmy/Reg_File_Block_reg_0_63_15_17/WCLK
    SLICE_X6Y74          RAMD64E                                      r  cpci/Memmy/Reg_File_Block_reg_0_63_15_17/RAMB/CLK
                         clock pessimism              0.254    -0.561    
    SLICE_X6Y74          RAMD64E (Hold_ramd64e_CLK_WADR1)
                                                      0.309    -0.252    cpci/Memmy/Reg_File_Block_reg_0_63_15_17/RAMB
  -------------------------------------------------------------------
                         required time                          0.252    
                         arrival time                          -0.175    
  -------------------------------------------------------------------
                         slack                                  0.077    

Slack (MET) :             0.077ns  (arrival time - required time)
  Source:                 cpci/countty_cyc/count_out_reg[1]/C
                            (rising edge-triggered cell FDRE clocked by clk_out1_clk_wiz_0  {rise@0.000ns fall@6.667ns period=13.333ns})
  Destination:            cpci/Memmy/Reg_File_Block_reg_0_63_15_17/RAMC/WADR1
                            (rising edge-triggered cell RAMD64E clocked by clk_out1_clk_wiz_0  {rise@0.000ns fall@6.667ns period=13.333ns})
  Path Group:             clk_out1_clk_wiz_0
  Path Type:              Hold (Min at Fast Process Corner)
  Requirement:            0.000ns  (clk_out1_clk_wiz_0 rise@0.000ns - clk_out1_clk_wiz_0 rise@0.000ns)
  Data Path Delay:        0.399ns  (logic 0.141ns (35.356%)  route 0.258ns (64.644%))
  Logic Levels:           0  
  Clock Path Skew:        0.013ns (DCD - SCD - CPR)
    Destination Clock Delay (DCD):    -0.815ns
    Source Clock Delay      (SCD):    -0.574ns
    Clock Pessimism Removal (CPR):    -0.254ns

    Location             Delay type                Incr(ns)  Path(ns)    Netlist Resource(s)
  -------------------------------------------------------------------    -------------------
                         (clock clk_out1_clk_wiz_0 rise edge)
                                                      0.000     0.000 r  
    E3                                                0.000     0.000 r  clk_100MHz (IN)
                         net (fo=0)                   0.000     0.000    clk_wiz_inst/inst/clk_in1
    E3                   IBUF (Prop_ibuf_I_O)         0.250     0.250 r  clk_wiz_inst/inst/clkin1_ibufg/O
                         net (fo=1, routed)           0.440     0.690    clk_wiz_inst/inst/clk_in1_clk_wiz_0
    MMCME2_ADV_X1Y2      MMCME2_ADV (Prop_mmcme2_adv_CLKIN1_CLKOUT0)
                                                     -2.379    -1.689 r  clk_wiz_inst/inst/mmcm_adv_inst/CLKOUT0
                         net (fo=1, routed)           0.499    -1.190    clk_wiz_inst/inst/clk_out1_clk_wiz_0
    BUFGCTRL_X0Y16       BUFG (Prop_bufg_I_O)         0.026    -1.164 r  clk_wiz_inst/inst/clkout1_buf/O
                         net (fo=350, routed)         0.590    -0.574    cpci/countty_cyc/clk_out1
    SLICE_X4Y74          FDRE                                         r  cpci/countty_cyc/count_out_reg[1]/C
  -------------------------------------------------------------------    -------------------
    SLICE_X4Y74          FDRE (Prop_fdre_C_Q)         0.141    -0.433 r  cpci/countty_cyc/count_out_reg[1]/Q
                         net (fo=57, routed)          0.258    -0.175    cpci/Memmy/Reg_File_Block_reg_0_63_15_17/ADDRD1
    SLICE_X6Y74          RAMD64E                                      r  cpci/Memmy/Reg_File_Block_reg_0_63_15_17/RAMC/WADR1
  -------------------------------------------------------------------    -------------------

                         (clock clk_out1_clk_wiz_0 rise edge)
                                                      0.000     0.000 r  
    E3                                                0.000     0.000 r  clk_100MHz (IN)
                         net (fo=0)                   0.000     0.000    clk_wiz_inst/inst/clk_in1
    E3                   IBUF (Prop_ibuf_I_O)         0.438     0.438 r  clk_wiz_inst/inst/clkin1_ibufg/O
                         net (fo=1, routed)           0.480     0.918    clk_wiz_inst/inst/clk_in1_clk_wiz_0
    MMCME2_ADV_X1Y2      MMCME2_ADV (Prop_mmcme2_adv_CLKIN1_CLKOUT0)
                                                     -3.163    -2.245 r  clk_wiz_inst/inst/mmcm_adv_inst/CLKOUT0
                         net (fo=1, routed)           0.544    -1.702    clk_wiz_inst/inst/clk_out1_clk_wiz_0
    BUFGCTRL_X0Y16       BUFG (Prop_bufg_I_O)         0.029    -1.673 r  clk_wiz_inst/inst/clkout1_buf/O
                         net (fo=350, routed)         0.858    -0.815    cpci/Memmy/Reg_File_Block_reg_0_63_15_17/WCLK
    SLICE_X6Y74          RAMD64E                                      r  cpci/Memmy/Reg_File_Block_reg_0_63_15_17/RAMC/CLK
                         clock pessimism              0.254    -0.561    
    SLICE_X6Y74          RAMD64E (Hold_ramd64e_CLK_WADR1)
                                                      0.309    -0.252    cpci/Memmy/Reg_File_Block_reg_0_63_15_17/RAMC
  -------------------------------------------------------------------
                         required time                          0.252    
                         arrival time                          -0.175    
  -------------------------------------------------------------------
                         slack                                  0.077    

Slack (MET) :             0.077ns  (arrival time - required time)
  Source:                 cpci/countty_cyc/count_out_reg[1]/C
                            (rising edge-triggered cell FDRE clocked by clk_out1_clk_wiz_0  {rise@0.000ns fall@6.667ns period=13.333ns})
  Destination:            cpci/Memmy/Reg_File_Block_reg_0_63_15_17/RAMD/WADR1
                            (rising edge-triggered cell RAMD64E clocked by clk_out1_clk_wiz_0  {rise@0.000ns fall@6.667ns period=13.333ns})
  Path Group:             clk_out1_clk_wiz_0
  Path Type:              Hold (Min at Fast Process Corner)
  Requirement:            0.000ns  (clk_out1_clk_wiz_0 rise@0.000ns - clk_out1_clk_wiz_0 rise@0.000ns)
  Data Path Delay:        0.399ns  (logic 0.141ns (35.356%)  route 0.258ns (64.644%))
  Logic Levels:           0  
  Clock Path Skew:        0.013ns (DCD - SCD - CPR)
    Destination Clock Delay (DCD):    -0.815ns
    Source Clock Delay      (SCD):    -0.574ns
    Clock Pessimism Removal (CPR):    -0.254ns

    Location             Delay type                Incr(ns)  Path(ns)    Netlist Resource(s)
  -------------------------------------------------------------------    -------------------
                         (clock clk_out1_clk_wiz_0 rise edge)
                                                      0.000     0.000 r  
    E3                                                0.000     0.000 r  clk_100MHz (IN)
                         net (fo=0)                   0.000     0.000    clk_wiz_inst/inst/clk_in1
    E3                   IBUF (Prop_ibuf_I_O)         0.250     0.250 r  clk_wiz_inst/inst/clkin1_ibufg/O
                         net (fo=1, routed)           0.440     0.690    clk_wiz_inst/inst/clk_in1_clk_wiz_0
    MMCME2_ADV_X1Y2      MMCME2_ADV (Prop_mmcme2_adv_CLKIN1_CLKOUT0)
                                                     -2.379    -1.689 r  clk_wiz_inst/inst/mmcm_adv_inst/CLKOUT0
                         net (fo=1, routed)           0.499    -1.190    clk_wiz_inst/inst/clk_out1_clk_wiz_0
    BUFGCTRL_X0Y16       BUFG (Prop_bufg_I_O)         0.026    -1.164 r  clk_wiz_inst/inst/clkout1_buf/O
                         net (fo=350, routed)         0.590    -0.574    cpci/countty_cyc/clk_out1
    SLICE_X4Y74          FDRE                                         r  cpci/countty_cyc/count_out_reg[1]/C
  -------------------------------------------------------------------    -------------------
    SLICE_X4Y74          FDRE (Prop_fdre_C_Q)         0.141    -0.433 r  cpci/countty_cyc/count_out_reg[1]/Q
                         net (fo=57, routed)          0.258    -0.175    cpci/Memmy/Reg_File_Block_reg_0_63_15_17/ADDRD1
    SLICE_X6Y74          RAMD64E                                      r  cpci/Memmy/Reg_File_Block_reg_0_63_15_17/RAMD/WADR1
  -------------------------------------------------------------------    -------------------

                         (clock clk_out1_clk_wiz_0 rise edge)
                                                      0.000     0.000 r  
    E3                                                0.000     0.000 r  clk_100MHz (IN)
                         net (fo=0)                   0.000     0.000    clk_wiz_inst/inst/clk_in1
    E3                   IBUF (Prop_ibuf_I_O)         0.438     0.438 r  clk_wiz_inst/inst/clkin1_ibufg/O
                         net (fo=1, routed)           0.480     0.918    clk_wiz_inst/inst/clk_in1_clk_wiz_0
    MMCME2_ADV_X1Y2      MMCME2_ADV (Prop_mmcme2_adv_CLKIN1_CLKOUT0)
                                                     -3.163    -2.245 r  clk_wiz_inst/inst/mmcm_adv_inst/CLKOUT0
                         net (fo=1, routed)           0.544    -1.702    clk_wiz_inst/inst/clk_out1_clk_wiz_0
    BUFGCTRL_X0Y16       BUFG (Prop_bufg_I_O)         0.029    -1.673 r  clk_wiz_inst/inst/clkout1_buf/O
                         net (fo=350, routed)         0.858    -0.815    cpci/Memmy/Reg_File_Block_reg_0_63_15_17/WCLK
    SLICE_X6Y74          RAMD64E                                      r  cpci/Memmy/Reg_File_Block_reg_0_63_15_17/RAMD/CLK
                         clock pessimism              0.254    -0.561    
    SLICE_X6Y74          RAMD64E (Hold_ramd64e_CLK_WADR1)
                                                      0.309    -0.252    cpci/Memmy/Reg_File_Block_reg_0_63_15_17/RAMD
  -------------------------------------------------------------------
                         required time                          0.252    
                         arrival time                          -0.175    
  -------------------------------------------------------------------
                         slack                                  0.077    

Slack (MET) :             0.085ns  (arrival time - required time)
  Source:                 cpci/countty_cyc/count_out_reg[3]/C
                            (rising edge-triggered cell FDRE clocked by clk_out1_clk_wiz_0  {rise@0.000ns fall@6.667ns period=13.333ns})
  Destination:            cpci/Memmy/Reg_File_Block_reg_0_63_9_11/RAMA/WADR3
                            (rising edge-triggered cell RAMD64E clocked by clk_out1_clk_wiz_0  {rise@0.000ns fall@6.667ns period=13.333ns})
  Path Group:             clk_out1_clk_wiz_0
  Path Type:              Hold (Min at Fast Process Corner)
  Requirement:            0.000ns  (clk_out1_clk_wiz_0 rise@0.000ns - clk_out1_clk_wiz_0 rise@0.000ns)
  Data Path Delay:        0.362ns  (logic 0.141ns (38.900%)  route 0.221ns (61.100%))
  Logic Levels:           0  
  Clock Path Skew:        0.037ns (DCD - SCD - CPR)
    Destination Clock Delay (DCD):    -0.812ns
    Source Clock Delay      (SCD):    -0.574ns
    Clock Pessimism Removal (CPR):    -0.275ns

    Location             Delay type                Incr(ns)  Path(ns)    Netlist Resource(s)
  -------------------------------------------------------------------    -------------------
                         (clock clk_out1_clk_wiz_0 rise edge)
                                                      0.000     0.000 r  
    E3                                                0.000     0.000 r  clk_100MHz (IN)
                         net (fo=0)                   0.000     0.000    clk_wiz_inst/inst/clk_in1
    E3                   IBUF (Prop_ibuf_I_O)         0.250     0.250 r  clk_wiz_inst/inst/clkin1_ibufg/O
                         net (fo=1, routed)           0.440     0.690    clk_wiz_inst/inst/clk_in1_clk_wiz_0
    MMCME2_ADV_X1Y2      MMCME2_ADV (Prop_mmcme2_adv_CLKIN1_CLKOUT0)
                                                     -2.379    -1.689 r  clk_wiz_inst/inst/mmcm_adv_inst/CLKOUT0
                         net (fo=1, routed)           0.499    -1.190    clk_wiz_inst/inst/clk_out1_clk_wiz_0
    BUFGCTRL_X0Y16       BUFG (Prop_bufg_I_O)         0.026    -1.164 r  clk_wiz_inst/inst/clkout1_buf/O
                         net (fo=350, routed)         0.590    -0.574    cpci/countty_cyc/clk_out1
    SLICE_X4Y74          FDRE                                         r  cpci/countty_cyc/count_out_reg[3]/C
  -------------------------------------------------------------------    -------------------
    SLICE_X4Y74          FDRE (Prop_fdre_C_Q)         0.141    -0.433 r  cpci/countty_cyc/count_out_reg[3]/Q
                         net (fo=57, routed)          0.221    -0.212    cpci/Memmy/Reg_File_Block_reg_0_63_9_11/ADDRD3
    SLICE_X2Y74          RAMD64E                                      r  cpci/Memmy/Reg_File_Block_reg_0_63_9_11/RAMA/WADR3
  -------------------------------------------------------------------    -------------------

                         (clock clk_out1_clk_wiz_0 rise edge)
                                                      0.000     0.000 r  
    E3                                                0.000     0.000 r  clk_100MHz (IN)
                         net (fo=0)                   0.000     0.000    clk_wiz_inst/inst/clk_in1
    E3                   IBUF (Prop_ibuf_I_O)         0.438     0.438 r  clk_wiz_inst/inst/clkin1_ibufg/O
                         net (fo=1, routed)           0.480     0.918    clk_wiz_inst/inst/clk_in1_clk_wiz_0
    MMCME2_ADV_X1Y2      MMCME2_ADV (Prop_mmcme2_adv_CLKIN1_CLKOUT0)
                                                     -3.163    -2.245 r  clk_wiz_inst/inst/mmcm_adv_inst/CLKOUT0
                         net (fo=1, routed)           0.544    -1.702    clk_wiz_inst/inst/clk_out1_clk_wiz_0
    BUFGCTRL_X0Y16       BUFG (Prop_bufg_I_O)         0.029    -1.673 r  clk_wiz_inst/inst/clkout1_buf/O
                         net (fo=350, routed)         0.861    -0.812    cpci/Memmy/Reg_File_Block_reg_0_63_9_11/WCLK
    SLICE_X2Y74          RAMD64E                                      r  cpci/Memmy/Reg_File_Block_reg_0_63_9_11/RAMA/CLK
                         clock pessimism              0.275    -0.537    
    SLICE_X2Y74          RAMD64E (Hold_ramd64e_CLK_WADR3)
                                                      0.240    -0.297    cpci/Memmy/Reg_File_Block_reg_0_63_9_11/RAMA
  -------------------------------------------------------------------
                         required time                          0.297    
                         arrival time                          -0.212    
  -------------------------------------------------------------------
                         slack                                  0.085    

Slack (MET) :             0.085ns  (arrival time - required time)
  Source:                 cpci/countty_cyc/count_out_reg[3]/C
                            (rising edge-triggered cell FDRE clocked by clk_out1_clk_wiz_0  {rise@0.000ns fall@6.667ns period=13.333ns})
  Destination:            cpci/Memmy/Reg_File_Block_reg_0_63_9_11/RAMB/WADR3
                            (rising edge-triggered cell RAMD64E clocked by clk_out1_clk_wiz_0  {rise@0.000ns fall@6.667ns period=13.333ns})
  Path Group:             clk_out1_clk_wiz_0
  Path Type:              Hold (Min at Fast Process Corner)
  Requirement:            0.000ns  (clk_out1_clk_wiz_0 rise@0.000ns - clk_out1_clk_wiz_0 rise@0.000ns)
  Data Path Delay:        0.362ns  (logic 0.141ns (38.900%)  route 0.221ns (61.100%))
  Logic Levels:           0  
  Clock Path Skew:        0.037ns (DCD - SCD - CPR)
    Destination Clock Delay (DCD):    -0.812ns
    Source Clock Delay      (SCD):    -0.574ns
    Clock Pessimism Removal (CPR):    -0.275ns

    Location             Delay type                Incr(ns)  Path(ns)    Netlist Resource(s)
  -------------------------------------------------------------------    -------------------
                         (clock clk_out1_clk_wiz_0 rise edge)
                                                      0.000     0.000 r  
    E3                                                0.000     0.000 r  clk_100MHz (IN)
                         net (fo=0)                   0.000     0.000    clk_wiz_inst/inst/clk_in1
    E3                   IBUF (Prop_ibuf_I_O)         0.250     0.250 r  clk_wiz_inst/inst/clkin1_ibufg/O
                         net (fo=1, routed)           0.440     0.690    clk_wiz_inst/inst/clk_in1_clk_wiz_0
    MMCME2_ADV_X1Y2      MMCME2_ADV (Prop_mmcme2_adv_CLKIN1_CLKOUT0)
                                                     -2.379    -1.689 r  clk_wiz_inst/inst/mmcm_adv_inst/CLKOUT0
                         net (fo=1, routed)           0.499    -1.190    clk_wiz_inst/inst/clk_out1_clk_wiz_0
    BUFGCTRL_X0Y16       BUFG (Prop_bufg_I_O)         0.026    -1.164 r  clk_wiz_inst/inst/clkout1_buf/O
                         net (fo=350, routed)         0.590    -0.574    cpci/countty_cyc/clk_out1
    SLICE_X4Y74          FDRE                                         r  cpci/countty_cyc/count_out_reg[3]/C
  -------------------------------------------------------------------    -------------------
    SLICE_X4Y74          FDRE (Prop_fdre_C_Q)         0.141    -0.433 r  cpci/countty_cyc/count_out_reg[3]/Q
                         net (fo=57, routed)          0.221    -0.212    cpci/Memmy/Reg_File_Block_reg_0_63_9_11/ADDRD3
    SLICE_X2Y74          RAMD64E                                      r  cpci/Memmy/Reg_File_Block_reg_0_63_9_11/RAMB/WADR3
  -------------------------------------------------------------------    -------------------

                         (clock clk_out1_clk_wiz_0 rise edge)
                                                      0.000     0.000 r  
    E3                                                0.000     0.000 r  clk_100MHz (IN)
                         net (fo=0)                   0.000     0.000    clk_wiz_inst/inst/clk_in1
    E3                   IBUF (Prop_ibuf_I_O)         0.438     0.438 r  clk_wiz_inst/inst/clkin1_ibufg/O
                         net (fo=1, routed)           0.480     0.918    clk_wiz_inst/inst/clk_in1_clk_wiz_0
    MMCME2_ADV_X1Y2      MMCME2_ADV (Prop_mmcme2_adv_CLKIN1_CLKOUT0)
                                                     -3.163    -2.245 r  clk_wiz_inst/inst/mmcm_adv_inst/CLKOUT0
                         net (fo=1, routed)           0.544    -1.702    clk_wiz_inst/inst/clk_out1_clk_wiz_0
    BUFGCTRL_X0Y16       BUFG (Prop_bufg_I_O)         0.029    -1.673 r  clk_wiz_inst/inst/clkout1_buf/O
                         net (fo=350, routed)         0.861    -0.812    cpci/Memmy/Reg_File_Block_reg_0_63_9_11/WCLK
    SLICE_X2Y74          RAMD64E                                      r  cpci/Memmy/Reg_File_Block_reg_0_63_9_11/RAMB/CLK
                         clock pessimism              0.275    -0.537    
    SLICE_X2Y74          RAMD64E (Hold_ramd64e_CLK_WADR3)
                                                      0.240    -0.297    cpci/Memmy/Reg_File_Block_reg_0_63_9_11/RAMB
  -------------------------------------------------------------------
                         required time                          0.297    
                         arrival time                          -0.212    
  -------------------------------------------------------------------
                         slack                                  0.085    





Pulse Width Checks
--------------------------------------------------------------------------------------
Clock Name:         clk_out1_clk_wiz_0
Waveform(ns):       { 0.000 6.667 }
Period(ns):         13.333
Sources:            { clk_wiz_inst/inst/mmcm_adv_inst/CLKOUT0 }

Check Type        Corner  Lib Pin             Reference Pin  Required(ns)  Actual(ns)  Slack(ns)  Location         Pin
Min Period        n/a     BUFG/I              n/a            2.155         13.333      11.178     BUFGCTRL_X0Y16   clk_wiz_inst/inst/clkout1_buf/I
Min Period        n/a     MMCME2_ADV/CLKOUT0  n/a            1.249         13.333      12.084     MMCME2_ADV_X1Y2  clk_wiz_inst/inst/mmcm_adv_inst/CLKOUT0
Min Period        n/a     FDRE/C              n/a            1.000         13.333      12.333     SLICE_X3Y84      clk_sevenseg/clk_int_reg/C
Min Period        n/a     FDRE/C              n/a            1.000         13.333      12.333     SLICE_X2Y82      clk_sevenseg/counter_reg[0]/C
Min Period        n/a     FDRE/C              n/a            1.000         13.333      12.333     SLICE_X2Y84      clk_sevenseg/counter_reg[10]/C
Min Period        n/a     FDRE/C              n/a            1.000         13.333      12.333     SLICE_X2Y84      clk_sevenseg/counter_reg[11]/C
Min Period        n/a     FDRE/C              n/a            1.000         13.333      12.333     SLICE_X2Y85      clk_sevenseg/counter_reg[12]/C
Min Period        n/a     FDRE/C              n/a            1.000         13.333      12.333     SLICE_X2Y85      clk_sevenseg/counter_reg[13]/C
Min Period        n/a     FDRE/C              n/a            1.000         13.333      12.333     SLICE_X2Y85      clk_sevenseg/counter_reg[14]/C
Min Period        n/a     FDRE/C              n/a            1.000         13.333      12.333     SLICE_X2Y85      clk_sevenseg/counter_reg[15]/C
Max Period        n/a     MMCME2_ADV/CLKOUT0  n/a            213.360       13.333      200.027    MMCME2_ADV_X1Y2  clk_wiz_inst/inst/mmcm_adv_inst/CLKOUT0
Low Pulse Width   Slow    RAMD64E/CLK         n/a            1.250         6.667       5.417      SLICE_X2Y76      cpci/Memmy/Reg_File_Block_reg_0_63_0_2/RAMA/CLK
Low Pulse Width   Fast    RAMD64E/CLK         n/a            1.250         6.667       5.417      SLICE_X2Y76      cpci/Memmy/Reg_File_Block_reg_0_63_0_2/RAMA/CLK
Low Pulse Width   Slow    RAMD64E/CLK         n/a            1.250         6.667       5.417      SLICE_X2Y76      cpci/Memmy/Reg_File_Block_reg_0_63_0_2/RAMB/CLK
Low Pulse Width   Fast    RAMD64E/CLK         n/a            1.250         6.667       5.417      SLICE_X2Y76      cpci/Memmy/Reg_File_Block_reg_0_63_0_2/RAMB/CLK
Low Pulse Width   Slow    RAMD64E/CLK         n/a            1.250         6.667       5.417      SLICE_X2Y76      cpci/Memmy/Reg_File_Block_reg_0_63_0_2/RAMC/CLK
Low Pulse Width   Fast    RAMD64E/CLK         n/a            1.250         6.667       5.417      SLICE_X2Y76      cpci/Memmy/Reg_File_Block_reg_0_63_0_2/RAMC/CLK
Low Pulse Width   Slow    RAMD64E/CLK         n/a            1.250         6.667       5.417      SLICE_X2Y76      cpci/Memmy/Reg_File_Block_reg_0_63_0_2/RAMD/CLK
Low Pulse Width   Fast    RAMD64E/CLK         n/a            1.250         6.667       5.417      SLICE_X2Y76      cpci/Memmy/Reg_File_Block_reg_0_63_0_2/RAMD/CLK
Low Pulse Width   Slow    RAMD64E/CLK         n/a            1.250         6.667       5.417      SLICE_X6Y73      cpci/Memmy/Reg_File_Block_reg_0_63_12_14/RAMA/CLK
Low Pulse Width   Fast    RAMD64E/CLK         n/a            1.250         6.667       5.417      SLICE_X6Y73      cpci/Memmy/Reg_File_Block_reg_0_63_12_14/RAMA/CLK
High Pulse Width  Slow    RAMD64E/CLK         n/a            1.250         6.667       5.417      SLICE_X2Y76      cpci/Memmy/Reg_File_Block_reg_0_63_0_2/RAMA/CLK
High Pulse Width  Fast    RAMD64E/CLK         n/a            1.250         6.667       5.417      SLICE_X2Y76      cpci/Memmy/Reg_File_Block_reg_0_63_0_2/RAMA/CLK
High Pulse Width  Slow    RAMD64E/CLK         n/a            1.250         6.667       5.417      SLICE_X2Y76      cpci/Memmy/Reg_File_Block_reg_0_63_0_2/RAMB/CLK
High Pulse Width  Fast    RAMD64E/CLK         n/a            1.250         6.667       5.417      SLICE_X2Y76      cpci/Memmy/Reg_File_Block_reg_0_63_0_2/RAMB/CLK
High Pulse Width  Slow    RAMD64E/CLK         n/a            1.250         6.667       5.417      SLICE_X2Y76      cpci/Memmy/Reg_File_Block_reg_0_63_0_2/RAMC/CLK
High Pulse Width  Fast    RAMD64E/CLK         n/a            1.250         6.667       5.417      SLICE_X2Y76      cpci/Memmy/Reg_File_Block_reg_0_63_0_2/RAMC/CLK
High Pulse Width  Slow    RAMD64E/CLK         n/a            1.250         6.667       5.417      SLICE_X2Y76      cpci/Memmy/Reg_File_Block_reg_0_63_0_2/RAMD/CLK
High Pulse Width  Fast    RAMD64E/CLK         n/a            1.250         6.667       5.417      SLICE_X2Y76      cpci/Memmy/Reg_File_Block_reg_0_63_0_2/RAMD/CLK
High Pulse Width  Slow    RAMD64E/CLK         n/a            1.250         6.667       5.417      SLICE_X6Y73      cpci/Memmy/Reg_File_Block_reg_0_63_12_14/RAMA/CLK
High Pulse Width  Fast    RAMD64E/CLK         n/a            1.250         6.667       5.417      SLICE_X6Y73      cpci/Memmy/Reg_File_Block_reg_0_63_12_14/RAMA/CLK



---------------------------------------------------------------------------------------------------
From Clock:  clkfbout_clk_wiz_0
  To Clock:  clkfbout_clk_wiz_0

Setup :           NA  Failing Endpoints,  Worst Slack           NA  ,  Total Violation           NA
Hold  :           NA  Failing Endpoints,  Worst Slack           NA  ,  Total Violation           NA
PW    :            0  Failing Endpoints,  Worst Slack       37.845ns,  Total Violation        0.000ns
---------------------------------------------------------------------------------------------------


Pulse Width Checks
--------------------------------------------------------------------------------------
Clock Name:         clkfbout_clk_wiz_0
Waveform(ns):       { 0.000 20.000 }
Period(ns):         40.000
Sources:            { clk_wiz_inst/inst/mmcm_adv_inst/CLKFBOUT }

Check Type  Corner  Lib Pin              Reference Pin  Required(ns)  Actual(ns)  Slack(ns)  Location         Pin
Min Period  n/a     BUFG/I               n/a            2.155         40.000      37.845     BUFGCTRL_X0Y17   clk_wiz_inst/inst/clkf_buf/I
Min Period  n/a     MMCME2_ADV/CLKFBOUT  n/a            1.249         40.000      38.751     MMCME2_ADV_X1Y2  clk_wiz_inst/inst/mmcm_adv_inst/CLKFBOUT
Min Period  n/a     MMCME2_ADV/CLKFBIN   n/a            1.249         40.000      38.751     MMCME2_ADV_X1Y2  clk_wiz_inst/inst/mmcm_adv_inst/CLKFBIN
Max Period  n/a     MMCME2_ADV/CLKFBIN   n/a            100.000       40.000      60.000     MMCME2_ADV_X1Y2  clk_wiz_inst/inst/mmcm_adv_inst/CLKFBIN
Max Period  n/a     MMCME2_ADV/CLKFBOUT  n/a            213.360       40.000      173.360    MMCME2_ADV_X1Y2  clk_wiz_inst/inst/mmcm_adv_inst/CLKFBOUT



--------------------------------------------------------------------------------------
Path Group:  (none)
From Clock:  
  To Clock:  

Max Delay            18 Endpoints
Min Delay            18 Endpoints
--------------------------------------------------------------------------------------


Max Delay Paths
--------------------------------------------------------------------------------------
Slack:                    inf
  Source:                 swt_mode
                            (input port)
  Destination:            Seg7_fpga[3]
                            (output port)
  Path Group:             (none)
  Path Type:              Max at Slow Process Corner
  Data Path Delay:        13.965ns  (logic 6.030ns (43.177%)  route 7.936ns (56.823%))
  Logic Levels:           6  (IBUF=1 LUT4=1 LUT6=2 MUXF7=1 OBUF=1)

    Location             Delay type                Incr(ns)  Path(ns)    Netlist Resource(s)
  -------------------------------------------------------------------    -------------------
    L16                                               0.000     0.000 r  swt_mode (IN)
                         net (fo=0)                   0.000     0.000    swt_mode
    L16                  IBUF (Prop_ibuf_I_O)         1.480     1.480 r  swt_mode_IBUF_inst/O
                         net (fo=25, routed)          3.012     4.492    cpci/countty_inst/swt_mode_IBUF
    SLICE_X7Y76          LUT6 (Prop_lut6_I3_O)        0.124     4.616 f  cpci/countty_inst/Seg7_fpga_OBUF[6]_inst_i_43/O
                         net (fo=1, routed)           0.000     4.616    cpci/countty_inst/Seg7_fpga_OBUF[6]_inst_i_43_n_0
    SLICE_X7Y76          MUXF7 (Prop_muxf7_I1_O)      0.217     4.833 f  cpci/countty_inst/Seg7_fpga_OBUF[6]_inst_i_17/O
                         net (fo=1, routed)           0.976     5.809    cpci/countty_inst/Seg7_fpga_OBUF[6]_inst_i_17_n_0
    SLICE_X3Y78          LUT6 (Prop_lut6_I3_O)        0.299     6.108 r  cpci/countty_inst/Seg7_fpga_OBUF[6]_inst_i_4/O
                         net (fo=7, routed)           0.865     6.973    cpci/countty_inst/Seg7_fpga_OBUF[6]_inst_i_4_n_0
    SLICE_X0Y77          LUT4 (Prop_lut4_I3_O)        0.152     7.125 r  cpci/countty_inst/Seg7_fpga_OBUF[3]_inst_i_1/O
                         net (fo=1, routed)           3.082    10.207    Seg7_fpga_OBUF[3]
    K13                  OBUF (Prop_obuf_I_O)         3.758    13.965 r  Seg7_fpga_OBUF[3]_inst/O
                         net (fo=0)                   0.000    13.965    Seg7_fpga[3]
    K13                                                               r  Seg7_fpga[3] (OUT)
  -------------------------------------------------------------------    -------------------

Slack:                    inf
  Source:                 swt_mode
                            (input port)
  Destination:            Seg7_fpga[6]
                            (output port)
  Path Group:             (none)
  Path Type:              Max at Slow Process Corner
  Data Path Delay:        13.396ns  (logic 6.054ns (45.189%)  route 7.343ns (54.811%))
  Logic Levels:           6  (IBUF=1 LUT4=1 LUT6=2 MUXF7=1 OBUF=1)

    Location             Delay type                Incr(ns)  Path(ns)    Netlist Resource(s)
  -------------------------------------------------------------------    -------------------
    L16                                               0.000     0.000 r  swt_mode (IN)
                         net (fo=0)                   0.000     0.000    swt_mode
    L16                  IBUF (Prop_ibuf_I_O)         1.480     1.480 r  swt_mode_IBUF_inst/O
                         net (fo=25, routed)          3.012     4.492    cpci/countty_inst/swt_mode_IBUF
    SLICE_X7Y76          LUT6 (Prop_lut6_I3_O)        0.124     4.616 f  cpci/countty_inst/Seg7_fpga_OBUF[6]_inst_i_43/O
                         net (fo=1, routed)           0.000     4.616    cpci/countty_inst/Seg7_fpga_OBUF[6]_inst_i_43_n_0
    SLICE_X7Y76          MUXF7 (Prop_muxf7_I1_O)      0.217     4.833 f  cpci/countty_inst/Seg7_fpga_OBUF[6]_inst_i_17/O
                         net (fo=1, routed)           0.976     5.809    cpci/countty_inst/Seg7_fpga_OBUF[6]_inst_i_17_n_0
    SLICE_X3Y78          LUT6 (Prop_lut6_I3_O)        0.299     6.108 r  cpci/countty_inst/Seg7_fpga_OBUF[6]_inst_i_4/O
                         net (fo=7, routed)           0.829     6.937    cpci/countty_inst/Seg7_fpga_OBUF[6]_inst_i_4_n_0
    SLICE_X0Y77          LUT4 (Prop_lut4_I2_O)        0.154     7.091 r  cpci/countty_inst/Seg7_fpga_OBUF[6]_inst_i_1/O
                         net (fo=1, routed)           2.525     9.616    Seg7_fpga_OBUF[6]
    T10                  OBUF (Prop_obuf_I_O)         3.780    13.396 r  Seg7_fpga_OBUF[6]_inst/O
                         net (fo=0)                   0.000    13.396    Seg7_fpga[6]
    T10                                                               r  Seg7_fpga[6] (OUT)
  -------------------------------------------------------------------    -------------------

Slack:                    inf
  Source:                 swt_mode
                            (input port)
  Destination:            Seg7_fpga[5]
                            (output port)
  Path Group:             (none)
  Path Type:              Max at Slow Process Corner
  Data Path Delay:        13.326ns  (logic 5.799ns (43.518%)  route 7.527ns (56.482%))
  Logic Levels:           6  (IBUF=1 LUT4=1 LUT6=2 MUXF7=1 OBUF=1)

    Location             Delay type                Incr(ns)  Path(ns)    Netlist Resource(s)
  -------------------------------------------------------------------    -------------------
    L16                                               0.000     0.000 r  swt_mode (IN)
                         net (fo=0)                   0.000     0.000    swt_mode
    L16                  IBUF (Prop_ibuf_I_O)         1.480     1.480 r  swt_mode_IBUF_inst/O
                         net (fo=25, routed)          3.012     4.492    cpci/countty_inst/swt_mode_IBUF
    SLICE_X7Y76          LUT6 (Prop_lut6_I3_O)        0.124     4.616 f  cpci/countty_inst/Seg7_fpga_OBUF[6]_inst_i_43/O
                         net (fo=1, routed)           0.000     4.616    cpci/countty_inst/Seg7_fpga_OBUF[6]_inst_i_43_n_0
    SLICE_X7Y76          MUXF7 (Prop_muxf7_I1_O)      0.217     4.833 f  cpci/countty_inst/Seg7_fpga_OBUF[6]_inst_i_17/O
                         net (fo=1, routed)           0.976     5.809    cpci/countty_inst/Seg7_fpga_OBUF[6]_inst_i_17_n_0
    SLICE_X3Y78          LUT6 (Prop_lut6_I3_O)        0.299     6.108 r  cpci/countty_inst/Seg7_fpga_OBUF[6]_inst_i_4/O
                         net (fo=7, routed)           0.829     6.937    cpci/countty_inst/Seg7_fpga_OBUF[6]_inst_i_4_n_0
    SLICE_X0Y77          LUT4 (Prop_lut4_I2_O)        0.124     7.061 r  cpci/countty_inst/Seg7_fpga_OBUF[5]_inst_i_1/O
                         net (fo=1, routed)           2.709     9.770    Seg7_fpga_OBUF[5]
    R10                  OBUF (Prop_obuf_I_O)         3.555    13.326 r  Seg7_fpga_OBUF[5]_inst/O
                         net (fo=0)                   0.000    13.326    Seg7_fpga[5]
    R10                                                               r  Seg7_fpga[5] (OUT)
  -------------------------------------------------------------------    -------------------

Slack:                    inf
  Source:                 swt_mode
                            (input port)
  Destination:            Seg7_fpga[0]
                            (output port)
  Path Group:             (none)
  Path Type:              Max at Slow Process Corner
  Data Path Delay:        12.998ns  (logic 6.009ns (46.231%)  route 6.989ns (53.769%))
  Logic Levels:           6  (IBUF=1 LUT4=1 LUT6=2 MUXF7=1 OBUF=1)

    Location             Delay type                Incr(ns)  Path(ns)    Netlist Resource(s)
  -------------------------------------------------------------------    -------------------
    L16                                               0.000     0.000 r  swt_mode (IN)
                         net (fo=0)                   0.000     0.000    swt_mode
    L16                  IBUF (Prop_ibuf_I_O)         1.480     1.480 r  swt_mode_IBUF_inst/O
                         net (fo=25, routed)          3.012     4.492    cpci/countty_inst/swt_mode_IBUF
    SLICE_X7Y76          LUT6 (Prop_lut6_I3_O)        0.124     4.616 f  cpci/countty_inst/Seg7_fpga_OBUF[6]_inst_i_43/O
                         net (fo=1, routed)           0.000     4.616    cpci/countty_inst/Seg7_fpga_OBUF[6]_inst_i_43_n_0
    SLICE_X7Y76          MUXF7 (Prop_muxf7_I1_O)      0.217     4.833 f  cpci/countty_inst/Seg7_fpga_OBUF[6]_inst_i_17/O
                         net (fo=1, routed)           0.976     5.809    cpci/countty_inst/Seg7_fpga_OBUF[6]_inst_i_17_n_0
    SLICE_X3Y78          LUT6 (Prop_lut6_I3_O)        0.299     6.108 r  cpci/countty_inst/Seg7_fpga_OBUF[6]_inst_i_4/O
                         net (fo=7, routed)           0.873     6.981    cpci/countty_inst/Seg7_fpga_OBUF[6]_inst_i_4_n_0
    SLICE_X0Y77          LUT4 (Prop_lut4_I3_O)        0.150     7.131 r  cpci/countty_inst/Seg7_fpga_OBUF[0]_inst_i_1/O
                         net (fo=1, routed)           2.128     9.258    Seg7_fpga_OBUF[0]
    L18                  OBUF (Prop_obuf_I_O)         3.739    12.998 r  Seg7_fpga_OBUF[0]_inst/O
                         net (fo=0)                   0.000    12.998    Seg7_fpga[0]
    L18                                                               r  Seg7_fpga[0] (OUT)
  -------------------------------------------------------------------    -------------------

Slack:                    inf
  Source:                 swt_mode
                            (input port)
  Destination:            Seg7_fpga[1]
                            (output port)
  Path Group:             (none)
  Path Type:              Max at Slow Process Corner
  Data Path Delay:        12.966ns  (logic 5.804ns (44.766%)  route 7.162ns (55.234%))
  Logic Levels:           6  (IBUF=1 LUT4=1 LUT6=2 MUXF7=1 OBUF=1)

    Location             Delay type                Incr(ns)  Path(ns)    Netlist Resource(s)
  -------------------------------------------------------------------    -------------------
    L16                                               0.000     0.000 r  swt_mode (IN)
                         net (fo=0)                   0.000     0.000    swt_mode
    L16                  IBUF (Prop_ibuf_I_O)         1.480     1.480 r  swt_mode_IBUF_inst/O
                         net (fo=25, routed)          3.012     4.492    cpci/countty_inst/swt_mode_IBUF
    SLICE_X7Y76          LUT6 (Prop_lut6_I3_O)        0.124     4.616 f  cpci/countty_inst/Seg7_fpga_OBUF[6]_inst_i_43/O
                         net (fo=1, routed)           0.000     4.616    cpci/countty_inst/Seg7_fpga_OBUF[6]_inst_i_43_n_0
    SLICE_X7Y76          MUXF7 (Prop_muxf7_I1_O)      0.217     4.833 f  cpci/countty_inst/Seg7_fpga_OBUF[6]_inst_i_17/O
                         net (fo=1, routed)           0.976     5.809    cpci/countty_inst/Seg7_fpga_OBUF[6]_inst_i_17_n_0
    SLICE_X3Y78          LUT6 (Prop_lut6_I3_O)        0.299     6.108 r  cpci/countty_inst/Seg7_fpga_OBUF[6]_inst_i_4/O
                         net (fo=7, routed)           0.873     6.981    cpci/countty_inst/Seg7_fpga_OBUF[6]_inst_i_4_n_0
    SLICE_X0Y77          LUT4 (Prop_lut4_I1_O)        0.124     7.105 r  cpci/countty_inst/Seg7_fpga_OBUF[1]_inst_i_1/O
                         net (fo=1, routed)           2.301     9.405    Seg7_fpga_OBUF[1]
    T11                  OBUF (Prop_obuf_I_O)         3.561    12.966 r  Seg7_fpga_OBUF[1]_inst/O
                         net (fo=0)                   0.000    12.966    Seg7_fpga[1]
    T11                                                               r  Seg7_fpga[1] (OUT)
  -------------------------------------------------------------------    -------------------

Slack:                    inf
  Source:                 swt_mode
                            (input port)
  Destination:            Seg7_fpga[4]
                            (output port)
  Path Group:             (none)
  Path Type:              Max at Slow Process Corner
  Data Path Delay:        12.830ns  (logic 5.737ns (44.712%)  route 7.093ns (55.288%))
  Logic Levels:           6  (IBUF=1 LUT4=1 LUT6=2 MUXF7=1 OBUF=1)

    Location             Delay type                Incr(ns)  Path(ns)    Netlist Resource(s)
  -------------------------------------------------------------------    -------------------
    L16                                               0.000     0.000 r  swt_mode (IN)
                         net (fo=0)                   0.000     0.000    swt_mode
    L16                  IBUF (Prop_ibuf_I_O)         1.480     1.480 r  swt_mode_IBUF_inst/O
                         net (fo=25, routed)          3.012     4.492    cpci/countty_inst/swt_mode_IBUF
    SLICE_X7Y76          LUT6 (Prop_lut6_I3_O)        0.124     4.616 r  cpci/countty_inst/Seg7_fpga_OBUF[6]_inst_i_43/O
                         net (fo=1, routed)           0.000     4.616    cpci/countty_inst/Seg7_fpga_OBUF[6]_inst_i_43_n_0
    SLICE_X7Y76          MUXF7 (Prop_muxf7_I1_O)      0.217     4.833 r  cpci/countty_inst/Seg7_fpga_OBUF[6]_inst_i_17/O
                         net (fo=1, routed)           0.976     5.809    cpci/countty_inst/Seg7_fpga_OBUF[6]_inst_i_17_n_0
    SLICE_X3Y78          LUT6 (Prop_lut6_I3_O)        0.299     6.108 f  cpci/countty_inst/Seg7_fpga_OBUF[6]_inst_i_4/O
                         net (fo=7, routed)           0.599     6.707    cpci/countty_inst/Seg7_fpga_OBUF[6]_inst_i_4_n_0
    SLICE_X0Y77          LUT4 (Prop_lut4_I1_O)        0.124     6.831 r  cpci/countty_inst/Seg7_fpga_OBUF[4]_inst_i_1/O
                         net (fo=1, routed)           2.506     9.337    Seg7_fpga_OBUF[4]
    K16                  OBUF (Prop_obuf_I_O)         3.493    12.830 r  Seg7_fpga_OBUF[4]_inst/O
                         net (fo=0)                   0.000    12.830    Seg7_fpga[4]
    K16                                                               r  Seg7_fpga[4] (OUT)
  -------------------------------------------------------------------    -------------------

Slack:                    inf
  Source:                 swt_mode
                            (input port)
  Destination:            Seg7_fpga[2]
                            (output port)
  Path Group:             (none)
  Path Type:              Max at Slow Process Corner
  Data Path Delay:        12.379ns  (logic 5.777ns (46.667%)  route 6.602ns (53.333%))
  Logic Levels:           6  (IBUF=1 LUT4=1 LUT6=2 MUXF7=1 OBUF=1)

    Location             Delay type                Incr(ns)  Path(ns)    Netlist Resource(s)
  -------------------------------------------------------------------    -------------------
    L16                                               0.000     0.000 r  swt_mode (IN)
                         net (fo=0)                   0.000     0.000    swt_mode
    L16                  IBUF (Prop_ibuf_I_O)         1.480     1.480 r  swt_mode_IBUF_inst/O
                         net (fo=25, routed)          3.012     4.492    cpci/countty_inst/swt_mode_IBUF
    SLICE_X7Y76          LUT6 (Prop_lut6_I3_O)        0.124     4.616 f  cpci/countty_inst/Seg7_fpga_OBUF[6]_inst_i_43/O
                         net (fo=1, routed)           0.000     4.616    cpci/countty_inst/Seg7_fpga_OBUF[6]_inst_i_43_n_0
    SLICE_X7Y76          MUXF7 (Prop_muxf7_I1_O)      0.217     4.833 f  cpci/countty_inst/Seg7_fpga_OBUF[6]_inst_i_17/O
                         net (fo=1, routed)           0.976     5.809    cpci/countty_inst/Seg7_fpga_OBUF[6]_inst_i_17_n_0
    SLICE_X3Y78          LUT6 (Prop_lut6_I3_O)        0.299     6.108 r  cpci/countty_inst/Seg7_fpga_OBUF[6]_inst_i_4/O
                         net (fo=7, routed)           0.865     6.973    cpci/countty_inst/Seg7_fpga_OBUF[6]_inst_i_4_n_0
    SLICE_X0Y77          LUT4 (Prop_lut4_I1_O)        0.124     7.097 r  cpci/countty_inst/Seg7_fpga_OBUF[2]_inst_i_1/O
                         net (fo=1, routed)           1.749     8.846    Seg7_fpga_OBUF[2]
    P15                  OBUF (Prop_obuf_I_O)         3.534    12.379 r  Seg7_fpga_OBUF[2]_inst/O
                         net (fo=0)                   0.000    12.379    Seg7_fpga[2]
    P15                                                               r  Seg7_fpga[2] (OUT)
  -------------------------------------------------------------------    -------------------

Slack:                    inf
  Source:                 seven_deccy/Posicion_reg[2]/C
                            (rising edge-triggered cell FDRE)
  Destination:            AnodosSeg_fpga[6]
                            (output port)
  Path Group:             (none)
  Path Type:              Max at Slow Process Corner
  Data Path Delay:        9.799ns  (logic 4.527ns (46.192%)  route 5.273ns (53.808%))
  Logic Levels:           3  (FDRE=1 LUT3=1 OBUF=1)

    Location             Delay type                Incr(ns)  Path(ns)    Netlist Resource(s)
  -------------------------------------------------------------------    -------------------
    SLICE_X2Y80          FDRE                         0.000     0.000 r  seven_deccy/Posicion_reg[2]/C
    SLICE_X2Y80          FDRE (Prop_fdre_C_Q)         0.478     0.478 f  seven_deccy/Posicion_reg[2]/Q
                         net (fo=18, routed)          0.851     1.329    seven_deccy/Posicion[2]
    SLICE_X0Y80          LUT3 (Prop_lut3_I2_O)        0.323     1.652 r  seven_deccy/AnodosSeg_fpga_OBUF[6]_inst_i_1/O
                         net (fo=1, routed)           4.422     6.074    AnodosSeg_fpga_OBUF[6]
    K2                   OBUF (Prop_obuf_I_O)         3.726     9.799 r  AnodosSeg_fpga_OBUF[6]_inst/O
                         net (fo=0)                   0.000     9.799    AnodosSeg_fpga[6]
    K2                                                                r  AnodosSeg_fpga[6] (OUT)
  -------------------------------------------------------------------    -------------------

Slack:                    inf
  Source:                 seven_deccy/Posicion_reg[0]/C
                            (rising edge-triggered cell FDRE)
  Destination:            AnodosSeg_fpga[2]
                            (output port)
  Path Group:             (none)
  Path Type:              Max at Slow Process Corner
  Data Path Delay:        9.110ns  (logic 4.444ns (48.786%)  route 4.666ns (51.214%))
  Logic Levels:           3  (FDRE=1 LUT3=1 OBUF=1)

    Location             Delay type                Incr(ns)  Path(ns)    Netlist Resource(s)
  -------------------------------------------------------------------    -------------------
    SLICE_X2Y80          FDRE                         0.000     0.000 r  seven_deccy/Posicion_reg[0]/C
    SLICE_X2Y80          FDRE (Prop_fdre_C_Q)         0.518     0.518 r  seven_deccy/Posicion_reg[0]/Q
                         net (fo=35, routed)          2.146     2.664    seven_deccy/Posicion[0]
    SLICE_X1Y76          LUT3 (Prop_lut3_I2_O)        0.150     2.814 r  seven_deccy/AnodosSeg_fpga_OBUF[2]_inst_i_1/O
                         net (fo=1, routed)           2.520     5.334    AnodosSeg_fpga_OBUF[2]
    T9                   OBUF (Prop_obuf_I_O)         3.776     9.110 r  AnodosSeg_fpga_OBUF[2]_inst/O
                         net (fo=0)                   0.000     9.110    AnodosSeg_fpga[2]
    T9                                                                r  AnodosSeg_fpga[2] (OUT)
  -------------------------------------------------------------------    -------------------

Slack:                    inf
  Source:                 seven_deccy/Posicion_reg[0]/C
                            (rising edge-triggered cell FDRE)
  Destination:            AnodosSeg_fpga[7]
                            (output port)
  Path Group:             (none)
  Path Type:              Max at Slow Process Corner
  Data Path Delay:        8.672ns  (logic 4.195ns (48.377%)  route 4.477ns (51.623%))
  Logic Levels:           3  (FDRE=1 LUT3=1 OBUF=1)

    Location             Delay type                Incr(ns)  Path(ns)    Netlist Resource(s)
  -------------------------------------------------------------------    -------------------
    SLICE_X2Y80          FDRE                         0.000     0.000 r  seven_deccy/Posicion_reg[0]/C
    SLICE_X2Y80          FDRE (Prop_fdre_C_Q)         0.518     0.518 f  seven_deccy/Posicion_reg[0]/Q
                         net (fo=35, routed)          2.100     2.618    seven_deccy/Posicion[0]
    SLICE_X1Y77          LUT3 (Prop_lut3_I1_O)        0.124     2.742 r  seven_deccy/AnodosSeg_fpga_OBUF[7]_inst_i_1/O
                         net (fo=1, routed)           2.377     5.119    AnodosSeg_fpga_OBUF[7]
    U13                  OBUF (Prop_obuf_I_O)         3.553     8.672 r  AnodosSeg_fpga_OBUF[7]_inst/O
                         net (fo=0)                   0.000     8.672    AnodosSeg_fpga[7]
    U13                                                               r  AnodosSeg_fpga[7] (OUT)
  -------------------------------------------------------------------    -------------------





Min Delay Paths
--------------------------------------------------------------------------------------
Slack:                    inf
  Source:                 seven_deccy/Posicion_reg[1]/C
                            (rising edge-triggered cell FDRE)
  Destination:            seven_deccy/Posicion_reg[2]/D
  Path Group:             (none)
  Path Type:              Min at Fast Process Corner
  Data Path Delay:        0.407ns  (logic 0.207ns (50.921%)  route 0.200ns (49.079%))
  Logic Levels:           2  (FDRE=1 LUT3=1)

    Location             Delay type                Incr(ns)  Path(ns)    Netlist Resource(s)
  -------------------------------------------------------------------    -------------------
    SLICE_X2Y80          FDRE                         0.000     0.000 r  seven_deccy/Posicion_reg[1]/C
    SLICE_X2Y80          FDRE (Prop_fdre_C_Q)         0.164     0.164 r  seven_deccy/Posicion_reg[1]/Q
                         net (fo=25, routed)          0.200     0.364    seven_deccy/Posicion[1]
    SLICE_X2Y80          LUT3 (Prop_lut3_I2_O)        0.043     0.407 r  seven_deccy/Posicion[2]_i_1/O
                         net (fo=1, routed)           0.000     0.407    seven_deccy/Posicion[2]_i_1_n_0
    SLICE_X2Y80          FDRE                                         r  seven_deccy/Posicion_reg[2]/D
  -------------------------------------------------------------------    -------------------

Slack:                    inf
  Source:                 seven_deccy/Posicion_reg[1]/C
                            (rising edge-triggered cell FDRE)
  Destination:            seven_deccy/Posicion_reg[1]/D
  Path Group:             (none)
  Path Type:              Min at Fast Process Corner
  Data Path Delay:        0.409ns  (logic 0.209ns (51.162%)  route 0.200ns (48.838%))
  Logic Levels:           2  (FDRE=1 LUT2=1)

    Location             Delay type                Incr(ns)  Path(ns)    Netlist Resource(s)
  -------------------------------------------------------------------    -------------------
    SLICE_X2Y80          FDRE                         0.000     0.000 r  seven_deccy/Posicion_reg[1]/C
    SLICE_X2Y80          FDRE (Prop_fdre_C_Q)         0.164     0.164 r  seven_deccy/Posicion_reg[1]/Q
                         net (fo=25, routed)          0.200     0.364    seven_deccy/Posicion[1]
    SLICE_X2Y80          LUT2 (Prop_lut2_I1_O)        0.045     0.409 r  seven_deccy/Posicion[1]_i_1/O
                         net (fo=1, routed)           0.000     0.409    seven_deccy/Posicion[1]_i_1_n_0
    SLICE_X2Y80          FDRE                                         r  seven_deccy/Posicion_reg[1]/D
  -------------------------------------------------------------------    -------------------

Slack:                    inf
  Source:                 seven_deccy/Posicion_reg[0]/C
                            (rising edge-triggered cell FDRE)
  Destination:            seven_deccy/Posicion_reg[0]/D
  Path Group:             (none)
  Path Type:              Min at Fast Process Corner
  Data Path Delay:        0.490ns  (logic 0.209ns (42.670%)  route 0.281ns (57.330%))
  Logic Levels:           2  (FDRE=1 LUT1=1)

    Location             Delay type                Incr(ns)  Path(ns)    Netlist Resource(s)
  -------------------------------------------------------------------    -------------------
    SLICE_X2Y80          FDRE                         0.000     0.000 r  seven_deccy/Posicion_reg[0]/C
    SLICE_X2Y80          FDRE (Prop_fdre_C_Q)         0.164     0.164 f  seven_deccy/Posicion_reg[0]/Q
                         net (fo=35, routed)          0.281     0.445    seven_deccy/Posicion[0]
    SLICE_X2Y80          LUT1 (Prop_lut1_I0_O)        0.045     0.490 r  seven_deccy/Posicion[0]_i_1/O
                         net (fo=1, routed)           0.000     0.490    seven_deccy/Posicion[0]_i_1_n_0
    SLICE_X2Y80          FDRE                                         r  seven_deccy/Posicion_reg[0]/D
  -------------------------------------------------------------------    -------------------

Slack:                    inf
  Source:                 seven_deccy/Posicion_reg[1]/C
                            (rising edge-triggered cell FDRE)
  Destination:            AnodosSeg_fpga[4]
                            (output port)
  Path Group:             (none)
  Path Type:              Min at Fast Process Corner
  Data Path Delay:        2.132ns  (logic 1.460ns (68.457%)  route 0.673ns (31.543%))
  Logic Levels:           3  (FDRE=1 LUT3=1 OBUF=1)

    Location             Delay type                Incr(ns)  Path(ns)    Netlist Resource(s)
  -------------------------------------------------------------------    -------------------
    SLICE_X2Y80          FDRE                         0.000     0.000 r  seven_deccy/Posicion_reg[1]/C
    SLICE_X2Y80          FDRE (Prop_fdre_C_Q)         0.164     0.164 r  seven_deccy/Posicion_reg[1]/Q
                         net (fo=25, routed)          0.320     0.484    seven_deccy/Posicion[1]
    SLICE_X0Y80          LUT3 (Prop_lut3_I0_O)        0.045     0.529 r  seven_deccy/AnodosSeg_fpga_OBUF[4]_inst_i_1/O
                         net (fo=1, routed)           0.353     0.882    AnodosSeg_fpga_OBUF[4]
    P14                  OBUF (Prop_obuf_I_O)         1.251     2.132 r  AnodosSeg_fpga_OBUF[4]_inst/O
                         net (fo=0)                   0.000     2.132    AnodosSeg_fpga[4]
    P14                                                               r  AnodosSeg_fpga[4] (OUT)
  -------------------------------------------------------------------    -------------------

Slack:                    inf
  Source:                 seven_deccy/Posicion_reg[1]/C
                            (rising edge-triggered cell FDRE)
  Destination:            AnodosSeg_fpga[5]
                            (output port)
  Path Group:             (none)
  Path Type:              Min at Fast Process Corner
  Data Path Delay:        2.303ns  (logic 1.523ns (66.142%)  route 0.780ns (33.858%))
  Logic Levels:           3  (FDRE=1 LUT3=1 OBUF=1)

    Location             Delay type                Incr(ns)  Path(ns)    Netlist Resource(s)
  -------------------------------------------------------------------    -------------------
    SLICE_X2Y80          FDRE                         0.000     0.000 r  seven_deccy/Posicion_reg[1]/C
    SLICE_X2Y80          FDRE (Prop_fdre_C_Q)         0.164     0.164 r  seven_deccy/Posicion_reg[1]/Q
                         net (fo=25, routed)          0.320     0.484    seven_deccy/Posicion[1]
    SLICE_X0Y80          LUT3 (Prop_lut3_I1_O)        0.042     0.526 r  seven_deccy/AnodosSeg_fpga_OBUF[5]_inst_i_1/O
                         net (fo=1, routed)           0.460     0.986    AnodosSeg_fpga_OBUF[5]
    T14                  OBUF (Prop_obuf_I_O)         1.317     2.303 r  AnodosSeg_fpga_OBUF[5]_inst/O
                         net (fo=0)                   0.000     2.303    AnodosSeg_fpga[5]
    T14                                                               r  AnodosSeg_fpga[5] (OUT)
  -------------------------------------------------------------------    -------------------

Slack:                    inf
  Source:                 seven_deccy/Posicion_reg[1]/C
                            (rising edge-triggered cell FDRE)
  Destination:            AnodosSeg_fpga[1]
                            (output port)
  Path Group:             (none)
  Path Type:              Min at Fast Process Corner
  Data Path Delay:        2.348ns  (logic 1.445ns (61.557%)  route 0.903ns (38.443%))
  Logic Levels:           3  (FDRE=1 LUT3=1 OBUF=1)

    Location             Delay type                Incr(ns)  Path(ns)    Netlist Resource(s)
  -------------------------------------------------------------------    -------------------
    SLICE_X2Y80          FDRE                         0.000     0.000 r  seven_deccy/Posicion_reg[1]/C
    SLICE_X2Y80          FDRE (Prop_fdre_C_Q)         0.164     0.164 r  seven_deccy/Posicion_reg[1]/Q
                         net (fo=25, routed)          0.245     0.409    seven_deccy/Posicion[1]
    SLICE_X0Y80          LUT3 (Prop_lut3_I2_O)        0.045     0.454 r  seven_deccy/AnodosSeg_fpga_OBUF[1]_inst_i_1/O
                         net (fo=1, routed)           0.658     1.112    AnodosSeg_fpga_OBUF[1]
    J18                  OBUF (Prop_obuf_I_O)         1.236     2.348 r  AnodosSeg_fpga_OBUF[1]_inst/O
                         net (fo=0)                   0.000     2.348    AnodosSeg_fpga[1]
    J18                                                               r  AnodosSeg_fpga[1] (OUT)
  -------------------------------------------------------------------    -------------------

Slack:                    inf
  Source:                 seven_deccy/Posicion_reg[1]/C
                            (rising edge-triggered cell FDRE)
  Destination:            AnodosSeg_fpga[0]
                            (output port)
  Path Group:             (none)
  Path Type:              Min at Fast Process Corner
  Data Path Delay:        2.426ns  (logic 1.508ns (62.173%)  route 0.918ns (37.827%))
  Logic Levels:           3  (FDRE=1 LUT3=1 OBUF=1)

    Location             Delay type                Incr(ns)  Path(ns)    Netlist Resource(s)
  -------------------------------------------------------------------    -------------------
    SLICE_X2Y80          FDRE                         0.000     0.000 r  seven_deccy/Posicion_reg[1]/C
    SLICE_X2Y80          FDRE (Prop_fdre_C_Q)         0.164     0.164 r  seven_deccy/Posicion_reg[1]/Q
                         net (fo=25, routed)          0.245     0.409    seven_deccy/Posicion[1]
    SLICE_X0Y80          LUT3 (Prop_lut3_I1_O)        0.046     0.455 r  seven_deccy/AnodosSeg_fpga_OBUF[0]_inst_i_1/O
                         net (fo=1, routed)           0.673     1.128    AnodosSeg_fpga_OBUF[0]
    J17                  OBUF (Prop_obuf_I_O)         1.298     2.426 r  AnodosSeg_fpga_OBUF[0]_inst/O
                         net (fo=0)                   0.000     2.426    AnodosSeg_fpga[0]
    J17                                                               r  AnodosSeg_fpga[0] (OUT)
  -------------------------------------------------------------------    -------------------

Slack:                    inf
  Source:                 seven_deccy/Posicion_reg[0]/C
                            (rising edge-triggered cell FDRE)
  Destination:            AnodosSeg_fpga[3]
                            (output port)
  Path Group:             (none)
  Path Type:              Min at Fast Process Corner
  Data Path Delay:        2.499ns  (logic 1.462ns (58.496%)  route 1.037ns (41.504%))
  Logic Levels:           3  (FDRE=1 LUT3=1 OBUF=1)

    Location             Delay type                Incr(ns)  Path(ns)    Netlist Resource(s)
  -------------------------------------------------------------------    -------------------
    SLICE_X2Y80          FDRE                         0.000     0.000 r  seven_deccy/Posicion_reg[0]/C
    SLICE_X2Y80          FDRE (Prop_fdre_C_Q)         0.164     0.164 f  seven_deccy/Posicion_reg[0]/Q
                         net (fo=35, routed)          0.279     0.443    seven_deccy/Posicion[0]
    SLICE_X0Y80          LUT3 (Prop_lut3_I2_O)        0.045     0.488 r  seven_deccy/AnodosSeg_fpga_OBUF[3]_inst_i_1/O
                         net (fo=1, routed)           0.758     1.246    AnodosSeg_fpga_OBUF[3]
    J14                  OBUF (Prop_obuf_I_O)         1.253     2.499 r  AnodosSeg_fpga_OBUF[3]_inst/O
                         net (fo=0)                   0.000     2.499    AnodosSeg_fpga[3]
    J14                                                               r  AnodosSeg_fpga[3] (OUT)
  -------------------------------------------------------------------    -------------------

Slack:                    inf
  Source:                 seven_deccy/Posicion_reg[2]/C
                            (rising edge-triggered cell FDRE)
  Destination:            Seg7_fpga[2]
                            (output port)
  Path Group:             (none)
  Path Type:              Min at Fast Process Corner
  Data Path Delay:        2.529ns  (logic 1.525ns (60.315%)  route 1.004ns (39.685%))
  Logic Levels:           4  (FDRE=1 LUT4=1 LUT6=1 OBUF=1)

    Location             Delay type                Incr(ns)  Path(ns)    Netlist Resource(s)
  -------------------------------------------------------------------    -------------------
    SLICE_X2Y80          FDRE                         0.000     0.000 r  seven_deccy/Posicion_reg[2]/C
    SLICE_X2Y80          FDRE (Prop_fdre_C_Q)         0.148     0.148 r  seven_deccy/Posicion_reg[2]/Q
                         net (fo=18, routed)          0.399     0.547    cpci/countty_inst/Posicion[2]
    SLICE_X3Y76          LUT6 (Prop_lut6_I2_O)        0.098     0.645 f  cpci/countty_inst/Seg7_fpga_OBUF[6]_inst_i_2/O
                         net (fo=7, routed)           0.210     0.855    cpci/countty_inst/Seg7_fpga_OBUF[6]_inst_i_2_n_0
    SLICE_X0Y77          LUT4 (Prop_lut4_I3_O)        0.045     0.900 r  cpci/countty_inst/Seg7_fpga_OBUF[2]_inst_i_1/O
                         net (fo=1, routed)           0.394     1.295    Seg7_fpga_OBUF[2]
    P15                  OBUF (Prop_obuf_I_O)         1.234     2.529 r  Seg7_fpga_OBUF[2]_inst/O
                         net (fo=0)                   0.000     2.529    Seg7_fpga[2]
    P15                                                               r  Seg7_fpga[2] (OUT)
  -------------------------------------------------------------------    -------------------

Slack:                    inf
  Source:                 seven_deccy/Posicion_reg[1]/C
                            (rising edge-triggered cell FDRE)
  Destination:            AnodosSeg_fpga[7]
                            (output port)
  Path Group:             (none)
  Path Type:              Min at Fast Process Corner
  Data Path Delay:        2.671ns  (logic 1.463ns (54.772%)  route 1.208ns (45.228%))
  Logic Levels:           3  (FDRE=1 LUT3=1 OBUF=1)

    Location             Delay type                Incr(ns)  Path(ns)    Netlist Resource(s)
  -------------------------------------------------------------------    -------------------
    SLICE_X2Y80          FDRE                         0.000     0.000 r  seven_deccy/Posicion_reg[1]/C
    SLICE_X2Y80          FDRE (Prop_fdre_C_Q)         0.164     0.164 f  seven_deccy/Posicion_reg[1]/Q
                         net (fo=25, routed)          0.554     0.718    seven_deccy/Posicion[1]
    SLICE_X1Y77          LUT3 (Prop_lut3_I2_O)        0.045     0.763 r  seven_deccy/AnodosSeg_fpga_OBUF[7]_inst_i_1/O
                         net (fo=1, routed)           0.654     1.417    AnodosSeg_fpga_OBUF[7]
    U13                  OBUF (Prop_obuf_I_O)         1.254     2.671 r  AnodosSeg_fpga_OBUF[7]_inst/O
                         net (fo=0)                   0.000     2.671    AnodosSeg_fpga[7]
    U13                                                               r  AnodosSeg_fpga[7] (OUT)
  -------------------------------------------------------------------    -------------------





--------------------------------------------------------------------------------------
Path Group:  (none)
From Clock:  clk_out1_clk_wiz_0
  To Clock:  

Max Delay             7 Endpoints
Min Delay             7 Endpoints
--------------------------------------------------------------------------------------


Max Delay Paths
--------------------------------------------------------------------------------------
Slack:                    inf
  Source:                 cpci/count_for_mem/butt_deb/count_reg[4]/C
                            (rising edge-triggered cell FDRE clocked by clk_out1_clk_wiz_0  {rise@0.000ns fall@6.667ns period=13.333ns})
  Destination:            Seg7_fpga[3]
                            (output port)
  Path Group:             (none)
  Path Type:              Max at Slow Process Corner
  Data Path Delay:        14.447ns  (logic 5.517ns (38.190%)  route 8.930ns (61.810%))
  Logic Levels:           7  (LUT4=3 LUT6=2 MUXF7=1 OBUF=1)
  Clock Uncertainty:      0.353ns  ((TSJ^2 + DJ^2)^1/2) / 2 + PE
    Total System Jitter     (TSJ):    0.050ns
    Discrete Jitter          (DJ):    0.226ns
    Phase Error              (PE):    0.237ns

    Location             Delay type                Incr(ns)  Path(ns)    Netlist Resource(s)
  -------------------------------------------------------------------    -------------------
                         (clock clk_out1_clk_wiz_0 rise edge)
                                                      0.000     0.000 r  
    E3                                                0.000     0.000 r  clk_100MHz (IN)
                         net (fo=0)                   0.000     0.000    clk_wiz_inst/inst/clk_in1
    E3                   IBUF (Prop_ibuf_I_O)         1.482     1.482 r  clk_wiz_inst/inst/clkin1_ibufg/O
                         net (fo=1, routed)           1.233     2.715    clk_wiz_inst/inst/clk_in1_clk_wiz_0
    MMCME2_ADV_X1Y2      MMCME2_ADV (Prop_mmcme2_adv_CLKIN1_CLKOUT0)
                                                     -7.070    -4.355 r  clk_wiz_inst/inst/mmcm_adv_inst/CLKOUT0
                         net (fo=1, routed)           1.719    -2.636    clk_wiz_inst/inst/clk_out1_clk_wiz_0
    BUFGCTRL_X0Y16       BUFG (Prop_bufg_I_O)         0.096    -2.540 r  clk_wiz_inst/inst/clkout1_buf/O
                         net (fo=350, routed)         1.710    -0.830    cpci/count_for_mem/butt_deb/clk_out1
    SLICE_X7Y78          FDRE                                         r  cpci/count_for_mem/butt_deb/count_reg[4]/C
  -------------------------------------------------------------------    -------------------
    SLICE_X7Y78          FDRE (Prop_fdre_C_Q)         0.456    -0.374 f  cpci/count_for_mem/butt_deb/count_reg[4]/Q
                         net (fo=37, routed)          1.962     1.588    cpci/count_for_mem/butt_deb/Q[4]
    SLICE_X6Y79          LUT4 (Prop_lut4_I3_O)        0.153     1.741 f  cpci/count_for_mem/butt_deb/Seg7_fpga_OBUF[6]_inst_i_35/O
                         net (fo=1, routed)           0.692     2.434    cpci/count_for_mem/butt_deb/Seg7_fpga_OBUF[6]_inst_i_35_n_0
    SLICE_X6Y79          LUT4 (Prop_lut4_I3_O)        0.331     2.765 r  cpci/count_for_mem/butt_deb/Seg7_fpga_OBUF[6]_inst_i_12/O
                         net (fo=25, routed)          1.725     4.489    cpci/countty_inst/Seg7_fpga_OBUF[6]_inst_i_15_0
    SLICE_X3Y75          LUT6 (Prop_lut6_I5_O)        0.124     4.613 f  cpci/countty_inst/Seg7_fpga_OBUF[6]_inst_i_45/O
                         net (fo=1, routed)           0.000     4.613    cpci/countty_inst/Seg7_fpga_OBUF[6]_inst_i_45_n_0
    SLICE_X3Y75          MUXF7 (Prop_muxf7_I1_O)      0.245     4.858 f  cpci/countty_inst/Seg7_fpga_OBUF[6]_inst_i_18/O
                         net (fo=1, routed)           0.603     5.462    cpci/countty_inst/Seg7_fpga_OBUF[6]_inst_i_18_n_0
    SLICE_X3Y78          LUT6 (Prop_lut6_I5_O)        0.298     5.760 r  cpci/countty_inst/Seg7_fpga_OBUF[6]_inst_i_4/O
                         net (fo=7, routed)           0.865     6.624    cpci/countty_inst/Seg7_fpga_OBUF[6]_inst_i_4_n_0
    SLICE_X0Y77          LUT4 (Prop_lut4_I3_O)        0.152     6.776 r  cpci/countty_inst/Seg7_fpga_OBUF[3]_inst_i_1/O
                         net (fo=1, routed)           3.082     9.859    Seg7_fpga_OBUF[3]
    K13                  OBUF (Prop_obuf_I_O)         3.758    13.617 r  Seg7_fpga_OBUF[3]_inst/O
                         net (fo=0)                   0.000    13.617    Seg7_fpga[3]
    K13                                                               r  Seg7_fpga[3] (OUT)
  -------------------------------------------------------------------    -------------------

Slack:                    inf
  Source:                 cpci/count_for_mem/butt_deb/count_reg[4]/C
                            (rising edge-triggered cell FDRE clocked by clk_out1_clk_wiz_0  {rise@0.000ns fall@6.667ns period=13.333ns})
  Destination:            Seg7_fpga[6]
                            (output port)
  Path Group:             (none)
  Path Type:              Max at Slow Process Corner
  Data Path Delay:        13.878ns  (logic 5.541ns (39.928%)  route 8.337ns (60.072%))
  Logic Levels:           7  (LUT4=3 LUT6=2 MUXF7=1 OBUF=1)
  Clock Uncertainty:      0.353ns  ((TSJ^2 + DJ^2)^1/2) / 2 + PE
    Total System Jitter     (TSJ):    0.050ns
    Discrete Jitter          (DJ):    0.226ns
    Phase Error              (PE):    0.237ns

    Location             Delay type                Incr(ns)  Path(ns)    Netlist Resource(s)
  -------------------------------------------------------------------    -------------------
                         (clock clk_out1_clk_wiz_0 rise edge)
                                                      0.000     0.000 r  
    E3                                                0.000     0.000 r  clk_100MHz (IN)
                         net (fo=0)                   0.000     0.000    clk_wiz_inst/inst/clk_in1
    E3                   IBUF (Prop_ibuf_I_O)         1.482     1.482 r  clk_wiz_inst/inst/clkin1_ibufg/O
                         net (fo=1, routed)           1.233     2.715    clk_wiz_inst/inst/clk_in1_clk_wiz_0
    MMCME2_ADV_X1Y2      MMCME2_ADV (Prop_mmcme2_adv_CLKIN1_CLKOUT0)
                                                     -7.070    -4.355 r  clk_wiz_inst/inst/mmcm_adv_inst/CLKOUT0
                         net (fo=1, routed)           1.719    -2.636    clk_wiz_inst/inst/clk_out1_clk_wiz_0
    BUFGCTRL_X0Y16       BUFG (Prop_bufg_I_O)         0.096    -2.540 r  clk_wiz_inst/inst/clkout1_buf/O
                         net (fo=350, routed)         1.710    -0.830    cpci/count_for_mem/butt_deb/clk_out1
    SLICE_X7Y78          FDRE                                         r  cpci/count_for_mem/butt_deb/count_reg[4]/C
  -------------------------------------------------------------------    -------------------
    SLICE_X7Y78          FDRE (Prop_fdre_C_Q)         0.456    -0.374 f  cpci/count_for_mem/butt_deb/count_reg[4]/Q
                         net (fo=37, routed)          1.962     1.588    cpci/count_for_mem/butt_deb/Q[4]
    SLICE_X6Y79          LUT4 (Prop_lut4_I3_O)        0.153     1.741 f  cpci/count_for_mem/butt_deb/Seg7_fpga_OBUF[6]_inst_i_35/O
                         net (fo=1, routed)           0.692     2.434    cpci/count_for_mem/butt_deb/Seg7_fpga_OBUF[6]_inst_i_35_n_0
    SLICE_X6Y79          LUT4 (Prop_lut4_I3_O)        0.331     2.765 r  cpci/count_for_mem/butt_deb/Seg7_fpga_OBUF[6]_inst_i_12/O
                         net (fo=25, routed)          1.725     4.489    cpci/countty_inst/Seg7_fpga_OBUF[6]_inst_i_15_0
    SLICE_X3Y75          LUT6 (Prop_lut6_I5_O)        0.124     4.613 f  cpci/countty_inst/Seg7_fpga_OBUF[6]_inst_i_45/O
                         net (fo=1, routed)           0.000     4.613    cpci/countty_inst/Seg7_fpga_OBUF[6]_inst_i_45_n_0
    SLICE_X3Y75          MUXF7 (Prop_muxf7_I1_O)      0.245     4.858 f  cpci/countty_inst/Seg7_fpga_OBUF[6]_inst_i_18/O
                         net (fo=1, routed)           0.603     5.462    cpci/countty_inst/Seg7_fpga_OBUF[6]_inst_i_18_n_0
    SLICE_X3Y78          LUT6 (Prop_lut6_I5_O)        0.298     5.760 r  cpci/countty_inst/Seg7_fpga_OBUF[6]_inst_i_4/O
                         net (fo=7, routed)           0.829     6.589    cpci/countty_inst/Seg7_fpga_OBUF[6]_inst_i_4_n_0
    SLICE_X0Y77          LUT4 (Prop_lut4_I2_O)        0.154     6.743 r  cpci/countty_inst/Seg7_fpga_OBUF[6]_inst_i_1/O
                         net (fo=1, routed)           2.525     9.268    Seg7_fpga_OBUF[6]
    T10                  OBUF (Prop_obuf_I_O)         3.780    13.048 r  Seg7_fpga_OBUF[6]_inst/O
                         net (fo=0)                   0.000    13.048    Seg7_fpga[6]
    T10                                                               r  Seg7_fpga[6] (OUT)
  -------------------------------------------------------------------    -------------------

Slack:                    inf
  Source:                 cpci/count_for_mem/butt_deb/count_reg[4]/C
                            (rising edge-triggered cell FDRE clocked by clk_out1_clk_wiz_0  {rise@0.000ns fall@6.667ns period=13.333ns})
  Destination:            Seg7_fpga[5]
                            (output port)
  Path Group:             (none)
  Path Type:              Max at Slow Process Corner
  Data Path Delay:        13.807ns  (logic 5.286ns (38.288%)  route 8.521ns (61.712%))
  Logic Levels:           7  (LUT4=3 LUT6=2 MUXF7=1 OBUF=1)
  Clock Uncertainty:      0.353ns  ((TSJ^2 + DJ^2)^1/2) / 2 + PE
    Total System Jitter     (TSJ):    0.050ns
    Discrete Jitter          (DJ):    0.226ns
    Phase Error              (PE):    0.237ns

    Location             Delay type                Incr(ns)  Path(ns)    Netlist Resource(s)
  -------------------------------------------------------------------    -------------------
                         (clock clk_out1_clk_wiz_0 rise edge)
                                                      0.000     0.000 r  
    E3                                                0.000     0.000 r  clk_100MHz (IN)
                         net (fo=0)                   0.000     0.000    clk_wiz_inst/inst/clk_in1
    E3                   IBUF (Prop_ibuf_I_O)         1.482     1.482 r  clk_wiz_inst/inst/clkin1_ibufg/O
                         net (fo=1, routed)           1.233     2.715    clk_wiz_inst/inst/clk_in1_clk_wiz_0
    MMCME2_ADV_X1Y2      MMCME2_ADV (Prop_mmcme2_adv_CLKIN1_CLKOUT0)
                                                     -7.070    -4.355 r  clk_wiz_inst/inst/mmcm_adv_inst/CLKOUT0
                         net (fo=1, routed)           1.719    -2.636    clk_wiz_inst/inst/clk_out1_clk_wiz_0
    BUFGCTRL_X0Y16       BUFG (Prop_bufg_I_O)         0.096    -2.540 r  clk_wiz_inst/inst/clkout1_buf/O
                         net (fo=350, routed)         1.710    -0.830    cpci/count_for_mem/butt_deb/clk_out1
    SLICE_X7Y78          FDRE                                         r  cpci/count_for_mem/butt_deb/count_reg[4]/C
  -------------------------------------------------------------------    -------------------
    SLICE_X7Y78          FDRE (Prop_fdre_C_Q)         0.456    -0.374 f  cpci/count_for_mem/butt_deb/count_reg[4]/Q
                         net (fo=37, routed)          1.962     1.588    cpci/count_for_mem/butt_deb/Q[4]
    SLICE_X6Y79          LUT4 (Prop_lut4_I3_O)        0.153     1.741 f  cpci/count_for_mem/butt_deb/Seg7_fpga_OBUF[6]_inst_i_35/O
                         net (fo=1, routed)           0.692     2.434    cpci/count_for_mem/butt_deb/Seg7_fpga_OBUF[6]_inst_i_35_n_0
    SLICE_X6Y79          LUT4 (Prop_lut4_I3_O)        0.331     2.765 r  cpci/count_for_mem/butt_deb/Seg7_fpga_OBUF[6]_inst_i_12/O
                         net (fo=25, routed)          1.725     4.489    cpci/countty_inst/Seg7_fpga_OBUF[6]_inst_i_15_0
    SLICE_X3Y75          LUT6 (Prop_lut6_I5_O)        0.124     4.613 f  cpci/countty_inst/Seg7_fpga_OBUF[6]_inst_i_45/O
                         net (fo=1, routed)           0.000     4.613    cpci/countty_inst/Seg7_fpga_OBUF[6]_inst_i_45_n_0
    SLICE_X3Y75          MUXF7 (Prop_muxf7_I1_O)      0.245     4.858 f  cpci/countty_inst/Seg7_fpga_OBUF[6]_inst_i_18/O
                         net (fo=1, routed)           0.603     5.462    cpci/countty_inst/Seg7_fpga_OBUF[6]_inst_i_18_n_0
    SLICE_X3Y78          LUT6 (Prop_lut6_I5_O)        0.298     5.760 r  cpci/countty_inst/Seg7_fpga_OBUF[6]_inst_i_4/O
                         net (fo=7, routed)           0.829     6.589    cpci/countty_inst/Seg7_fpga_OBUF[6]_inst_i_4_n_0
    SLICE_X0Y77          LUT4 (Prop_lut4_I2_O)        0.124     6.713 r  cpci/countty_inst/Seg7_fpga_OBUF[5]_inst_i_1/O
                         net (fo=1, routed)           2.709     9.422    Seg7_fpga_OBUF[5]
    R10                  OBUF (Prop_obuf_I_O)         3.555    12.977 r  Seg7_fpga_OBUF[5]_inst/O
                         net (fo=0)                   0.000    12.977    Seg7_fpga[5]
    R10                                                               r  Seg7_fpga[5] (OUT)
  -------------------------------------------------------------------    -------------------

Slack:                    inf
  Source:                 cpci/count_for_mem/butt_deb/count_reg[4]/C
                            (rising edge-triggered cell FDRE clocked by clk_out1_clk_wiz_0  {rise@0.000ns fall@6.667ns period=13.333ns})
  Destination:            Seg7_fpga[0]
                            (output port)
  Path Group:             (none)
  Path Type:              Max at Slow Process Corner
  Data Path Delay:        13.479ns  (logic 5.496ns (40.777%)  route 7.983ns (59.223%))
  Logic Levels:           7  (LUT4=3 LUT6=2 MUXF7=1 OBUF=1)
  Clock Uncertainty:      0.353ns  ((TSJ^2 + DJ^2)^1/2) / 2 + PE
    Total System Jitter     (TSJ):    0.050ns
    Discrete Jitter          (DJ):    0.226ns
    Phase Error              (PE):    0.237ns

    Location             Delay type                Incr(ns)  Path(ns)    Netlist Resource(s)
  -------------------------------------------------------------------    -------------------
                         (clock clk_out1_clk_wiz_0 rise edge)
                                                      0.000     0.000 r  
    E3                                                0.000     0.000 r  clk_100MHz (IN)
                         net (fo=0)                   0.000     0.000    clk_wiz_inst/inst/clk_in1
    E3                   IBUF (Prop_ibuf_I_O)         1.482     1.482 r  clk_wiz_inst/inst/clkin1_ibufg/O
                         net (fo=1, routed)           1.233     2.715    clk_wiz_inst/inst/clk_in1_clk_wiz_0
    MMCME2_ADV_X1Y2      MMCME2_ADV (Prop_mmcme2_adv_CLKIN1_CLKOUT0)
                                                     -7.070    -4.355 r  clk_wiz_inst/inst/mmcm_adv_inst/CLKOUT0
                         net (fo=1, routed)           1.719    -2.636    clk_wiz_inst/inst/clk_out1_clk_wiz_0
    BUFGCTRL_X0Y16       BUFG (Prop_bufg_I_O)         0.096    -2.540 r  clk_wiz_inst/inst/clkout1_buf/O
                         net (fo=350, routed)         1.710    -0.830    cpci/count_for_mem/butt_deb/clk_out1
    SLICE_X7Y78          FDRE                                         r  cpci/count_for_mem/butt_deb/count_reg[4]/C
  -------------------------------------------------------------------    -------------------
    SLICE_X7Y78          FDRE (Prop_fdre_C_Q)         0.456    -0.374 f  cpci/count_for_mem/butt_deb/count_reg[4]/Q
                         net (fo=37, routed)          1.962     1.588    cpci/count_for_mem/butt_deb/Q[4]
    SLICE_X6Y79          LUT4 (Prop_lut4_I3_O)        0.153     1.741 f  cpci/count_for_mem/butt_deb/Seg7_fpga_OBUF[6]_inst_i_35/O
                         net (fo=1, routed)           0.692     2.434    cpci/count_for_mem/butt_deb/Seg7_fpga_OBUF[6]_inst_i_35_n_0
    SLICE_X6Y79          LUT4 (Prop_lut4_I3_O)        0.331     2.765 r  cpci/count_for_mem/butt_deb/Seg7_fpga_OBUF[6]_inst_i_12/O
                         net (fo=25, routed)          1.725     4.489    cpci/countty_inst/Seg7_fpga_OBUF[6]_inst_i_15_0
    SLICE_X3Y75          LUT6 (Prop_lut6_I5_O)        0.124     4.613 f  cpci/countty_inst/Seg7_fpga_OBUF[6]_inst_i_45/O
                         net (fo=1, routed)           0.000     4.613    cpci/countty_inst/Seg7_fpga_OBUF[6]_inst_i_45_n_0
    SLICE_X3Y75          MUXF7 (Prop_muxf7_I1_O)      0.245     4.858 f  cpci/countty_inst/Seg7_fpga_OBUF[6]_inst_i_18/O
                         net (fo=1, routed)           0.603     5.462    cpci/countty_inst/Seg7_fpga_OBUF[6]_inst_i_18_n_0
    SLICE_X3Y78          LUT6 (Prop_lut6_I5_O)        0.298     5.760 r  cpci/countty_inst/Seg7_fpga_OBUF[6]_inst_i_4/O
                         net (fo=7, routed)           0.873     6.632    cpci/countty_inst/Seg7_fpga_OBUF[6]_inst_i_4_n_0
    SLICE_X0Y77          LUT4 (Prop_lut4_I3_O)        0.150     6.782 r  cpci/countty_inst/Seg7_fpga_OBUF[0]_inst_i_1/O
                         net (fo=1, routed)           2.128     8.910    Seg7_fpga_OBUF[0]
    L18                  OBUF (Prop_obuf_I_O)         3.739    12.649 r  Seg7_fpga_OBUF[0]_inst/O
                         net (fo=0)                   0.000    12.649    Seg7_fpga[0]
    L18                                                               r  Seg7_fpga[0] (OUT)
  -------------------------------------------------------------------    -------------------

Slack:                    inf
  Source:                 cpci/count_for_mem/butt_deb/count_reg[4]/C
                            (rising edge-triggered cell FDRE clocked by clk_out1_clk_wiz_0  {rise@0.000ns fall@6.667ns period=13.333ns})
  Destination:            Seg7_fpga[1]
                            (output port)
  Path Group:             (none)
  Path Type:              Max at Slow Process Corner
  Data Path Delay:        13.447ns  (logic 5.292ns (39.351%)  route 8.156ns (60.649%))
  Logic Levels:           7  (LUT4=3 LUT6=2 MUXF7=1 OBUF=1)
  Clock Uncertainty:      0.353ns  ((TSJ^2 + DJ^2)^1/2) / 2 + PE
    Total System Jitter     (TSJ):    0.050ns
    Discrete Jitter          (DJ):    0.226ns
    Phase Error              (PE):    0.237ns

    Location             Delay type                Incr(ns)  Path(ns)    Netlist Resource(s)
  -------------------------------------------------------------------    -------------------
                         (clock clk_out1_clk_wiz_0 rise edge)
                                                      0.000     0.000 r  
    E3                                                0.000     0.000 r  clk_100MHz (IN)
                         net (fo=0)                   0.000     0.000    clk_wiz_inst/inst/clk_in1
    E3                   IBUF (Prop_ibuf_I_O)         1.482     1.482 r  clk_wiz_inst/inst/clkin1_ibufg/O
                         net (fo=1, routed)           1.233     2.715    clk_wiz_inst/inst/clk_in1_clk_wiz_0
    MMCME2_ADV_X1Y2      MMCME2_ADV (Prop_mmcme2_adv_CLKIN1_CLKOUT0)
                                                     -7.070    -4.355 r  clk_wiz_inst/inst/mmcm_adv_inst/CLKOUT0
                         net (fo=1, routed)           1.719    -2.636    clk_wiz_inst/inst/clk_out1_clk_wiz_0
    BUFGCTRL_X0Y16       BUFG (Prop_bufg_I_O)         0.096    -2.540 r  clk_wiz_inst/inst/clkout1_buf/O
                         net (fo=350, routed)         1.710    -0.830    cpci/count_for_mem/butt_deb/clk_out1
    SLICE_X7Y78          FDRE                                         r  cpci/count_for_mem/butt_deb/count_reg[4]/C
  -------------------------------------------------------------------    -------------------
    SLICE_X7Y78          FDRE (Prop_fdre_C_Q)         0.456    -0.374 f  cpci/count_for_mem/butt_deb/count_reg[4]/Q
                         net (fo=37, routed)          1.962     1.588    cpci/count_for_mem/butt_deb/Q[4]
    SLICE_X6Y79          LUT4 (Prop_lut4_I3_O)        0.153     1.741 f  cpci/count_for_mem/butt_deb/Seg7_fpga_OBUF[6]_inst_i_35/O
                         net (fo=1, routed)           0.692     2.434    cpci/count_for_mem/butt_deb/Seg7_fpga_OBUF[6]_inst_i_35_n_0
    SLICE_X6Y79          LUT4 (Prop_lut4_I3_O)        0.331     2.765 r  cpci/count_for_mem/butt_deb/Seg7_fpga_OBUF[6]_inst_i_12/O
                         net (fo=25, routed)          1.725     4.489    cpci/countty_inst/Seg7_fpga_OBUF[6]_inst_i_15_0
    SLICE_X3Y75          LUT6 (Prop_lut6_I5_O)        0.124     4.613 f  cpci/countty_inst/Seg7_fpga_OBUF[6]_inst_i_45/O
                         net (fo=1, routed)           0.000     4.613    cpci/countty_inst/Seg7_fpga_OBUF[6]_inst_i_45_n_0
    SLICE_X3Y75          MUXF7 (Prop_muxf7_I1_O)      0.245     4.858 f  cpci/countty_inst/Seg7_fpga_OBUF[6]_inst_i_18/O
                         net (fo=1, routed)           0.603     5.462    cpci/countty_inst/Seg7_fpga_OBUF[6]_inst_i_18_n_0
    SLICE_X3Y78          LUT6 (Prop_lut6_I5_O)        0.298     5.760 r  cpci/countty_inst/Seg7_fpga_OBUF[6]_inst_i_4/O
                         net (fo=7, routed)           0.873     6.632    cpci/countty_inst/Seg7_fpga_OBUF[6]_inst_i_4_n_0
    SLICE_X0Y77          LUT4 (Prop_lut4_I1_O)        0.124     6.756 r  cpci/countty_inst/Seg7_fpga_OBUF[1]_inst_i_1/O
                         net (fo=1, routed)           2.301     9.057    Seg7_fpga_OBUF[1]
    T11                  OBUF (Prop_obuf_I_O)         3.561    12.618 r  Seg7_fpga_OBUF[1]_inst/O
                         net (fo=0)                   0.000    12.618    Seg7_fpga[1]
    T11                                                               r  Seg7_fpga[1] (OUT)
  -------------------------------------------------------------------    -------------------

Slack:                    inf
  Source:                 cpci/count_for_mem/butt_deb/count_reg[4]/C
                            (rising edge-triggered cell FDRE clocked by clk_out1_clk_wiz_0  {rise@0.000ns fall@6.667ns period=13.333ns})
  Destination:            Seg7_fpga[4]
                            (output port)
  Path Group:             (none)
  Path Type:              Max at Slow Process Corner
  Data Path Delay:        13.312ns  (logic 5.224ns (39.244%)  route 8.088ns (60.756%))
  Logic Levels:           7  (LUT4=3 LUT6=2 MUXF7=1 OBUF=1)
  Clock Uncertainty:      0.353ns  ((TSJ^2 + DJ^2)^1/2) / 2 + PE
    Total System Jitter     (TSJ):    0.050ns
    Discrete Jitter          (DJ):    0.226ns
    Phase Error              (PE):    0.237ns

    Location             Delay type                Incr(ns)  Path(ns)    Netlist Resource(s)
  -------------------------------------------------------------------    -------------------
                         (clock clk_out1_clk_wiz_0 rise edge)
                                                      0.000     0.000 r  
    E3                                                0.000     0.000 r  clk_100MHz (IN)
                         net (fo=0)                   0.000     0.000    clk_wiz_inst/inst/clk_in1
    E3                   IBUF (Prop_ibuf_I_O)         1.482     1.482 r  clk_wiz_inst/inst/clkin1_ibufg/O
                         net (fo=1, routed)           1.233     2.715    clk_wiz_inst/inst/clk_in1_clk_wiz_0
    MMCME2_ADV_X1Y2      MMCME2_ADV (Prop_mmcme2_adv_CLKIN1_CLKOUT0)
                                                     -7.070    -4.355 r  clk_wiz_inst/inst/mmcm_adv_inst/CLKOUT0
                         net (fo=1, routed)           1.719    -2.636    clk_wiz_inst/inst/clk_out1_clk_wiz_0
    BUFGCTRL_X0Y16       BUFG (Prop_bufg_I_O)         0.096    -2.540 r  clk_wiz_inst/inst/clkout1_buf/O
                         net (fo=350, routed)         1.710    -0.830    cpci/count_for_mem/butt_deb/clk_out1
    SLICE_X7Y78          FDRE                                         r  cpci/count_for_mem/butt_deb/count_reg[4]/C
  -------------------------------------------------------------------    -------------------
    SLICE_X7Y78          FDRE (Prop_fdre_C_Q)         0.456    -0.374 r  cpci/count_for_mem/butt_deb/count_reg[4]/Q
                         net (fo=37, routed)          1.962     1.588    cpci/count_for_mem/butt_deb/Q[4]
    SLICE_X6Y79          LUT4 (Prop_lut4_I3_O)        0.153     1.741 r  cpci/count_for_mem/butt_deb/Seg7_fpga_OBUF[6]_inst_i_35/O
                         net (fo=1, routed)           0.692     2.434    cpci/count_for_mem/butt_deb/Seg7_fpga_OBUF[6]_inst_i_35_n_0
    SLICE_X6Y79          LUT4 (Prop_lut4_I3_O)        0.331     2.765 f  cpci/count_for_mem/butt_deb/Seg7_fpga_OBUF[6]_inst_i_12/O
                         net (fo=25, routed)          1.725     4.489    cpci/countty_inst/Seg7_fpga_OBUF[6]_inst_i_15_0
    SLICE_X3Y75          LUT6 (Prop_lut6_I5_O)        0.124     4.613 r  cpci/countty_inst/Seg7_fpga_OBUF[6]_inst_i_45/O
                         net (fo=1, routed)           0.000     4.613    cpci/countty_inst/Seg7_fpga_OBUF[6]_inst_i_45_n_0
    SLICE_X3Y75          MUXF7 (Prop_muxf7_I1_O)      0.245     4.858 r  cpci/countty_inst/Seg7_fpga_OBUF[6]_inst_i_18/O
                         net (fo=1, routed)           0.603     5.462    cpci/countty_inst/Seg7_fpga_OBUF[6]_inst_i_18_n_0
    SLICE_X3Y78          LUT6 (Prop_lut6_I5_O)        0.298     5.760 f  cpci/countty_inst/Seg7_fpga_OBUF[6]_inst_i_4/O
                         net (fo=7, routed)           0.599     6.358    cpci/countty_inst/Seg7_fpga_OBUF[6]_inst_i_4_n_0
    SLICE_X0Y77          LUT4 (Prop_lut4_I1_O)        0.124     6.482 r  cpci/countty_inst/Seg7_fpga_OBUF[4]_inst_i_1/O
                         net (fo=1, routed)           2.506     8.989    Seg7_fpga_OBUF[4]
    K16                  OBUF (Prop_obuf_I_O)         3.493    12.482 r  Seg7_fpga_OBUF[4]_inst/O
                         net (fo=0)                   0.000    12.482    Seg7_fpga[4]
    K16                                                               r  Seg7_fpga[4] (OUT)
  -------------------------------------------------------------------    -------------------

Slack:                    inf
  Source:                 cpci/count_for_mem/butt_deb/count_reg[4]/C
                            (rising edge-triggered cell FDRE clocked by clk_out1_clk_wiz_0  {rise@0.000ns fall@6.667ns period=13.333ns})
  Destination:            Seg7_fpga[2]
                            (output port)
  Path Group:             (none)
  Path Type:              Max at Slow Process Corner
  Data Path Delay:        12.861ns  (logic 5.265ns (40.935%)  route 7.596ns (59.065%))
  Logic Levels:           7  (LUT4=3 LUT6=2 MUXF7=1 OBUF=1)
  Clock Uncertainty:      0.353ns  ((TSJ^2 + DJ^2)^1/2) / 2 + PE
    Total System Jitter     (TSJ):    0.050ns
    Discrete Jitter          (DJ):    0.226ns
    Phase Error              (PE):    0.237ns

    Location             Delay type                Incr(ns)  Path(ns)    Netlist Resource(s)
  -------------------------------------------------------------------    -------------------
                         (clock clk_out1_clk_wiz_0 rise edge)
                                                      0.000     0.000 r  
    E3                                                0.000     0.000 r  clk_100MHz (IN)
                         net (fo=0)                   0.000     0.000    clk_wiz_inst/inst/clk_in1
    E3                   IBUF (Prop_ibuf_I_O)         1.482     1.482 r  clk_wiz_inst/inst/clkin1_ibufg/O
                         net (fo=1, routed)           1.233     2.715    clk_wiz_inst/inst/clk_in1_clk_wiz_0
    MMCME2_ADV_X1Y2      MMCME2_ADV (Prop_mmcme2_adv_CLKIN1_CLKOUT0)
                                                     -7.070    -4.355 r  clk_wiz_inst/inst/mmcm_adv_inst/CLKOUT0
                         net (fo=1, routed)           1.719    -2.636    clk_wiz_inst/inst/clk_out1_clk_wiz_0
    BUFGCTRL_X0Y16       BUFG (Prop_bufg_I_O)         0.096    -2.540 r  clk_wiz_inst/inst/clkout1_buf/O
                         net (fo=350, routed)         1.710    -0.830    cpci/count_for_mem/butt_deb/clk_out1
    SLICE_X7Y78          FDRE                                         r  cpci/count_for_mem/butt_deb/count_reg[4]/C
  -------------------------------------------------------------------    -------------------
    SLICE_X7Y78          FDRE (Prop_fdre_C_Q)         0.456    -0.374 f  cpci/count_for_mem/butt_deb/count_reg[4]/Q
                         net (fo=37, routed)          1.962     1.588    cpci/count_for_mem/butt_deb/Q[4]
    SLICE_X6Y79          LUT4 (Prop_lut4_I3_O)        0.153     1.741 f  cpci/count_for_mem/butt_deb/Seg7_fpga_OBUF[6]_inst_i_35/O
                         net (fo=1, routed)           0.692     2.434    cpci/count_for_mem/butt_deb/Seg7_fpga_OBUF[6]_inst_i_35_n_0
    SLICE_X6Y79          LUT4 (Prop_lut4_I3_O)        0.331     2.765 r  cpci/count_for_mem/butt_deb/Seg7_fpga_OBUF[6]_inst_i_12/O
                         net (fo=25, routed)          1.725     4.489    cpci/countty_inst/Seg7_fpga_OBUF[6]_inst_i_15_0
    SLICE_X3Y75          LUT6 (Prop_lut6_I5_O)        0.124     4.613 f  cpci/countty_inst/Seg7_fpga_OBUF[6]_inst_i_45/O
                         net (fo=1, routed)           0.000     4.613    cpci/countty_inst/Seg7_fpga_OBUF[6]_inst_i_45_n_0
    SLICE_X3Y75          MUXF7 (Prop_muxf7_I1_O)      0.245     4.858 f  cpci/countty_inst/Seg7_fpga_OBUF[6]_inst_i_18/O
                         net (fo=1, routed)           0.603     5.462    cpci/countty_inst/Seg7_fpga_OBUF[6]_inst_i_18_n_0
    SLICE_X3Y78          LUT6 (Prop_lut6_I5_O)        0.298     5.760 r  cpci/countty_inst/Seg7_fpga_OBUF[6]_inst_i_4/O
                         net (fo=7, routed)           0.865     6.624    cpci/countty_inst/Seg7_fpga_OBUF[6]_inst_i_4_n_0
    SLICE_X0Y77          LUT4 (Prop_lut4_I1_O)        0.124     6.748 r  cpci/countty_inst/Seg7_fpga_OBUF[2]_inst_i_1/O
                         net (fo=1, routed)           1.749     8.498    Seg7_fpga_OBUF[2]
    P15                  OBUF (Prop_obuf_I_O)         3.534    12.031 r  Seg7_fpga_OBUF[2]_inst/O
                         net (fo=0)                   0.000    12.031    Seg7_fpga[2]
    P15                                                               r  Seg7_fpga[2] (OUT)
  -------------------------------------------------------------------    -------------------





Min Delay Paths
--------------------------------------------------------------------------------------
Slack:                    inf
  Source:                 cpci/countty_inst/count_reg[17]/C
                            (rising edge-triggered cell FDRE clocked by clk_out1_clk_wiz_0  {rise@0.000ns fall@6.667ns period=13.333ns})
  Destination:            Seg7_fpga[2]
                            (output port)
  Path Group:             (none)
  Path Type:              Min at Fast Process Corner
  Data Path Delay:        2.583ns  (logic 1.635ns (63.301%)  route 0.948ns (36.699%))
  Logic Levels:           5  (LUT4=1 LUT6=2 MUXF7=1 OBUF=1)
  Clock Uncertainty:      0.353ns  ((TSJ^2 + DJ^2)^1/2) / 2 + PE
    Total System Jitter     (TSJ):    0.050ns
    Discrete Jitter          (DJ):    0.226ns
    Phase Error              (PE):    0.237ns

    Location             Delay type                Incr(ns)  Path(ns)    Netlist Resource(s)
  -------------------------------------------------------------------    -------------------
                         (clock clk_out1_clk_wiz_0 rise edge)
                                                      0.000     0.000 r  
    E3                                                0.000     0.000 r  clk_100MHz (IN)
                         net (fo=0)                   0.000     0.000    clk_wiz_inst/inst/clk_in1
    E3                   IBUF (Prop_ibuf_I_O)         0.250     0.250 r  clk_wiz_inst/inst/clkin1_ibufg/O
                         net (fo=1, routed)           0.440     0.690    clk_wiz_inst/inst/clk_in1_clk_wiz_0
    MMCME2_ADV_X1Y2      MMCME2_ADV (Prop_mmcme2_adv_CLKIN1_CLKOUT0)
                                                     -2.379    -1.689 r  clk_wiz_inst/inst/mmcm_adv_inst/CLKOUT0
                         net (fo=1, routed)           0.499    -1.190    clk_wiz_inst/inst/clk_out1_clk_wiz_0
    BUFGCTRL_X0Y16       BUFG (Prop_bufg_I_O)         0.026    -1.164 r  clk_wiz_inst/inst/clkout1_buf/O
                         net (fo=350, routed)         0.593    -0.571    cpci/countty_inst/clk_out1
    SLICE_X5Y78          FDRE                                         r  cpci/countty_inst/count_reg[17]/C
  -------------------------------------------------------------------    -------------------
    SLICE_X5Y78          FDRE (Prop_fdre_C_Q)         0.141    -0.430 f  cpci/countty_inst/count_reg[17]/Q
                         net (fo=2, routed)           0.123    -0.308    cpci/countty_inst/count_reg[17]
    SLICE_X3Y78          LUT6 (Prop_lut6_I0_O)        0.045    -0.263 f  cpci/countty_inst/Seg7_fpga_OBUF[6]_inst_i_40/O
                         net (fo=1, routed)           0.000    -0.263    cpci/countty_inst/Seg7_fpga_OBUF[6]_inst_i_40_n_0
    SLICE_X3Y78          MUXF7 (Prop_muxf7_I0_O)      0.062    -0.201 f  cpci/countty_inst/Seg7_fpga_OBUF[6]_inst_i_16/O
                         net (fo=1, routed)           0.139    -0.061    cpci/countty_inst/Seg7_fpga_OBUF[6]_inst_i_16_n_0
    SLICE_X3Y78          LUT6 (Prop_lut6_I1_O)        0.108     0.047 r  cpci/countty_inst/Seg7_fpga_OBUF[6]_inst_i_4/O
                         net (fo=7, routed)           0.292     0.339    cpci/countty_inst/Seg7_fpga_OBUF[6]_inst_i_4_n_0
    SLICE_X0Y77          LUT4 (Prop_lut4_I1_O)        0.045     0.384 r  cpci/countty_inst/Seg7_fpga_OBUF[2]_inst_i_1/O
                         net (fo=1, routed)           0.394     0.778    Seg7_fpga_OBUF[2]
    P15                  OBUF (Prop_obuf_I_O)         1.234     2.012 r  Seg7_fpga_OBUF[2]_inst/O
                         net (fo=0)                   0.000     2.012    Seg7_fpga[2]
    P15                                                               r  Seg7_fpga[2] (OUT)
  -------------------------------------------------------------------    -------------------

Slack:                    inf
  Source:                 cpci/countty_inst/count_reg[17]/C
                            (rising edge-triggered cell FDRE clocked by clk_out1_clk_wiz_0  {rise@0.000ns fall@6.667ns period=13.333ns})
  Destination:            Seg7_fpga[4]
                            (output port)
  Path Group:             (none)
  Path Type:              Min at Fast Process Corner
  Data Path Delay:        2.727ns  (logic 1.595ns (58.509%)  route 1.131ns (41.491%))
  Logic Levels:           5  (LUT4=1 LUT6=2 MUXF7=1 OBUF=1)
  Clock Uncertainty:      0.353ns  ((TSJ^2 + DJ^2)^1/2) / 2 + PE
    Total System Jitter     (TSJ):    0.050ns
    Discrete Jitter          (DJ):    0.226ns
    Phase Error              (PE):    0.237ns

    Location             Delay type                Incr(ns)  Path(ns)    Netlist Resource(s)
  -------------------------------------------------------------------    -------------------
                         (clock clk_out1_clk_wiz_0 rise edge)
                                                      0.000     0.000 r  
    E3                                                0.000     0.000 r  clk_100MHz (IN)
                         net (fo=0)                   0.000     0.000    clk_wiz_inst/inst/clk_in1
    E3                   IBUF (Prop_ibuf_I_O)         0.250     0.250 r  clk_wiz_inst/inst/clkin1_ibufg/O
                         net (fo=1, routed)           0.440     0.690    clk_wiz_inst/inst/clk_in1_clk_wiz_0
    MMCME2_ADV_X1Y2      MMCME2_ADV (Prop_mmcme2_adv_CLKIN1_CLKOUT0)
                                                     -2.379    -1.689 r  clk_wiz_inst/inst/mmcm_adv_inst/CLKOUT0
                         net (fo=1, routed)           0.499    -1.190    clk_wiz_inst/inst/clk_out1_clk_wiz_0
    BUFGCTRL_X0Y16       BUFG (Prop_bufg_I_O)         0.026    -1.164 r  clk_wiz_inst/inst/clkout1_buf/O
                         net (fo=350, routed)         0.593    -0.571    cpci/countty_inst/clk_out1
    SLICE_X5Y78          FDRE                                         r  cpci/countty_inst/count_reg[17]/C
  -------------------------------------------------------------------    -------------------
    SLICE_X5Y78          FDRE (Prop_fdre_C_Q)         0.141    -0.430 r  cpci/countty_inst/count_reg[17]/Q
                         net (fo=2, routed)           0.123    -0.308    cpci/countty_inst/count_reg[17]
    SLICE_X3Y78          LUT6 (Prop_lut6_I0_O)        0.045    -0.263 r  cpci/countty_inst/Seg7_fpga_OBUF[6]_inst_i_40/O
                         net (fo=1, routed)           0.000    -0.263    cpci/countty_inst/Seg7_fpga_OBUF[6]_inst_i_40_n_0
    SLICE_X3Y78          MUXF7 (Prop_muxf7_I0_O)      0.062    -0.201 r  cpci/countty_inst/Seg7_fpga_OBUF[6]_inst_i_16/O
                         net (fo=1, routed)           0.139    -0.061    cpci/countty_inst/Seg7_fpga_OBUF[6]_inst_i_16_n_0
    SLICE_X3Y78          LUT6 (Prop_lut6_I1_O)        0.108     0.047 f  cpci/countty_inst/Seg7_fpga_OBUF[6]_inst_i_4/O
                         net (fo=7, routed)           0.199     0.246    cpci/countty_inst/Seg7_fpga_OBUF[6]_inst_i_4_n_0
    SLICE_X0Y77          LUT4 (Prop_lut4_I1_O)        0.045     0.291 r  cpci/countty_inst/Seg7_fpga_OBUF[4]_inst_i_1/O
                         net (fo=1, routed)           0.670     0.961    Seg7_fpga_OBUF[4]
    K16                  OBUF (Prop_obuf_I_O)         1.194     2.155 r  Seg7_fpga_OBUF[4]_inst/O
                         net (fo=0)                   0.000     2.155    Seg7_fpga[4]
    K16                                                               r  Seg7_fpga[4] (OUT)
  -------------------------------------------------------------------    -------------------

Slack:                    inf
  Source:                 cpci/countty_inst/count_reg[17]/C
                            (rising edge-triggered cell FDRE clocked by clk_out1_clk_wiz_0  {rise@0.000ns fall@6.667ns period=13.333ns})
  Destination:            Seg7_fpga[0]
                            (output port)
  Path Group:             (none)
  Path Type:              Min at Fast Process Corner
  Data Path Delay:        2.790ns  (logic 1.698ns (60.872%)  route 1.092ns (39.128%))
  Logic Levels:           5  (LUT4=1 LUT6=2 MUXF7=1 OBUF=1)
  Clock Uncertainty:      0.353ns  ((TSJ^2 + DJ^2)^1/2) / 2 + PE
    Total System Jitter     (TSJ):    0.050ns
    Discrete Jitter          (DJ):    0.226ns
    Phase Error              (PE):    0.237ns

    Location             Delay type                Incr(ns)  Path(ns)    Netlist Resource(s)
  -------------------------------------------------------------------    -------------------
                         (clock clk_out1_clk_wiz_0 rise edge)
                                                      0.000     0.000 r  
    E3                                                0.000     0.000 r  clk_100MHz (IN)
                         net (fo=0)                   0.000     0.000    clk_wiz_inst/inst/clk_in1
    E3                   IBUF (Prop_ibuf_I_O)         0.250     0.250 r  clk_wiz_inst/inst/clkin1_ibufg/O
                         net (fo=1, routed)           0.440     0.690    clk_wiz_inst/inst/clk_in1_clk_wiz_0
    MMCME2_ADV_X1Y2      MMCME2_ADV (Prop_mmcme2_adv_CLKIN1_CLKOUT0)
                                                     -2.379    -1.689 r  clk_wiz_inst/inst/mmcm_adv_inst/CLKOUT0
                         net (fo=1, routed)           0.499    -1.190    clk_wiz_inst/inst/clk_out1_clk_wiz_0
    BUFGCTRL_X0Y16       BUFG (Prop_bufg_I_O)         0.026    -1.164 r  clk_wiz_inst/inst/clkout1_buf/O
                         net (fo=350, routed)         0.593    -0.571    cpci/countty_inst/clk_out1
    SLICE_X5Y78          FDRE                                         r  cpci/countty_inst/count_reg[17]/C
  -------------------------------------------------------------------    -------------------
    SLICE_X5Y78          FDRE (Prop_fdre_C_Q)         0.141    -0.430 f  cpci/countty_inst/count_reg[17]/Q
                         net (fo=2, routed)           0.123    -0.308    cpci/countty_inst/count_reg[17]
    SLICE_X3Y78          LUT6 (Prop_lut6_I0_O)        0.045    -0.263 f  cpci/countty_inst/Seg7_fpga_OBUF[6]_inst_i_40/O
                         net (fo=1, routed)           0.000    -0.263    cpci/countty_inst/Seg7_fpga_OBUF[6]_inst_i_40_n_0
    SLICE_X3Y78          MUXF7 (Prop_muxf7_I0_O)      0.062    -0.201 f  cpci/countty_inst/Seg7_fpga_OBUF[6]_inst_i_16/O
                         net (fo=1, routed)           0.139    -0.061    cpci/countty_inst/Seg7_fpga_OBUF[6]_inst_i_16_n_0
    SLICE_X3Y78          LUT6 (Prop_lut6_I1_O)        0.108     0.047 r  cpci/countty_inst/Seg7_fpga_OBUF[6]_inst_i_4/O
                         net (fo=7, routed)           0.303     0.350    cpci/countty_inst/Seg7_fpga_OBUF[6]_inst_i_4_n_0
    SLICE_X0Y77          LUT4 (Prop_lut4_I3_O)        0.042     0.392 r  cpci/countty_inst/Seg7_fpga_OBUF[0]_inst_i_1/O
                         net (fo=1, routed)           0.527     0.918    Seg7_fpga_OBUF[0]
    L18                  OBUF (Prop_obuf_I_O)         1.300     2.218 r  Seg7_fpga_OBUF[0]_inst/O
                         net (fo=0)                   0.000     2.218    Seg7_fpga[0]
    L18                                                               r  Seg7_fpga[0] (OUT)
  -------------------------------------------------------------------    -------------------

Slack:                    inf
  Source:                 cpci/countty_inst/count_reg[17]/C
                            (rising edge-triggered cell FDRE clocked by clk_out1_clk_wiz_0  {rise@0.000ns fall@6.667ns period=13.333ns})
  Destination:            Seg7_fpga[1]
                            (output port)
  Path Group:             (none)
  Path Type:              Min at Fast Process Corner
  Data Path Delay:        2.846ns  (logic 1.662ns (58.414%)  route 1.183ns (41.586%))
  Logic Levels:           5  (LUT4=1 LUT6=2 MUXF7=1 OBUF=1)
  Clock Uncertainty:      0.353ns  ((TSJ^2 + DJ^2)^1/2) / 2 + PE
    Total System Jitter     (TSJ):    0.050ns
    Discrete Jitter          (DJ):    0.226ns
    Phase Error              (PE):    0.237ns

    Location             Delay type                Incr(ns)  Path(ns)    Netlist Resource(s)
  -------------------------------------------------------------------    -------------------
                         (clock clk_out1_clk_wiz_0 rise edge)
                                                      0.000     0.000 r  
    E3                                                0.000     0.000 r  clk_100MHz (IN)
                         net (fo=0)                   0.000     0.000    clk_wiz_inst/inst/clk_in1
    E3                   IBUF (Prop_ibuf_I_O)         0.250     0.250 r  clk_wiz_inst/inst/clkin1_ibufg/O
                         net (fo=1, routed)           0.440     0.690    clk_wiz_inst/inst/clk_in1_clk_wiz_0
    MMCME2_ADV_X1Y2      MMCME2_ADV (Prop_mmcme2_adv_CLKIN1_CLKOUT0)
                                                     -2.379    -1.689 r  clk_wiz_inst/inst/mmcm_adv_inst/CLKOUT0
                         net (fo=1, routed)           0.499    -1.190    clk_wiz_inst/inst/clk_out1_clk_wiz_0
    BUFGCTRL_X0Y16       BUFG (Prop_bufg_I_O)         0.026    -1.164 r  clk_wiz_inst/inst/clkout1_buf/O
                         net (fo=350, routed)         0.593    -0.571    cpci/countty_inst/clk_out1
    SLICE_X5Y78          FDRE                                         r  cpci/countty_inst/count_reg[17]/C
  -------------------------------------------------------------------    -------------------
    SLICE_X5Y78          FDRE (Prop_fdre_C_Q)         0.141    -0.430 f  cpci/countty_inst/count_reg[17]/Q
                         net (fo=2, routed)           0.123    -0.308    cpci/countty_inst/count_reg[17]
    SLICE_X3Y78          LUT6 (Prop_lut6_I0_O)        0.045    -0.263 f  cpci/countty_inst/Seg7_fpga_OBUF[6]_inst_i_40/O
                         net (fo=1, routed)           0.000    -0.263    cpci/countty_inst/Seg7_fpga_OBUF[6]_inst_i_40_n_0
    SLICE_X3Y78          MUXF7 (Prop_muxf7_I0_O)      0.062    -0.201 f  cpci/countty_inst/Seg7_fpga_OBUF[6]_inst_i_16/O
                         net (fo=1, routed)           0.139    -0.061    cpci/countty_inst/Seg7_fpga_OBUF[6]_inst_i_16_n_0
    SLICE_X3Y78          LUT6 (Prop_lut6_I1_O)        0.108     0.047 r  cpci/countty_inst/Seg7_fpga_OBUF[6]_inst_i_4/O
                         net (fo=7, routed)           0.303     0.350    cpci/countty_inst/Seg7_fpga_OBUF[6]_inst_i_4_n_0
    SLICE_X0Y77          LUT4 (Prop_lut4_I1_O)        0.045     0.395 r  cpci/countty_inst/Seg7_fpga_OBUF[1]_inst_i_1/O
                         net (fo=1, routed)           0.619     1.013    Seg7_fpga_OBUF[1]
    T11                  OBUF (Prop_obuf_I_O)         1.261     2.274 r  Seg7_fpga_OBUF[1]_inst/O
                         net (fo=0)                   0.000     2.274    Seg7_fpga[1]
    T11                                                               r  Seg7_fpga[1] (OUT)
  -------------------------------------------------------------------    -------------------

Slack:                    inf
  Source:                 cpci/countty_inst/count_reg[12]/C
                            (rising edge-triggered cell FDRE clocked by clk_out1_clk_wiz_0  {rise@0.000ns fall@6.667ns period=13.333ns})
  Destination:            Seg7_fpga[5]
                            (output port)
  Path Group:             (none)
  Path Type:              Min at Fast Process Corner
  Data Path Delay:        2.981ns  (logic 1.659ns (55.663%)  route 1.321ns (44.337%))
  Logic Levels:           5  (LUT4=1 LUT6=2 MUXF7=1 OBUF=1)
  Clock Uncertainty:      0.353ns  ((TSJ^2 + DJ^2)^1/2) / 2 + PE
    Total System Jitter     (TSJ):    0.050ns
    Discrete Jitter          (DJ):    0.226ns
    Phase Error              (PE):    0.237ns

    Location             Delay type                Incr(ns)  Path(ns)    Netlist Resource(s)
  -------------------------------------------------------------------    -------------------
                         (clock clk_out1_clk_wiz_0 rise edge)
                                                      0.000     0.000 r  
    E3                                                0.000     0.000 r  clk_100MHz (IN)
                         net (fo=0)                   0.000     0.000    clk_wiz_inst/inst/clk_in1
    E3                   IBUF (Prop_ibuf_I_O)         0.250     0.250 r  clk_wiz_inst/inst/clkin1_ibufg/O
                         net (fo=1, routed)           0.440     0.690    clk_wiz_inst/inst/clk_in1_clk_wiz_0
    MMCME2_ADV_X1Y2      MMCME2_ADV (Prop_mmcme2_adv_CLKIN1_CLKOUT0)
                                                     -2.379    -1.689 r  clk_wiz_inst/inst/mmcm_adv_inst/CLKOUT0
                         net (fo=1, routed)           0.499    -1.190    clk_wiz_inst/inst/clk_out1_clk_wiz_0
    BUFGCTRL_X0Y16       BUFG (Prop_bufg_I_O)         0.026    -1.164 r  clk_wiz_inst/inst/clkout1_buf/O
                         net (fo=350, routed)         0.593    -0.571    cpci/countty_inst/clk_out1
    SLICE_X5Y77          FDRE                                         r  cpci/countty_inst/count_reg[12]/C
  -------------------------------------------------------------------    -------------------
    SLICE_X5Y77          FDRE (Prop_fdre_C_Q)         0.141    -0.430 r  cpci/countty_inst/count_reg[12]/Q
                         net (fo=2, routed)           0.164    -0.266    cpci/countty_inst/count_reg[12]
    SLICE_X6Y77          LUT6 (Prop_lut6_I0_O)        0.045    -0.221 r  cpci/countty_inst/Seg7_fpga_OBUF[6]_inst_i_51/O
                         net (fo=1, routed)           0.000    -0.221    cpci/countty_inst/Seg7_fpga_OBUF[6]_inst_i_51_n_0
    SLICE_X6Y77          MUXF7 (Prop_muxf7_I1_O)      0.064    -0.157 r  cpci/countty_inst/Seg7_fpga_OBUF[6]_inst_i_21/O
                         net (fo=1, routed)           0.148    -0.009    cpci/countty_inst/Seg7_fpga_OBUF[6]_inst_i_21_n_0
    SLICE_X3Y77          LUT6 (Prop_lut6_I3_O)        0.108     0.099 r  cpci/countty_inst/Seg7_fpga_OBUF[6]_inst_i_5/O
                         net (fo=7, routed)           0.233     0.332    cpci/countty_inst/Seg7_fpga_OBUF[6]_inst_i_5_n_0
    SLICE_X0Y77          LUT4 (Prop_lut4_I3_O)        0.045     0.377 r  cpci/countty_inst/Seg7_fpga_OBUF[5]_inst_i_1/O
                         net (fo=1, routed)           0.776     1.153    Seg7_fpga_OBUF[5]
    R10                  OBUF (Prop_obuf_I_O)         1.256     2.409 r  Seg7_fpga_OBUF[5]_inst/O
                         net (fo=0)                   0.000     2.409    Seg7_fpga[5]
    R10                                                               r  Seg7_fpga[5] (OUT)
  -------------------------------------------------------------------    -------------------

Slack:                    inf
  Source:                 cpci/countty_inst/count_reg[12]/C
                            (rising edge-triggered cell FDRE clocked by clk_out1_clk_wiz_0  {rise@0.000ns fall@6.667ns period=13.333ns})
  Destination:            Seg7_fpga[6]
                            (output port)
  Path Group:             (none)
  Path Type:              Min at Fast Process Corner
  Data Path Delay:        3.006ns  (logic 1.742ns (57.970%)  route 1.263ns (42.030%))
  Logic Levels:           5  (LUT4=1 LUT6=2 MUXF7=1 OBUF=1)
  Clock Uncertainty:      0.353ns  ((TSJ^2 + DJ^2)^1/2) / 2 + PE
    Total System Jitter     (TSJ):    0.050ns
    Discrete Jitter          (DJ):    0.226ns
    Phase Error              (PE):    0.237ns

    Location             Delay type                Incr(ns)  Path(ns)    Netlist Resource(s)
  -------------------------------------------------------------------    -------------------
                         (clock clk_out1_clk_wiz_0 rise edge)
                                                      0.000     0.000 r  
    E3                                                0.000     0.000 r  clk_100MHz (IN)
                         net (fo=0)                   0.000     0.000    clk_wiz_inst/inst/clk_in1
    E3                   IBUF (Prop_ibuf_I_O)         0.250     0.250 r  clk_wiz_inst/inst/clkin1_ibufg/O
                         net (fo=1, routed)           0.440     0.690    clk_wiz_inst/inst/clk_in1_clk_wiz_0
    MMCME2_ADV_X1Y2      MMCME2_ADV (Prop_mmcme2_adv_CLKIN1_CLKOUT0)
                                                     -2.379    -1.689 r  clk_wiz_inst/inst/mmcm_adv_inst/CLKOUT0
                         net (fo=1, routed)           0.499    -1.190    clk_wiz_inst/inst/clk_out1_clk_wiz_0
    BUFGCTRL_X0Y16       BUFG (Prop_bufg_I_O)         0.026    -1.164 r  clk_wiz_inst/inst/clkout1_buf/O
                         net (fo=350, routed)         0.593    -0.571    cpci/countty_inst/clk_out1
    SLICE_X5Y77          FDRE                                         r  cpci/countty_inst/count_reg[12]/C
  -------------------------------------------------------------------    -------------------
    SLICE_X5Y77          FDRE (Prop_fdre_C_Q)         0.141    -0.430 r  cpci/countty_inst/count_reg[12]/Q
                         net (fo=2, routed)           0.164    -0.266    cpci/countty_inst/count_reg[12]
    SLICE_X6Y77          LUT6 (Prop_lut6_I0_O)        0.045    -0.221 r  cpci/countty_inst/Seg7_fpga_OBUF[6]_inst_i_51/O
                         net (fo=1, routed)           0.000    -0.221    cpci/countty_inst/Seg7_fpga_OBUF[6]_inst_i_51_n_0
    SLICE_X6Y77          MUXF7 (Prop_muxf7_I1_O)      0.064    -0.157 r  cpci/countty_inst/Seg7_fpga_OBUF[6]_inst_i_21/O
                         net (fo=1, routed)           0.148    -0.009    cpci/countty_inst/Seg7_fpga_OBUF[6]_inst_i_21_n_0
    SLICE_X3Y77          LUT6 (Prop_lut6_I3_O)        0.108     0.099 r  cpci/countty_inst/Seg7_fpga_OBUF[6]_inst_i_5/O
                         net (fo=7, routed)           0.233     0.332    cpci/countty_inst/Seg7_fpga_OBUF[6]_inst_i_5_n_0
    SLICE_X0Y77          LUT4 (Prop_lut4_I3_O)        0.042     0.374 r  cpci/countty_inst/Seg7_fpga_OBUF[6]_inst_i_1/O
                         net (fo=1, routed)           0.718     1.092    Seg7_fpga_OBUF[6]
    T10                  OBUF (Prop_obuf_I_O)         1.342     2.434 r  Seg7_fpga_OBUF[6]_inst/O
                         net (fo=0)                   0.000     2.434    Seg7_fpga[6]
    T10                                                               r  Seg7_fpga[6] (OUT)
  -------------------------------------------------------------------    -------------------

Slack:                    inf
  Source:                 cpci/countty_inst/count_reg[17]/C
                            (rising edge-triggered cell FDRE clocked by clk_out1_clk_wiz_0  {rise@0.000ns fall@6.667ns period=13.333ns})
  Destination:            Seg7_fpga[3]
                            (output port)
  Path Group:             (none)
  Path Type:              Min at Fast Process Corner
  Data Path Delay:        3.208ns  (logic 1.717ns (53.515%)  route 1.491ns (46.485%))
  Logic Levels:           5  (LUT4=1 LUT6=2 MUXF7=1 OBUF=1)
  Clock Uncertainty:      0.353ns  ((TSJ^2 + DJ^2)^1/2) / 2 + PE
    Total System Jitter     (TSJ):    0.050ns
    Discrete Jitter          (DJ):    0.226ns
    Phase Error              (PE):    0.237ns

    Location             Delay type                Incr(ns)  Path(ns)    Netlist Resource(s)
  -------------------------------------------------------------------    -------------------
                         (clock clk_out1_clk_wiz_0 rise edge)
                                                      0.000     0.000 r  
    E3                                                0.000     0.000 r  clk_100MHz (IN)
                         net (fo=0)                   0.000     0.000    clk_wiz_inst/inst/clk_in1
    E3                   IBUF (Prop_ibuf_I_O)         0.250     0.250 r  clk_wiz_inst/inst/clkin1_ibufg/O
                         net (fo=1, routed)           0.440     0.690    clk_wiz_inst/inst/clk_in1_clk_wiz_0
    MMCME2_ADV_X1Y2      MMCME2_ADV (Prop_mmcme2_adv_CLKIN1_CLKOUT0)
                                                     -2.379    -1.689 r  clk_wiz_inst/inst/mmcm_adv_inst/CLKOUT0
                         net (fo=1, routed)           0.499    -1.190    clk_wiz_inst/inst/clk_out1_clk_wiz_0
    BUFGCTRL_X0Y16       BUFG (Prop_bufg_I_O)         0.026    -1.164 r  clk_wiz_inst/inst/clkout1_buf/O
                         net (fo=350, routed)         0.593    -0.571    cpci/countty_inst/clk_out1
    SLICE_X5Y78          FDRE                                         r  cpci/countty_inst/count_reg[17]/C
  -------------------------------------------------------------------    -------------------
    SLICE_X5Y78          FDRE (Prop_fdre_C_Q)         0.141    -0.430 f  cpci/countty_inst/count_reg[17]/Q
                         net (fo=2, routed)           0.123    -0.308    cpci/countty_inst/count_reg[17]
    SLICE_X3Y78          LUT6 (Prop_lut6_I0_O)        0.045    -0.263 f  cpci/countty_inst/Seg7_fpga_OBUF[6]_inst_i_40/O
                         net (fo=1, routed)           0.000    -0.263    cpci/countty_inst/Seg7_fpga_OBUF[6]_inst_i_40_n_0
    SLICE_X3Y78          MUXF7 (Prop_muxf7_I0_O)      0.062    -0.201 f  cpci/countty_inst/Seg7_fpga_OBUF[6]_inst_i_16/O
                         net (fo=1, routed)           0.139    -0.061    cpci/countty_inst/Seg7_fpga_OBUF[6]_inst_i_16_n_0
    SLICE_X3Y78          LUT6 (Prop_lut6_I1_O)        0.108     0.047 r  cpci/countty_inst/Seg7_fpga_OBUF[6]_inst_i_4/O
                         net (fo=7, routed)           0.292     0.339    cpci/countty_inst/Seg7_fpga_OBUF[6]_inst_i_4_n_0
    SLICE_X0Y77          LUT4 (Prop_lut4_I3_O)        0.043     0.382 r  cpci/countty_inst/Seg7_fpga_OBUF[3]_inst_i_1/O
                         net (fo=1, routed)           0.937     1.319    Seg7_fpga_OBUF[3]
    K13                  OBUF (Prop_obuf_I_O)         1.318     2.637 r  Seg7_fpga_OBUF[3]_inst/O
                         net (fo=0)                   0.000     2.637    Seg7_fpga[3]
    K13                                                               r  Seg7_fpga[3] (OUT)
  -------------------------------------------------------------------    -------------------





--------------------------------------------------------------------------------------
Path Group:  (none)
From Clock:  clkfbout_clk_wiz_0
  To Clock:  

Max Delay             1 Endpoint
Min Delay             1 Endpoint
--------------------------------------------------------------------------------------


Max Delay Paths
--------------------------------------------------------------------------------------
Slack:                    inf
  Source:                 clk_wiz_inst/inst/mmcm_adv_inst/CLKFBOUT
                            (clock source 'clkfbout_clk_wiz_0'  {rise@0.000ns fall@20.000ns period=40.000ns})
  Destination:            clk_wiz_inst/inst/mmcm_adv_inst/CLKFBIN
  Path Group:             (none)
  Path Type:              Max at Fast Process Corner
  Data Path Delay:        1.396ns  (logic 0.029ns (2.077%)  route 1.367ns (97.923%))
  Logic Levels:           1  (BUFG=1)
  Clock Uncertainty:      0.317ns  ((TSJ^2 + DJ^2)^1/2) / 2 + PE
    Total System Jitter     (TSJ):    0.050ns
    Discrete Jitter          (DJ):    0.153ns
    Phase Error              (PE):    0.237ns

    Location             Delay type                Incr(ns)  Path(ns)    Netlist Resource(s)
  -------------------------------------------------------------------    -------------------
                         (clock clkfbout_clk_wiz_0 fall edge)
                                                     20.000    20.000 f  
    E3                                                0.000    20.000 f  clk_100MHz (IN)
                         net (fo=0)                   0.000    20.000    clk_wiz_inst/inst/clk_in1
    E3                   IBUF (Prop_ibuf_I_O)         0.438    20.438 f  clk_wiz_inst/inst/clkin1_ibufg/O
                         net (fo=1, routed)           0.480    20.918    clk_wiz_inst/inst/clk_in1_clk_wiz_0
  -------------------------------------------------------------------    -------------------
    MMCME2_ADV_X1Y2      MMCME2_ADV (Prop_mmcme2_adv_CLKIN1_CLKFBOUT)
                                                     -3.163    17.755 f  clk_wiz_inst/inst/mmcm_adv_inst/CLKFBOUT
                         net (fo=1, routed)           0.544    18.298    clk_wiz_inst/inst/clkfbout_clk_wiz_0
    BUFGCTRL_X0Y17       BUFG (Prop_bufg_I_O)         0.029    18.327 f  clk_wiz_inst/inst/clkf_buf/O
                         net (fo=1, routed)           0.824    19.151    clk_wiz_inst/inst/clkfbout_buf_clk_wiz_0
    MMCME2_ADV_X1Y2      MMCME2_ADV                                   f  clk_wiz_inst/inst/mmcm_adv_inst/CLKFBIN
  -------------------------------------------------------------------    -------------------





Min Delay Paths
--------------------------------------------------------------------------------------
Slack:                    inf
  Source:                 clk_wiz_inst/inst/mmcm_adv_inst/CLKFBOUT
                            (clock source 'clkfbout_clk_wiz_0'  {rise@0.000ns fall@20.000ns period=40.000ns})
  Destination:            clk_wiz_inst/inst/mmcm_adv_inst/CLKFBIN
  Path Group:             (none)
  Path Type:              Min at Slow Process Corner
  Data Path Delay:        3.236ns  (logic 0.091ns (2.812%)  route 3.145ns (97.188%))
  Logic Levels:           1  (BUFG=1)
  Clock Uncertainty:      0.317ns  ((TSJ^2 + DJ^2)^1/2) / 2 + PE
    Total System Jitter     (TSJ):    0.050ns
    Discrete Jitter          (DJ):    0.153ns
    Phase Error              (PE):    0.237ns

    Location             Delay type                Incr(ns)  Path(ns)    Netlist Resource(s)
  -------------------------------------------------------------------    -------------------
                         (clock clkfbout_clk_wiz_0 rise edge)
                                                      0.000     0.000 r  
    E3                                                0.000     0.000 r  clk_100MHz (IN)
                         net (fo=0)                   0.000     0.000    clk_wiz_inst/inst/clk_in1
    E3                   IBUF (Prop_ibuf_I_O)         1.411     1.411 r  clk_wiz_inst/inst/clkin1_ibufg/O
                         net (fo=1, routed)           1.162     2.573    clk_wiz_inst/inst/clk_in1_clk_wiz_0
  -------------------------------------------------------------------    -------------------
    MMCME2_ADV_X1Y2      MMCME2_ADV (Prop_mmcme2_adv_CLKIN1_CLKFBOUT)
                                                     -7.324    -4.751 r  clk_wiz_inst/inst/mmcm_adv_inst/CLKFBOUT
                         net (fo=1, routed)           1.639    -3.112    clk_wiz_inst/inst/clkfbout_clk_wiz_0
    BUFGCTRL_X0Y17       BUFG (Prop_bufg_I_O)         0.091    -3.021 r  clk_wiz_inst/inst/clkf_buf/O
                         net (fo=1, routed)           1.506    -1.515    clk_wiz_inst/inst/clkfbout_buf_clk_wiz_0
    MMCME2_ADV_X1Y2      MMCME2_ADV                                   r  clk_wiz_inst/inst/mmcm_adv_inst/CLKFBIN
  -------------------------------------------------------------------    -------------------





--------------------------------------------------------------------------------------
Path Group:  (none)
From Clock:  
  To Clock:  clk_out1_clk_wiz_0

Max Delay           187 Endpoints
Min Delay           187 Endpoints
--------------------------------------------------------------------------------------


Max Delay Paths
--------------------------------------------------------------------------------------
Slack:                    inf
  Source:                 reset
                            (input port)
  Destination:            cpci/countty_inst/prev_PC_reg[1]/S
                            (rising edge-triggered cell FDSE clocked by clk_out1_clk_wiz_0  {rise@0.000ns fall@6.667ns period=13.333ns})
  Path Group:             (none)
  Path Type:              Setup (Max at Slow Process Corner)
  Data Path Delay:        5.943ns  (logic 1.478ns (24.862%)  route 4.466ns (75.138%))
  Logic Levels:           1  (IBUF=1)
  Clock Path Skew:        -1.420ns (DCD - SCD + CPR)
    Destination Clock Delay (DCD):    -1.420ns
    Source Clock Delay      (SCD):    0.000ns
    Clock Pessimism Removal (CPR):    0.000ns
  Clock Uncertainty:      0.353ns  ((TSJ^2 + DJ^2)^1/2) / 2 + PE
    Total System Jitter     (TSJ):    0.050ns
    Discrete Jitter          (DJ):    0.226ns
    Phase Error              (PE):    0.237ns

    Location             Delay type                Incr(ns)  Path(ns)    Netlist Resource(s)
  -------------------------------------------------------------------    -------------------
    J15                                               0.000     0.000 r  reset (IN)
                         net (fo=0)                   0.000     0.000    reset
    J15                  IBUF (Prop_ibuf_I_O)         1.478     1.478 r  reset_IBUF_inst/O
                         net (fo=146, routed)         4.466     5.943    cpci/countty_inst/reset_IBUF
    SLICE_X0Y64          FDSE                                         r  cpci/countty_inst/prev_PC_reg[1]/S
  -------------------------------------------------------------------    -------------------

                         (clock clk_out1_clk_wiz_0 rise edge)
                                                      0.000     0.000 r  
    E3                                                0.000     0.000 r  clk_100MHz (IN)
                         net (fo=0)                   0.000     0.000    clk_wiz_inst/inst/clk_in1
    E3                   IBUF (Prop_ibuf_I_O)         1.411     1.411 r  clk_wiz_inst/inst/clkin1_ibufg/O
                         net (fo=1, routed)           1.162     2.573    clk_wiz_inst/inst/clk_in1_clk_wiz_0
    MMCME2_ADV_X1Y2      MMCME2_ADV (Prop_mmcme2_adv_CLKIN1_CLKOUT0)
                                                     -7.324    -4.751 r  clk_wiz_inst/inst/mmcm_adv_inst/CLKOUT0
                         net (fo=1, routed)           1.639    -3.112    clk_wiz_inst/inst/clk_out1_clk_wiz_0
    BUFGCTRL_X0Y16       BUFG (Prop_bufg_I_O)         0.091    -3.021 r  clk_wiz_inst/inst/clkout1_buf/O
                         net (fo=350, routed)         1.600    -1.420    cpci/countty_inst/clk_out1
    SLICE_X0Y64          FDSE                                         r  cpci/countty_inst/prev_PC_reg[1]/C

Slack:                    inf
  Source:                 reset
                            (input port)
  Destination:            cpci/countty_inst/prev_PC_reg[2]/S
                            (rising edge-triggered cell FDSE clocked by clk_out1_clk_wiz_0  {rise@0.000ns fall@6.667ns period=13.333ns})
  Path Group:             (none)
  Path Type:              Setup (Max at Slow Process Corner)
  Data Path Delay:        5.943ns  (logic 1.478ns (24.862%)  route 4.466ns (75.138%))
  Logic Levels:           1  (IBUF=1)
  Clock Path Skew:        -1.420ns (DCD - SCD + CPR)
    Destination Clock Delay (DCD):    -1.420ns
    Source Clock Delay      (SCD):    0.000ns
    Clock Pessimism Removal (CPR):    0.000ns
  Clock Uncertainty:      0.353ns  ((TSJ^2 + DJ^2)^1/2) / 2 + PE
    Total System Jitter     (TSJ):    0.050ns
    Discrete Jitter          (DJ):    0.226ns
    Phase Error              (PE):    0.237ns

    Location             Delay type                Incr(ns)  Path(ns)    Netlist Resource(s)
  -------------------------------------------------------------------    -------------------
    J15                                               0.000     0.000 r  reset (IN)
                         net (fo=0)                   0.000     0.000    reset
    J15                  IBUF (Prop_ibuf_I_O)         1.478     1.478 r  reset_IBUF_inst/O
                         net (fo=146, routed)         4.466     5.943    cpci/countty_inst/reset_IBUF
    SLICE_X0Y64          FDSE                                         r  cpci/countty_inst/prev_PC_reg[2]/S
  -------------------------------------------------------------------    -------------------

                         (clock clk_out1_clk_wiz_0 rise edge)
                                                      0.000     0.000 r  
    E3                                                0.000     0.000 r  clk_100MHz (IN)
                         net (fo=0)                   0.000     0.000    clk_wiz_inst/inst/clk_in1
    E3                   IBUF (Prop_ibuf_I_O)         1.411     1.411 r  clk_wiz_inst/inst/clkin1_ibufg/O
                         net (fo=1, routed)           1.162     2.573    clk_wiz_inst/inst/clk_in1_clk_wiz_0
    MMCME2_ADV_X1Y2      MMCME2_ADV (Prop_mmcme2_adv_CLKIN1_CLKOUT0)
                                                     -7.324    -4.751 r  clk_wiz_inst/inst/mmcm_adv_inst/CLKOUT0
                         net (fo=1, routed)           1.639    -3.112    clk_wiz_inst/inst/clk_out1_clk_wiz_0
    BUFGCTRL_X0Y16       BUFG (Prop_bufg_I_O)         0.091    -3.021 r  clk_wiz_inst/inst/clkout1_buf/O
                         net (fo=350, routed)         1.600    -1.420    cpci/countty_inst/clk_out1
    SLICE_X0Y64          FDSE                                         r  cpci/countty_inst/prev_PC_reg[2]/C

Slack:                    inf
  Source:                 reset
                            (input port)
  Destination:            cpci/countty_inst/prev_PC_reg[3]/S
                            (rising edge-triggered cell FDSE clocked by clk_out1_clk_wiz_0  {rise@0.000ns fall@6.667ns period=13.333ns})
  Path Group:             (none)
  Path Type:              Setup (Max at Slow Process Corner)
  Data Path Delay:        5.943ns  (logic 1.478ns (24.862%)  route 4.466ns (75.138%))
  Logic Levels:           1  (IBUF=1)
  Clock Path Skew:        -1.420ns (DCD - SCD + CPR)
    Destination Clock Delay (DCD):    -1.420ns
    Source Clock Delay      (SCD):    0.000ns
    Clock Pessimism Removal (CPR):    0.000ns
  Clock Uncertainty:      0.353ns  ((TSJ^2 + DJ^2)^1/2) / 2 + PE
    Total System Jitter     (TSJ):    0.050ns
    Discrete Jitter          (DJ):    0.226ns
    Phase Error              (PE):    0.237ns

    Location             Delay type                Incr(ns)  Path(ns)    Netlist Resource(s)
  -------------------------------------------------------------------    -------------------
    J15                                               0.000     0.000 r  reset (IN)
                         net (fo=0)                   0.000     0.000    reset
    J15                  IBUF (Prop_ibuf_I_O)         1.478     1.478 r  reset_IBUF_inst/O
                         net (fo=146, routed)         4.466     5.943    cpci/countty_inst/reset_IBUF
    SLICE_X0Y64          FDSE                                         r  cpci/countty_inst/prev_PC_reg[3]/S
  -------------------------------------------------------------------    -------------------

                         (clock clk_out1_clk_wiz_0 rise edge)
                                                      0.000     0.000 r  
    E3                                                0.000     0.000 r  clk_100MHz (IN)
                         net (fo=0)                   0.000     0.000    clk_wiz_inst/inst/clk_in1
    E3                   IBUF (Prop_ibuf_I_O)         1.411     1.411 r  clk_wiz_inst/inst/clkin1_ibufg/O
                         net (fo=1, routed)           1.162     2.573    clk_wiz_inst/inst/clk_in1_clk_wiz_0
    MMCME2_ADV_X1Y2      MMCME2_ADV (Prop_mmcme2_adv_CLKIN1_CLKOUT0)
                                                     -7.324    -4.751 r  clk_wiz_inst/inst/mmcm_adv_inst/CLKOUT0
                         net (fo=1, routed)           1.639    -3.112    clk_wiz_inst/inst/clk_out1_clk_wiz_0
    BUFGCTRL_X0Y16       BUFG (Prop_bufg_I_O)         0.091    -3.021 r  clk_wiz_inst/inst/clkout1_buf/O
                         net (fo=350, routed)         1.600    -1.420    cpci/countty_inst/clk_out1
    SLICE_X0Y64          FDSE                                         r  cpci/countty_inst/prev_PC_reg[3]/C

Slack:                    inf
  Source:                 reset
                            (input port)
  Destination:            cpci/countty_inst/prev_PC_reg[4]/S
                            (rising edge-triggered cell FDSE clocked by clk_out1_clk_wiz_0  {rise@0.000ns fall@6.667ns period=13.333ns})
  Path Group:             (none)
  Path Type:              Setup (Max at Slow Process Corner)
  Data Path Delay:        5.943ns  (logic 1.478ns (24.862%)  route 4.466ns (75.138%))
  Logic Levels:           1  (IBUF=1)
  Clock Path Skew:        -1.420ns (DCD - SCD + CPR)
    Destination Clock Delay (DCD):    -1.420ns
    Source Clock Delay      (SCD):    0.000ns
    Clock Pessimism Removal (CPR):    0.000ns
  Clock Uncertainty:      0.353ns  ((TSJ^2 + DJ^2)^1/2) / 2 + PE
    Total System Jitter     (TSJ):    0.050ns
    Discrete Jitter          (DJ):    0.226ns
    Phase Error              (PE):    0.237ns

    Location             Delay type                Incr(ns)  Path(ns)    Netlist Resource(s)
  -------------------------------------------------------------------    -------------------
    J15                                               0.000     0.000 r  reset (IN)
                         net (fo=0)                   0.000     0.000    reset
    J15                  IBUF (Prop_ibuf_I_O)         1.478     1.478 r  reset_IBUF_inst/O
                         net (fo=146, routed)         4.466     5.943    cpci/countty_inst/reset_IBUF
    SLICE_X0Y64          FDSE                                         r  cpci/countty_inst/prev_PC_reg[4]/S
  -------------------------------------------------------------------    -------------------

                         (clock clk_out1_clk_wiz_0 rise edge)
                                                      0.000     0.000 r  
    E3                                                0.000     0.000 r  clk_100MHz (IN)
                         net (fo=0)                   0.000     0.000    clk_wiz_inst/inst/clk_in1
    E3                   IBUF (Prop_ibuf_I_O)         1.411     1.411 r  clk_wiz_inst/inst/clkin1_ibufg/O
                         net (fo=1, routed)           1.162     2.573    clk_wiz_inst/inst/clk_in1_clk_wiz_0
    MMCME2_ADV_X1Y2      MMCME2_ADV (Prop_mmcme2_adv_CLKIN1_CLKOUT0)
                                                     -7.324    -4.751 r  clk_wiz_inst/inst/mmcm_adv_inst/CLKOUT0
                         net (fo=1, routed)           1.639    -3.112    clk_wiz_inst/inst/clk_out1_clk_wiz_0
    BUFGCTRL_X0Y16       BUFG (Prop_bufg_I_O)         0.091    -3.021 r  clk_wiz_inst/inst/clkout1_buf/O
                         net (fo=350, routed)         1.600    -1.420    cpci/countty_inst/clk_out1
    SLICE_X0Y64          FDSE                                         r  cpci/countty_inst/prev_PC_reg[4]/C

Slack:                    inf
  Source:                 reset
                            (input port)
  Destination:            cpci/countty_inst/prev_PC_reg[5]/S
                            (rising edge-triggered cell FDSE clocked by clk_out1_clk_wiz_0  {rise@0.000ns fall@6.667ns period=13.333ns})
  Path Group:             (none)
  Path Type:              Setup (Max at Slow Process Corner)
  Data Path Delay:        5.813ns  (logic 1.478ns (25.419%)  route 4.335ns (74.581%))
  Logic Levels:           1  (IBUF=1)
  Clock Path Skew:        -1.421ns (DCD - SCD + CPR)
    Destination Clock Delay (DCD):    -1.421ns
    Source Clock Delay      (SCD):    0.000ns
    Clock Pessimism Removal (CPR):    0.000ns
  Clock Uncertainty:      0.353ns  ((TSJ^2 + DJ^2)^1/2) / 2 + PE
    Total System Jitter     (TSJ):    0.050ns
    Discrete Jitter          (DJ):    0.226ns
    Phase Error              (PE):    0.237ns

    Location             Delay type                Incr(ns)  Path(ns)    Netlist Resource(s)
  -------------------------------------------------------------------    -------------------
    J15                                               0.000     0.000 r  reset (IN)
                         net (fo=0)                   0.000     0.000    reset
    J15                  IBUF (Prop_ibuf_I_O)         1.478     1.478 r  reset_IBUF_inst/O
                         net (fo=146, routed)         4.335     5.813    cpci/countty_inst/reset_IBUF
    SLICE_X0Y65          FDSE                                         r  cpci/countty_inst/prev_PC_reg[5]/S
  -------------------------------------------------------------------    -------------------

                         (clock clk_out1_clk_wiz_0 rise edge)
                                                      0.000     0.000 r  
    E3                                                0.000     0.000 r  clk_100MHz (IN)
                         net (fo=0)                   0.000     0.000    clk_wiz_inst/inst/clk_in1
    E3                   IBUF (Prop_ibuf_I_O)         1.411     1.411 r  clk_wiz_inst/inst/clkin1_ibufg/O
                         net (fo=1, routed)           1.162     2.573    clk_wiz_inst/inst/clk_in1_clk_wiz_0
    MMCME2_ADV_X1Y2      MMCME2_ADV (Prop_mmcme2_adv_CLKIN1_CLKOUT0)
                                                     -7.324    -4.751 r  clk_wiz_inst/inst/mmcm_adv_inst/CLKOUT0
                         net (fo=1, routed)           1.639    -3.112    clk_wiz_inst/inst/clk_out1_clk_wiz_0
    BUFGCTRL_X0Y16       BUFG (Prop_bufg_I_O)         0.091    -3.021 r  clk_wiz_inst/inst/clkout1_buf/O
                         net (fo=350, routed)         1.599    -1.421    cpci/countty_inst/clk_out1
    SLICE_X0Y65          FDSE                                         r  cpci/countty_inst/prev_PC_reg[5]/C

Slack:                    inf
  Source:                 reset
                            (input port)
  Destination:            cpci/countty_inst/prev_PC_reg[6]/S
                            (rising edge-triggered cell FDSE clocked by clk_out1_clk_wiz_0  {rise@0.000ns fall@6.667ns period=13.333ns})
  Path Group:             (none)
  Path Type:              Setup (Max at Slow Process Corner)
  Data Path Delay:        5.813ns  (logic 1.478ns (25.419%)  route 4.335ns (74.581%))
  Logic Levels:           1  (IBUF=1)
  Clock Path Skew:        -1.421ns (DCD - SCD + CPR)
    Destination Clock Delay (DCD):    -1.421ns
    Source Clock Delay      (SCD):    0.000ns
    Clock Pessimism Removal (CPR):    0.000ns
  Clock Uncertainty:      0.353ns  ((TSJ^2 + DJ^2)^1/2) / 2 + PE
    Total System Jitter     (TSJ):    0.050ns
    Discrete Jitter          (DJ):    0.226ns
    Phase Error              (PE):    0.237ns

    Location             Delay type                Incr(ns)  Path(ns)    Netlist Resource(s)
  -------------------------------------------------------------------    -------------------
    J15                                               0.000     0.000 r  reset (IN)
                         net (fo=0)                   0.000     0.000    reset
    J15                  IBUF (Prop_ibuf_I_O)         1.478     1.478 r  reset_IBUF_inst/O
                         net (fo=146, routed)         4.335     5.813    cpci/countty_inst/reset_IBUF
    SLICE_X0Y65          FDSE                                         r  cpci/countty_inst/prev_PC_reg[6]/S
  -------------------------------------------------------------------    -------------------

                         (clock clk_out1_clk_wiz_0 rise edge)
                                                      0.000     0.000 r  
    E3                                                0.000     0.000 r  clk_100MHz (IN)
                         net (fo=0)                   0.000     0.000    clk_wiz_inst/inst/clk_in1
    E3                   IBUF (Prop_ibuf_I_O)         1.411     1.411 r  clk_wiz_inst/inst/clkin1_ibufg/O
                         net (fo=1, routed)           1.162     2.573    clk_wiz_inst/inst/clk_in1_clk_wiz_0
    MMCME2_ADV_X1Y2      MMCME2_ADV (Prop_mmcme2_adv_CLKIN1_CLKOUT0)
                                                     -7.324    -4.751 r  clk_wiz_inst/inst/mmcm_adv_inst/CLKOUT0
                         net (fo=1, routed)           1.639    -3.112    clk_wiz_inst/inst/clk_out1_clk_wiz_0
    BUFGCTRL_X0Y16       BUFG (Prop_bufg_I_O)         0.091    -3.021 r  clk_wiz_inst/inst/clkout1_buf/O
                         net (fo=350, routed)         1.599    -1.421    cpci/countty_inst/clk_out1
    SLICE_X0Y65          FDSE                                         r  cpci/countty_inst/prev_PC_reg[6]/C

Slack:                    inf
  Source:                 reset
                            (input port)
  Destination:            cpci/countty_inst/prev_PC_reg[7]/S
                            (rising edge-triggered cell FDSE clocked by clk_out1_clk_wiz_0  {rise@0.000ns fall@6.667ns period=13.333ns})
  Path Group:             (none)
  Path Type:              Setup (Max at Slow Process Corner)
  Data Path Delay:        5.813ns  (logic 1.478ns (25.419%)  route 4.335ns (74.581%))
  Logic Levels:           1  (IBUF=1)
  Clock Path Skew:        -1.421ns (DCD - SCD + CPR)
    Destination Clock Delay (DCD):    -1.421ns
    Source Clock Delay      (SCD):    0.000ns
    Clock Pessimism Removal (CPR):    0.000ns
  Clock Uncertainty:      0.353ns  ((TSJ^2 + DJ^2)^1/2) / 2 + PE
    Total System Jitter     (TSJ):    0.050ns
    Discrete Jitter          (DJ):    0.226ns
    Phase Error              (PE):    0.237ns

    Location             Delay type                Incr(ns)  Path(ns)    Netlist Resource(s)
  -------------------------------------------------------------------    -------------------
    J15                                               0.000     0.000 r  reset (IN)
                         net (fo=0)                   0.000     0.000    reset
    J15                  IBUF (Prop_ibuf_I_O)         1.478     1.478 r  reset_IBUF_inst/O
                         net (fo=146, routed)         4.335     5.813    cpci/countty_inst/reset_IBUF
    SLICE_X0Y65          FDSE                                         r  cpci/countty_inst/prev_PC_reg[7]/S
  -------------------------------------------------------------------    -------------------

                         (clock clk_out1_clk_wiz_0 rise edge)
                                                      0.000     0.000 r  
    E3                                                0.000     0.000 r  clk_100MHz (IN)
                         net (fo=0)                   0.000     0.000    clk_wiz_inst/inst/clk_in1
    E3                   IBUF (Prop_ibuf_I_O)         1.411     1.411 r  clk_wiz_inst/inst/clkin1_ibufg/O
                         net (fo=1, routed)           1.162     2.573    clk_wiz_inst/inst/clk_in1_clk_wiz_0
    MMCME2_ADV_X1Y2      MMCME2_ADV (Prop_mmcme2_adv_CLKIN1_CLKOUT0)
                                                     -7.324    -4.751 r  clk_wiz_inst/inst/mmcm_adv_inst/CLKOUT0
                         net (fo=1, routed)           1.639    -3.112    clk_wiz_inst/inst/clk_out1_clk_wiz_0
    BUFGCTRL_X0Y16       BUFG (Prop_bufg_I_O)         0.091    -3.021 r  clk_wiz_inst/inst/clkout1_buf/O
                         net (fo=350, routed)         1.599    -1.421    cpci/countty_inst/clk_out1
    SLICE_X0Y65          FDSE                                         r  cpci/countty_inst/prev_PC_reg[7]/C

Slack:                    inf
  Source:                 reset
                            (input port)
  Destination:            cpci/countty_inst/prev_PC_reg[8]/S
                            (rising edge-triggered cell FDSE clocked by clk_out1_clk_wiz_0  {rise@0.000ns fall@6.667ns period=13.333ns})
  Path Group:             (none)
  Path Type:              Setup (Max at Slow Process Corner)
  Data Path Delay:        5.813ns  (logic 1.478ns (25.419%)  route 4.335ns (74.581%))
  Logic Levels:           1  (IBUF=1)
  Clock Path Skew:        -1.421ns (DCD - SCD + CPR)
    Destination Clock Delay (DCD):    -1.421ns
    Source Clock Delay      (SCD):    0.000ns
    Clock Pessimism Removal (CPR):    0.000ns
  Clock Uncertainty:      0.353ns  ((TSJ^2 + DJ^2)^1/2) / 2 + PE
    Total System Jitter     (TSJ):    0.050ns
    Discrete Jitter          (DJ):    0.226ns
    Phase Error              (PE):    0.237ns

    Location             Delay type                Incr(ns)  Path(ns)    Netlist Resource(s)
  -------------------------------------------------------------------    -------------------
    J15                                               0.000     0.000 r  reset (IN)
                         net (fo=0)                   0.000     0.000    reset
    J15                  IBUF (Prop_ibuf_I_O)         1.478     1.478 r  reset_IBUF_inst/O
                         net (fo=146, routed)         4.335     5.813    cpci/countty_inst/reset_IBUF
    SLICE_X0Y65          FDSE                                         r  cpci/countty_inst/prev_PC_reg[8]/S
  -------------------------------------------------------------------    -------------------

                         (clock clk_out1_clk_wiz_0 rise edge)
                                                      0.000     0.000 r  
    E3                                                0.000     0.000 r  clk_100MHz (IN)
                         net (fo=0)                   0.000     0.000    clk_wiz_inst/inst/clk_in1
    E3                   IBUF (Prop_ibuf_I_O)         1.411     1.411 r  clk_wiz_inst/inst/clkin1_ibufg/O
                         net (fo=1, routed)           1.162     2.573    clk_wiz_inst/inst/clk_in1_clk_wiz_0
    MMCME2_ADV_X1Y2      MMCME2_ADV (Prop_mmcme2_adv_CLKIN1_CLKOUT0)
                                                     -7.324    -4.751 r  clk_wiz_inst/inst/mmcm_adv_inst/CLKOUT0
                         net (fo=1, routed)           1.639    -3.112    clk_wiz_inst/inst/clk_out1_clk_wiz_0
    BUFGCTRL_X0Y16       BUFG (Prop_bufg_I_O)         0.091    -3.021 r  clk_wiz_inst/inst/clkout1_buf/O
                         net (fo=350, routed)         1.599    -1.421    cpci/countty_inst/clk_out1
    SLICE_X0Y65          FDSE                                         r  cpci/countty_inst/prev_PC_reg[8]/C

Slack:                    inf
  Source:                 reset
                            (input port)
  Destination:            toppyty/rvsingle/dp/pcreg/qout_reg[0]/R
                            (rising edge-triggered cell FDRE clocked by clk_out1_clk_wiz_0  {rise@0.000ns fall@6.667ns period=13.333ns})
  Path Group:             (none)
  Path Type:              Setup (Max at Slow Process Corner)
  Data Path Delay:        5.809ns  (logic 1.478ns (25.438%)  route 4.331ns (74.562%))
  Logic Levels:           1  (IBUF=1)
  Clock Path Skew:        -1.421ns (DCD - SCD + CPR)
    Destination Clock Delay (DCD):    -1.421ns
    Source Clock Delay      (SCD):    0.000ns
    Clock Pessimism Removal (CPR):    0.000ns
  Clock Uncertainty:      0.353ns  ((TSJ^2 + DJ^2)^1/2) / 2 + PE
    Total System Jitter     (TSJ):    0.050ns
    Discrete Jitter          (DJ):    0.226ns
    Phase Error              (PE):    0.237ns

    Location             Delay type                Incr(ns)  Path(ns)    Netlist Resource(s)
  -------------------------------------------------------------------    -------------------
    J15                                               0.000     0.000 r  reset (IN)
                         net (fo=0)                   0.000     0.000    reset
    J15                  IBUF (Prop_ibuf_I_O)         1.478     1.478 r  reset_IBUF_inst/O
                         net (fo=146, routed)         4.331     5.809    toppyty/rvsingle/dp/pcreg/reset_IBUF
    SLICE_X1Y65          FDRE                                         r  toppyty/rvsingle/dp/pcreg/qout_reg[0]/R
  -------------------------------------------------------------------    -------------------

                         (clock clk_out1_clk_wiz_0 rise edge)
                                                      0.000     0.000 r  
    E3                                                0.000     0.000 r  clk_100MHz (IN)
                         net (fo=0)                   0.000     0.000    clk_wiz_inst/inst/clk_in1
    E3                   IBUF (Prop_ibuf_I_O)         1.411     1.411 r  clk_wiz_inst/inst/clkin1_ibufg/O
                         net (fo=1, routed)           1.162     2.573    clk_wiz_inst/inst/clk_in1_clk_wiz_0
    MMCME2_ADV_X1Y2      MMCME2_ADV (Prop_mmcme2_adv_CLKIN1_CLKOUT0)
                                                     -7.324    -4.751 r  clk_wiz_inst/inst/mmcm_adv_inst/CLKOUT0
                         net (fo=1, routed)           1.639    -3.112    clk_wiz_inst/inst/clk_out1_clk_wiz_0
    BUFGCTRL_X0Y16       BUFG (Prop_bufg_I_O)         0.091    -3.021 r  clk_wiz_inst/inst/clkout1_buf/O
                         net (fo=350, routed)         1.599    -1.421    toppyty/rvsingle/dp/pcreg/clk_out1
    SLICE_X1Y65          FDRE                                         r  toppyty/rvsingle/dp/pcreg/qout_reg[0]/C

Slack:                    inf
  Source:                 reset
                            (input port)
  Destination:            toppyty/rvsingle/dp/pcreg/qout_reg[17]/R
                            (rising edge-triggered cell FDRE clocked by clk_out1_clk_wiz_0  {rise@0.000ns fall@6.667ns period=13.333ns})
  Path Group:             (none)
  Path Type:              Setup (Max at Slow Process Corner)
  Data Path Delay:        5.682ns  (logic 1.478ns (26.005%)  route 4.204ns (73.995%))
  Logic Levels:           1  (IBUF=1)
  Clock Path Skew:        -1.425ns (DCD - SCD + CPR)
    Destination Clock Delay (DCD):    -1.425ns
    Source Clock Delay      (SCD):    0.000ns
    Clock Pessimism Removal (CPR):    0.000ns
  Clock Uncertainty:      0.353ns  ((TSJ^2 + DJ^2)^1/2) / 2 + PE
    Total System Jitter     (TSJ):    0.050ns
    Discrete Jitter          (DJ):    0.226ns
    Phase Error              (PE):    0.237ns

    Location             Delay type                Incr(ns)  Path(ns)    Netlist Resource(s)
  -------------------------------------------------------------------    -------------------
    J15                                               0.000     0.000 r  reset (IN)
                         net (fo=0)                   0.000     0.000    reset
    J15                  IBUF (Prop_ibuf_I_O)         1.478     1.478 r  reset_IBUF_inst/O
                         net (fo=146, routed)         4.204     5.682    toppyty/rvsingle/dp/pcreg/reset_IBUF
    SLICE_X7Y67          FDRE                                         r  toppyty/rvsingle/dp/pcreg/qout_reg[17]/R
  -------------------------------------------------------------------    -------------------

                         (clock clk_out1_clk_wiz_0 rise edge)
                                                      0.000     0.000 r  
    E3                                                0.000     0.000 r  clk_100MHz (IN)
                         net (fo=0)                   0.000     0.000    clk_wiz_inst/inst/clk_in1
    E3                   IBUF (Prop_ibuf_I_O)         1.411     1.411 r  clk_wiz_inst/inst/clkin1_ibufg/O
                         net (fo=1, routed)           1.162     2.573    clk_wiz_inst/inst/clk_in1_clk_wiz_0
    MMCME2_ADV_X1Y2      MMCME2_ADV (Prop_mmcme2_adv_CLKIN1_CLKOUT0)
                                                     -7.324    -4.751 r  clk_wiz_inst/inst/mmcm_adv_inst/CLKOUT0
                         net (fo=1, routed)           1.639    -3.112    clk_wiz_inst/inst/clk_out1_clk_wiz_0
    BUFGCTRL_X0Y16       BUFG (Prop_bufg_I_O)         0.091    -3.021 r  clk_wiz_inst/inst/clkout1_buf/O
                         net (fo=350, routed)         1.595    -1.425    toppyty/rvsingle/dp/pcreg/clk_out1
    SLICE_X7Y67          FDRE                                         r  toppyty/rvsingle/dp/pcreg/qout_reg[17]/C





Min Delay Paths
--------------------------------------------------------------------------------------
Slack:                    inf
  Source:                 button
                            (input port)
  Destination:            cpci/count_for_mem/butt_deb/button_sync1_reg/D
                            (rising edge-triggered cell FDRE clocked by clk_out1_clk_wiz_0  {rise@0.000ns fall@6.667ns period=13.333ns})
  Path Group:             (none)
  Path Type:              Hold (Min at Fast Process Corner)
  Data Path Delay:        0.680ns  (logic 0.244ns (35.926%)  route 0.436ns (64.074%))
  Logic Levels:           1  (IBUF=1)
  Clock Path Skew:        -0.798ns (DCD - SCD - CPR)
    Destination Clock Delay (DCD):    -0.798ns
    Source Clock Delay      (SCD):    0.000ns
    Clock Pessimism Removal (CPR):    -0.000ns

    Location             Delay type                Incr(ns)  Path(ns)    Netlist Resource(s)
  -------------------------------------------------------------------    -------------------
    N17                                               0.000     0.000 r  button (IN)
                         net (fo=0)                   0.000     0.000    button
    N17                  IBUF (Prop_ibuf_I_O)         0.244     0.244 r  button_IBUF_inst/O
                         net (fo=1, routed)           0.436     0.680    cpci/count_for_mem/butt_deb/button_IBUF
    SLICE_X2Y88          FDRE                                         r  cpci/count_for_mem/butt_deb/button_sync1_reg/D
  -------------------------------------------------------------------    -------------------

                         (clock clk_out1_clk_wiz_0 rise edge)
                                                      0.000     0.000 r  
    E3                                                0.000     0.000 r  clk_100MHz (IN)
                         net (fo=0)                   0.000     0.000    clk_wiz_inst/inst/clk_in1
    E3                   IBUF (Prop_ibuf_I_O)         0.438     0.438 r  clk_wiz_inst/inst/clkin1_ibufg/O
                         net (fo=1, routed)           0.480     0.918    clk_wiz_inst/inst/clk_in1_clk_wiz_0
    MMCME2_ADV_X1Y2      MMCME2_ADV (Prop_mmcme2_adv_CLKIN1_CLKOUT0)
                                                     -3.163    -2.245 r  clk_wiz_inst/inst/mmcm_adv_inst/CLKOUT0
                         net (fo=1, routed)           0.544    -1.702    clk_wiz_inst/inst/clk_out1_clk_wiz_0
    BUFGCTRL_X0Y16       BUFG (Prop_bufg_I_O)         0.029    -1.673 r  clk_wiz_inst/inst/clkout1_buf/O
                         net (fo=350, routed)         0.875    -0.798    cpci/count_for_mem/butt_deb/clk_out1
    SLICE_X2Y88          FDRE                                         r  cpci/count_for_mem/butt_deb/button_sync1_reg/C

Slack:                    inf
  Source:                 reset
                            (input port)
  Destination:            cpci/count_for_mem/butt_deb/button_stable_reg/R
                            (rising edge-triggered cell FDRE clocked by clk_out1_clk_wiz_0  {rise@0.000ns fall@6.667ns period=13.333ns})
  Path Group:             (none)
  Path Type:              Hold (Min at Fast Process Corner)
  Data Path Delay:        0.809ns  (logic 0.245ns (30.325%)  route 0.564ns (69.675%))
  Logic Levels:           1  (IBUF=1)
  Clock Path Skew:        -0.798ns (DCD - SCD - CPR)
    Destination Clock Delay (DCD):    -0.798ns
    Source Clock Delay      (SCD):    0.000ns
    Clock Pessimism Removal (CPR):    -0.000ns

    Location             Delay type                Incr(ns)  Path(ns)    Netlist Resource(s)
  -------------------------------------------------------------------    -------------------
    J15                                               0.000     0.000 r  reset (IN)
                         net (fo=0)                   0.000     0.000    reset
    J15                  IBUF (Prop_ibuf_I_O)         0.245     0.245 r  reset_IBUF_inst/O
                         net (fo=146, routed)         0.564     0.809    cpci/count_for_mem/butt_deb/reset_IBUF
    SLICE_X2Y88          FDRE                                         r  cpci/count_for_mem/butt_deb/button_stable_reg/R
  -------------------------------------------------------------------    -------------------

                         (clock clk_out1_clk_wiz_0 rise edge)
                                                      0.000     0.000 r  
    E3                                                0.000     0.000 r  clk_100MHz (IN)
                         net (fo=0)                   0.000     0.000    clk_wiz_inst/inst/clk_in1
    E3                   IBUF (Prop_ibuf_I_O)         0.438     0.438 r  clk_wiz_inst/inst/clkin1_ibufg/O
                         net (fo=1, routed)           0.480     0.918    clk_wiz_inst/inst/clk_in1_clk_wiz_0
    MMCME2_ADV_X1Y2      MMCME2_ADV (Prop_mmcme2_adv_CLKIN1_CLKOUT0)
                                                     -3.163    -2.245 r  clk_wiz_inst/inst/mmcm_adv_inst/CLKOUT0
                         net (fo=1, routed)           0.544    -1.702    clk_wiz_inst/inst/clk_out1_clk_wiz_0
    BUFGCTRL_X0Y16       BUFG (Prop_bufg_I_O)         0.029    -1.673 r  clk_wiz_inst/inst/clkout1_buf/O
                         net (fo=350, routed)         0.875    -0.798    cpci/count_for_mem/butt_deb/clk_out1
    SLICE_X2Y88          FDRE                                         r  cpci/count_for_mem/butt_deb/button_stable_reg/C

Slack:                    inf
  Source:                 reset
                            (input port)
  Destination:            cpci/count_for_mem/butt_deb/button_sync1_reg/R
                            (rising edge-triggered cell FDRE clocked by clk_out1_clk_wiz_0  {rise@0.000ns fall@6.667ns period=13.333ns})
  Path Group:             (none)
  Path Type:              Hold (Min at Fast Process Corner)
  Data Path Delay:        0.809ns  (logic 0.245ns (30.325%)  route 0.564ns (69.675%))
  Logic Levels:           1  (IBUF=1)
  Clock Path Skew:        -0.798ns (DCD - SCD - CPR)
    Destination Clock Delay (DCD):    -0.798ns
    Source Clock Delay      (SCD):    0.000ns
    Clock Pessimism Removal (CPR):    -0.000ns

    Location             Delay type                Incr(ns)  Path(ns)    Netlist Resource(s)
  -------------------------------------------------------------------    -------------------
    J15                                               0.000     0.000 r  reset (IN)
                         net (fo=0)                   0.000     0.000    reset
    J15                  IBUF (Prop_ibuf_I_O)         0.245     0.245 r  reset_IBUF_inst/O
                         net (fo=146, routed)         0.564     0.809    cpci/count_for_mem/butt_deb/reset_IBUF
    SLICE_X2Y88          FDRE                                         r  cpci/count_for_mem/butt_deb/button_sync1_reg/R
  -------------------------------------------------------------------    -------------------

                         (clock clk_out1_clk_wiz_0 rise edge)
                                                      0.000     0.000 r  
    E3                                                0.000     0.000 r  clk_100MHz (IN)
                         net (fo=0)                   0.000     0.000    clk_wiz_inst/inst/clk_in1
    E3                   IBUF (Prop_ibuf_I_O)         0.438     0.438 r  clk_wiz_inst/inst/clkin1_ibufg/O
                         net (fo=1, routed)           0.480     0.918    clk_wiz_inst/inst/clk_in1_clk_wiz_0
    MMCME2_ADV_X1Y2      MMCME2_ADV (Prop_mmcme2_adv_CLKIN1_CLKOUT0)
                                                     -3.163    -2.245 r  clk_wiz_inst/inst/mmcm_adv_inst/CLKOUT0
                         net (fo=1, routed)           0.544    -1.702    clk_wiz_inst/inst/clk_out1_clk_wiz_0
    BUFGCTRL_X0Y16       BUFG (Prop_bufg_I_O)         0.029    -1.673 r  clk_wiz_inst/inst/clkout1_buf/O
                         net (fo=350, routed)         0.875    -0.798    cpci/count_for_mem/butt_deb/clk_out1
    SLICE_X2Y88          FDRE                                         r  cpci/count_for_mem/butt_deb/button_sync1_reg/C

Slack:                    inf
  Source:                 reset
                            (input port)
  Destination:            cpci/count_for_mem/butt_deb/button_sync2_reg/R
                            (rising edge-triggered cell FDRE clocked by clk_out1_clk_wiz_0  {rise@0.000ns fall@6.667ns period=13.333ns})
  Path Group:             (none)
  Path Type:              Hold (Min at Fast Process Corner)
  Data Path Delay:        0.809ns  (logic 0.245ns (30.325%)  route 0.564ns (69.675%))
  Logic Levels:           1  (IBUF=1)
  Clock Path Skew:        -0.798ns (DCD - SCD - CPR)
    Destination Clock Delay (DCD):    -0.798ns
    Source Clock Delay      (SCD):    0.000ns
    Clock Pessimism Removal (CPR):    -0.000ns

    Location             Delay type                Incr(ns)  Path(ns)    Netlist Resource(s)
  -------------------------------------------------------------------    -------------------
    J15                                               0.000     0.000 r  reset (IN)
                         net (fo=0)                   0.000     0.000    reset
    J15                  IBUF (Prop_ibuf_I_O)         0.245     0.245 r  reset_IBUF_inst/O
                         net (fo=146, routed)         0.564     0.809    cpci/count_for_mem/butt_deb/reset_IBUF
    SLICE_X2Y88          FDRE                                         r  cpci/count_for_mem/butt_deb/button_sync2_reg/R
  -------------------------------------------------------------------    -------------------

                         (clock clk_out1_clk_wiz_0 rise edge)
                                                      0.000     0.000 r  
    E3                                                0.000     0.000 r  clk_100MHz (IN)
                         net (fo=0)                   0.000     0.000    clk_wiz_inst/inst/clk_in1
    E3                   IBUF (Prop_ibuf_I_O)         0.438     0.438 r  clk_wiz_inst/inst/clkin1_ibufg/O
                         net (fo=1, routed)           0.480     0.918    clk_wiz_inst/inst/clk_in1_clk_wiz_0
    MMCME2_ADV_X1Y2      MMCME2_ADV (Prop_mmcme2_adv_CLKIN1_CLKOUT0)
                                                     -3.163    -2.245 r  clk_wiz_inst/inst/mmcm_adv_inst/CLKOUT0
                         net (fo=1, routed)           0.544    -1.702    clk_wiz_inst/inst/clk_out1_clk_wiz_0
    BUFGCTRL_X0Y16       BUFG (Prop_bufg_I_O)         0.029    -1.673 r  clk_wiz_inst/inst/clkout1_buf/O
                         net (fo=350, routed)         0.875    -0.798    cpci/count_for_mem/butt_deb/clk_out1
    SLICE_X2Y88          FDRE                                         r  cpci/count_for_mem/butt_deb/button_sync2_reg/C

Slack:                    inf
  Source:                 reset
                            (input port)
  Destination:            clk_sevenseg/clk_int_reg/R
                            (rising edge-triggered cell FDRE clocked by clk_out1_clk_wiz_0  {rise@0.000ns fall@6.667ns period=13.333ns})
  Path Group:             (none)
  Path Type:              Hold (Min at Fast Process Corner)
  Data Path Delay:        1.007ns  (logic 0.245ns (24.385%)  route 0.761ns (75.615%))
  Logic Levels:           1  (IBUF=1)
  Clock Path Skew:        -0.802ns (DCD - SCD - CPR)
    Destination Clock Delay (DCD):    -0.802ns
    Source Clock Delay      (SCD):    0.000ns
    Clock Pessimism Removal (CPR):    -0.000ns

    Location             Delay type                Incr(ns)  Path(ns)    Netlist Resource(s)
  -------------------------------------------------------------------    -------------------
    J15                                               0.000     0.000 r  reset (IN)
                         net (fo=0)                   0.000     0.000    reset
    J15                  IBUF (Prop_ibuf_I_O)         0.245     0.245 r  reset_IBUF_inst/O
                         net (fo=146, routed)         0.761     1.007    clk_sevenseg/reset_IBUF
    SLICE_X3Y84          FDRE                                         r  clk_sevenseg/clk_int_reg/R
  -------------------------------------------------------------------    -------------------

                         (clock clk_out1_clk_wiz_0 rise edge)
                                                      0.000     0.000 r  
    E3                                                0.000     0.000 r  clk_100MHz (IN)
                         net (fo=0)                   0.000     0.000    clk_wiz_inst/inst/clk_in1
    E3                   IBUF (Prop_ibuf_I_O)         0.438     0.438 r  clk_wiz_inst/inst/clkin1_ibufg/O
                         net (fo=1, routed)           0.480     0.918    clk_wiz_inst/inst/clk_in1_clk_wiz_0
    MMCME2_ADV_X1Y2      MMCME2_ADV (Prop_mmcme2_adv_CLKIN1_CLKOUT0)
                                                     -3.163    -2.245 r  clk_wiz_inst/inst/mmcm_adv_inst/CLKOUT0
                         net (fo=1, routed)           0.544    -1.702    clk_wiz_inst/inst/clk_out1_clk_wiz_0
    BUFGCTRL_X0Y16       BUFG (Prop_bufg_I_O)         0.029    -1.673 r  clk_wiz_inst/inst/clkout1_buf/O
                         net (fo=350, routed)         0.871    -0.802    clk_sevenseg/clk_out1
    SLICE_X3Y84          FDRE                                         r  clk_sevenseg/clk_int_reg/C

Slack:                    inf
  Source:                 reset
                            (input port)
  Destination:            cpci/count_for_mem/butt_deb/button_prev_reg/R
                            (rising edge-triggered cell FDRE clocked by clk_out1_clk_wiz_0  {rise@0.000ns fall@6.667ns period=13.333ns})
  Path Group:             (none)
  Path Type:              Hold (Min at Fast Process Corner)
  Data Path Delay:        1.078ns  (logic 0.245ns (22.761%)  route 0.833ns (77.239%))
  Logic Levels:           1  (IBUF=1)
  Clock Path Skew:        -0.804ns (DCD - SCD - CPR)
    Destination Clock Delay (DCD):    -0.804ns
    Source Clock Delay      (SCD):    0.000ns
    Clock Pessimism Removal (CPR):    -0.000ns

    Location             Delay type                Incr(ns)  Path(ns)    Netlist Resource(s)
  -------------------------------------------------------------------    -------------------
    J15                                               0.000     0.000 r  reset (IN)
                         net (fo=0)                   0.000     0.000    reset
    J15                  IBUF (Prop_ibuf_I_O)         0.245     0.245 r  reset_IBUF_inst/O
                         net (fo=146, routed)         0.833     1.078    cpci/count_for_mem/butt_deb/reset_IBUF
    SLICE_X6Y85          FDRE                                         r  cpci/count_for_mem/butt_deb/button_prev_reg/R
  -------------------------------------------------------------------    -------------------

                         (clock clk_out1_clk_wiz_0 rise edge)
                                                      0.000     0.000 r  
    E3                                                0.000     0.000 r  clk_100MHz (IN)
                         net (fo=0)                   0.000     0.000    clk_wiz_inst/inst/clk_in1
    E3                   IBUF (Prop_ibuf_I_O)         0.438     0.438 r  clk_wiz_inst/inst/clkin1_ibufg/O
                         net (fo=1, routed)           0.480     0.918    clk_wiz_inst/inst/clk_in1_clk_wiz_0
    MMCME2_ADV_X1Y2      MMCME2_ADV (Prop_mmcme2_adv_CLKIN1_CLKOUT0)
                                                     -3.163    -2.245 r  clk_wiz_inst/inst/mmcm_adv_inst/CLKOUT0
                         net (fo=1, routed)           0.544    -1.702    clk_wiz_inst/inst/clk_out1_clk_wiz_0
    BUFGCTRL_X0Y16       BUFG (Prop_bufg_I_O)         0.029    -1.673 r  clk_wiz_inst/inst/clkout1_buf/O
                         net (fo=350, routed)         0.869    -0.804    cpci/count_for_mem/butt_deb/clk_out1
    SLICE_X6Y85          FDRE                                         r  cpci/count_for_mem/butt_deb/button_prev_reg/C

Slack:                    inf
  Source:                 reset
                            (input port)
  Destination:            cpci/detecty/program_ended_reg/R
                            (rising edge-triggered cell FDRE clocked by clk_out1_clk_wiz_0  {rise@0.000ns fall@6.667ns period=13.333ns})
  Path Group:             (none)
  Path Type:              Hold (Min at Fast Process Corner)
  Data Path Delay:        1.161ns  (logic 0.245ns (21.147%)  route 0.915ns (78.853%))
  Logic Levels:           1  (IBUF=1)
  Clock Path Skew:        -0.806ns (DCD - SCD - CPR)
    Destination Clock Delay (DCD):    -0.806ns
    Source Clock Delay      (SCD):    0.000ns
    Clock Pessimism Removal (CPR):    -0.000ns

    Location             Delay type                Incr(ns)  Path(ns)    Netlist Resource(s)
  -------------------------------------------------------------------    -------------------
    J15                                               0.000     0.000 r  reset (IN)
                         net (fo=0)                   0.000     0.000    reset
    J15                  IBUF (Prop_ibuf_I_O)         0.245     0.245 r  reset_IBUF_inst/O
                         net (fo=146, routed)         0.915     1.161    cpci/detecty/reset_IBUF
    SLICE_X6Y83          FDRE                                         r  cpci/detecty/program_ended_reg/R
  -------------------------------------------------------------------    -------------------

                         (clock clk_out1_clk_wiz_0 rise edge)
                                                      0.000     0.000 r  
    E3                                                0.000     0.000 r  clk_100MHz (IN)
                         net (fo=0)                   0.000     0.000    clk_wiz_inst/inst/clk_in1
    E3                   IBUF (Prop_ibuf_I_O)         0.438     0.438 r  clk_wiz_inst/inst/clkin1_ibufg/O
                         net (fo=1, routed)           0.480     0.918    clk_wiz_inst/inst/clk_in1_clk_wiz_0
    MMCME2_ADV_X1Y2      MMCME2_ADV (Prop_mmcme2_adv_CLKIN1_CLKOUT0)
                                                     -3.163    -2.245 r  clk_wiz_inst/inst/mmcm_adv_inst/CLKOUT0
                         net (fo=1, routed)           0.544    -1.702    clk_wiz_inst/inst/clk_out1_clk_wiz_0
    BUFGCTRL_X0Y16       BUFG (Prop_bufg_I_O)         0.029    -1.673 r  clk_wiz_inst/inst/clkout1_buf/O
                         net (fo=350, routed)         0.867    -0.806    cpci/detecty/clk_out1
    SLICE_X6Y83          FDRE                                         r  cpci/detecty/program_ended_reg/C

Slack:                    inf
  Source:                 reset
                            (input port)
  Destination:            cpci/detecty/program_started_reg/R
                            (rising edge-triggered cell FDRE clocked by clk_out1_clk_wiz_0  {rise@0.000ns fall@6.667ns period=13.333ns})
  Path Group:             (none)
  Path Type:              Hold (Min at Fast Process Corner)
  Data Path Delay:        1.161ns  (logic 0.245ns (21.147%)  route 0.915ns (78.853%))
  Logic Levels:           1  (IBUF=1)
  Clock Path Skew:        -0.806ns (DCD - SCD - CPR)
    Destination Clock Delay (DCD):    -0.806ns
    Source Clock Delay      (SCD):    0.000ns
    Clock Pessimism Removal (CPR):    -0.000ns

    Location             Delay type                Incr(ns)  Path(ns)    Netlist Resource(s)
  -------------------------------------------------------------------    -------------------
    J15                                               0.000     0.000 r  reset (IN)
                         net (fo=0)                   0.000     0.000    reset
    J15                  IBUF (Prop_ibuf_I_O)         0.245     0.245 r  reset_IBUF_inst/O
                         net (fo=146, routed)         0.915     1.161    cpci/detecty/reset_IBUF
    SLICE_X6Y83          FDRE                                         r  cpci/detecty/program_started_reg/R
  -------------------------------------------------------------------    -------------------

                         (clock clk_out1_clk_wiz_0 rise edge)
                                                      0.000     0.000 r  
    E3                                                0.000     0.000 r  clk_100MHz (IN)
                         net (fo=0)                   0.000     0.000    clk_wiz_inst/inst/clk_in1
    E3                   IBUF (Prop_ibuf_I_O)         0.438     0.438 r  clk_wiz_inst/inst/clkin1_ibufg/O
                         net (fo=1, routed)           0.480     0.918    clk_wiz_inst/inst/clk_in1_clk_wiz_0
    MMCME2_ADV_X1Y2      MMCME2_ADV (Prop_mmcme2_adv_CLKIN1_CLKOUT0)
                                                     -3.163    -2.245 r  clk_wiz_inst/inst/mmcm_adv_inst/CLKOUT0
                         net (fo=1, routed)           0.544    -1.702    clk_wiz_inst/inst/clk_out1_clk_wiz_0
    BUFGCTRL_X0Y16       BUFG (Prop_bufg_I_O)         0.029    -1.673 r  clk_wiz_inst/inst/clkout1_buf/O
                         net (fo=350, routed)         0.867    -0.806    cpci/detecty/clk_out1
    SLICE_X6Y83          FDRE                                         r  cpci/detecty/program_started_reg/C

Slack:                    inf
  Source:                 reset
                            (input port)
  Destination:            cpci/count_for_mem/butt_deb/count_reg[0]/R
                            (rising edge-triggered cell FDRE clocked by clk_out1_clk_wiz_0  {rise@0.000ns fall@6.667ns period=13.333ns})
  Path Group:             (none)
  Path Type:              Hold (Min at Fast Process Corner)
  Data Path Delay:        1.220ns  (logic 0.245ns (20.123%)  route 0.974ns (79.877%))
  Logic Levels:           1  (IBUF=1)
  Clock Path Skew:        -0.808ns (DCD - SCD - CPR)
    Destination Clock Delay (DCD):    -0.808ns
    Source Clock Delay      (SCD):    0.000ns
    Clock Pessimism Removal (CPR):    -0.000ns

    Location             Delay type                Incr(ns)  Path(ns)    Netlist Resource(s)
  -------------------------------------------------------------------    -------------------
    J15                                               0.000     0.000 r  reset (IN)
                         net (fo=0)                   0.000     0.000    reset
    J15                  IBUF (Prop_ibuf_I_O)         0.245     0.245 r  reset_IBUF_inst/O
                         net (fo=146, routed)         0.974     1.220    cpci/count_for_mem/butt_deb/reset_IBUF
    SLICE_X6Y81          FDRE                                         r  cpci/count_for_mem/butt_deb/count_reg[0]/R
  -------------------------------------------------------------------    -------------------

                         (clock clk_out1_clk_wiz_0 rise edge)
                                                      0.000     0.000 r  
    E3                                                0.000     0.000 r  clk_100MHz (IN)
                         net (fo=0)                   0.000     0.000    clk_wiz_inst/inst/clk_in1
    E3                   IBUF (Prop_ibuf_I_O)         0.438     0.438 r  clk_wiz_inst/inst/clkin1_ibufg/O
                         net (fo=1, routed)           0.480     0.918    clk_wiz_inst/inst/clk_in1_clk_wiz_0
    MMCME2_ADV_X1Y2      MMCME2_ADV (Prop_mmcme2_adv_CLKIN1_CLKOUT0)
                                                     -3.163    -2.245 r  clk_wiz_inst/inst/mmcm_adv_inst/CLKOUT0
                         net (fo=1, routed)           0.544    -1.702    clk_wiz_inst/inst/clk_out1_clk_wiz_0
    BUFGCTRL_X0Y16       BUFG (Prop_bufg_I_O)         0.029    -1.673 r  clk_wiz_inst/inst/clkout1_buf/O
                         net (fo=350, routed)         0.865    -0.808    cpci/count_for_mem/butt_deb/clk_out1
    SLICE_X6Y81          FDRE                                         r  cpci/count_for_mem/butt_deb/count_reg[0]/C

Slack:                    inf
  Source:                 reset
                            (input port)
  Destination:            cpci/countty_inst/count_reg[28]/R
                            (rising edge-triggered cell FDRE clocked by clk_out1_clk_wiz_0  {rise@0.000ns fall@6.667ns period=13.333ns})
  Path Group:             (none)
  Path Type:              Hold (Min at Fast Process Corner)
  Data Path Delay:        1.223ns  (logic 0.245ns (20.071%)  route 0.977ns (79.929%))
  Logic Levels:           1  (IBUF=1)
  Clock Path Skew:        -0.808ns (DCD - SCD - CPR)
    Destination Clock Delay (DCD):    -0.808ns
    Source Clock Delay      (SCD):    0.000ns
    Clock Pessimism Removal (CPR):    -0.000ns

    Location             Delay type                Incr(ns)  Path(ns)    Netlist Resource(s)
  -------------------------------------------------------------------    -------------------
    J15                                               0.000     0.000 r  reset (IN)
                         net (fo=0)                   0.000     0.000    reset
    J15                  IBUF (Prop_ibuf_I_O)         0.245     0.245 r  reset_IBUF_inst/O
                         net (fo=146, routed)         0.977     1.223    cpci/countty_inst/reset_IBUF
    SLICE_X5Y81          FDRE                                         r  cpci/countty_inst/count_reg[28]/R
  -------------------------------------------------------------------    -------------------

                         (clock clk_out1_clk_wiz_0 rise edge)
                                                      0.000     0.000 r  
    E3                                                0.000     0.000 r  clk_100MHz (IN)
                         net (fo=0)                   0.000     0.000    clk_wiz_inst/inst/clk_in1
    E3                   IBUF (Prop_ibuf_I_O)         0.438     0.438 r  clk_wiz_inst/inst/clkin1_ibufg/O
                         net (fo=1, routed)           0.480     0.918    clk_wiz_inst/inst/clk_in1_clk_wiz_0
    MMCME2_ADV_X1Y2      MMCME2_ADV (Prop_mmcme2_adv_CLKIN1_CLKOUT0)
                                                     -3.163    -2.245 r  clk_wiz_inst/inst/mmcm_adv_inst/CLKOUT0
                         net (fo=1, routed)           0.544    -1.702    clk_wiz_inst/inst/clk_out1_clk_wiz_0
    BUFGCTRL_X0Y16       BUFG (Prop_bufg_I_O)         0.029    -1.673 r  clk_wiz_inst/inst/clkout1_buf/O
                         net (fo=350, routed)         0.865    -0.808    cpci/countty_inst/clk_out1
    SLICE_X5Y81          FDRE                                         r  cpci/countty_inst/count_reg[28]/C





