Copyright 1986-2022 Xilinx, Inc. All Rights Reserved.
------------------------------------------------------------------------------------------------------------------------------------------------------------------------------------------------------------------------------------------------
| Tool Version : Vivado v.2022.2 (win64) Build 3671981 Fri Oct 14 05:00:03 MDT 2022
| Date         : Fri Oct  9 06:06:54 2026
| Host         : LAPTOP-6D98Q4KP running 64-bit major release  (build 9200)
| Command      : report_timing_summary -max_paths 10 -report_unconstrained -file wrapper_nexys_top_timing_summary_routed.rpt -pb wrapper_nexys_top_timing_summary_routed.pb -rpx wrapper_nexys_top_timing_summary_routed.rpx -warn_on_violation
| Design       : wrapper_nexys_top
| Device       : 7a100t-csg324
| Speed File   : -1  PRODUCTION 1.23 2018-06-13
------------------------------------------------------------------------------------------------------------------------------------------------------------------------------------------------------------------------------------------------

Timing Summary Report

------------------------------------------------------------------------------------------------
| Timer Settings
| --------------
------------------------------------------------------------------------------------------------

  Enable Multi Corner Analysis               :  Yes
  Enable Pessimism Removal                   :  Yes
  Pessimism Removal Resolution               :  Nearest Common Node
  Enable Input Delay Default Clock           :  No
  Enable Preset / Clear Arcs                 :  No
  Disable Flight Delays                      :  No
  Ignore I/O Paths                           :  No
  Timing Early Launch at Borrowing Latches   :  No
  Borrow Time for Max Delay Exceptions       :  Yes
  Merge Timing Exceptions                    :  Yes

  Corner  Analyze    Analyze    
  Name    Max Paths  Min Paths  
  ------  ---------  ---------  
  Slow    Yes        Yes        
  Fast    Yes        Yes        


------------------------------------------------------------------------------------------------
| Report Methodology
| ------------------
------------------------------------------------------------------------------------------------

Rule       Severity          Description                  Violations  
---------  ----------------  ---------------------------  ----------  
TIMING-17  Critical Warning  Non-clocked sequential cell  3           

Note: This report is based on the most recent report_methodology run and may not be up-to-date. Run report_methodology on the current design for the latest report.



check_timing report

Table of Contents
-----------------
1. checking no_clock (3)
2. checking constant_clock (0)
3. checking pulse_width_clock (0)
4. checking unconstrained_internal_endpoints (3)
5. checking no_input_delay (2)
6. checking no_output_delay (15)
7. checking multiple_clock (0)
8. checking generated_clocks (0)
9. checking loops (0)
10. checking partial_input_delay (0)
11. checking partial_output_delay (0)
12. checking latch_loops (0)

1. checking no_clock (3)
------------------------
 There are 3 register/latch pins with no clock driven by root clock pin: clk_sevenseg/clk_int_reg/Q (HIGH)


2. checking constant_clock (0)
------------------------------
 There are 0 register/latch pins with constant_clock.


3. checking pulse_width_clock (0)
---------------------------------
 There are 0 register/latch pins which need pulse_width check


4. checking unconstrained_internal_endpoints (3)
------------------------------------------------
 There are 3 pins that are not constrained for maximum delay. (HIGH)

 There are 0 pins that are not constrained for maximum delay due to constant clock.


5. checking no_input_delay (2)
------------------------------
 There are 2 input ports with no input delay specified. (HIGH)

 There are 0 input ports with no input delay but user has a false path constraint.


6. checking no_output_delay (15)
--------------------------------
 There are 15 ports with no output delay specified. (HIGH)

 There are 0 ports with no output delay but user has a false path constraint

 There are 0 ports with no output delay but with a timing clock defined on it or propagating through it


7. checking multiple_clock (0)
------------------------------
 There are 0 register/latch pins with multiple clocks.


8. checking generated_clocks (0)
--------------------------------
 There are 0 generated clocks that are not connected to a clock source.


9. checking loops (0)
---------------------
 There are 0 combinational loops in the design.


10. checking partial_input_delay (0)
------------------------------------
 There are 0 input ports with partial input delay specified.


11. checking partial_output_delay (0)
-------------------------------------
 There are 0 ports with partial output delay specified.


12. checking latch_loops (0)
----------------------------
 There are 0 combinational latch loops in the design through latch input



------------------------------------------------------------------------------------------------
| Design Timing Summary
| ---------------------
------------------------------------------------------------------------------------------------

    WNS(ns)      TNS(ns)  TNS Failing Endpoints  TNS Total Endpoints      WHS(ns)      THS(ns)  THS Failing Endpoints  THS Total Endpoints     WPWS(ns)     TPWS(ns)  TPWS Failing Endpoints  TPWS Total Endpoints  
    -------      -------  ---------------------  -------------------      -------      -------  ---------------------  -------------------     --------     --------  ----------------------  --------------------  
      0.160        0.000                      0                 2722        0.037        0.000                      0                 2722        3.000        0.000                       0                   876  


All user specified timing constraints are met.


------------------------------------------------------------------------------------------------
| Clock Summary
| -------------
------------------------------------------------------------------------------------------------

Clock                 Waveform(ns)       Period(ns)      Frequency(MHz)
-----                 ------------       ----------      --------------
clk_100MHz            {0.000 5.000}      10.000          100.000         
  clk_out1_clk_wiz_0  {0.000 6.757}      13.514          74.000          
  clkfbout_clk_wiz_0  {0.000 25.000}     50.000          20.000          


------------------------------------------------------------------------------------------------
| Intra Clock Table
| -----------------
------------------------------------------------------------------------------------------------

Clock                     WNS(ns)      TNS(ns)  TNS Failing Endpoints  TNS Total Endpoints      WHS(ns)      THS(ns)  THS Failing Endpoints  THS Total Endpoints     WPWS(ns)     TPWS(ns)  TPWS Failing Endpoints  TPWS Total Endpoints  
-----                     -------      -------  ---------------------  -------------------      -------      -------  ---------------------  -------------------     --------     --------  ----------------------  --------------------  
clk_100MHz                                                                                                                                                              3.000        0.000                       0                     1  
  clk_out1_clk_wiz_0        0.160        0.000                      0                 2722        0.037        0.000                      0                 2722        5.507        0.000                       0                   872  
  clkfbout_clk_wiz_0                                                                                                                                                   47.845        0.000                       0                     3  


------------------------------------------------------------------------------------------------
| Inter Clock Table
| -----------------
------------------------------------------------------------------------------------------------

From Clock    To Clock          WNS(ns)      TNS(ns)  TNS Failing Endpoints  TNS Total Endpoints      WHS(ns)      THS(ns)  THS Failing Endpoints  THS Total Endpoints  
----------    --------          -------      -------  ---------------------  -------------------      -------      -------  ---------------------  -------------------  


------------------------------------------------------------------------------------------------
| Other Path Groups Table
| -----------------------
------------------------------------------------------------------------------------------------

Path Group    From Clock    To Clock          WNS(ns)      TNS(ns)  TNS Failing Endpoints  TNS Total Endpoints      WHS(ns)      THS(ns)  THS Failing Endpoints  THS Total Endpoints  
----------    ----------    --------          -------      -------  ---------------------  -------------------      -------      -------  ---------------------  -------------------  


------------------------------------------------------------------------------------------------
| User Ignored Path Table
| -----------------------
------------------------------------------------------------------------------------------------

Path Group    From Clock    To Clock    
----------    ----------    --------    


------------------------------------------------------------------------------------------------
| Unconstrained Path Table
| ------------------------
------------------------------------------------------------------------------------------------

Path Group          From Clock          To Clock          
----------          ----------          --------          
(none)                                                      
(none)              clk_out1_clk_wiz_0                      
(none)              clkfbout_clk_wiz_0                      
(none)                                  clk_out1_clk_wiz_0  


------------------------------------------------------------------------------------------------
| Timing Details
| --------------
------------------------------------------------------------------------------------------------


---------------------------------------------------------------------------------------------------
From Clock:  clk_100MHz
  To Clock:  clk_100MHz

Setup :           NA  Failing Endpoints,  Worst Slack           NA  ,  Total Violation           NA
Hold  :           NA  Failing Endpoints,  Worst Slack           NA  ,  Total Violation           NA
PW    :            0  Failing Endpoints,  Worst Slack        3.000ns,  Total Violation        0.000ns
---------------------------------------------------------------------------------------------------


Pulse Width Checks
--------------------------------------------------------------------------------------
Clock Name:         clk_100MHz
Waveform(ns):       { 0.000 5.000 }
Period(ns):         10.000
Sources:            { clk_100MHz }

Check Type        Corner  Lib Pin            Reference Pin  Required(ns)  Actual(ns)  Slack(ns)  Location         Pin
Min Period        n/a     MMCME2_ADV/CLKIN1  n/a            1.249         10.000      8.751      MMCME2_ADV_X1Y2  clk_wiz_inst/inst/mmcm_adv_inst/CLKIN1
Max Period        n/a     MMCME2_ADV/CLKIN1  n/a            100.000       10.000      90.000     MMCME2_ADV_X1Y2  clk_wiz_inst/inst/mmcm_adv_inst/CLKIN1
Low Pulse Width   Slow    MMCME2_ADV/CLKIN1  n/a            2.000         5.000       3.000      MMCME2_ADV_X1Y2  clk_wiz_inst/inst/mmcm_adv_inst/CLKIN1
Low Pulse Width   Fast    MMCME2_ADV/CLKIN1  n/a            2.000         5.000       3.000      MMCME2_ADV_X1Y2  clk_wiz_inst/inst/mmcm_adv_inst/CLKIN1
High Pulse Width  Slow    MMCME2_ADV/CLKIN1  n/a            2.000         5.000       3.000      MMCME2_ADV_X1Y2  clk_wiz_inst/inst/mmcm_adv_inst/CLKIN1
High Pulse Width  Fast    MMCME2_ADV/CLKIN1  n/a            2.000         5.000       3.000      MMCME2_ADV_X1Y2  clk_wiz_inst/inst/mmcm_adv_inst/CLKIN1



---------------------------------------------------------------------------------------------------
From Clock:  clk_out1_clk_wiz_0
  To Clock:  clk_out1_clk_wiz_0

Setup :            0  Failing Endpoints,  Worst Slack        0.160ns,  Total Violation        0.000ns
Hold  :            0  Failing Endpoints,  Worst Slack        0.037ns,  Total Violation        0.000ns
PW    :            0  Failing Endpoints,  Worst Slack        5.507ns,  Total Violation        0.000ns
---------------------------------------------------------------------------------------------------


Max Delay Paths
--------------------------------------------------------------------------------------
Slack (MET) :             0.160ns  (required time - arrival time)
  Source:                 toppyty/Core_Unit/DatapathCore/ff_Execute/ff_InstrE/qout_reg[20]/C
                            (rising edge-triggered cell FDRE clocked by clk_out1_clk_wiz_0  {rise@0.000ns fall@6.757ns period=13.514ns})
  Destination:            toppyty/Core_Unit/DatapathCore/ff_Fetch/ff_RE_interior/qout_reg[30]/D
                            (rising edge-triggered cell FDRE clocked by clk_out1_clk_wiz_0  {rise@0.000ns fall@6.757ns period=13.514ns})
  Path Group:             clk_out1_clk_wiz_0
  Path Type:              Setup (Max at Slow Process Corner)
  Requirement:            13.514ns  (clk_out1_clk_wiz_0 rise@13.514ns - clk_out1_clk_wiz_0 rise@0.000ns)
  Data Path Delay:        13.275ns  (logic 5.576ns (42.004%)  route 7.699ns (57.996%))
  Logic Levels:           28  (CARRY4=16 LUT2=1 LUT3=2 LUT5=2 LUT6=6 MUXF7=1)
  Clock Path Skew:        -0.012ns (DCD - SCD + CPR)
    Destination Clock Delay (DCD):    -1.422ns = ( 12.091 - 13.514 ) 
    Source Clock Delay      (SCD):    -0.834ns
    Clock Pessimism Removal (CPR):    0.576ns
  Clock Uncertainty:      0.128ns  ((TSJ^2 + DJ^2)^1/2) / 2 + PE
    Total System Jitter     (TSJ):    0.071ns
    Discrete Jitter          (DJ):    0.246ns
    Phase Error              (PE):    0.000ns

    Location             Delay type                Incr(ns)  Path(ns)    Netlist Resource(s)
  -------------------------------------------------------------------    -------------------
                         (clock clk_out1_clk_wiz_0 rise edge)
                                                      0.000     0.000 r  
    E3                                                0.000     0.000 r  clk_100MHz (IN)
                         net (fo=0)                   0.000     0.000    clk_wiz_inst/inst/clk_in1
    E3                   IBUF (Prop_ibuf_I_O)         1.482     1.482 r  clk_wiz_inst/inst/clkin1_ibufg/O
                         net (fo=1, routed)           1.233     2.715    clk_wiz_inst/inst/clk_in1_clk_wiz_0
    MMCME2_ADV_X1Y2      MMCME2_ADV (Prop_mmcme2_adv_CLKIN1_CLKOUT0)
                                                     -7.070    -4.355 r  clk_wiz_inst/inst/mmcm_adv_inst/CLKOUT0
                         net (fo=1, routed)           1.719    -2.636    clk_wiz_inst/inst/clk_out1_clk_wiz_0
    BUFGCTRL_X0Y16       BUFG (Prop_bufg_I_O)         0.096    -2.540 r  clk_wiz_inst/inst/clkout1_buf/O
                         net (fo=870, routed)         1.706    -0.834    toppyty/Core_Unit/DatapathCore/ff_Execute/ff_InstrE/clk_out1
    SLICE_X5Y76          FDRE                                         r  toppyty/Core_Unit/DatapathCore/ff_Execute/ff_InstrE/qout_reg[20]/C
  -------------------------------------------------------------------    -------------------
    SLICE_X5Y76          FDRE (Prop_fdre_C_Q)         0.419    -0.415 r  toppyty/Core_Unit/DatapathCore/ff_Execute/ff_InstrE/qout_reg[20]/Q
                         net (fo=8, routed)           0.891     0.476    toppyty/Core_Unit/DatapathCore/ff_Execute/ff_InstrE/qout_reg[20]_0
    SLICE_X4Y76          LUT6 (Prop_lut6_I0_O)        0.299     0.775 r  toppyty/Core_Unit/DatapathCore/ff_Execute/ff_InstrE/qout[31]_i_6__0/O
                         net (fo=1, routed)           0.416     1.191    toppyty/Core_Unit/DatapathCore/ff_Execute/ff_InstrE/qout[31]_i_6__0_n_0
    SLICE_X4Y77          LUT6 (Prop_lut6_I2_O)        0.124     1.315 r  toppyty/Core_Unit/DatapathCore/ff_Execute/ff_InstrE/qout[31]_i_3/O
                         net (fo=43, routed)          0.856     2.171    toppyty/Core_Unit/DatapathCore/ff_Execute/ff_InstrE/qout_reg[24]_2[0]
    SLICE_X4Y75          LUT5 (Prop_lut5_I4_O)        0.124     2.295 r  toppyty/Core_Unit/DatapathCore/ff_Execute/ff_InstrE/qout[0]_i_1__1/O
                         net (fo=2, routed)           0.593     2.889    toppyty/Core_Unit/DatapathCore/ff_Execute/ff_ImmExtE/qout[29]_i_10_0[0]
    SLICE_X4Y76          LUT3 (Prop_lut3_I1_O)        0.124     3.013 r  toppyty/Core_Unit/DatapathCore/ff_Execute/ff_ImmExtE/i__carry_i_18/O
                         net (fo=102, routed)         1.045     4.058    toppyty/Core_Unit/DatapathCore/ff_Execute/ff_AluControlE/qout_reg[0]_5
    SLICE_X11Y75         LUT2 (Prop_lut2_I1_O)        0.124     4.182 r  toppyty/Core_Unit/DatapathCore/ff_Execute/ff_AluControlE/i__carry_i_9/O
                         net (fo=1, routed)           0.000     4.182    toppyty/Core_Unit/DatapathCore/Alu_Unit/S[0]
    SLICE_X11Y75         CARRY4 (Prop_carry4_S[0]_CO[3])
                                                      0.532     4.714 r  toppyty/Core_Unit/DatapathCore/Alu_Unit/_inferred__1/i__carry/CO[3]
                         net (fo=1, routed)           0.000     4.714    toppyty/Core_Unit/DatapathCore/Alu_Unit/_inferred__1/i__carry_n_0
    SLICE_X11Y76         CARRY4 (Prop_carry4_CI_CO[3])
                                                      0.114     4.828 r  toppyty/Core_Unit/DatapathCore/Alu_Unit/_inferred__1/i__carry__0/CO[3]
                         net (fo=1, routed)           0.000     4.828    toppyty/Core_Unit/DatapathCore/Alu_Unit/_inferred__1/i__carry__0_n_0
    SLICE_X11Y77         CARRY4 (Prop_carry4_CI_CO[3])
                                                      0.114     4.942 r  toppyty/Core_Unit/DatapathCore/Alu_Unit/_inferred__1/i__carry__1/CO[3]
                         net (fo=1, routed)           0.000     4.942    toppyty/Core_Unit/DatapathCore/Alu_Unit/_inferred__1/i__carry__1_n_0
    SLICE_X11Y78         CARRY4 (Prop_carry4_CI_CO[3])
                                                      0.114     5.056 r  toppyty/Core_Unit/DatapathCore/Alu_Unit/_inferred__1/i__carry__2/CO[3]
                         net (fo=1, routed)           0.000     5.056    toppyty/Core_Unit/DatapathCore/Alu_Unit/_inferred__1/i__carry__2_n_0
    SLICE_X11Y79         CARRY4 (Prop_carry4_CI_CO[3])
                                                      0.114     5.170 r  toppyty/Core_Unit/DatapathCore/Alu_Unit/_inferred__1/i__carry__3/CO[3]
                         net (fo=1, routed)           0.000     5.170    toppyty/Core_Unit/DatapathCore/Alu_Unit/_inferred__1/i__carry__3_n_0
    SLICE_X11Y80         CARRY4 (Prop_carry4_CI_CO[3])
                                                      0.114     5.284 r  toppyty/Core_Unit/DatapathCore/Alu_Unit/_inferred__1/i__carry__4/CO[3]
                         net (fo=1, routed)           0.000     5.284    toppyty/Core_Unit/DatapathCore/Alu_Unit/_inferred__1/i__carry__4_n_0
    SLICE_X11Y81         CARRY4 (Prop_carry4_CI_CO[3])
                                                      0.114     5.398 r  toppyty/Core_Unit/DatapathCore/Alu_Unit/_inferred__1/i__carry__5/CO[3]
                         net (fo=1, routed)           0.000     5.398    toppyty/Core_Unit/DatapathCore/Alu_Unit/_inferred__1/i__carry__5_n_0
    SLICE_X11Y82         CARRY4 (Prop_carry4_CI_O[3])
                                                      0.313     5.711 f  toppyty/Core_Unit/DatapathCore/Alu_Unit/_inferred__1/i__carry__6/O[3]
                         net (fo=2, routed)           0.722     6.433    toppyty/Core_Unit/DatapathCore/ff_Execute/ff_InstrE/data0[19]
    SLICE_X9Y87          LUT3 (Prop_lut3_I2_O)        0.306     6.739 f  toppyty/Core_Unit/DatapathCore/ff_Execute/ff_InstrE/qout[31]_i_10/O
                         net (fo=1, routed)           0.592     7.331    toppyty/Core_Unit/DatapathCore/ff_Execute/ff_InstrE/qout[31]_i_10_n_0
    SLICE_X10Y84         LUT6 (Prop_lut6_I5_O)        0.124     7.455 f  toppyty/Core_Unit/DatapathCore/ff_Execute/ff_InstrE/qout[31]_i_4/O
                         net (fo=2, routed)           0.000     7.455    toppyty/Core_Unit/DatapathCore/ff_Execute/ff_AluControlE/qout_reg[31]_1
    SLICE_X10Y84         MUXF7 (Prop_muxf7_I0_O)      0.209     7.664 f  toppyty/Core_Unit/DatapathCore/ff_Execute/ff_AluControlE/qout_reg[30]_i_28/O
                         net (fo=1, routed)           0.602     8.266    toppyty/Core_Unit/DatapathCore/ff_Execute/ff_AluControlE/qout_reg[30]_i_28_n_0
    SLICE_X9Y85          LUT5 (Prop_lut5_I1_O)        0.297     8.563 r  toppyty/Core_Unit/DatapathCore/ff_Execute/ff_AluControlE/qout[30]_i_15/O
                         net (fo=1, routed)           0.567     9.130    toppyty/Core_Unit/DatapathCore/ff_Execute/ff_AluControlE/qout[30]_i_15_n_0
    SLICE_X10Y83         LUT6 (Prop_lut6_I1_O)        0.124     9.254 r  toppyty/Core_Unit/DatapathCore/ff_Execute/ff_AluControlE/qout[30]_i_7/O
                         net (fo=1, routed)           0.700     9.954    toppyty/Core_Unit/DatapathCore/ff_Execute/ff_AluControlE/qout[30]_i_7_n_0
    SLICE_X7Y80          LUT6 (Prop_lut6_I3_O)        0.124    10.078 r  toppyty/Core_Unit/DatapathCore/ff_Execute/ff_AluControlE/qout[30]_i_4/O
                         net (fo=36, routed)          0.391    10.469    toppyty/Core_Unit/DatapathCore/ff_Execute/ff_InstrE/BrBase__0
    SLICE_X7Y79          LUT6 (Prop_lut6_I2_O)        0.124    10.593 r  toppyty/Core_Unit/DatapathCore/ff_Execute/ff_InstrE/i__carry_i_1/O
                         net (fo=1, routed)           0.323    10.916    toppyty/Core_Unit/DatapathCore_n_107
    SLICE_X5Y79          CARRY4 (Prop_carry4_DI[1]_CO[3])
                                                      0.507    11.423 r  toppyty/Core_Unit/i_/i_/i__carry/CO[3]
                         net (fo=1, routed)           0.000    11.423    toppyty/Core_Unit/i_/i_/i__carry_n_0
    SLICE_X5Y80          CARRY4 (Prop_carry4_CI_CO[3])
                                                      0.114    11.537 r  toppyty/Core_Unit/i_/i_/i__carry__0/CO[3]
                         net (fo=1, routed)           0.000    11.537    toppyty/Core_Unit/i_/i_/i__carry__0_n_0
    SLICE_X5Y81          CARRY4 (Prop_carry4_CI_CO[3])
                                                      0.114    11.651 r  toppyty/Core_Unit/i_/i_/i__carry__1/CO[3]
                         net (fo=1, routed)           0.000    11.651    toppyty/Core_Unit/i_/i_/i__carry__1_n_0
    SLICE_X5Y82          CARRY4 (Prop_carry4_CI_CO[3])
                                                      0.114    11.765 r  toppyty/Core_Unit/i_/i_/i__carry__2/CO[3]
                         net (fo=1, routed)           0.000    11.765    toppyty/Core_Unit/i_/i_/i__carry__2_n_0
    SLICE_X5Y83          CARRY4 (Prop_carry4_CI_CO[3])
                                                      0.114    11.879 r  toppyty/Core_Unit/i_/i_/i__carry__3/CO[3]
                         net (fo=1, routed)           0.000    11.879    toppyty/Core_Unit/i_/i_/i__carry__3_n_0
    SLICE_X5Y84          CARRY4 (Prop_carry4_CI_CO[3])
                                                      0.114    11.993 r  toppyty/Core_Unit/i_/i_/i__carry__4/CO[3]
                         net (fo=1, routed)           0.000    11.993    toppyty/Core_Unit/i_/i_/i__carry__4_n_0
    SLICE_X5Y85          CARRY4 (Prop_carry4_CI_CO[3])
                                                      0.114    12.107 r  toppyty/Core_Unit/i_/i_/i__carry__5/CO[3]
                         net (fo=1, routed)           0.000    12.107    toppyty/Core_Unit/i_/i_/i__carry__5_n_0
    SLICE_X5Y86          CARRY4 (Prop_carry4_CI_O[1])
                                                      0.334    12.441 r  toppyty/Core_Unit/i_/i_/i__carry__6/O[1]
                         net (fo=1, routed)           0.000    12.441    toppyty/Core_Unit/DatapathCore/ff_Fetch/ff_RE_interior/qout_reg[31]_0[1]
    SLICE_X5Y86          FDRE                                         r  toppyty/Core_Unit/DatapathCore/ff_Fetch/ff_RE_interior/qout_reg[30]/D
  -------------------------------------------------------------------    -------------------

                         (clock clk_out1_clk_wiz_0 rise edge)
                                                     13.514    13.514 r  
    E3                                                0.000    13.514 r  clk_100MHz (IN)
                         net (fo=0)                   0.000    13.514    clk_wiz_inst/inst/clk_in1
    E3                   IBUF (Prop_ibuf_I_O)         1.411    14.925 r  clk_wiz_inst/inst/clkin1_ibufg/O
                         net (fo=1, routed)           1.162    16.087    clk_wiz_inst/inst/clk_in1_clk_wiz_0
    MMCME2_ADV_X1Y2      MMCME2_ADV (Prop_mmcme2_adv_CLKIN1_CLKOUT0)
                                                     -7.324     8.763 r  clk_wiz_inst/inst/mmcm_adv_inst/CLKOUT0
                         net (fo=1, routed)           1.639    10.402    clk_wiz_inst/inst/clk_out1_clk_wiz_0
    BUFGCTRL_X0Y16       BUFG (Prop_bufg_I_O)         0.091    10.493 r  clk_wiz_inst/inst/clkout1_buf/O
                         net (fo=870, routed)         1.598    12.091    toppyty/Core_Unit/DatapathCore/ff_Fetch/ff_RE_interior/clk_out1
    SLICE_X5Y86          FDRE                                         r  toppyty/Core_Unit/DatapathCore/ff_Fetch/ff_RE_interior/qout_reg[30]/C
                         clock pessimism              0.576    12.668    
                         clock uncertainty           -0.128    12.540    
    SLICE_X5Y86          FDRE (Setup_fdre_C_D)        0.062    12.602    toppyty/Core_Unit/DatapathCore/ff_Fetch/ff_RE_interior/qout_reg[30]
  -------------------------------------------------------------------
                         required time                         12.602    
                         arrival time                         -12.441    
  -------------------------------------------------------------------
                         slack                                  0.160    

Slack (MET) :             0.255ns  (required time - arrival time)
  Source:                 toppyty/Core_Unit/DatapathCore/ff_Execute/ff_InstrE/qout_reg[20]/C
                            (rising edge-triggered cell FDRE clocked by clk_out1_clk_wiz_0  {rise@0.000ns fall@6.757ns period=13.514ns})
  Destination:            toppyty/Core_Unit/DatapathCore/ff_Fetch/ff_RE_interior/qout_reg[31]/D
                            (rising edge-triggered cell FDRE clocked by clk_out1_clk_wiz_0  {rise@0.000ns fall@6.757ns period=13.514ns})
  Path Group:             clk_out1_clk_wiz_0
  Path Type:              Setup (Max at Slow Process Corner)
  Requirement:            13.514ns  (clk_out1_clk_wiz_0 rise@13.514ns - clk_out1_clk_wiz_0 rise@0.000ns)
  Data Path Delay:        13.180ns  (logic 5.481ns (41.586%)  route 7.699ns (58.414%))
  Logic Levels:           28  (CARRY4=16 LUT2=1 LUT3=2 LUT5=2 LUT6=6 MUXF7=1)
  Clock Path Skew:        -0.012ns (DCD - SCD + CPR)
    Destination Clock Delay (DCD):    -1.422ns = ( 12.091 - 13.514 ) 
    Source Clock Delay      (SCD):    -0.834ns
    Clock Pessimism Removal (CPR):    0.576ns
  Clock Uncertainty:      0.128ns  ((TSJ^2 + DJ^2)^1/2) / 2 + PE
    Total System Jitter     (TSJ):    0.071ns
    Discrete Jitter          (DJ):    0.246ns
    Phase Error              (PE):    0.000ns

    Location             Delay type                Incr(ns)  Path(ns)    Netlist Resource(s)
  -------------------------------------------------------------------    -------------------
                         (clock clk_out1_clk_wiz_0 rise edge)
                                                      0.000     0.000 r  
    E3                                                0.000     0.000 r  clk_100MHz (IN)
                         net (fo=0)                   0.000     0.000    clk_wiz_inst/inst/clk_in1
    E3                   IBUF (Prop_ibuf_I_O)         1.482     1.482 r  clk_wiz_inst/inst/clkin1_ibufg/O
                         net (fo=1, routed)           1.233     2.715    clk_wiz_inst/inst/clk_in1_clk_wiz_0
    MMCME2_ADV_X1Y2      MMCME2_ADV (Prop_mmcme2_adv_CLKIN1_CLKOUT0)
                                                     -7.070    -4.355 r  clk_wiz_inst/inst/mmcm_adv_inst/CLKOUT0
                         net (fo=1, routed)           1.719    -2.636    clk_wiz_inst/inst/clk_out1_clk_wiz_0
    BUFGCTRL_X0Y16       BUFG (Prop_bufg_I_O)         0.096    -2.540 r  clk_wiz_inst/inst/clkout1_buf/O
                         net (fo=870, routed)         1.706    -0.834    toppyty/Core_Unit/DatapathCore/ff_Execute/ff_InstrE/clk_out1
    SLICE_X5Y76          FDRE                                         r  toppyty/Core_Unit/DatapathCore/ff_Execute/ff_InstrE/qout_reg[20]/C
  -------------------------------------------------------------------    -------------------
    SLICE_X5Y76          FDRE (Prop_fdre_C_Q)         0.419    -0.415 r  toppyty/Core_Unit/DatapathCore/ff_Execute/ff_InstrE/qout_reg[20]/Q
                         net (fo=8, routed)           0.891     0.476    toppyty/Core_Unit/DatapathCore/ff_Execute/ff_InstrE/qout_reg[20]_0
    SLICE_X4Y76          LUT6 (Prop_lut6_I0_O)        0.299     0.775 r  toppyty/Core_Unit/DatapathCore/ff_Execute/ff_InstrE/qout[31]_i_6__0/O
                         net (fo=1, routed)           0.416     1.191    toppyty/Core_Unit/DatapathCore/ff_Execute/ff_InstrE/qout[31]_i_6__0_n_0
    SLICE_X4Y77          LUT6 (Prop_lut6_I2_O)        0.124     1.315 r  toppyty/Core_Unit/DatapathCore/ff_Execute/ff_InstrE/qout[31]_i_3/O
                         net (fo=43, routed)          0.856     2.171    toppyty/Core_Unit/DatapathCore/ff_Execute/ff_InstrE/qout_reg[24]_2[0]
    SLICE_X4Y75          LUT5 (Prop_lut5_I4_O)        0.124     2.295 r  toppyty/Core_Unit/DatapathCore/ff_Execute/ff_InstrE/qout[0]_i_1__1/O
                         net (fo=2, routed)           0.593     2.889    toppyty/Core_Unit/DatapathCore/ff_Execute/ff_ImmExtE/qout[29]_i_10_0[0]
    SLICE_X4Y76          LUT3 (Prop_lut3_I1_O)        0.124     3.013 r  toppyty/Core_Unit/DatapathCore/ff_Execute/ff_ImmExtE/i__carry_i_18/O
                         net (fo=102, routed)         1.045     4.058    toppyty/Core_Unit/DatapathCore/ff_Execute/ff_AluControlE/qout_reg[0]_5
    SLICE_X11Y75         LUT2 (Prop_lut2_I1_O)        0.124     4.182 r  toppyty/Core_Unit/DatapathCore/ff_Execute/ff_AluControlE/i__carry_i_9/O
                         net (fo=1, routed)           0.000     4.182    toppyty/Core_Unit/DatapathCore/Alu_Unit/S[0]
    SLICE_X11Y75         CARRY4 (Prop_carry4_S[0]_CO[3])
                                                      0.532     4.714 r  toppyty/Core_Unit/DatapathCore/Alu_Unit/_inferred__1/i__carry/CO[3]
                         net (fo=1, routed)           0.000     4.714    toppyty/Core_Unit/DatapathCore/Alu_Unit/_inferred__1/i__carry_n_0
    SLICE_X11Y76         CARRY4 (Prop_carry4_CI_CO[3])
                                                      0.114     4.828 r  toppyty/Core_Unit/DatapathCore/Alu_Unit/_inferred__1/i__carry__0/CO[3]
                         net (fo=1, routed)           0.000     4.828    toppyty/Core_Unit/DatapathCore/Alu_Unit/_inferred__1/i__carry__0_n_0
    SLICE_X11Y77         CARRY4 (Prop_carry4_CI_CO[3])
                                                      0.114     4.942 r  toppyty/Core_Unit/DatapathCore/Alu_Unit/_inferred__1/i__carry__1/CO[3]
                         net (fo=1, routed)           0.000     4.942    toppyty/Core_Unit/DatapathCore/Alu_Unit/_inferred__1/i__carry__1_n_0
    SLICE_X11Y78         CARRY4 (Prop_carry4_CI_CO[3])
                                                      0.114     5.056 r  toppyty/Core_Unit/DatapathCore/Alu_Unit/_inferred__1/i__carry__2/CO[3]
                         net (fo=1, routed)           0.000     5.056    toppyty/Core_Unit/DatapathCore/Alu_Unit/_inferred__1/i__carry__2_n_0
    SLICE_X11Y79         CARRY4 (Prop_carry4_CI_CO[3])
                                                      0.114     5.170 r  toppyty/Core_Unit/DatapathCore/Alu_Unit/_inferred__1/i__carry__3/CO[3]
                         net (fo=1, routed)           0.000     5.170    toppyty/Core_Unit/DatapathCore/Alu_Unit/_inferred__1/i__carry__3_n_0
    SLICE_X11Y80         CARRY4 (Prop_carry4_CI_CO[3])
                                                      0.114     5.284 r  toppyty/Core_Unit/DatapathCore/Alu_Unit/_inferred__1/i__carry__4/CO[3]
                         net (fo=1, routed)           0.000     5.284    toppyty/Core_Unit/DatapathCore/Alu_Unit/_inferred__1/i__carry__4_n_0
    SLICE_X11Y81         CARRY4 (Prop_carry4_CI_CO[3])
                                                      0.114     5.398 r  toppyty/Core_Unit/DatapathCore/Alu_Unit/_inferred__1/i__carry__5/CO[3]
                         net (fo=1, routed)           0.000     5.398    toppyty/Core_Unit/DatapathCore/Alu_Unit/_inferred__1/i__carry__5_n_0
    SLICE_X11Y82         CARRY4 (Prop_carry4_CI_O[3])
                                                      0.313     5.711 f  toppyty/Core_Unit/DatapathCore/Alu_Unit/_inferred__1/i__carry__6/O[3]
                         net (fo=2, routed)           0.722     6.433    toppyty/Core_Unit/DatapathCore/ff_Execute/ff_InstrE/data0[19]
    SLICE_X9Y87          LUT3 (Prop_lut3_I2_O)        0.306     6.739 f  toppyty/Core_Unit/DatapathCore/ff_Execute/ff_InstrE/qout[31]_i_10/O
                         net (fo=1, routed)           0.592     7.331    toppyty/Core_Unit/DatapathCore/ff_Execute/ff_InstrE/qout[31]_i_10_n_0
    SLICE_X10Y84         LUT6 (Prop_lut6_I5_O)        0.124     7.455 f  toppyty/Core_Unit/DatapathCore/ff_Execute/ff_InstrE/qout[31]_i_4/O
                         net (fo=2, routed)           0.000     7.455    toppyty/Core_Unit/DatapathCore/ff_Execute/ff_AluControlE/qout_reg[31]_1
    SLICE_X10Y84         MUXF7 (Prop_muxf7_I0_O)      0.209     7.664 f  toppyty/Core_Unit/DatapathCore/ff_Execute/ff_AluControlE/qout_reg[30]_i_28/O
                         net (fo=1, routed)           0.602     8.266    toppyty/Core_Unit/DatapathCore/ff_Execute/ff_AluControlE/qout_reg[30]_i_28_n_0
    SLICE_X9Y85          LUT5 (Prop_lut5_I1_O)        0.297     8.563 r  toppyty/Core_Unit/DatapathCore/ff_Execute/ff_AluControlE/qout[30]_i_15/O
                         net (fo=1, routed)           0.567     9.130    toppyty/Core_Unit/DatapathCore/ff_Execute/ff_AluControlE/qout[30]_i_15_n_0
    SLICE_X10Y83         LUT6 (Prop_lut6_I1_O)        0.124     9.254 r  toppyty/Core_Unit/DatapathCore/ff_Execute/ff_AluControlE/qout[30]_i_7/O
                         net (fo=1, routed)           0.700     9.954    toppyty/Core_Unit/DatapathCore/ff_Execute/ff_AluControlE/qout[30]_i_7_n_0
    SLICE_X7Y80          LUT6 (Prop_lut6_I3_O)        0.124    10.078 r  toppyty/Core_Unit/DatapathCore/ff_Execute/ff_AluControlE/qout[30]_i_4/O
                         net (fo=36, routed)          0.391    10.469    toppyty/Core_Unit/DatapathCore/ff_Execute/ff_InstrE/BrBase__0
    SLICE_X7Y79          LUT6 (Prop_lut6_I2_O)        0.124    10.593 r  toppyty/Core_Unit/DatapathCore/ff_Execute/ff_InstrE/i__carry_i_1/O
                         net (fo=1, routed)           0.323    10.916    toppyty/Core_Unit/DatapathCore_n_107
    SLICE_X5Y79          CARRY4 (Prop_carry4_DI[1]_CO[3])
                                                      0.507    11.423 r  toppyty/Core_Unit/i_/i_/i__carry/CO[3]
                         net (fo=1, routed)           0.000    11.423    toppyty/Core_Unit/i_/i_/i__carry_n_0
    SLICE_X5Y80          CARRY4 (Prop_carry4_CI_CO[3])
                                                      0.114    11.537 r  toppyty/Core_Unit/i_/i_/i__carry__0/CO[3]
                         net (fo=1, routed)           0.000    11.537    toppyty/Core_Unit/i_/i_/i__carry__0_n_0
    SLICE_X5Y81          CARRY4 (Prop_carry4_CI_CO[3])
                                                      0.114    11.651 r  toppyty/Core_Unit/i_/i_/i__carry__1/CO[3]
                         net (fo=1, routed)           0.000    11.651    toppyty/Core_Unit/i_/i_/i__carry__1_n_0
    SLICE_X5Y82          CARRY4 (Prop_carry4_CI_CO[3])
                                                      0.114    11.765 r  toppyty/Core_Unit/i_/i_/i__carry__2/CO[3]
                         net (fo=1, routed)           0.000    11.765    toppyty/Core_Unit/i_/i_/i__carry__2_n_0
    SLICE_X5Y83          CARRY4 (Prop_carry4_CI_CO[3])
                                                      0.114    11.879 r  toppyty/Core_Unit/i_/i_/i__carry__3/CO[3]
                         net (fo=1, routed)           0.000    11.879    toppyty/Core_Unit/i_/i_/i__carry__3_n_0
    SLICE_X5Y84          CARRY4 (Prop_carry4_CI_CO[3])
                                                      0.114    11.993 r  toppyty/Core_Unit/i_/i_/i__carry__4/CO[3]
                         net (fo=1, routed)           0.000    11.993    toppyty/Core_Unit/i_/i_/i__carry__4_n_0
    SLICE_X5Y85          CARRY4 (Prop_carry4_CI_CO[3])
                                                      0.114    12.107 r  toppyty/Core_Unit/i_/i_/i__carry__5/CO[3]
                         net (fo=1, routed)           0.000    12.107    toppyty/Core_Unit/i_/i_/i__carry__5_n_0
    SLICE_X5Y86          CARRY4 (Prop_carry4_CI_O[2])
                                                      0.239    12.346 r  toppyty/Core_Unit/i_/i_/i__carry__6/O[2]
                         net (fo=1, routed)           0.000    12.346    toppyty/Core_Unit/DatapathCore/ff_Fetch/ff_RE_interior/qout_reg[31]_0[2]
    SLICE_X5Y86          FDRE                                         r  toppyty/Core_Unit/DatapathCore/ff_Fetch/ff_RE_interior/qout_reg[31]/D
  -------------------------------------------------------------------    -------------------

                         (clock clk_out1_clk_wiz_0 rise edge)
                                                     13.514    13.514 r  
    E3                                                0.000    13.514 r  clk_100MHz (IN)
                         net (fo=0)                   0.000    13.514    clk_wiz_inst/inst/clk_in1
    E3                   IBUF (Prop_ibuf_I_O)         1.411    14.925 r  clk_wiz_inst/inst/clkin1_ibufg/O
                         net (fo=1, routed)           1.162    16.087    clk_wiz_inst/inst/clk_in1_clk_wiz_0
    MMCME2_ADV_X1Y2      MMCME2_ADV (Prop_mmcme2_adv_CLKIN1_CLKOUT0)
                                                     -7.324     8.763 r  clk_wiz_inst/inst/mmcm_adv_inst/CLKOUT0
                         net (fo=1, routed)           1.639    10.402    clk_wiz_inst/inst/clk_out1_clk_wiz_0
    BUFGCTRL_X0Y16       BUFG (Prop_bufg_I_O)         0.091    10.493 r  clk_wiz_inst/inst/clkout1_buf/O
                         net (fo=870, routed)         1.598    12.091    toppyty/Core_Unit/DatapathCore/ff_Fetch/ff_RE_interior/clk_out1
    SLICE_X5Y86          FDRE                                         r  toppyty/Core_Unit/DatapathCore/ff_Fetch/ff_RE_interior/qout_reg[31]/C
                         clock pessimism              0.576    12.668    
                         clock uncertainty           -0.128    12.540    
    SLICE_X5Y86          FDRE (Setup_fdre_C_D)        0.062    12.602    toppyty/Core_Unit/DatapathCore/ff_Fetch/ff_RE_interior/qout_reg[31]
  -------------------------------------------------------------------
                         required time                         12.602    
                         arrival time                         -12.346    
  -------------------------------------------------------------------
                         slack                                  0.255    

Slack (MET) :             0.271ns  (required time - arrival time)
  Source:                 toppyty/Core_Unit/DatapathCore/ff_Execute/ff_InstrE/qout_reg[20]/C
                            (rising edge-triggered cell FDRE clocked by clk_out1_clk_wiz_0  {rise@0.000ns fall@6.757ns period=13.514ns})
  Destination:            toppyty/Core_Unit/DatapathCore/ff_Fetch/ff_RE_interior/qout_reg[29]/D
                            (rising edge-triggered cell FDRE clocked by clk_out1_clk_wiz_0  {rise@0.000ns fall@6.757ns period=13.514ns})
  Path Group:             clk_out1_clk_wiz_0
  Path Type:              Setup (Max at Slow Process Corner)
  Requirement:            13.514ns  (clk_out1_clk_wiz_0 rise@13.514ns - clk_out1_clk_wiz_0 rise@0.000ns)
  Data Path Delay:        13.164ns  (logic 5.465ns (41.515%)  route 7.699ns (58.485%))
  Logic Levels:           28  (CARRY4=16 LUT2=1 LUT3=2 LUT5=2 LUT6=6 MUXF7=1)
  Clock Path Skew:        -0.012ns (DCD - SCD + CPR)
    Destination Clock Delay (DCD):    -1.422ns = ( 12.091 - 13.514 ) 
    Source Clock Delay      (SCD):    -0.834ns
    Clock Pessimism Removal (CPR):    0.576ns
  Clock Uncertainty:      0.128ns  ((TSJ^2 + DJ^2)^1/2) / 2 + PE
    Total System Jitter     (TSJ):    0.071ns
    Discrete Jitter          (DJ):    0.246ns
    Phase Error              (PE):    0.000ns

    Location             Delay type                Incr(ns)  Path(ns)    Netlist Resource(s)
  -------------------------------------------------------------------    -------------------
                         (clock clk_out1_clk_wiz_0 rise edge)
                                                      0.000     0.000 r  
    E3                                                0.000     0.000 r  clk_100MHz (IN)
                         net (fo=0)                   0.000     0.000    clk_wiz_inst/inst/clk_in1
    E3                   IBUF (Prop_ibuf_I_O)         1.482     1.482 r  clk_wiz_inst/inst/clkin1_ibufg/O
                         net (fo=1, routed)           1.233     2.715    clk_wiz_inst/inst/clk_in1_clk_wiz_0
    MMCME2_ADV_X1Y2      MMCME2_ADV (Prop_mmcme2_adv_CLKIN1_CLKOUT0)
                                                     -7.070    -4.355 r  clk_wiz_inst/inst/mmcm_adv_inst/CLKOUT0
                         net (fo=1, routed)           1.719    -2.636    clk_wiz_inst/inst/clk_out1_clk_wiz_0
    BUFGCTRL_X0Y16       BUFG (Prop_bufg_I_O)         0.096    -2.540 r  clk_wiz_inst/inst/clkout1_buf/O
                         net (fo=870, routed)         1.706    -0.834    toppyty/Core_Unit/DatapathCore/ff_Execute/ff_InstrE/clk_out1
    SLICE_X5Y76          FDRE                                         r  toppyty/Core_Unit/DatapathCore/ff_Execute/ff_InstrE/qout_reg[20]/C
  -------------------------------------------------------------------    -------------------
    SLICE_X5Y76          FDRE (Prop_fdre_C_Q)         0.419    -0.415 r  toppyty/Core_Unit/DatapathCore/ff_Execute/ff_InstrE/qout_reg[20]/Q
                         net (fo=8, routed)           0.891     0.476    toppyty/Core_Unit/DatapathCore/ff_Execute/ff_InstrE/qout_reg[20]_0
    SLICE_X4Y76          LUT6 (Prop_lut6_I0_O)        0.299     0.775 r  toppyty/Core_Unit/DatapathCore/ff_Execute/ff_InstrE/qout[31]_i_6__0/O
                         net (fo=1, routed)           0.416     1.191    toppyty/Core_Unit/DatapathCore/ff_Execute/ff_InstrE/qout[31]_i_6__0_n_0
    SLICE_X4Y77          LUT6 (Prop_lut6_I2_O)        0.124     1.315 r  toppyty/Core_Unit/DatapathCore/ff_Execute/ff_InstrE/qout[31]_i_3/O
                         net (fo=43, routed)          0.856     2.171    toppyty/Core_Unit/DatapathCore/ff_Execute/ff_InstrE/qout_reg[24]_2[0]
    SLICE_X4Y75          LUT5 (Prop_lut5_I4_O)        0.124     2.295 r  toppyty/Core_Unit/DatapathCore/ff_Execute/ff_InstrE/qout[0]_i_1__1/O
                         net (fo=2, routed)           0.593     2.889    toppyty/Core_Unit/DatapathCore/ff_Execute/ff_ImmExtE/qout[29]_i_10_0[0]
    SLICE_X4Y76          LUT3 (Prop_lut3_I1_O)        0.124     3.013 r  toppyty/Core_Unit/DatapathCore/ff_Execute/ff_ImmExtE/i__carry_i_18/O
                         net (fo=102, routed)         1.045     4.058    toppyty/Core_Unit/DatapathCore/ff_Execute/ff_AluControlE/qout_reg[0]_5
    SLICE_X11Y75         LUT2 (Prop_lut2_I1_O)        0.124     4.182 r  toppyty/Core_Unit/DatapathCore/ff_Execute/ff_AluControlE/i__carry_i_9/O
                         net (fo=1, routed)           0.000     4.182    toppyty/Core_Unit/DatapathCore/Alu_Unit/S[0]
    SLICE_X11Y75         CARRY4 (Prop_carry4_S[0]_CO[3])
                                                      0.532     4.714 r  toppyty/Core_Unit/DatapathCore/Alu_Unit/_inferred__1/i__carry/CO[3]
                         net (fo=1, routed)           0.000     4.714    toppyty/Core_Unit/DatapathCore/Alu_Unit/_inferred__1/i__carry_n_0
    SLICE_X11Y76         CARRY4 (Prop_carry4_CI_CO[3])
                                                      0.114     4.828 r  toppyty/Core_Unit/DatapathCore/Alu_Unit/_inferred__1/i__carry__0/CO[3]
                         net (fo=1, routed)           0.000     4.828    toppyty/Core_Unit/DatapathCore/Alu_Unit/_inferred__1/i__carry__0_n_0
    SLICE_X11Y77         CARRY4 (Prop_carry4_CI_CO[3])
                                                      0.114     4.942 r  toppyty/Core_Unit/DatapathCore/Alu_Unit/_inferred__1/i__carry__1/CO[3]
                         net (fo=1, routed)           0.000     4.942    toppyty/Core_Unit/DatapathCore/Alu_Unit/_inferred__1/i__carry__1_n_0
    SLICE_X11Y78         CARRY4 (Prop_carry4_CI_CO[3])
                                                      0.114     5.056 r  toppyty/Core_Unit/DatapathCore/Alu_Unit/_inferred__1/i__carry__2/CO[3]
                         net (fo=1, routed)           0.000     5.056    toppyty/Core_Unit/DatapathCore/Alu_Unit/_inferred__1/i__carry__2_n_0
    SLICE_X11Y79         CARRY4 (Prop_carry4_CI_CO[3])
                                                      0.114     5.170 r  toppyty/Core_Unit/DatapathCore/Alu_Unit/_inferred__1/i__carry__3/CO[3]
                         net (fo=1, routed)           0.000     5.170    toppyty/Core_Unit/DatapathCore/Alu_Unit/_inferred__1/i__carry__3_n_0
    SLICE_X11Y80         CARRY4 (Prop_carry4_CI_CO[3])
                                                      0.114     5.284 r  toppyty/Core_Unit/DatapathCore/Alu_Unit/_inferred__1/i__carry__4/CO[3]
                         net (fo=1, routed)           0.000     5.284    toppyty/Core_Unit/DatapathCore/Alu_Unit/_inferred__1/i__carry__4_n_0
    SLICE_X11Y81         CARRY4 (Prop_carry4_CI_CO[3])
                                                      0.114     5.398 r  toppyty/Core_Unit/DatapathCore/Alu_Unit/_inferred__1/i__carry__5/CO[3]
                         net (fo=1, routed)           0.000     5.398    toppyty/Core_Unit/DatapathCore/Alu_Unit/_inferred__1/i__carry__5_n_0
    SLICE_X11Y82         CARRY4 (Prop_carry4_CI_O[3])
                                                      0.313     5.711 f  toppyty/Core_Unit/DatapathCore/Alu_Unit/_inferred__1/i__carry__6/O[3]
                         net (fo=2, routed)           0.722     6.433    toppyty/Core_Unit/DatapathCore/ff_Execute/ff_InstrE/data0[19]
    SLICE_X9Y87          LUT3 (Prop_lut3_I2_O)        0.306     6.739 f  toppyty/Core_Unit/DatapathCore/ff_Execute/ff_InstrE/qout[31]_i_10/O
                         net (fo=1, routed)           0.592     7.331    toppyty/Core_Unit/DatapathCore/ff_Execute/ff_InstrE/qout[31]_i_10_n_0
    SLICE_X10Y84         LUT6 (Prop_lut6_I5_O)        0.124     7.455 f  toppyty/Core_Unit/DatapathCore/ff_Execute/ff_InstrE/qout[31]_i_4/O
                         net (fo=2, routed)           0.000     7.455    toppyty/Core_Unit/DatapathCore/ff_Execute/ff_AluControlE/qout_reg[31]_1
    SLICE_X10Y84         MUXF7 (Prop_muxf7_I0_O)      0.209     7.664 f  toppyty/Core_Unit/DatapathCore/ff_Execute/ff_AluControlE/qout_reg[30]_i_28/O
                         net (fo=1, routed)           0.602     8.266    toppyty/Core_Unit/DatapathCore/ff_Execute/ff_AluControlE/qout_reg[30]_i_28_n_0
    SLICE_X9Y85          LUT5 (Prop_lut5_I1_O)        0.297     8.563 r  toppyty/Core_Unit/DatapathCore/ff_Execute/ff_AluControlE/qout[30]_i_15/O
                         net (fo=1, routed)           0.567     9.130    toppyty/Core_Unit/DatapathCore/ff_Execute/ff_AluControlE/qout[30]_i_15_n_0
    SLICE_X10Y83         LUT6 (Prop_lut6_I1_O)        0.124     9.254 r  toppyty/Core_Unit/DatapathCore/ff_Execute/ff_AluControlE/qout[30]_i_7/O
                         net (fo=1, routed)           0.700     9.954    toppyty/Core_Unit/DatapathCore/ff_Execute/ff_AluControlE/qout[30]_i_7_n_0
    SLICE_X7Y80          LUT6 (Prop_lut6_I3_O)        0.124    10.078 r  toppyty/Core_Unit/DatapathCore/ff_Execute/ff_AluControlE/qout[30]_i_4/O
                         net (fo=36, routed)          0.391    10.469    toppyty/Core_Unit/DatapathCore/ff_Execute/ff_InstrE/BrBase__0
    SLICE_X7Y79          LUT6 (Prop_lut6_I2_O)        0.124    10.593 r  toppyty/Core_Unit/DatapathCore/ff_Execute/ff_InstrE/i__carry_i_1/O
                         net (fo=1, routed)           0.323    10.916    toppyty/Core_Unit/DatapathCore_n_107
    SLICE_X5Y79          CARRY4 (Prop_carry4_DI[1]_CO[3])
                                                      0.507    11.423 r  toppyty/Core_Unit/i_/i_/i__carry/CO[3]
                         net (fo=1, routed)           0.000    11.423    toppyty/Core_Unit/i_/i_/i__carry_n_0
    SLICE_X5Y80          CARRY4 (Prop_carry4_CI_CO[3])
                                                      0.114    11.537 r  toppyty/Core_Unit/i_/i_/i__carry__0/CO[3]
                         net (fo=1, routed)           0.000    11.537    toppyty/Core_Unit/i_/i_/i__carry__0_n_0
    SLICE_X5Y81          CARRY4 (Prop_carry4_CI_CO[3])
                                                      0.114    11.651 r  toppyty/Core_Unit/i_/i_/i__carry__1/CO[3]
                         net (fo=1, routed)           0.000    11.651    toppyty/Core_Unit/i_/i_/i__carry__1_n_0
    SLICE_X5Y82          CARRY4 (Prop_carry4_CI_CO[3])
                                                      0.114    11.765 r  toppyty/Core_Unit/i_/i_/i__carry__2/CO[3]
                         net (fo=1, routed)           0.000    11.765    toppyty/Core_Unit/i_/i_/i__carry__2_n_0
    SLICE_X5Y83          CARRY4 (Prop_carry4_CI_CO[3])
                                                      0.114    11.879 r  toppyty/Core_Unit/i_/i_/i__carry__3/CO[3]
                         net (fo=1, routed)           0.000    11.879    toppyty/Core_Unit/i_/i_/i__carry__3_n_0
    SLICE_X5Y84          CARRY4 (Prop_carry4_CI_CO[3])
                                                      0.114    11.993 r  toppyty/Core_Unit/i_/i_/i__carry__4/CO[3]
                         net (fo=1, routed)           0.000    11.993    toppyty/Core_Unit/i_/i_/i__carry__4_n_0
    SLICE_X5Y85          CARRY4 (Prop_carry4_CI_CO[3])
                                                      0.114    12.107 r  toppyty/Core_Unit/i_/i_/i__carry__5/CO[3]
                         net (fo=1, routed)           0.000    12.107    toppyty/Core_Unit/i_/i_/i__carry__5_n_0
    SLICE_X5Y86          CARRY4 (Prop_carry4_CI_O[0])
                                                      0.223    12.330 r  toppyty/Core_Unit/i_/i_/i__carry__6/O[0]
                         net (fo=1, routed)           0.000    12.330    toppyty/Core_Unit/DatapathCore/ff_Fetch/ff_RE_interior/qout_reg[31]_0[0]
    SLICE_X5Y86          FDRE                                         r  toppyty/Core_Unit/DatapathCore/ff_Fetch/ff_RE_interior/qout_reg[29]/D
  -------------------------------------------------------------------    -------------------

                         (clock clk_out1_clk_wiz_0 rise edge)
                                                     13.514    13.514 r  
    E3                                                0.000    13.514 r  clk_100MHz (IN)
                         net (fo=0)                   0.000    13.514    clk_wiz_inst/inst/clk_in1
    E3                   IBUF (Prop_ibuf_I_O)         1.411    14.925 r  clk_wiz_inst/inst/clkin1_ibufg/O
                         net (fo=1, routed)           1.162    16.087    clk_wiz_inst/inst/clk_in1_clk_wiz_0
    MMCME2_ADV_X1Y2      MMCME2_ADV (Prop_mmcme2_adv_CLKIN1_CLKOUT0)
                                                     -7.324     8.763 r  clk_wiz_inst/inst/mmcm_adv_inst/CLKOUT0
                         net (fo=1, routed)           1.639    10.402    clk_wiz_inst/inst/clk_out1_clk_wiz_0
    BUFGCTRL_X0Y16       BUFG (Prop_bufg_I_O)         0.091    10.493 r  clk_wiz_inst/inst/clkout1_buf/O
                         net (fo=870, routed)         1.598    12.091    toppyty/Core_Unit/DatapathCore/ff_Fetch/ff_RE_interior/clk_out1
    SLICE_X5Y86          FDRE                                         r  toppyty/Core_Unit/DatapathCore/ff_Fetch/ff_RE_interior/qout_reg[29]/C
                         clock pessimism              0.576    12.668    
                         clock uncertainty           -0.128    12.540    
    SLICE_X5Y86          FDRE (Setup_fdre_C_D)        0.062    12.602    toppyty/Core_Unit/DatapathCore/ff_Fetch/ff_RE_interior/qout_reg[29]
  -------------------------------------------------------------------
                         required time                         12.602    
                         arrival time                         -12.330    
  -------------------------------------------------------------------
                         slack                                  0.271    

Slack (MET) :             0.274ns  (required time - arrival time)
  Source:                 toppyty/Core_Unit/DatapathCore/ff_Execute/ff_InstrE/qout_reg[20]/C
                            (rising edge-triggered cell FDRE clocked by clk_out1_clk_wiz_0  {rise@0.000ns fall@6.757ns period=13.514ns})
  Destination:            toppyty/Core_Unit/DatapathCore/ff_Fetch/ff_RE_interior/qout_reg[26]/D
                            (rising edge-triggered cell FDRE clocked by clk_out1_clk_wiz_0  {rise@0.000ns fall@6.757ns period=13.514ns})
  Path Group:             clk_out1_clk_wiz_0
  Path Type:              Setup (Max at Slow Process Corner)
  Requirement:            13.514ns  (clk_out1_clk_wiz_0 rise@13.514ns - clk_out1_clk_wiz_0 rise@0.000ns)
  Data Path Delay:        13.161ns  (logic 5.462ns (41.502%)  route 7.699ns (58.498%))
  Logic Levels:           27  (CARRY4=15 LUT2=1 LUT3=2 LUT5=2 LUT6=6 MUXF7=1)
  Clock Path Skew:        -0.012ns (DCD - SCD + CPR)
    Destination Clock Delay (DCD):    -1.422ns = ( 12.091 - 13.514 ) 
    Source Clock Delay      (SCD):    -0.834ns
    Clock Pessimism Removal (CPR):    0.576ns
  Clock Uncertainty:      0.128ns  ((TSJ^2 + DJ^2)^1/2) / 2 + PE
    Total System Jitter     (TSJ):    0.071ns
    Discrete Jitter          (DJ):    0.246ns
    Phase Error              (PE):    0.000ns

    Location             Delay type                Incr(ns)  Path(ns)    Netlist Resource(s)
  -------------------------------------------------------------------    -------------------
                         (clock clk_out1_clk_wiz_0 rise edge)
                                                      0.000     0.000 r  
    E3                                                0.000     0.000 r  clk_100MHz (IN)
                         net (fo=0)                   0.000     0.000    clk_wiz_inst/inst/clk_in1
    E3                   IBUF (Prop_ibuf_I_O)         1.482     1.482 r  clk_wiz_inst/inst/clkin1_ibufg/O
                         net (fo=1, routed)           1.233     2.715    clk_wiz_inst/inst/clk_in1_clk_wiz_0
    MMCME2_ADV_X1Y2      MMCME2_ADV (Prop_mmcme2_adv_CLKIN1_CLKOUT0)
                                                     -7.070    -4.355 r  clk_wiz_inst/inst/mmcm_adv_inst/CLKOUT0
                         net (fo=1, routed)           1.719    -2.636    clk_wiz_inst/inst/clk_out1_clk_wiz_0
    BUFGCTRL_X0Y16       BUFG (Prop_bufg_I_O)         0.096    -2.540 r  clk_wiz_inst/inst/clkout1_buf/O
                         net (fo=870, routed)         1.706    -0.834    toppyty/Core_Unit/DatapathCore/ff_Execute/ff_InstrE/clk_out1
    SLICE_X5Y76          FDRE                                         r  toppyty/Core_Unit/DatapathCore/ff_Execute/ff_InstrE/qout_reg[20]/C
  -------------------------------------------------------------------    -------------------
    SLICE_X5Y76          FDRE (Prop_fdre_C_Q)         0.419    -0.415 r  toppyty/Core_Unit/DatapathCore/ff_Execute/ff_InstrE/qout_reg[20]/Q
                         net (fo=8, routed)           0.891     0.476    toppyty/Core_Unit/DatapathCore/ff_Execute/ff_InstrE/qout_reg[20]_0
    SLICE_X4Y76          LUT6 (Prop_lut6_I0_O)        0.299     0.775 r  toppyty/Core_Unit/DatapathCore/ff_Execute/ff_InstrE/qout[31]_i_6__0/O
                         net (fo=1, routed)           0.416     1.191    toppyty/Core_Unit/DatapathCore/ff_Execute/ff_InstrE/qout[31]_i_6__0_n_0
    SLICE_X4Y77          LUT6 (Prop_lut6_I2_O)        0.124     1.315 r  toppyty/Core_Unit/DatapathCore/ff_Execute/ff_InstrE/qout[31]_i_3/O
                         net (fo=43, routed)          0.856     2.171    toppyty/Core_Unit/DatapathCore/ff_Execute/ff_InstrE/qout_reg[24]_2[0]
    SLICE_X4Y75          LUT5 (Prop_lut5_I4_O)        0.124     2.295 r  toppyty/Core_Unit/DatapathCore/ff_Execute/ff_InstrE/qout[0]_i_1__1/O
                         net (fo=2, routed)           0.593     2.889    toppyty/Core_Unit/DatapathCore/ff_Execute/ff_ImmExtE/qout[29]_i_10_0[0]
    SLICE_X4Y76          LUT3 (Prop_lut3_I1_O)        0.124     3.013 r  toppyty/Core_Unit/DatapathCore/ff_Execute/ff_ImmExtE/i__carry_i_18/O
                         net (fo=102, routed)         1.045     4.058    toppyty/Core_Unit/DatapathCore/ff_Execute/ff_AluControlE/qout_reg[0]_5
    SLICE_X11Y75         LUT2 (Prop_lut2_I1_O)        0.124     4.182 r  toppyty/Core_Unit/DatapathCore/ff_Execute/ff_AluControlE/i__carry_i_9/O
                         net (fo=1, routed)           0.000     4.182    toppyty/Core_Unit/DatapathCore/Alu_Unit/S[0]
    SLICE_X11Y75         CARRY4 (Prop_carry4_S[0]_CO[3])
                                                      0.532     4.714 r  toppyty/Core_Unit/DatapathCore/Alu_Unit/_inferred__1/i__carry/CO[3]
                         net (fo=1, routed)           0.000     4.714    toppyty/Core_Unit/DatapathCore/Alu_Unit/_inferred__1/i__carry_n_0
    SLICE_X11Y76         CARRY4 (Prop_carry4_CI_CO[3])
                                                      0.114     4.828 r  toppyty/Core_Unit/DatapathCore/Alu_Unit/_inferred__1/i__carry__0/CO[3]
                         net (fo=1, routed)           0.000     4.828    toppyty/Core_Unit/DatapathCore/Alu_Unit/_inferred__1/i__carry__0_n_0
    SLICE_X11Y77         CARRY4 (Prop_carry4_CI_CO[3])
                                                      0.114     4.942 r  toppyty/Core_Unit/DatapathCore/Alu_Unit/_inferred__1/i__carry__1/CO[3]
                         net (fo=1, routed)           0.000     4.942    toppyty/Core_Unit/DatapathCore/Alu_Unit/_inferred__1/i__carry__1_n_0
    SLICE_X11Y78         CARRY4 (Prop_carry4_CI_CO[3])
                                                      0.114     5.056 r  toppyty/Core_Unit/DatapathCore/Alu_Unit/_inferred__1/i__carry__2/CO[3]
                         net (fo=1, routed)           0.000     5.056    toppyty/Core_Unit/DatapathCore/Alu_Unit/_inferred__1/i__carry__2_n_0
    SLICE_X11Y79         CARRY4 (Prop_carry4_CI_CO[3])
                                                      0.114     5.170 r  toppyty/Core_Unit/DatapathCore/Alu_Unit/_inferred__1/i__carry__3/CO[3]
                         net (fo=1, routed)           0.000     5.170    toppyty/Core_Unit/DatapathCore/Alu_Unit/_inferred__1/i__carry__3_n_0
    SLICE_X11Y80         CARRY4 (Prop_carry4_CI_CO[3])
                                                      0.114     5.284 r  toppyty/Core_Unit/DatapathCore/Alu_Unit/_inferred__1/i__carry__4/CO[3]
                         net (fo=1, routed)           0.000     5.284    toppyty/Core_Unit/DatapathCore/Alu_Unit/_inferred__1/i__carry__4_n_0
    SLICE_X11Y81         CARRY4 (Prop_carry4_CI_CO[3])
                                                      0.114     5.398 r  toppyty/Core_Unit/DatapathCore/Alu_Unit/_inferred__1/i__carry__5/CO[3]
                         net (fo=1, routed)           0.000     5.398    toppyty/Core_Unit/DatapathCore/Alu_Unit/_inferred__1/i__carry__5_n_0
    SLICE_X11Y82         CARRY4 (Prop_carry4_CI_O[3])
                                                      0.313     5.711 f  toppyty/Core_Unit/DatapathCore/Alu_Unit/_inferred__1/i__carry__6/O[3]
                         net (fo=2, routed)           0.722     6.433    toppyty/Core_Unit/DatapathCore/ff_Execute/ff_InstrE/data0[19]
    SLICE_X9Y87          LUT3 (Prop_lut3_I2_O)        0.306     6.739 f  toppyty/Core_Unit/DatapathCore/ff_Execute/ff_InstrE/qout[31]_i_10/O
                         net (fo=1, routed)           0.592     7.331    toppyty/Core_Unit/DatapathCore/ff_Execute/ff_InstrE/qout[31]_i_10_n_0
    SLICE_X10Y84         LUT6 (Prop_lut6_I5_O)        0.124     7.455 f  toppyty/Core_Unit/DatapathCore/ff_Execute/ff_InstrE/qout[31]_i_4/O
                         net (fo=2, routed)           0.000     7.455    toppyty/Core_Unit/DatapathCore/ff_Execute/ff_AluControlE/qout_reg[31]_1
    SLICE_X10Y84         MUXF7 (Prop_muxf7_I0_O)      0.209     7.664 f  toppyty/Core_Unit/DatapathCore/ff_Execute/ff_AluControlE/qout_reg[30]_i_28/O
                         net (fo=1, routed)           0.602     8.266    toppyty/Core_Unit/DatapathCore/ff_Execute/ff_AluControlE/qout_reg[30]_i_28_n_0
    SLICE_X9Y85          LUT5 (Prop_lut5_I1_O)        0.297     8.563 r  toppyty/Core_Unit/DatapathCore/ff_Execute/ff_AluControlE/qout[30]_i_15/O
                         net (fo=1, routed)           0.567     9.130    toppyty/Core_Unit/DatapathCore/ff_Execute/ff_AluControlE/qout[30]_i_15_n_0
    SLICE_X10Y83         LUT6 (Prop_lut6_I1_O)        0.124     9.254 r  toppyty/Core_Unit/DatapathCore/ff_Execute/ff_AluControlE/qout[30]_i_7/O
                         net (fo=1, routed)           0.700     9.954    toppyty/Core_Unit/DatapathCore/ff_Execute/ff_AluControlE/qout[30]_i_7_n_0
    SLICE_X7Y80          LUT6 (Prop_lut6_I3_O)        0.124    10.078 r  toppyty/Core_Unit/DatapathCore/ff_Execute/ff_AluControlE/qout[30]_i_4/O
                         net (fo=36, routed)          0.391    10.469    toppyty/Core_Unit/DatapathCore/ff_Execute/ff_InstrE/BrBase__0
    SLICE_X7Y79          LUT6 (Prop_lut6_I2_O)        0.124    10.593 r  toppyty/Core_Unit/DatapathCore/ff_Execute/ff_InstrE/i__carry_i_1/O
                         net (fo=1, routed)           0.323    10.916    toppyty/Core_Unit/DatapathCore_n_107
    SLICE_X5Y79          CARRY4 (Prop_carry4_DI[1]_CO[3])
                                                      0.507    11.423 r  toppyty/Core_Unit/i_/i_/i__carry/CO[3]
                         net (fo=1, routed)           0.000    11.423    toppyty/Core_Unit/i_/i_/i__carry_n_0
    SLICE_X5Y80          CARRY4 (Prop_carry4_CI_CO[3])
                                                      0.114    11.537 r  toppyty/Core_Unit/i_/i_/i__carry__0/CO[3]
                         net (fo=1, routed)           0.000    11.537    toppyty/Core_Unit/i_/i_/i__carry__0_n_0
    SLICE_X5Y81          CARRY4 (Prop_carry4_CI_CO[3])
                                                      0.114    11.651 r  toppyty/Core_Unit/i_/i_/i__carry__1/CO[3]
                         net (fo=1, routed)           0.000    11.651    toppyty/Core_Unit/i_/i_/i__carry__1_n_0
    SLICE_X5Y82          CARRY4 (Prop_carry4_CI_CO[3])
                                                      0.114    11.765 r  toppyty/Core_Unit/i_/i_/i__carry__2/CO[3]
                         net (fo=1, routed)           0.000    11.765    toppyty/Core_Unit/i_/i_/i__carry__2_n_0
    SLICE_X5Y83          CARRY4 (Prop_carry4_CI_CO[3])
                                                      0.114    11.879 r  toppyty/Core_Unit/i_/i_/i__carry__3/CO[3]
                         net (fo=1, routed)           0.000    11.879    toppyty/Core_Unit/i_/i_/i__carry__3_n_0
    SLICE_X5Y84          CARRY4 (Prop_carry4_CI_CO[3])
                                                      0.114    11.993 r  toppyty/Core_Unit/i_/i_/i__carry__4/CO[3]
                         net (fo=1, routed)           0.000    11.993    toppyty/Core_Unit/i_/i_/i__carry__4_n_0
    SLICE_X5Y85          CARRY4 (Prop_carry4_CI_O[1])
                                                      0.334    12.327 r  toppyty/Core_Unit/i_/i_/i__carry__5/O[1]
                         net (fo=1, routed)           0.000    12.327    toppyty/Core_Unit/DatapathCore/ff_Fetch/ff_RE_interior/qout_reg[28]_0[1]
    SLICE_X5Y85          FDRE                                         r  toppyty/Core_Unit/DatapathCore/ff_Fetch/ff_RE_interior/qout_reg[26]/D
  -------------------------------------------------------------------    -------------------

                         (clock clk_out1_clk_wiz_0 rise edge)
                                                     13.514    13.514 r  
    E3                                                0.000    13.514 r  clk_100MHz (IN)
                         net (fo=0)                   0.000    13.514    clk_wiz_inst/inst/clk_in1
    E3                   IBUF (Prop_ibuf_I_O)         1.411    14.925 r  clk_wiz_inst/inst/clkin1_ibufg/O
                         net (fo=1, routed)           1.162    16.087    clk_wiz_inst/inst/clk_in1_clk_wiz_0
    MMCME2_ADV_X1Y2      MMCME2_ADV (Prop_mmcme2_adv_CLKIN1_CLKOUT0)
                                                     -7.324     8.763 r  clk_wiz_inst/inst/mmcm_adv_inst/CLKOUT0
                         net (fo=1, routed)           1.639    10.402    clk_wiz_inst/inst/clk_out1_clk_wiz_0
    BUFGCTRL_X0Y16       BUFG (Prop_bufg_I_O)         0.091    10.493 r  clk_wiz_inst/inst/clkout1_buf/O
                         net (fo=870, routed)         1.598    12.091    toppyty/Core_Unit/DatapathCore/ff_Fetch/ff_RE_interior/clk_out1
    SLICE_X5Y85          FDRE                                         r  toppyty/Core_Unit/DatapathCore/ff_Fetch/ff_RE_interior/qout_reg[26]/C
                         clock pessimism              0.576    12.668    
                         clock uncertainty           -0.128    12.540    
    SLICE_X5Y85          FDRE (Setup_fdre_C_D)        0.062    12.602    toppyty/Core_Unit/DatapathCore/ff_Fetch/ff_RE_interior/qout_reg[26]
  -------------------------------------------------------------------
                         required time                         12.602    
                         arrival time                         -12.327    
  -------------------------------------------------------------------
                         slack                                  0.274    

Slack (MET) :             0.295ns  (required time - arrival time)
  Source:                 toppyty/Core_Unit/DatapathCore/ff_Execute/ff_InstrE/qout_reg[20]/C
                            (rising edge-triggered cell FDRE clocked by clk_out1_clk_wiz_0  {rise@0.000ns fall@6.757ns period=13.514ns})
  Destination:            toppyty/Core_Unit/DatapathCore/ff_Fetch/ff_RE_interior/qout_reg[28]/D
                            (rising edge-triggered cell FDRE clocked by clk_out1_clk_wiz_0  {rise@0.000ns fall@6.757ns period=13.514ns})
  Path Group:             clk_out1_clk_wiz_0
  Path Type:              Setup (Max at Slow Process Corner)
  Requirement:            13.514ns  (clk_out1_clk_wiz_0 rise@13.514ns - clk_out1_clk_wiz_0 rise@0.000ns)
  Data Path Delay:        13.140ns  (logic 5.441ns (41.408%)  route 7.699ns (58.592%))
  Logic Levels:           27  (CARRY4=15 LUT2=1 LUT3=2 LUT5=2 LUT6=6 MUXF7=1)
  Clock Path Skew:        -0.012ns (DCD - SCD + CPR)
    Destination Clock Delay (DCD):    -1.422ns = ( 12.091 - 13.514 ) 
    Source Clock Delay      (SCD):    -0.834ns
    Clock Pessimism Removal (CPR):    0.576ns
  Clock Uncertainty:      0.128ns  ((TSJ^2 + DJ^2)^1/2) / 2 + PE
    Total System Jitter     (TSJ):    0.071ns
    Discrete Jitter          (DJ):    0.246ns
    Phase Error              (PE):    0.000ns

    Location             Delay type                Incr(ns)  Path(ns)    Netlist Resource(s)
  -------------------------------------------------------------------    -------------------
                         (clock clk_out1_clk_wiz_0 rise edge)
                                                      0.000     0.000 r  
    E3                                                0.000     0.000 r  clk_100MHz (IN)
                         net (fo=0)                   0.000     0.000    clk_wiz_inst/inst/clk_in1
    E3                   IBUF (Prop_ibuf_I_O)         1.482     1.482 r  clk_wiz_inst/inst/clkin1_ibufg/O
                         net (fo=1, routed)           1.233     2.715    clk_wiz_inst/inst/clk_in1_clk_wiz_0
    MMCME2_ADV_X1Y2      MMCME2_ADV (Prop_mmcme2_adv_CLKIN1_CLKOUT0)
                                                     -7.070    -4.355 r  clk_wiz_inst/inst/mmcm_adv_inst/CLKOUT0
                         net (fo=1, routed)           1.719    -2.636    clk_wiz_inst/inst/clk_out1_clk_wiz_0
    BUFGCTRL_X0Y16       BUFG (Prop_bufg_I_O)         0.096    -2.540 r  clk_wiz_inst/inst/clkout1_buf/O
                         net (fo=870, routed)         1.706    -0.834    toppyty/Core_Unit/DatapathCore/ff_Execute/ff_InstrE/clk_out1
    SLICE_X5Y76          FDRE                                         r  toppyty/Core_Unit/DatapathCore/ff_Execute/ff_InstrE/qout_reg[20]/C
  -------------------------------------------------------------------    -------------------
    SLICE_X5Y76          FDRE (Prop_fdre_C_Q)         0.419    -0.415 r  toppyty/Core_Unit/DatapathCore/ff_Execute/ff_InstrE/qout_reg[20]/Q
                         net (fo=8, routed)           0.891     0.476    toppyty/Core_Unit/DatapathCore/ff_Execute/ff_InstrE/qout_reg[20]_0
    SLICE_X4Y76          LUT6 (Prop_lut6_I0_O)        0.299     0.775 r  toppyty/Core_Unit/DatapathCore/ff_Execute/ff_InstrE/qout[31]_i_6__0/O
                         net (fo=1, routed)           0.416     1.191    toppyty/Core_Unit/DatapathCore/ff_Execute/ff_InstrE/qout[31]_i_6__0_n_0
    SLICE_X4Y77          LUT6 (Prop_lut6_I2_O)        0.124     1.315 r  toppyty/Core_Unit/DatapathCore/ff_Execute/ff_InstrE/qout[31]_i_3/O
                         net (fo=43, routed)          0.856     2.171    toppyty/Core_Unit/DatapathCore/ff_Execute/ff_InstrE/qout_reg[24]_2[0]
    SLICE_X4Y75          LUT5 (Prop_lut5_I4_O)        0.124     2.295 r  toppyty/Core_Unit/DatapathCore/ff_Execute/ff_InstrE/qout[0]_i_1__1/O
                         net (fo=2, routed)           0.593     2.889    toppyty/Core_Unit/DatapathCore/ff_Execute/ff_ImmExtE/qout[29]_i_10_0[0]
    SLICE_X4Y76          LUT3 (Prop_lut3_I1_O)        0.124     3.013 r  toppyty/Core_Unit/DatapathCore/ff_Execute/ff_ImmExtE/i__carry_i_18/O
                         net (fo=102, routed)         1.045     4.058    toppyty/Core_Unit/DatapathCore/ff_Execute/ff_AluControlE/qout_reg[0]_5
    SLICE_X11Y75         LUT2 (Prop_lut2_I1_O)        0.124     4.182 r  toppyty/Core_Unit/DatapathCore/ff_Execute/ff_AluControlE/i__carry_i_9/O
                         net (fo=1, routed)           0.000     4.182    toppyty/Core_Unit/DatapathCore/Alu_Unit/S[0]
    SLICE_X11Y75         CARRY4 (Prop_carry4_S[0]_CO[3])
                                                      0.532     4.714 r  toppyty/Core_Unit/DatapathCore/Alu_Unit/_inferred__1/i__carry/CO[3]
                         net (fo=1, routed)           0.000     4.714    toppyty/Core_Unit/DatapathCore/Alu_Unit/_inferred__1/i__carry_n_0
    SLICE_X11Y76         CARRY4 (Prop_carry4_CI_CO[3])
                                                      0.114     4.828 r  toppyty/Core_Unit/DatapathCore/Alu_Unit/_inferred__1/i__carry__0/CO[3]
                         net (fo=1, routed)           0.000     4.828    toppyty/Core_Unit/DatapathCore/Alu_Unit/_inferred__1/i__carry__0_n_0
    SLICE_X11Y77         CARRY4 (Prop_carry4_CI_CO[3])
                                                      0.114     4.942 r  toppyty/Core_Unit/DatapathCore/Alu_Unit/_inferred__1/i__carry__1/CO[3]
                         net (fo=1, routed)           0.000     4.942    toppyty/Core_Unit/DatapathCore/Alu_Unit/_inferred__1/i__carry__1_n_0
    SLICE_X11Y78         CARRY4 (Prop_carry4_CI_CO[3])
                                                      0.114     5.056 r  toppyty/Core_Unit/DatapathCore/Alu_Unit/_inferred__1/i__carry__2/CO[3]
                         net (fo=1, routed)           0.000     5.056    toppyty/Core_Unit/DatapathCore/Alu_Unit/_inferred__1/i__carry__2_n_0
    SLICE_X11Y79         CARRY4 (Prop_carry4_CI_CO[3])
                                                      0.114     5.170 r  toppyty/Core_Unit/DatapathCore/Alu_Unit/_inferred__1/i__carry__3/CO[3]
                         net (fo=1, routed)           0.000     5.170    toppyty/Core_Unit/DatapathCore/Alu_Unit/_inferred__1/i__carry__3_n_0
    SLICE_X11Y80         CARRY4 (Prop_carry4_CI_CO[3])
                                                      0.114     5.284 r  toppyty/Core_Unit/DatapathCore/Alu_Unit/_inferred__1/i__carry__4/CO[3]
                         net (fo=1, routed)           0.000     5.284    toppyty/Core_Unit/DatapathCore/Alu_Unit/_inferred__1/i__carry__4_n_0
    SLICE_X11Y81         CARRY4 (Prop_carry4_CI_CO[3])
                                                      0.114     5.398 r  toppyty/Core_Unit/DatapathCore/Alu_Unit/_inferred__1/i__carry__5/CO[3]
                         net (fo=1, routed)           0.000     5.398    toppyty/Core_Unit/DatapathCore/Alu_Unit/_inferred__1/i__carry__5_n_0
    SLICE_X11Y82         CARRY4 (Prop_carry4_CI_O[3])
                                                      0.313     5.711 f  toppyty/Core_Unit/DatapathCore/Alu_Unit/_inferred__1/i__carry__6/O[3]
                         net (fo=2, routed)           0.722     6.433    toppyty/Core_Unit/DatapathCore/ff_Execute/ff_InstrE/data0[19]
    SLICE_X9Y87          LUT3 (Prop_lut3_I2_O)        0.306     6.739 f  toppyty/Core_Unit/DatapathCore/ff_Execute/ff_InstrE/qout[31]_i_10/O
                         net (fo=1, routed)           0.592     7.331    toppyty/Core_Unit/DatapathCore/ff_Execute/ff_InstrE/qout[31]_i_10_n_0
    SLICE_X10Y84         LUT6 (Prop_lut6_I5_O)        0.124     7.455 f  toppyty/Core_Unit/DatapathCore/ff_Execute/ff_InstrE/qout[31]_i_4/O
                         net (fo=2, routed)           0.000     7.455    toppyty/Core_Unit/DatapathCore/ff_Execute/ff_AluControlE/qout_reg[31]_1
    SLICE_X10Y84         MUXF7 (Prop_muxf7_I0_O)      0.209     7.664 f  toppyty/Core_Unit/DatapathCore/ff_Execute/ff_AluControlE/qout_reg[30]_i_28/O
                         net (fo=1, routed)           0.602     8.266    toppyty/Core_Unit/DatapathCore/ff_Execute/ff_AluControlE/qout_reg[30]_i_28_n_0
    SLICE_X9Y85          LUT5 (Prop_lut5_I1_O)        0.297     8.563 r  toppyty/Core_Unit/DatapathCore/ff_Execute/ff_AluControlE/qout[30]_i_15/O
                         net (fo=1, routed)           0.567     9.130    toppyty/Core_Unit/DatapathCore/ff_Execute/ff_AluControlE/qout[30]_i_15_n_0
    SLICE_X10Y83         LUT6 (Prop_lut6_I1_O)        0.124     9.254 r  toppyty/Core_Unit/DatapathCore/ff_Execute/ff_AluControlE/qout[30]_i_7/O
                         net (fo=1, routed)           0.700     9.954    toppyty/Core_Unit/DatapathCore/ff_Execute/ff_AluControlE/qout[30]_i_7_n_0
    SLICE_X7Y80          LUT6 (Prop_lut6_I3_O)        0.124    10.078 r  toppyty/Core_Unit/DatapathCore/ff_Execute/ff_AluControlE/qout[30]_i_4/O
                         net (fo=36, routed)          0.391    10.469    toppyty/Core_Unit/DatapathCore/ff_Execute/ff_InstrE/BrBase__0
    SLICE_X7Y79          LUT6 (Prop_lut6_I2_O)        0.124    10.593 r  toppyty/Core_Unit/DatapathCore/ff_Execute/ff_InstrE/i__carry_i_1/O
                         net (fo=1, routed)           0.323    10.916    toppyty/Core_Unit/DatapathCore_n_107
    SLICE_X5Y79          CARRY4 (Prop_carry4_DI[1]_CO[3])
                                                      0.507    11.423 r  toppyty/Core_Unit/i_/i_/i__carry/CO[3]
                         net (fo=1, routed)           0.000    11.423    toppyty/Core_Unit/i_/i_/i__carry_n_0
    SLICE_X5Y80          CARRY4 (Prop_carry4_CI_CO[3])
                                                      0.114    11.537 r  toppyty/Core_Unit/i_/i_/i__carry__0/CO[3]
                         net (fo=1, routed)           0.000    11.537    toppyty/Core_Unit/i_/i_/i__carry__0_n_0
    SLICE_X5Y81          CARRY4 (Prop_carry4_CI_CO[3])
                                                      0.114    11.651 r  toppyty/Core_Unit/i_/i_/i__carry__1/CO[3]
                         net (fo=1, routed)           0.000    11.651    toppyty/Core_Unit/i_/i_/i__carry__1_n_0
    SLICE_X5Y82          CARRY4 (Prop_carry4_CI_CO[3])
                                                      0.114    11.765 r  toppyty/Core_Unit/i_/i_/i__carry__2/CO[3]
                         net (fo=1, routed)           0.000    11.765    toppyty/Core_Unit/i_/i_/i__carry__2_n_0
    SLICE_X5Y83          CARRY4 (Prop_carry4_CI_CO[3])
                                                      0.114    11.879 r  toppyty/Core_Unit/i_/i_/i__carry__3/CO[3]
                         net (fo=1, routed)           0.000    11.879    toppyty/Core_Unit/i_/i_/i__carry__3_n_0
    SLICE_X5Y84          CARRY4 (Prop_carry4_CI_CO[3])
                                                      0.114    11.993 r  toppyty/Core_Unit/i_/i_/i__carry__4/CO[3]
                         net (fo=1, routed)           0.000    11.993    toppyty/Core_Unit/i_/i_/i__carry__4_n_0
    SLICE_X5Y85          CARRY4 (Prop_carry4_CI_O[3])
                                                      0.313    12.306 r  toppyty/Core_Unit/i_/i_/i__carry__5/O[3]
                         net (fo=1, routed)           0.000    12.306    toppyty/Core_Unit/DatapathCore/ff_Fetch/ff_RE_interior/qout_reg[28]_0[3]
    SLICE_X5Y85          FDRE                                         r  toppyty/Core_Unit/DatapathCore/ff_Fetch/ff_RE_interior/qout_reg[28]/D
  -------------------------------------------------------------------    -------------------

                         (clock clk_out1_clk_wiz_0 rise edge)
                                                     13.514    13.514 r  
    E3                                                0.000    13.514 r  clk_100MHz (IN)
                         net (fo=0)                   0.000    13.514    clk_wiz_inst/inst/clk_in1
    E3                   IBUF (Prop_ibuf_I_O)         1.411    14.925 r  clk_wiz_inst/inst/clkin1_ibufg/O
                         net (fo=1, routed)           1.162    16.087    clk_wiz_inst/inst/clk_in1_clk_wiz_0
    MMCME2_ADV_X1Y2      MMCME2_ADV (Prop_mmcme2_adv_CLKIN1_CLKOUT0)
                                                     -7.324     8.763 r  clk_wiz_inst/inst/mmcm_adv_inst/CLKOUT0
                         net (fo=1, routed)           1.639    10.402    clk_wiz_inst/inst/clk_out1_clk_wiz_0
    BUFGCTRL_X0Y16       BUFG (Prop_bufg_I_O)         0.091    10.493 r  clk_wiz_inst/inst/clkout1_buf/O
                         net (fo=870, routed)         1.598    12.091    toppyty/Core_Unit/DatapathCore/ff_Fetch/ff_RE_interior/clk_out1
    SLICE_X5Y85          FDRE                                         r  toppyty/Core_Unit/DatapathCore/ff_Fetch/ff_RE_interior/qout_reg[28]/C
                         clock pessimism              0.576    12.668    
                         clock uncertainty           -0.128    12.540    
    SLICE_X5Y85          FDRE (Setup_fdre_C_D)        0.062    12.602    toppyty/Core_Unit/DatapathCore/ff_Fetch/ff_RE_interior/qout_reg[28]
  -------------------------------------------------------------------
                         required time                         12.602    
                         arrival time                         -12.306    
  -------------------------------------------------------------------
                         slack                                  0.295    

Slack (MET) :             0.369ns  (required time - arrival time)
  Source:                 toppyty/Core_Unit/DatapathCore/ff_Execute/ff_InstrE/qout_reg[20]/C
                            (rising edge-triggered cell FDRE clocked by clk_out1_clk_wiz_0  {rise@0.000ns fall@6.757ns period=13.514ns})
  Destination:            toppyty/Core_Unit/DatapathCore/ff_Fetch/ff_RE_interior/qout_reg[27]/D
                            (rising edge-triggered cell FDRE clocked by clk_out1_clk_wiz_0  {rise@0.000ns fall@6.757ns period=13.514ns})
  Path Group:             clk_out1_clk_wiz_0
  Path Type:              Setup (Max at Slow Process Corner)
  Requirement:            13.514ns  (clk_out1_clk_wiz_0 rise@13.514ns - clk_out1_clk_wiz_0 rise@0.000ns)
  Data Path Delay:        13.066ns  (logic 5.367ns (41.077%)  route 7.699ns (58.923%))
  Logic Levels:           27  (CARRY4=15 LUT2=1 LUT3=2 LUT5=2 LUT6=6 MUXF7=1)
  Clock Path Skew:        -0.012ns (DCD - SCD + CPR)
    Destination Clock Delay (DCD):    -1.422ns = ( 12.091 - 13.514 ) 
    Source Clock Delay      (SCD):    -0.834ns
    Clock Pessimism Removal (CPR):    0.576ns
  Clock Uncertainty:      0.128ns  ((TSJ^2 + DJ^2)^1/2) / 2 + PE
    Total System Jitter     (TSJ):    0.071ns
    Discrete Jitter          (DJ):    0.246ns
    Phase Error              (PE):    0.000ns

    Location             Delay type                Incr(ns)  Path(ns)    Netlist Resource(s)
  -------------------------------------------------------------------    -------------------
                         (clock clk_out1_clk_wiz_0 rise edge)
                                                      0.000     0.000 r  
    E3                                                0.000     0.000 r  clk_100MHz (IN)
                         net (fo=0)                   0.000     0.000    clk_wiz_inst/inst/clk_in1
    E3                   IBUF (Prop_ibuf_I_O)         1.482     1.482 r  clk_wiz_inst/inst/clkin1_ibufg/O
                         net (fo=1, routed)           1.233     2.715    clk_wiz_inst/inst/clk_in1_clk_wiz_0
    MMCME2_ADV_X1Y2      MMCME2_ADV (Prop_mmcme2_adv_CLKIN1_CLKOUT0)
                                                     -7.070    -4.355 r  clk_wiz_inst/inst/mmcm_adv_inst/CLKOUT0
                         net (fo=1, routed)           1.719    -2.636    clk_wiz_inst/inst/clk_out1_clk_wiz_0
    BUFGCTRL_X0Y16       BUFG (Prop_bufg_I_O)         0.096    -2.540 r  clk_wiz_inst/inst/clkout1_buf/O
                         net (fo=870, routed)         1.706    -0.834    toppyty/Core_Unit/DatapathCore/ff_Execute/ff_InstrE/clk_out1
    SLICE_X5Y76          FDRE                                         r  toppyty/Core_Unit/DatapathCore/ff_Execute/ff_InstrE/qout_reg[20]/C
  -------------------------------------------------------------------    -------------------
    SLICE_X5Y76          FDRE (Prop_fdre_C_Q)         0.419    -0.415 r  toppyty/Core_Unit/DatapathCore/ff_Execute/ff_InstrE/qout_reg[20]/Q
                         net (fo=8, routed)           0.891     0.476    toppyty/Core_Unit/DatapathCore/ff_Execute/ff_InstrE/qout_reg[20]_0
    SLICE_X4Y76          LUT6 (Prop_lut6_I0_O)        0.299     0.775 r  toppyty/Core_Unit/DatapathCore/ff_Execute/ff_InstrE/qout[31]_i_6__0/O
                         net (fo=1, routed)           0.416     1.191    toppyty/Core_Unit/DatapathCore/ff_Execute/ff_InstrE/qout[31]_i_6__0_n_0
    SLICE_X4Y77          LUT6 (Prop_lut6_I2_O)        0.124     1.315 r  toppyty/Core_Unit/DatapathCore/ff_Execute/ff_InstrE/qout[31]_i_3/O
                         net (fo=43, routed)          0.856     2.171    toppyty/Core_Unit/DatapathCore/ff_Execute/ff_InstrE/qout_reg[24]_2[0]
    SLICE_X4Y75          LUT5 (Prop_lut5_I4_O)        0.124     2.295 r  toppyty/Core_Unit/DatapathCore/ff_Execute/ff_InstrE/qout[0]_i_1__1/O
                         net (fo=2, routed)           0.593     2.889    toppyty/Core_Unit/DatapathCore/ff_Execute/ff_ImmExtE/qout[29]_i_10_0[0]
    SLICE_X4Y76          LUT3 (Prop_lut3_I1_O)        0.124     3.013 r  toppyty/Core_Unit/DatapathCore/ff_Execute/ff_ImmExtE/i__carry_i_18/O
                         net (fo=102, routed)         1.045     4.058    toppyty/Core_Unit/DatapathCore/ff_Execute/ff_AluControlE/qout_reg[0]_5
    SLICE_X11Y75         LUT2 (Prop_lut2_I1_O)        0.124     4.182 r  toppyty/Core_Unit/DatapathCore/ff_Execute/ff_AluControlE/i__carry_i_9/O
                         net (fo=1, routed)           0.000     4.182    toppyty/Core_Unit/DatapathCore/Alu_Unit/S[0]
    SLICE_X11Y75         CARRY4 (Prop_carry4_S[0]_CO[3])
                                                      0.532     4.714 r  toppyty/Core_Unit/DatapathCore/Alu_Unit/_inferred__1/i__carry/CO[3]
                         net (fo=1, routed)           0.000     4.714    toppyty/Core_Unit/DatapathCore/Alu_Unit/_inferred__1/i__carry_n_0
    SLICE_X11Y76         CARRY4 (Prop_carry4_CI_CO[3])
                                                      0.114     4.828 r  toppyty/Core_Unit/DatapathCore/Alu_Unit/_inferred__1/i__carry__0/CO[3]
                         net (fo=1, routed)           0.000     4.828    toppyty/Core_Unit/DatapathCore/Alu_Unit/_inferred__1/i__carry__0_n_0
    SLICE_X11Y77         CARRY4 (Prop_carry4_CI_CO[3])
                                                      0.114     4.942 r  toppyty/Core_Unit/DatapathCore/Alu_Unit/_inferred__1/i__carry__1/CO[3]
                         net (fo=1, routed)           0.000     4.942    toppyty/Core_Unit/DatapathCore/Alu_Unit/_inferred__1/i__carry__1_n_0
    SLICE_X11Y78         CARRY4 (Prop_carry4_CI_CO[3])
                                                      0.114     5.056 r  toppyty/Core_Unit/DatapathCore/Alu_Unit/_inferred__1/i__carry__2/CO[3]
                         net (fo=1, routed)           0.000     5.056    toppyty/Core_Unit/DatapathCore/Alu_Unit/_inferred__1/i__carry__2_n_0
    SLICE_X11Y79         CARRY4 (Prop_carry4_CI_CO[3])
                                                      0.114     5.170 r  toppyty/Core_Unit/DatapathCore/Alu_Unit/_inferred__1/i__carry__3/CO[3]
                         net (fo=1, routed)           0.000     5.170    toppyty/Core_Unit/DatapathCore/Alu_Unit/_inferred__1/i__carry__3_n_0
    SLICE_X11Y80         CARRY4 (Prop_carry4_CI_CO[3])
                                                      0.114     5.284 r  toppyty/Core_Unit/DatapathCore/Alu_Unit/_inferred__1/i__carry__4/CO[3]
                         net (fo=1, routed)           0.000     5.284    toppyty/Core_Unit/DatapathCore/Alu_Unit/_inferred__1/i__carry__4_n_0
    SLICE_X11Y81         CARRY4 (Prop_carry4_CI_CO[3])
                                                      0.114     5.398 r  toppyty/Core_Unit/DatapathCore/Alu_Unit/_inferred__1/i__carry__5/CO[3]
                         net (fo=1, routed)           0.000     5.398    toppyty/Core_Unit/DatapathCore/Alu_Unit/_inferred__1/i__carry__5_n_0
    SLICE_X11Y82         CARRY4 (Prop_carry4_CI_O[3])
                                                      0.313     5.711 f  toppyty/Core_Unit/DatapathCore/Alu_Unit/_inferred__1/i__carry__6/O[3]
                         net (fo=2, routed)           0.722     6.433    toppyty/Core_Unit/DatapathCore/ff_Execute/ff_InstrE/data0[19]
    SLICE_X9Y87          LUT3 (Prop_lut3_I2_O)        0.306     6.739 f  toppyty/Core_Unit/DatapathCore/ff_Execute/ff_InstrE/qout[31]_i_10/O
                         net (fo=1, routed)           0.592     7.331    toppyty/Core_Unit/DatapathCore/ff_Execute/ff_InstrE/qout[31]_i_10_n_0
    SLICE_X10Y84         LUT6 (Prop_lut6_I5_O)        0.124     7.455 f  toppyty/Core_Unit/DatapathCore/ff_Execute/ff_InstrE/qout[31]_i_4/O
                         net (fo=2, routed)           0.000     7.455    toppyty/Core_Unit/DatapathCore/ff_Execute/ff_AluControlE/qout_reg[31]_1
    SLICE_X10Y84         MUXF7 (Prop_muxf7_I0_O)      0.209     7.664 f  toppyty/Core_Unit/DatapathCore/ff_Execute/ff_AluControlE/qout_reg[30]_i_28/O
                         net (fo=1, routed)           0.602     8.266    toppyty/Core_Unit/DatapathCore/ff_Execute/ff_AluControlE/qout_reg[30]_i_28_n_0
    SLICE_X9Y85          LUT5 (Prop_lut5_I1_O)        0.297     8.563 r  toppyty/Core_Unit/DatapathCore/ff_Execute/ff_AluControlE/qout[30]_i_15/O
                         net (fo=1, routed)           0.567     9.130    toppyty/Core_Unit/DatapathCore/ff_Execute/ff_AluControlE/qout[30]_i_15_n_0
    SLICE_X10Y83         LUT6 (Prop_lut6_I1_O)        0.124     9.254 r  toppyty/Core_Unit/DatapathCore/ff_Execute/ff_AluControlE/qout[30]_i_7/O
                         net (fo=1, routed)           0.700     9.954    toppyty/Core_Unit/DatapathCore/ff_Execute/ff_AluControlE/qout[30]_i_7_n_0
    SLICE_X7Y80          LUT6 (Prop_lut6_I3_O)        0.124    10.078 r  toppyty/Core_Unit/DatapathCore/ff_Execute/ff_AluControlE/qout[30]_i_4/O
                         net (fo=36, routed)          0.391    10.469    toppyty/Core_Unit/DatapathCore/ff_Execute/ff_InstrE/BrBase__0
    SLICE_X7Y79          LUT6 (Prop_lut6_I2_O)        0.124    10.593 r  toppyty/Core_Unit/DatapathCore/ff_Execute/ff_InstrE/i__carry_i_1/O
                         net (fo=1, routed)           0.323    10.916    toppyty/Core_Unit/DatapathCore_n_107
    SLICE_X5Y79          CARRY4 (Prop_carry4_DI[1]_CO[3])
                                                      0.507    11.423 r  toppyty/Core_Unit/i_/i_/i__carry/CO[3]
                         net (fo=1, routed)           0.000    11.423    toppyty/Core_Unit/i_/i_/i__carry_n_0
    SLICE_X5Y80          CARRY4 (Prop_carry4_CI_CO[3])
                                                      0.114    11.537 r  toppyty/Core_Unit/i_/i_/i__carry__0/CO[3]
                         net (fo=1, routed)           0.000    11.537    toppyty/Core_Unit/i_/i_/i__carry__0_n_0
    SLICE_X5Y81          CARRY4 (Prop_carry4_CI_CO[3])
                                                      0.114    11.651 r  toppyty/Core_Unit/i_/i_/i__carry__1/CO[3]
                         net (fo=1, routed)           0.000    11.651    toppyty/Core_Unit/i_/i_/i__carry__1_n_0
    SLICE_X5Y82          CARRY4 (Prop_carry4_CI_CO[3])
                                                      0.114    11.765 r  toppyty/Core_Unit/i_/i_/i__carry__2/CO[3]
                         net (fo=1, routed)           0.000    11.765    toppyty/Core_Unit/i_/i_/i__carry__2_n_0
    SLICE_X5Y83          CARRY4 (Prop_carry4_CI_CO[3])
                                                      0.114    11.879 r  toppyty/Core_Unit/i_/i_/i__carry__3/CO[3]
                         net (fo=1, routed)           0.000    11.879    toppyty/Core_Unit/i_/i_/i__carry__3_n_0
    SLICE_X5Y84          CARRY4 (Prop_carry4_CI_CO[3])
                                                      0.114    11.993 r  toppyty/Core_Unit/i_/i_/i__carry__4/CO[3]
                         net (fo=1, routed)           0.000    11.993    toppyty/Core_Unit/i_/i_/i__carry__4_n_0
    SLICE_X5Y85          CARRY4 (Prop_carry4_CI_O[2])
                                                      0.239    12.232 r  toppyty/Core_Unit/i_/i_/i__carry__5/O[2]
                         net (fo=1, routed)           0.000    12.232    toppyty/Core_Unit/DatapathCore/ff_Fetch/ff_RE_interior/qout_reg[28]_0[2]
    SLICE_X5Y85          FDRE                                         r  toppyty/Core_Unit/DatapathCore/ff_Fetch/ff_RE_interior/qout_reg[27]/D
  -------------------------------------------------------------------    -------------------

                         (clock clk_out1_clk_wiz_0 rise edge)
                                                     13.514    13.514 r  
    E3                                                0.000    13.514 r  clk_100MHz (IN)
                         net (fo=0)                   0.000    13.514    clk_wiz_inst/inst/clk_in1
    E3                   IBUF (Prop_ibuf_I_O)         1.411    14.925 r  clk_wiz_inst/inst/clkin1_ibufg/O
                         net (fo=1, routed)           1.162    16.087    clk_wiz_inst/inst/clk_in1_clk_wiz_0
    MMCME2_ADV_X1Y2      MMCME2_ADV (Prop_mmcme2_adv_CLKIN1_CLKOUT0)
                                                     -7.324     8.763 r  clk_wiz_inst/inst/mmcm_adv_inst/CLKOUT0
                         net (fo=1, routed)           1.639    10.402    clk_wiz_inst/inst/clk_out1_clk_wiz_0
    BUFGCTRL_X0Y16       BUFG (Prop_bufg_I_O)         0.091    10.493 r  clk_wiz_inst/inst/clkout1_buf/O
                         net (fo=870, routed)         1.598    12.091    toppyty/Core_Unit/DatapathCore/ff_Fetch/ff_RE_interior/clk_out1
    SLICE_X5Y85          FDRE                                         r  toppyty/Core_Unit/DatapathCore/ff_Fetch/ff_RE_interior/qout_reg[27]/C
                         clock pessimism              0.576    12.668    
                         clock uncertainty           -0.128    12.540    
    SLICE_X5Y85          FDRE (Setup_fdre_C_D)        0.062    12.602    toppyty/Core_Unit/DatapathCore/ff_Fetch/ff_RE_interior/qout_reg[27]
  -------------------------------------------------------------------
                         required time                         12.602    
                         arrival time                         -12.232    
  -------------------------------------------------------------------
                         slack                                  0.369    

Slack (MET) :             0.385ns  (required time - arrival time)
  Source:                 toppyty/Core_Unit/DatapathCore/ff_Execute/ff_InstrE/qout_reg[20]/C
                            (rising edge-triggered cell FDRE clocked by clk_out1_clk_wiz_0  {rise@0.000ns fall@6.757ns period=13.514ns})
  Destination:            toppyty/Core_Unit/DatapathCore/ff_Fetch/ff_RE_interior/qout_reg[25]/D
                            (rising edge-triggered cell FDRE clocked by clk_out1_clk_wiz_0  {rise@0.000ns fall@6.757ns period=13.514ns})
  Path Group:             clk_out1_clk_wiz_0
  Path Type:              Setup (Max at Slow Process Corner)
  Requirement:            13.514ns  (clk_out1_clk_wiz_0 rise@13.514ns - clk_out1_clk_wiz_0 rise@0.000ns)
  Data Path Delay:        13.050ns  (logic 5.351ns (41.004%)  route 7.699ns (58.996%))
  Logic Levels:           27  (CARRY4=15 LUT2=1 LUT3=2 LUT5=2 LUT6=6 MUXF7=1)
  Clock Path Skew:        -0.012ns (DCD - SCD + CPR)
    Destination Clock Delay (DCD):    -1.422ns = ( 12.091 - 13.514 ) 
    Source Clock Delay      (SCD):    -0.834ns
    Clock Pessimism Removal (CPR):    0.576ns
  Clock Uncertainty:      0.128ns  ((TSJ^2 + DJ^2)^1/2) / 2 + PE
    Total System Jitter     (TSJ):    0.071ns
    Discrete Jitter          (DJ):    0.246ns
    Phase Error              (PE):    0.000ns

    Location             Delay type                Incr(ns)  Path(ns)    Netlist Resource(s)
  -------------------------------------------------------------------    -------------------
                         (clock clk_out1_clk_wiz_0 rise edge)
                                                      0.000     0.000 r  
    E3                                                0.000     0.000 r  clk_100MHz (IN)
                         net (fo=0)                   0.000     0.000    clk_wiz_inst/inst/clk_in1
    E3                   IBUF (Prop_ibuf_I_O)         1.482     1.482 r  clk_wiz_inst/inst/clkin1_ibufg/O
                         net (fo=1, routed)           1.233     2.715    clk_wiz_inst/inst/clk_in1_clk_wiz_0
    MMCME2_ADV_X1Y2      MMCME2_ADV (Prop_mmcme2_adv_CLKIN1_CLKOUT0)
                                                     -7.070    -4.355 r  clk_wiz_inst/inst/mmcm_adv_inst/CLKOUT0
                         net (fo=1, routed)           1.719    -2.636    clk_wiz_inst/inst/clk_out1_clk_wiz_0
    BUFGCTRL_X0Y16       BUFG (Prop_bufg_I_O)         0.096    -2.540 r  clk_wiz_inst/inst/clkout1_buf/O
                         net (fo=870, routed)         1.706    -0.834    toppyty/Core_Unit/DatapathCore/ff_Execute/ff_InstrE/clk_out1
    SLICE_X5Y76          FDRE                                         r  toppyty/Core_Unit/DatapathCore/ff_Execute/ff_InstrE/qout_reg[20]/C
  -------------------------------------------------------------------    -------------------
    SLICE_X5Y76          FDRE (Prop_fdre_C_Q)         0.419    -0.415 r  toppyty/Core_Unit/DatapathCore/ff_Execute/ff_InstrE/qout_reg[20]/Q
                         net (fo=8, routed)           0.891     0.476    toppyty/Core_Unit/DatapathCore/ff_Execute/ff_InstrE/qout_reg[20]_0
    SLICE_X4Y76          LUT6 (Prop_lut6_I0_O)        0.299     0.775 r  toppyty/Core_Unit/DatapathCore/ff_Execute/ff_InstrE/qout[31]_i_6__0/O
                         net (fo=1, routed)           0.416     1.191    toppyty/Core_Unit/DatapathCore/ff_Execute/ff_InstrE/qout[31]_i_6__0_n_0
    SLICE_X4Y77          LUT6 (Prop_lut6_I2_O)        0.124     1.315 r  toppyty/Core_Unit/DatapathCore/ff_Execute/ff_InstrE/qout[31]_i_3/O
                         net (fo=43, routed)          0.856     2.171    toppyty/Core_Unit/DatapathCore/ff_Execute/ff_InstrE/qout_reg[24]_2[0]
    SLICE_X4Y75          LUT5 (Prop_lut5_I4_O)        0.124     2.295 r  toppyty/Core_Unit/DatapathCore/ff_Execute/ff_InstrE/qout[0]_i_1__1/O
                         net (fo=2, routed)           0.593     2.889    toppyty/Core_Unit/DatapathCore/ff_Execute/ff_ImmExtE/qout[29]_i_10_0[0]
    SLICE_X4Y76          LUT3 (Prop_lut3_I1_O)        0.124     3.013 r  toppyty/Core_Unit/DatapathCore/ff_Execute/ff_ImmExtE/i__carry_i_18/O
                         net (fo=102, routed)         1.045     4.058    toppyty/Core_Unit/DatapathCore/ff_Execute/ff_AluControlE/qout_reg[0]_5
    SLICE_X11Y75         LUT2 (Prop_lut2_I1_O)        0.124     4.182 r  toppyty/Core_Unit/DatapathCore/ff_Execute/ff_AluControlE/i__carry_i_9/O
                         net (fo=1, routed)           0.000     4.182    toppyty/Core_Unit/DatapathCore/Alu_Unit/S[0]
    SLICE_X11Y75         CARRY4 (Prop_carry4_S[0]_CO[3])
                                                      0.532     4.714 r  toppyty/Core_Unit/DatapathCore/Alu_Unit/_inferred__1/i__carry/CO[3]
                         net (fo=1, routed)           0.000     4.714    toppyty/Core_Unit/DatapathCore/Alu_Unit/_inferred__1/i__carry_n_0
    SLICE_X11Y76         CARRY4 (Prop_carry4_CI_CO[3])
                                                      0.114     4.828 r  toppyty/Core_Unit/DatapathCore/Alu_Unit/_inferred__1/i__carry__0/CO[3]
                         net (fo=1, routed)           0.000     4.828    toppyty/Core_Unit/DatapathCore/Alu_Unit/_inferred__1/i__carry__0_n_0
    SLICE_X11Y77         CARRY4 (Prop_carry4_CI_CO[3])
                                                      0.114     4.942 r  toppyty/Core_Unit/DatapathCore/Alu_Unit/_inferred__1/i__carry__1/CO[3]
                         net (fo=1, routed)           0.000     4.942    toppyty/Core_Unit/DatapathCore/Alu_Unit/_inferred__1/i__carry__1_n_0
    SLICE_X11Y78         CARRY4 (Prop_carry4_CI_CO[3])
                                                      0.114     5.056 r  toppyty/Core_Unit/DatapathCore/Alu_Unit/_inferred__1/i__carry__2/CO[3]
                         net (fo=1, routed)           0.000     5.056    toppyty/Core_Unit/DatapathCore/Alu_Unit/_inferred__1/i__carry__2_n_0
    SLICE_X11Y79         CARRY4 (Prop_carry4_CI_CO[3])
                                                      0.114     5.170 r  toppyty/Core_Unit/DatapathCore/Alu_Unit/_inferred__1/i__carry__3/CO[3]
                         net (fo=1, routed)           0.000     5.170    toppyty/Core_Unit/DatapathCore/Alu_Unit/_inferred__1/i__carry__3_n_0
    SLICE_X11Y80         CARRY4 (Prop_carry4_CI_CO[3])
                                                      0.114     5.284 r  toppyty/Core_Unit/DatapathCore/Alu_Unit/_inferred__1/i__carry__4/CO[3]
                         net (fo=1, routed)           0.000     5.284    toppyty/Core_Unit/DatapathCore/Alu_Unit/_inferred__1/i__carry__4_n_0
    SLICE_X11Y81         CARRY4 (Prop_carry4_CI_CO[3])
                                                      0.114     5.398 r  toppyty/Core_Unit/DatapathCore/Alu_Unit/_inferred__1/i__carry__5/CO[3]
                         net (fo=1, routed)           0.000     5.398    toppyty/Core_Unit/DatapathCore/Alu_Unit/_inferred__1/i__carry__5_n_0
    SLICE_X11Y82         CARRY4 (Prop_carry4_CI_O[3])
                                                      0.313     5.711 f  toppyty/Core_Unit/DatapathCore/Alu_Unit/_inferred__1/i__carry__6/O[3]
                         net (fo=2, routed)           0.722     6.433    toppyty/Core_Unit/DatapathCore/ff_Execute/ff_InstrE/data0[19]
    SLICE_X9Y87          LUT3 (Prop_lut3_I2_O)        0.306     6.739 f  toppyty/Core_Unit/DatapathCore/ff_Execute/ff_InstrE/qout[31]_i_10/O
                         net (fo=1, routed)           0.592     7.331    toppyty/Core_Unit/DatapathCore/ff_Execute/ff_InstrE/qout[31]_i_10_n_0
    SLICE_X10Y84         LUT6 (Prop_lut6_I5_O)        0.124     7.455 f  toppyty/Core_Unit/DatapathCore/ff_Execute/ff_InstrE/qout[31]_i_4/O
                         net (fo=2, routed)           0.000     7.455    toppyty/Core_Unit/DatapathCore/ff_Execute/ff_AluControlE/qout_reg[31]_1
    SLICE_X10Y84         MUXF7 (Prop_muxf7_I0_O)      0.209     7.664 f  toppyty/Core_Unit/DatapathCore/ff_Execute/ff_AluControlE/qout_reg[30]_i_28/O
                         net (fo=1, routed)           0.602     8.266    toppyty/Core_Unit/DatapathCore/ff_Execute/ff_AluControlE/qout_reg[30]_i_28_n_0
    SLICE_X9Y85          LUT5 (Prop_lut5_I1_O)        0.297     8.563 r  toppyty/Core_Unit/DatapathCore/ff_Execute/ff_AluControlE/qout[30]_i_15/O
                         net (fo=1, routed)           0.567     9.130    toppyty/Core_Unit/DatapathCore/ff_Execute/ff_AluControlE/qout[30]_i_15_n_0
    SLICE_X10Y83         LUT6 (Prop_lut6_I1_O)        0.124     9.254 r  toppyty/Core_Unit/DatapathCore/ff_Execute/ff_AluControlE/qout[30]_i_7/O
                         net (fo=1, routed)           0.700     9.954    toppyty/Core_Unit/DatapathCore/ff_Execute/ff_AluControlE/qout[30]_i_7_n_0
    SLICE_X7Y80          LUT6 (Prop_lut6_I3_O)        0.124    10.078 r  toppyty/Core_Unit/DatapathCore/ff_Execute/ff_AluControlE/qout[30]_i_4/O
                         net (fo=36, routed)          0.391    10.469    toppyty/Core_Unit/DatapathCore/ff_Execute/ff_InstrE/BrBase__0
    SLICE_X7Y79          LUT6 (Prop_lut6_I2_O)        0.124    10.593 r  toppyty/Core_Unit/DatapathCore/ff_Execute/ff_InstrE/i__carry_i_1/O
                         net (fo=1, routed)           0.323    10.916    toppyty/Core_Unit/DatapathCore_n_107
    SLICE_X5Y79          CARRY4 (Prop_carry4_DI[1]_CO[3])
                                                      0.507    11.423 r  toppyty/Core_Unit/i_/i_/i__carry/CO[3]
                         net (fo=1, routed)           0.000    11.423    toppyty/Core_Unit/i_/i_/i__carry_n_0
    SLICE_X5Y80          CARRY4 (Prop_carry4_CI_CO[3])
                                                      0.114    11.537 r  toppyty/Core_Unit/i_/i_/i__carry__0/CO[3]
                         net (fo=1, routed)           0.000    11.537    toppyty/Core_Unit/i_/i_/i__carry__0_n_0
    SLICE_X5Y81          CARRY4 (Prop_carry4_CI_CO[3])
                                                      0.114    11.651 r  toppyty/Core_Unit/i_/i_/i__carry__1/CO[3]
                         net (fo=1, routed)           0.000    11.651    toppyty/Core_Unit/i_/i_/i__carry__1_n_0
    SLICE_X5Y82          CARRY4 (Prop_carry4_CI_CO[3])
                                                      0.114    11.765 r  toppyty/Core_Unit/i_/i_/i__carry__2/CO[3]
                         net (fo=1, routed)           0.000    11.765    toppyty/Core_Unit/i_/i_/i__carry__2_n_0
    SLICE_X5Y83          CARRY4 (Prop_carry4_CI_CO[3])
                                                      0.114    11.879 r  toppyty/Core_Unit/i_/i_/i__carry__3/CO[3]
                         net (fo=1, routed)           0.000    11.879    toppyty/Core_Unit/i_/i_/i__carry__3_n_0
    SLICE_X5Y84          CARRY4 (Prop_carry4_CI_CO[3])
                                                      0.114    11.993 r  toppyty/Core_Unit/i_/i_/i__carry__4/CO[3]
                         net (fo=1, routed)           0.000    11.993    toppyty/Core_Unit/i_/i_/i__carry__4_n_0
    SLICE_X5Y85          CARRY4 (Prop_carry4_CI_O[0])
                                                      0.223    12.216 r  toppyty/Core_Unit/i_/i_/i__carry__5/O[0]
                         net (fo=1, routed)           0.000    12.216    toppyty/Core_Unit/DatapathCore/ff_Fetch/ff_RE_interior/qout_reg[28]_0[0]
    SLICE_X5Y85          FDRE                                         r  toppyty/Core_Unit/DatapathCore/ff_Fetch/ff_RE_interior/qout_reg[25]/D
  -------------------------------------------------------------------    -------------------

                         (clock clk_out1_clk_wiz_0 rise edge)
                                                     13.514    13.514 r  
    E3                                                0.000    13.514 r  clk_100MHz (IN)
                         net (fo=0)                   0.000    13.514    clk_wiz_inst/inst/clk_in1
    E3                   IBUF (Prop_ibuf_I_O)         1.411    14.925 r  clk_wiz_inst/inst/clkin1_ibufg/O
                         net (fo=1, routed)           1.162    16.087    clk_wiz_inst/inst/clk_in1_clk_wiz_0
    MMCME2_ADV_X1Y2      MMCME2_ADV (Prop_mmcme2_adv_CLKIN1_CLKOUT0)
                                                     -7.324     8.763 r  clk_wiz_inst/inst/mmcm_adv_inst/CLKOUT0
                         net (fo=1, routed)           1.639    10.402    clk_wiz_inst/inst/clk_out1_clk_wiz_0
    BUFGCTRL_X0Y16       BUFG (Prop_bufg_I_O)         0.091    10.493 r  clk_wiz_inst/inst/clkout1_buf/O
                         net (fo=870, routed)         1.598    12.091    toppyty/Core_Unit/DatapathCore/ff_Fetch/ff_RE_interior/clk_out1
    SLICE_X5Y85          FDRE                                         r  toppyty/Core_Unit/DatapathCore/ff_Fetch/ff_RE_interior/qout_reg[25]/C
                         clock pessimism              0.576    12.668    
                         clock uncertainty           -0.128    12.540    
    SLICE_X5Y85          FDRE (Setup_fdre_C_D)        0.062    12.602    toppyty/Core_Unit/DatapathCore/ff_Fetch/ff_RE_interior/qout_reg[25]
  -------------------------------------------------------------------
                         required time                         12.602    
                         arrival time                         -12.216    
  -------------------------------------------------------------------
                         slack                                  0.385    

Slack (MET) :             0.387ns  (required time - arrival time)
  Source:                 toppyty/Core_Unit/DatapathCore/ff_Execute/ff_InstrE/qout_reg[20]/C
                            (rising edge-triggered cell FDRE clocked by clk_out1_clk_wiz_0  {rise@0.000ns fall@6.757ns period=13.514ns})
  Destination:            toppyty/Core_Unit/DatapathCore/ff_Fetch/ff_RE_interior/qout_reg[22]/D
                            (rising edge-triggered cell FDRE clocked by clk_out1_clk_wiz_0  {rise@0.000ns fall@6.757ns period=13.514ns})
  Path Group:             clk_out1_clk_wiz_0
  Path Type:              Setup (Max at Slow Process Corner)
  Requirement:            13.514ns  (clk_out1_clk_wiz_0 rise@13.514ns - clk_out1_clk_wiz_0 rise@0.000ns)
  Data Path Delay:        13.047ns  (logic 5.348ns (40.991%)  route 7.699ns (59.009%))
  Logic Levels:           26  (CARRY4=14 LUT2=1 LUT3=2 LUT5=2 LUT6=6 MUXF7=1)
  Clock Path Skew:        -0.013ns (DCD - SCD + CPR)
    Destination Clock Delay (DCD):    -1.423ns = ( 12.090 - 13.514 ) 
    Source Clock Delay      (SCD):    -0.834ns
    Clock Pessimism Removal (CPR):    0.576ns
  Clock Uncertainty:      0.128ns  ((TSJ^2 + DJ^2)^1/2) / 2 + PE
    Total System Jitter     (TSJ):    0.071ns
    Discrete Jitter          (DJ):    0.246ns
    Phase Error              (PE):    0.000ns

    Location             Delay type                Incr(ns)  Path(ns)    Netlist Resource(s)
  -------------------------------------------------------------------    -------------------
                         (clock clk_out1_clk_wiz_0 rise edge)
                                                      0.000     0.000 r  
    E3                                                0.000     0.000 r  clk_100MHz (IN)
                         net (fo=0)                   0.000     0.000    clk_wiz_inst/inst/clk_in1
    E3                   IBUF (Prop_ibuf_I_O)         1.482     1.482 r  clk_wiz_inst/inst/clkin1_ibufg/O
                         net (fo=1, routed)           1.233     2.715    clk_wiz_inst/inst/clk_in1_clk_wiz_0
    MMCME2_ADV_X1Y2      MMCME2_ADV (Prop_mmcme2_adv_CLKIN1_CLKOUT0)
                                                     -7.070    -4.355 r  clk_wiz_inst/inst/mmcm_adv_inst/CLKOUT0
                         net (fo=1, routed)           1.719    -2.636    clk_wiz_inst/inst/clk_out1_clk_wiz_0
    BUFGCTRL_X0Y16       BUFG (Prop_bufg_I_O)         0.096    -2.540 r  clk_wiz_inst/inst/clkout1_buf/O
                         net (fo=870, routed)         1.706    -0.834    toppyty/Core_Unit/DatapathCore/ff_Execute/ff_InstrE/clk_out1
    SLICE_X5Y76          FDRE                                         r  toppyty/Core_Unit/DatapathCore/ff_Execute/ff_InstrE/qout_reg[20]/C
  -------------------------------------------------------------------    -------------------
    SLICE_X5Y76          FDRE (Prop_fdre_C_Q)         0.419    -0.415 r  toppyty/Core_Unit/DatapathCore/ff_Execute/ff_InstrE/qout_reg[20]/Q
                         net (fo=8, routed)           0.891     0.476    toppyty/Core_Unit/DatapathCore/ff_Execute/ff_InstrE/qout_reg[20]_0
    SLICE_X4Y76          LUT6 (Prop_lut6_I0_O)        0.299     0.775 r  toppyty/Core_Unit/DatapathCore/ff_Execute/ff_InstrE/qout[31]_i_6__0/O
                         net (fo=1, routed)           0.416     1.191    toppyty/Core_Unit/DatapathCore/ff_Execute/ff_InstrE/qout[31]_i_6__0_n_0
    SLICE_X4Y77          LUT6 (Prop_lut6_I2_O)        0.124     1.315 r  toppyty/Core_Unit/DatapathCore/ff_Execute/ff_InstrE/qout[31]_i_3/O
                         net (fo=43, routed)          0.856     2.171    toppyty/Core_Unit/DatapathCore/ff_Execute/ff_InstrE/qout_reg[24]_2[0]
    SLICE_X4Y75          LUT5 (Prop_lut5_I4_O)        0.124     2.295 r  toppyty/Core_Unit/DatapathCore/ff_Execute/ff_InstrE/qout[0]_i_1__1/O
                         net (fo=2, routed)           0.593     2.889    toppyty/Core_Unit/DatapathCore/ff_Execute/ff_ImmExtE/qout[29]_i_10_0[0]
    SLICE_X4Y76          LUT3 (Prop_lut3_I1_O)        0.124     3.013 r  toppyty/Core_Unit/DatapathCore/ff_Execute/ff_ImmExtE/i__carry_i_18/O
                         net (fo=102, routed)         1.045     4.058    toppyty/Core_Unit/DatapathCore/ff_Execute/ff_AluControlE/qout_reg[0]_5
    SLICE_X11Y75         LUT2 (Prop_lut2_I1_O)        0.124     4.182 r  toppyty/Core_Unit/DatapathCore/ff_Execute/ff_AluControlE/i__carry_i_9/O
                         net (fo=1, routed)           0.000     4.182    toppyty/Core_Unit/DatapathCore/Alu_Unit/S[0]
    SLICE_X11Y75         CARRY4 (Prop_carry4_S[0]_CO[3])
                                                      0.532     4.714 r  toppyty/Core_Unit/DatapathCore/Alu_Unit/_inferred__1/i__carry/CO[3]
                         net (fo=1, routed)           0.000     4.714    toppyty/Core_Unit/DatapathCore/Alu_Unit/_inferred__1/i__carry_n_0
    SLICE_X11Y76         CARRY4 (Prop_carry4_CI_CO[3])
                                                      0.114     4.828 r  toppyty/Core_Unit/DatapathCore/Alu_Unit/_inferred__1/i__carry__0/CO[3]
                         net (fo=1, routed)           0.000     4.828    toppyty/Core_Unit/DatapathCore/Alu_Unit/_inferred__1/i__carry__0_n_0
    SLICE_X11Y77         CARRY4 (Prop_carry4_CI_CO[3])
                                                      0.114     4.942 r  toppyty/Core_Unit/DatapathCore/Alu_Unit/_inferred__1/i__carry__1/CO[3]
                         net (fo=1, routed)           0.000     4.942    toppyty/Core_Unit/DatapathCore/Alu_Unit/_inferred__1/i__carry__1_n_0
    SLICE_X11Y78         CARRY4 (Prop_carry4_CI_CO[3])
                                                      0.114     5.056 r  toppyty/Core_Unit/DatapathCore/Alu_Unit/_inferred__1/i__carry__2/CO[3]
                         net (fo=1, routed)           0.000     5.056    toppyty/Core_Unit/DatapathCore/Alu_Unit/_inferred__1/i__carry__2_n_0
    SLICE_X11Y79         CARRY4 (Prop_carry4_CI_CO[3])
                                                      0.114     5.170 r  toppyty/Core_Unit/DatapathCore/Alu_Unit/_inferred__1/i__carry__3/CO[3]
                         net (fo=1, routed)           0.000     5.170    toppyty/Core_Unit/DatapathCore/Alu_Unit/_inferred__1/i__carry__3_n_0
    SLICE_X11Y80         CARRY4 (Prop_carry4_CI_CO[3])
                                                      0.114     5.284 r  toppyty/Core_Unit/DatapathCore/Alu_Unit/_inferred__1/i__carry__4/CO[3]
                         net (fo=1, routed)           0.000     5.284    toppyty/Core_Unit/DatapathCore/Alu_Unit/_inferred__1/i__carry__4_n_0
    SLICE_X11Y81         CARRY4 (Prop_carry4_CI_CO[3])
                                                      0.114     5.398 r  toppyty/Core_Unit/DatapathCore/Alu_Unit/_inferred__1/i__carry__5/CO[3]
                         net (fo=1, routed)           0.000     5.398    toppyty/Core_Unit/DatapathCore/Alu_Unit/_inferred__1/i__carry__5_n_0
    SLICE_X11Y82         CARRY4 (Prop_carry4_CI_O[3])
                                                      0.313     5.711 f  toppyty/Core_Unit/DatapathCore/Alu_Unit/_inferred__1/i__carry__6/O[3]
                         net (fo=2, routed)           0.722     6.433    toppyty/Core_Unit/DatapathCore/ff_Execute/ff_InstrE/data0[19]
    SLICE_X9Y87          LUT3 (Prop_lut3_I2_O)        0.306     6.739 f  toppyty/Core_Unit/DatapathCore/ff_Execute/ff_InstrE/qout[31]_i_10/O
                         net (fo=1, routed)           0.592     7.331    toppyty/Core_Unit/DatapathCore/ff_Execute/ff_InstrE/qout[31]_i_10_n_0
    SLICE_X10Y84         LUT6 (Prop_lut6_I5_O)        0.124     7.455 f  toppyty/Core_Unit/DatapathCore/ff_Execute/ff_InstrE/qout[31]_i_4/O
                         net (fo=2, routed)           0.000     7.455    toppyty/Core_Unit/DatapathCore/ff_Execute/ff_AluControlE/qout_reg[31]_1
    SLICE_X10Y84         MUXF7 (Prop_muxf7_I0_O)      0.209     7.664 f  toppyty/Core_Unit/DatapathCore/ff_Execute/ff_AluControlE/qout_reg[30]_i_28/O
                         net (fo=1, routed)           0.602     8.266    toppyty/Core_Unit/DatapathCore/ff_Execute/ff_AluControlE/qout_reg[30]_i_28_n_0
    SLICE_X9Y85          LUT5 (Prop_lut5_I1_O)        0.297     8.563 r  toppyty/Core_Unit/DatapathCore/ff_Execute/ff_AluControlE/qout[30]_i_15/O
                         net (fo=1, routed)           0.567     9.130    toppyty/Core_Unit/DatapathCore/ff_Execute/ff_AluControlE/qout[30]_i_15_n_0
    SLICE_X10Y83         LUT6 (Prop_lut6_I1_O)        0.124     9.254 r  toppyty/Core_Unit/DatapathCore/ff_Execute/ff_AluControlE/qout[30]_i_7/O
                         net (fo=1, routed)           0.700     9.954    toppyty/Core_Unit/DatapathCore/ff_Execute/ff_AluControlE/qout[30]_i_7_n_0
    SLICE_X7Y80          LUT6 (Prop_lut6_I3_O)        0.124    10.078 r  toppyty/Core_Unit/DatapathCore/ff_Execute/ff_AluControlE/qout[30]_i_4/O
                         net (fo=36, routed)          0.391    10.469    toppyty/Core_Unit/DatapathCore/ff_Execute/ff_InstrE/BrBase__0
    SLICE_X7Y79          LUT6 (Prop_lut6_I2_O)        0.124    10.593 r  toppyty/Core_Unit/DatapathCore/ff_Execute/ff_InstrE/i__carry_i_1/O
                         net (fo=1, routed)           0.323    10.916    toppyty/Core_Unit/DatapathCore_n_107
    SLICE_X5Y79          CARRY4 (Prop_carry4_DI[1]_CO[3])
                                                      0.507    11.423 r  toppyty/Core_Unit/i_/i_/i__carry/CO[3]
                         net (fo=1, routed)           0.000    11.423    toppyty/Core_Unit/i_/i_/i__carry_n_0
    SLICE_X5Y80          CARRY4 (Prop_carry4_CI_CO[3])
                                                      0.114    11.537 r  toppyty/Core_Unit/i_/i_/i__carry__0/CO[3]
                         net (fo=1, routed)           0.000    11.537    toppyty/Core_Unit/i_/i_/i__carry__0_n_0
    SLICE_X5Y81          CARRY4 (Prop_carry4_CI_CO[3])
                                                      0.114    11.651 r  toppyty/Core_Unit/i_/i_/i__carry__1/CO[3]
                         net (fo=1, routed)           0.000    11.651    toppyty/Core_Unit/i_/i_/i__carry__1_n_0
    SLICE_X5Y82          CARRY4 (Prop_carry4_CI_CO[3])
                                                      0.114    11.765 r  toppyty/Core_Unit/i_/i_/i__carry__2/CO[3]
                         net (fo=1, routed)           0.000    11.765    toppyty/Core_Unit/i_/i_/i__carry__2_n_0
    SLICE_X5Y83          CARRY4 (Prop_carry4_CI_CO[3])
                                                      0.114    11.879 r  toppyty/Core_Unit/i_/i_/i__carry__3/CO[3]
                         net (fo=1, routed)           0.000    11.879    toppyty/Core_Unit/i_/i_/i__carry__3_n_0
    SLICE_X5Y84          CARRY4 (Prop_carry4_CI_O[1])
                                                      0.334    12.213 r  toppyty/Core_Unit/i_/i_/i__carry__4/O[1]
                         net (fo=1, routed)           0.000    12.213    toppyty/Core_Unit/DatapathCore/ff_Fetch/ff_RE_interior/qout_reg[24]_0[1]
    SLICE_X5Y84          FDRE                                         r  toppyty/Core_Unit/DatapathCore/ff_Fetch/ff_RE_interior/qout_reg[22]/D
  -------------------------------------------------------------------    -------------------

                         (clock clk_out1_clk_wiz_0 rise edge)
                                                     13.514    13.514 r  
    E3                                                0.000    13.514 r  clk_100MHz (IN)
                         net (fo=0)                   0.000    13.514    clk_wiz_inst/inst/clk_in1
    E3                   IBUF (Prop_ibuf_I_O)         1.411    14.925 r  clk_wiz_inst/inst/clkin1_ibufg/O
                         net (fo=1, routed)           1.162    16.087    clk_wiz_inst/inst/clk_in1_clk_wiz_0
    MMCME2_ADV_X1Y2      MMCME2_ADV (Prop_mmcme2_adv_CLKIN1_CLKOUT0)
                                                     -7.324     8.763 r  clk_wiz_inst/inst/mmcm_adv_inst/CLKOUT0
                         net (fo=1, routed)           1.639    10.402    clk_wiz_inst/inst/clk_out1_clk_wiz_0
    BUFGCTRL_X0Y16       BUFG (Prop_bufg_I_O)         0.091    10.493 r  clk_wiz_inst/inst/clkout1_buf/O
                         net (fo=870, routed)         1.597    12.090    toppyty/Core_Unit/DatapathCore/ff_Fetch/ff_RE_interior/clk_out1
    SLICE_X5Y84          FDRE                                         r  toppyty/Core_Unit/DatapathCore/ff_Fetch/ff_RE_interior/qout_reg[22]/C
                         clock pessimism              0.576    12.667    
                         clock uncertainty           -0.128    12.539    
    SLICE_X5Y84          FDRE (Setup_fdre_C_D)        0.062    12.601    toppyty/Core_Unit/DatapathCore/ff_Fetch/ff_RE_interior/qout_reg[22]
  -------------------------------------------------------------------
                         required time                         12.601    
                         arrival time                         -12.213    
  -------------------------------------------------------------------
                         slack                                  0.387    

Slack (MET) :             0.408ns  (required time - arrival time)
  Source:                 toppyty/Core_Unit/DatapathCore/ff_Execute/ff_InstrE/qout_reg[20]/C
                            (rising edge-triggered cell FDRE clocked by clk_out1_clk_wiz_0  {rise@0.000ns fall@6.757ns period=13.514ns})
  Destination:            toppyty/Core_Unit/DatapathCore/ff_Fetch/ff_RE_interior/qout_reg[24]/D
                            (rising edge-triggered cell FDRE clocked by clk_out1_clk_wiz_0  {rise@0.000ns fall@6.757ns period=13.514ns})
  Path Group:             clk_out1_clk_wiz_0
  Path Type:              Setup (Max at Slow Process Corner)
  Requirement:            13.514ns  (clk_out1_clk_wiz_0 rise@13.514ns - clk_out1_clk_wiz_0 rise@0.000ns)
  Data Path Delay:        13.026ns  (logic 5.327ns (40.896%)  route 7.699ns (59.104%))
  Logic Levels:           26  (CARRY4=14 LUT2=1 LUT3=2 LUT5=2 LUT6=6 MUXF7=1)
  Clock Path Skew:        -0.013ns (DCD - SCD + CPR)
    Destination Clock Delay (DCD):    -1.423ns = ( 12.090 - 13.514 ) 
    Source Clock Delay      (SCD):    -0.834ns
    Clock Pessimism Removal (CPR):    0.576ns
  Clock Uncertainty:      0.128ns  ((TSJ^2 + DJ^2)^1/2) / 2 + PE
    Total System Jitter     (TSJ):    0.071ns
    Discrete Jitter          (DJ):    0.246ns
    Phase Error              (PE):    0.000ns

    Location             Delay type                Incr(ns)  Path(ns)    Netlist Resource(s)
  -------------------------------------------------------------------    -------------------
                         (clock clk_out1_clk_wiz_0 rise edge)
                                                      0.000     0.000 r  
    E3                                                0.000     0.000 r  clk_100MHz (IN)
                         net (fo=0)                   0.000     0.000    clk_wiz_inst/inst/clk_in1
    E3                   IBUF (Prop_ibuf_I_O)         1.482     1.482 r  clk_wiz_inst/inst/clkin1_ibufg/O
                         net (fo=1, routed)           1.233     2.715    clk_wiz_inst/inst/clk_in1_clk_wiz_0
    MMCME2_ADV_X1Y2      MMCME2_ADV (Prop_mmcme2_adv_CLKIN1_CLKOUT0)
                                                     -7.070    -4.355 r  clk_wiz_inst/inst/mmcm_adv_inst/CLKOUT0
                         net (fo=1, routed)           1.719    -2.636    clk_wiz_inst/inst/clk_out1_clk_wiz_0
    BUFGCTRL_X0Y16       BUFG (Prop_bufg_I_O)         0.096    -2.540 r  clk_wiz_inst/inst/clkout1_buf/O
                         net (fo=870, routed)         1.706    -0.834    toppyty/Core_Unit/DatapathCore/ff_Execute/ff_InstrE/clk_out1
    SLICE_X5Y76          FDRE                                         r  toppyty/Core_Unit/DatapathCore/ff_Execute/ff_InstrE/qout_reg[20]/C
  -------------------------------------------------------------------    -------------------
    SLICE_X5Y76          FDRE (Prop_fdre_C_Q)         0.419    -0.415 r  toppyty/Core_Unit/DatapathCore/ff_Execute/ff_InstrE/qout_reg[20]/Q
                         net (fo=8, routed)           0.891     0.476    toppyty/Core_Unit/DatapathCore/ff_Execute/ff_InstrE/qout_reg[20]_0
    SLICE_X4Y76          LUT6 (Prop_lut6_I0_O)        0.299     0.775 r  toppyty/Core_Unit/DatapathCore/ff_Execute/ff_InstrE/qout[31]_i_6__0/O
                         net (fo=1, routed)           0.416     1.191    toppyty/Core_Unit/DatapathCore/ff_Execute/ff_InstrE/qout[31]_i_6__0_n_0
    SLICE_X4Y77          LUT6 (Prop_lut6_I2_O)        0.124     1.315 r  toppyty/Core_Unit/DatapathCore/ff_Execute/ff_InstrE/qout[31]_i_3/O
                         net (fo=43, routed)          0.856     2.171    toppyty/Core_Unit/DatapathCore/ff_Execute/ff_InstrE/qout_reg[24]_2[0]
    SLICE_X4Y75          LUT5 (Prop_lut5_I4_O)        0.124     2.295 r  toppyty/Core_Unit/DatapathCore/ff_Execute/ff_InstrE/qout[0]_i_1__1/O
                         net (fo=2, routed)           0.593     2.889    toppyty/Core_Unit/DatapathCore/ff_Execute/ff_ImmExtE/qout[29]_i_10_0[0]
    SLICE_X4Y76          LUT3 (Prop_lut3_I1_O)        0.124     3.013 r  toppyty/Core_Unit/DatapathCore/ff_Execute/ff_ImmExtE/i__carry_i_18/O
                         net (fo=102, routed)         1.045     4.058    toppyty/Core_Unit/DatapathCore/ff_Execute/ff_AluControlE/qout_reg[0]_5
    SLICE_X11Y75         LUT2 (Prop_lut2_I1_O)        0.124     4.182 r  toppyty/Core_Unit/DatapathCore/ff_Execute/ff_AluControlE/i__carry_i_9/O
                         net (fo=1, routed)           0.000     4.182    toppyty/Core_Unit/DatapathCore/Alu_Unit/S[0]
    SLICE_X11Y75         CARRY4 (Prop_carry4_S[0]_CO[3])
                                                      0.532     4.714 r  toppyty/Core_Unit/DatapathCore/Alu_Unit/_inferred__1/i__carry/CO[3]
                         net (fo=1, routed)           0.000     4.714    toppyty/Core_Unit/DatapathCore/Alu_Unit/_inferred__1/i__carry_n_0
    SLICE_X11Y76         CARRY4 (Prop_carry4_CI_CO[3])
                                                      0.114     4.828 r  toppyty/Core_Unit/DatapathCore/Alu_Unit/_inferred__1/i__carry__0/CO[3]
                         net (fo=1, routed)           0.000     4.828    toppyty/Core_Unit/DatapathCore/Alu_Unit/_inferred__1/i__carry__0_n_0
    SLICE_X11Y77         CARRY4 (Prop_carry4_CI_CO[3])
                                                      0.114     4.942 r  toppyty/Core_Unit/DatapathCore/Alu_Unit/_inferred__1/i__carry__1/CO[3]
                         net (fo=1, routed)           0.000     4.942    toppyty/Core_Unit/DatapathCore/Alu_Unit/_inferred__1/i__carry__1_n_0
    SLICE_X11Y78         CARRY4 (Prop_carry4_CI_CO[3])
                                                      0.114     5.056 r  toppyty/Core_Unit/DatapathCore/Alu_Unit/_inferred__1/i__carry__2/CO[3]
                         net (fo=1, routed)           0.000     5.056    toppyty/Core_Unit/DatapathCore/Alu_Unit/_inferred__1/i__carry__2_n_0
    SLICE_X11Y79         CARRY4 (Prop_carry4_CI_CO[3])
                                                      0.114     5.170 r  toppyty/Core_Unit/DatapathCore/Alu_Unit/_inferred__1/i__carry__3/CO[3]
                         net (fo=1, routed)           0.000     5.170    toppyty/Core_Unit/DatapathCore/Alu_Unit/_inferred__1/i__carry__3_n_0
    SLICE_X11Y80         CARRY4 (Prop_carry4_CI_CO[3])
                                                      0.114     5.284 r  toppyty/Core_Unit/DatapathCore/Alu_Unit/_inferred__1/i__carry__4/CO[3]
                         net (fo=1, routed)           0.000     5.284    toppyty/Core_Unit/DatapathCore/Alu_Unit/_inferred__1/i__carry__4_n_0
    SLICE_X11Y81         CARRY4 (Prop_carry4_CI_CO[3])
                                                      0.114     5.398 r  toppyty/Core_Unit/DatapathCore/Alu_Unit/_inferred__1/i__carry__5/CO[3]
                         net (fo=1, routed)           0.000     5.398    toppyty/Core_Unit/DatapathCore/Alu_Unit/_inferred__1/i__carry__5_n_0
    SLICE_X11Y82         CARRY4 (Prop_carry4_CI_O[3])
                                                      0.313     5.711 f  toppyty/Core_Unit/DatapathCore/Alu_Unit/_inferred__1/i__carry__6/O[3]
                         net (fo=2, routed)           0.722     6.433    toppyty/Core_Unit/DatapathCore/ff_Execute/ff_InstrE/data0[19]
    SLICE_X9Y87          LUT3 (Prop_lut3_I2_O)        0.306     6.739 f  toppyty/Core_Unit/DatapathCore/ff_Execute/ff_InstrE/qout[31]_i_10/O
                         net (fo=1, routed)           0.592     7.331    toppyty/Core_Unit/DatapathCore/ff_Execute/ff_InstrE/qout[31]_i_10_n_0
    SLICE_X10Y84         LUT6 (Prop_lut6_I5_O)        0.124     7.455 f  toppyty/Core_Unit/DatapathCore/ff_Execute/ff_InstrE/qout[31]_i_4/O
                         net (fo=2, routed)           0.000     7.455    toppyty/Core_Unit/DatapathCore/ff_Execute/ff_AluControlE/qout_reg[31]_1
    SLICE_X10Y84         MUXF7 (Prop_muxf7_I0_O)      0.209     7.664 f  toppyty/Core_Unit/DatapathCore/ff_Execute/ff_AluControlE/qout_reg[30]_i_28/O
                         net (fo=1, routed)           0.602     8.266    toppyty/Core_Unit/DatapathCore/ff_Execute/ff_AluControlE/qout_reg[30]_i_28_n_0
    SLICE_X9Y85          LUT5 (Prop_lut5_I1_O)        0.297     8.563 r  toppyty/Core_Unit/DatapathCore/ff_Execute/ff_AluControlE/qout[30]_i_15/O
                         net (fo=1, routed)           0.567     9.130    toppyty/Core_Unit/DatapathCore/ff_Execute/ff_AluControlE/qout[30]_i_15_n_0
    SLICE_X10Y83         LUT6 (Prop_lut6_I1_O)        0.124     9.254 r  toppyty/Core_Unit/DatapathCore/ff_Execute/ff_AluControlE/qout[30]_i_7/O
                         net (fo=1, routed)           0.700     9.954    toppyty/Core_Unit/DatapathCore/ff_Execute/ff_AluControlE/qout[30]_i_7_n_0
    SLICE_X7Y80          LUT6 (Prop_lut6_I3_O)        0.124    10.078 r  toppyty/Core_Unit/DatapathCore/ff_Execute/ff_AluControlE/qout[30]_i_4/O
                         net (fo=36, routed)          0.391    10.469    toppyty/Core_Unit/DatapathCore/ff_Execute/ff_InstrE/BrBase__0
    SLICE_X7Y79          LUT6 (Prop_lut6_I2_O)        0.124    10.593 r  toppyty/Core_Unit/DatapathCore/ff_Execute/ff_InstrE/i__carry_i_1/O
                         net (fo=1, routed)           0.323    10.916    toppyty/Core_Unit/DatapathCore_n_107
    SLICE_X5Y79          CARRY4 (Prop_carry4_DI[1]_CO[3])
                                                      0.507    11.423 r  toppyty/Core_Unit/i_/i_/i__carry/CO[3]
                         net (fo=1, routed)           0.000    11.423    toppyty/Core_Unit/i_/i_/i__carry_n_0
    SLICE_X5Y80          CARRY4 (Prop_carry4_CI_CO[3])
                                                      0.114    11.537 r  toppyty/Core_Unit/i_/i_/i__carry__0/CO[3]
                         net (fo=1, routed)           0.000    11.537    toppyty/Core_Unit/i_/i_/i__carry__0_n_0
    SLICE_X5Y81          CARRY4 (Prop_carry4_CI_CO[3])
                                                      0.114    11.651 r  toppyty/Core_Unit/i_/i_/i__carry__1/CO[3]
                         net (fo=1, routed)           0.000    11.651    toppyty/Core_Unit/i_/i_/i__carry__1_n_0
    SLICE_X5Y82          CARRY4 (Prop_carry4_CI_CO[3])
                                                      0.114    11.765 r  toppyty/Core_Unit/i_/i_/i__carry__2/CO[3]
                         net (fo=1, routed)           0.000    11.765    toppyty/Core_Unit/i_/i_/i__carry__2_n_0
    SLICE_X5Y83          CARRY4 (Prop_carry4_CI_CO[3])
                                                      0.114    11.879 r  toppyty/Core_Unit/i_/i_/i__carry__3/CO[3]
                         net (fo=1, routed)           0.000    11.879    toppyty/Core_Unit/i_/i_/i__carry__3_n_0
    SLICE_X5Y84          CARRY4 (Prop_carry4_CI_O[3])
                                                      0.313    12.192 r  toppyty/Core_Unit/i_/i_/i__carry__4/O[3]
                         net (fo=1, routed)           0.000    12.192    toppyty/Core_Unit/DatapathCore/ff_Fetch/ff_RE_interior/qout_reg[24]_0[3]
    SLICE_X5Y84          FDRE                                         r  toppyty/Core_Unit/DatapathCore/ff_Fetch/ff_RE_interior/qout_reg[24]/D
  -------------------------------------------------------------------    -------------------

                         (clock clk_out1_clk_wiz_0 rise edge)
                                                     13.514    13.514 r  
    E3                                                0.000    13.514 r  clk_100MHz (IN)
                         net (fo=0)                   0.000    13.514    clk_wiz_inst/inst/clk_in1
    E3                   IBUF (Prop_ibuf_I_O)         1.411    14.925 r  clk_wiz_inst/inst/clkin1_ibufg/O
                         net (fo=1, routed)           1.162    16.087    clk_wiz_inst/inst/clk_in1_clk_wiz_0
    MMCME2_ADV_X1Y2      MMCME2_ADV (Prop_mmcme2_adv_CLKIN1_CLKOUT0)
                                                     -7.324     8.763 r  clk_wiz_inst/inst/mmcm_adv_inst/CLKOUT0
                         net (fo=1, routed)           1.639    10.402    clk_wiz_inst/inst/clk_out1_clk_wiz_0
    BUFGCTRL_X0Y16       BUFG (Prop_bufg_I_O)         0.091    10.493 r  clk_wiz_inst/inst/clkout1_buf/O
                         net (fo=870, routed)         1.597    12.090    toppyty/Core_Unit/DatapathCore/ff_Fetch/ff_RE_interior/clk_out1
    SLICE_X5Y84          FDRE                                         r  toppyty/Core_Unit/DatapathCore/ff_Fetch/ff_RE_interior/qout_reg[24]/C
                         clock pessimism              0.576    12.667    
                         clock uncertainty           -0.128    12.539    
    SLICE_X5Y84          FDRE (Setup_fdre_C_D)        0.062    12.601    toppyty/Core_Unit/DatapathCore/ff_Fetch/ff_RE_interior/qout_reg[24]
  -------------------------------------------------------------------
                         required time                         12.601    
                         arrival time                         -12.192    
  -------------------------------------------------------------------
                         slack                                  0.408    

Slack (MET) :             0.413ns  (required time - arrival time)
  Source:                 toppyty/Core_Unit/DatapathCore/ff_Execute/ff_InstrE/qout_reg[20]/C
                            (rising edge-triggered cell FDRE clocked by clk_out1_clk_wiz_0  {rise@0.000ns fall@6.757ns period=13.514ns})
  Destination:            toppyty/Core_Unit/DatapathCore/ff_Execute/ff_PCE/qout_reg[18]/R
                            (rising edge-triggered cell FDRE clocked by clk_out1_clk_wiz_0  {rise@0.000ns fall@6.757ns period=13.514ns})
  Path Group:             clk_out1_clk_wiz_0
  Path Type:              Setup (Max at Slow Process Corner)
  Requirement:            13.514ns  (clk_out1_clk_wiz_0 rise@13.514ns - clk_out1_clk_wiz_0 rise@0.000ns)
  Data Path Delay:        12.338ns  (logic 4.051ns (32.833%)  route 8.287ns (67.167%))
  Logic Levels:           20  (CARRY4=8 LUT2=1 LUT3=2 LUT5=2 LUT6=6 MUXF7=1)
  Clock Path Skew:        -0.110ns (DCD - SCD + CPR)
    Destination Clock Delay (DCD):    -1.503ns = ( 12.010 - 13.514 ) 
    Source Clock Delay      (SCD):    -0.834ns
    Clock Pessimism Removal (CPR):    0.559ns
  Clock Uncertainty:      0.128ns  ((TSJ^2 + DJ^2)^1/2) / 2 + PE
    Total System Jitter     (TSJ):    0.071ns
    Discrete Jitter          (DJ):    0.246ns
    Phase Error              (PE):    0.000ns

    Location             Delay type                Incr(ns)  Path(ns)    Netlist Resource(s)
  -------------------------------------------------------------------    -------------------
                         (clock clk_out1_clk_wiz_0 rise edge)
                                                      0.000     0.000 r  
    E3                                                0.000     0.000 r  clk_100MHz (IN)
                         net (fo=0)                   0.000     0.000    clk_wiz_inst/inst/clk_in1
    E3                   IBUF (Prop_ibuf_I_O)         1.482     1.482 r  clk_wiz_inst/inst/clkin1_ibufg/O
                         net (fo=1, routed)           1.233     2.715    clk_wiz_inst/inst/clk_in1_clk_wiz_0
    MMCME2_ADV_X1Y2      MMCME2_ADV (Prop_mmcme2_adv_CLKIN1_CLKOUT0)
                                                     -7.070    -4.355 r  clk_wiz_inst/inst/mmcm_adv_inst/CLKOUT0
                         net (fo=1, routed)           1.719    -2.636    clk_wiz_inst/inst/clk_out1_clk_wiz_0
    BUFGCTRL_X0Y16       BUFG (Prop_bufg_I_O)         0.096    -2.540 r  clk_wiz_inst/inst/clkout1_buf/O
                         net (fo=870, routed)         1.706    -0.834    toppyty/Core_Unit/DatapathCore/ff_Execute/ff_InstrE/clk_out1
    SLICE_X5Y76          FDRE                                         r  toppyty/Core_Unit/DatapathCore/ff_Execute/ff_InstrE/qout_reg[20]/C
  -------------------------------------------------------------------    -------------------
    SLICE_X5Y76          FDRE (Prop_fdre_C_Q)         0.419    -0.415 r  toppyty/Core_Unit/DatapathCore/ff_Execute/ff_InstrE/qout_reg[20]/Q
                         net (fo=8, routed)           0.891     0.476    toppyty/Core_Unit/DatapathCore/ff_Execute/ff_InstrE/qout_reg[20]_0
    SLICE_X4Y76          LUT6 (Prop_lut6_I0_O)        0.299     0.775 r  toppyty/Core_Unit/DatapathCore/ff_Execute/ff_InstrE/qout[31]_i_6__0/O
                         net (fo=1, routed)           0.416     1.191    toppyty/Core_Unit/DatapathCore/ff_Execute/ff_InstrE/qout[31]_i_6__0_n_0
    SLICE_X4Y77          LUT6 (Prop_lut6_I2_O)        0.124     1.315 r  toppyty/Core_Unit/DatapathCore/ff_Execute/ff_InstrE/qout[31]_i_3/O
                         net (fo=43, routed)          0.856     2.171    toppyty/Core_Unit/DatapathCore/ff_Execute/ff_InstrE/qout_reg[24]_2[0]
    SLICE_X4Y75          LUT5 (Prop_lut5_I4_O)        0.124     2.295 r  toppyty/Core_Unit/DatapathCore/ff_Execute/ff_InstrE/qout[0]_i_1__1/O
                         net (fo=2, routed)           0.593     2.889    toppyty/Core_Unit/DatapathCore/ff_Execute/ff_ImmExtE/qout[29]_i_10_0[0]
    SLICE_X4Y76          LUT3 (Prop_lut3_I1_O)        0.124     3.013 r  toppyty/Core_Unit/DatapathCore/ff_Execute/ff_ImmExtE/i__carry_i_18/O
                         net (fo=102, routed)         1.045     4.058    toppyty/Core_Unit/DatapathCore/ff_Execute/ff_AluControlE/qout_reg[0]_5
    SLICE_X11Y75         LUT2 (Prop_lut2_I1_O)        0.124     4.182 r  toppyty/Core_Unit/DatapathCore/ff_Execute/ff_AluControlE/i__carry_i_9/O
                         net (fo=1, routed)           0.000     4.182    toppyty/Core_Unit/DatapathCore/Alu_Unit/S[0]
    SLICE_X11Y75         CARRY4 (Prop_carry4_S[0]_CO[3])
                                                      0.532     4.714 r  toppyty/Core_Unit/DatapathCore/Alu_Unit/_inferred__1/i__carry/CO[3]
                         net (fo=1, routed)           0.000     4.714    toppyty/Core_Unit/DatapathCore/Alu_Unit/_inferred__1/i__carry_n_0
    SLICE_X11Y76         CARRY4 (Prop_carry4_CI_CO[3])
                                                      0.114     4.828 r  toppyty/Core_Unit/DatapathCore/Alu_Unit/_inferred__1/i__carry__0/CO[3]
                         net (fo=1, routed)           0.000     4.828    toppyty/Core_Unit/DatapathCore/Alu_Unit/_inferred__1/i__carry__0_n_0
    SLICE_X11Y77         CARRY4 (Prop_carry4_CI_CO[3])
                                                      0.114     4.942 r  toppyty/Core_Unit/DatapathCore/Alu_Unit/_inferred__1/i__carry__1/CO[3]
                         net (fo=1, routed)           0.000     4.942    toppyty/Core_Unit/DatapathCore/Alu_Unit/_inferred__1/i__carry__1_n_0
    SLICE_X11Y78         CARRY4 (Prop_carry4_CI_CO[3])
                                                      0.114     5.056 r  toppyty/Core_Unit/DatapathCore/Alu_Unit/_inferred__1/i__carry__2/CO[3]
                         net (fo=1, routed)           0.000     5.056    toppyty/Core_Unit/DatapathCore/Alu_Unit/_inferred__1/i__carry__2_n_0
    SLICE_X11Y79         CARRY4 (Prop_carry4_CI_CO[3])
                                                      0.114     5.170 r  toppyty/Core_Unit/DatapathCore/Alu_Unit/_inferred__1/i__carry__3/CO[3]
                         net (fo=1, routed)           0.000     5.170    toppyty/Core_Unit/DatapathCore/Alu_Unit/_inferred__1/i__carry__3_n_0
    SLICE_X11Y80         CARRY4 (Prop_carry4_CI_CO[3])
                                                      0.114     5.284 r  toppyty/Core_Unit/DatapathCore/Alu_Unit/_inferred__1/i__carry__4/CO[3]
                         net (fo=1, routed)           0.000     5.284    toppyty/Core_Unit/DatapathCore/Alu_Unit/_inferred__1/i__carry__4_n_0
    SLICE_X11Y81         CARRY4 (Prop_carry4_CI_CO[3])
                                                      0.114     5.398 r  toppyty/Core_Unit/DatapathCore/Alu_Unit/_inferred__1/i__carry__5/CO[3]
                         net (fo=1, routed)           0.000     5.398    toppyty/Core_Unit/DatapathCore/Alu_Unit/_inferred__1/i__carry__5_n_0
    SLICE_X11Y82         CARRY4 (Prop_carry4_CI_O[3])
                                                      0.313     5.711 f  toppyty/Core_Unit/DatapathCore/Alu_Unit/_inferred__1/i__carry__6/O[3]
                         net (fo=2, routed)           0.722     6.433    toppyty/Core_Unit/DatapathCore/ff_Execute/ff_InstrE/data0[19]
    SLICE_X9Y87          LUT3 (Prop_lut3_I2_O)        0.306     6.739 f  toppyty/Core_Unit/DatapathCore/ff_Execute/ff_InstrE/qout[31]_i_10/O
                         net (fo=1, routed)           0.592     7.331    toppyty/Core_Unit/DatapathCore/ff_Execute/ff_InstrE/qout[31]_i_10_n_0
    SLICE_X10Y84         LUT6 (Prop_lut6_I5_O)        0.124     7.455 f  toppyty/Core_Unit/DatapathCore/ff_Execute/ff_InstrE/qout[31]_i_4/O
                         net (fo=2, routed)           0.000     7.455    toppyty/Core_Unit/DatapathCore/ff_Execute/ff_AluControlE/qout_reg[31]_1
    SLICE_X10Y84         MUXF7 (Prop_muxf7_I0_O)      0.209     7.664 f  toppyty/Core_Unit/DatapathCore/ff_Execute/ff_AluControlE/qout_reg[30]_i_28/O
                         net (fo=1, routed)           0.602     8.266    toppyty/Core_Unit/DatapathCore/ff_Execute/ff_AluControlE/qout_reg[30]_i_28_n_0
    SLICE_X9Y85          LUT5 (Prop_lut5_I1_O)        0.297     8.563 r  toppyty/Core_Unit/DatapathCore/ff_Execute/ff_AluControlE/qout[30]_i_15/O
                         net (fo=1, routed)           0.567     9.130    toppyty/Core_Unit/DatapathCore/ff_Execute/ff_AluControlE/qout[30]_i_15_n_0
    SLICE_X10Y83         LUT6 (Prop_lut6_I1_O)        0.124     9.254 r  toppyty/Core_Unit/DatapathCore/ff_Execute/ff_AluControlE/qout[30]_i_7/O
                         net (fo=1, routed)           0.700     9.954    toppyty/Core_Unit/DatapathCore/ff_Execute/ff_AluControlE/qout[30]_i_7_n_0
    SLICE_X7Y80          LUT6 (Prop_lut6_I3_O)        0.124    10.078 r  toppyty/Core_Unit/DatapathCore/ff_Execute/ff_AluControlE/qout[30]_i_4/O
                         net (fo=36, routed)          0.398    10.476    toppyty/Core_Unit/DatapathCore/ff_Execute/ff_InstrE/BrBase__0
    SLICE_X7Y81          LUT6 (Prop_lut6_I1_O)        0.124    10.600 r  toppyty/Core_Unit/DatapathCore/ff_Execute/ff_InstrE/qout[19]_i_1__0/O
                         net (fo=177, routed)         0.904    11.505    toppyty/Core_Unit/DatapathCore/ff_Execute/ff_PCE/SR[0]
    SLICE_X10Y81         FDRE                                         r  toppyty/Core_Unit/DatapathCore/ff_Execute/ff_PCE/qout_reg[18]/R
  -------------------------------------------------------------------    -------------------

                         (clock clk_out1_clk_wiz_0 rise edge)
                                                     13.514    13.514 r  
    E3                                                0.000    13.514 r  clk_100MHz (IN)
                         net (fo=0)                   0.000    13.514    clk_wiz_inst/inst/clk_in1
    E3                   IBUF (Prop_ibuf_I_O)         1.411    14.925 r  clk_wiz_inst/inst/clkin1_ibufg/O
                         net (fo=1, routed)           1.162    16.087    clk_wiz_inst/inst/clk_in1_clk_wiz_0
    MMCME2_ADV_X1Y2      MMCME2_ADV (Prop_mmcme2_adv_CLKIN1_CLKOUT0)
                                                     -7.324     8.763 r  clk_wiz_inst/inst/mmcm_adv_inst/CLKOUT0
                         net (fo=1, routed)           1.639    10.402    clk_wiz_inst/inst/clk_out1_clk_wiz_0
    BUFGCTRL_X0Y16       BUFG (Prop_bufg_I_O)         0.091    10.493 r  clk_wiz_inst/inst/clkout1_buf/O
                         net (fo=870, routed)         1.517    12.010    toppyty/Core_Unit/DatapathCore/ff_Execute/ff_PCE/clk_out1
    SLICE_X10Y81         FDRE                                         r  toppyty/Core_Unit/DatapathCore/ff_Execute/ff_PCE/qout_reg[18]/C
                         clock pessimism              0.559    12.570    
                         clock uncertainty           -0.128    12.442    
    SLICE_X10Y81         FDRE (Setup_fdre_C_R)       -0.524    11.918    toppyty/Core_Unit/DatapathCore/ff_Execute/ff_PCE/qout_reg[18]
  -------------------------------------------------------------------
                         required time                         11.918    
                         arrival time                         -11.505    
  -------------------------------------------------------------------
                         slack                                  0.413    





Min Delay Paths
--------------------------------------------------------------------------------------
Slack (MET) :             0.037ns  (arrival time - required time)
  Source:                 toppyty/Core_Unit/DatapathCore/ff_Memory/ff_WriteDataM/qout_reg[10]/C
                            (rising edge-triggered cell FDRE clocked by clk_out1_clk_wiz_0  {rise@0.000ns fall@6.757ns period=13.514ns})
  Destination:            toppyty/Data_Mem/RAM_reg_0_63_10_10/SP/I
                            (rising edge-triggered cell RAMS64E clocked by clk_out1_clk_wiz_0  {rise@0.000ns fall@6.757ns period=13.514ns})
  Path Group:             clk_out1_clk_wiz_0
  Path Type:              Hold (Min at Fast Process Corner)
  Requirement:            0.000ns  (clk_out1_clk_wiz_0 rise@0.000ns - clk_out1_clk_wiz_0 rise@0.000ns)
  Data Path Delay:        0.197ns  (logic 0.141ns (71.611%)  route 0.056ns (28.389%))
  Logic Levels:           0  
  Clock Path Skew:        0.013ns (DCD - SCD - CPR)
    Destination Clock Delay (DCD):    -0.812ns
    Source Clock Delay      (SCD):    -0.573ns
    Clock Pessimism Removal (CPR):    -0.252ns

    Location             Delay type                Incr(ns)  Path(ns)    Netlist Resource(s)
  -------------------------------------------------------------------    -------------------
                         (clock clk_out1_clk_wiz_0 rise edge)
                                                      0.000     0.000 r  
    E3                                                0.000     0.000 r  clk_100MHz (IN)
                         net (fo=0)                   0.000     0.000    clk_wiz_inst/inst/clk_in1
    E3                   IBUF (Prop_ibuf_I_O)         0.250     0.250 r  clk_wiz_inst/inst/clkin1_ibufg/O
                         net (fo=1, routed)           0.440     0.690    clk_wiz_inst/inst/clk_in1_clk_wiz_0
    MMCME2_ADV_X1Y2      MMCME2_ADV (Prop_mmcme2_adv_CLKIN1_CLKOUT0)
                                                     -2.379    -1.689 r  clk_wiz_inst/inst/mmcm_adv_inst/CLKOUT0
                         net (fo=1, routed)           0.499    -1.190    clk_wiz_inst/inst/clk_out1_clk_wiz_0
    BUFGCTRL_X0Y16       BUFG (Prop_bufg_I_O)         0.026    -1.164 r  clk_wiz_inst/inst/clkout1_buf/O
                         net (fo=870, routed)         0.591    -0.573    toppyty/Core_Unit/DatapathCore/ff_Memory/ff_WriteDataM/clk_out1
    SLICE_X3Y74          FDRE                                         r  toppyty/Core_Unit/DatapathCore/ff_Memory/ff_WriteDataM/qout_reg[10]/C
  -------------------------------------------------------------------    -------------------
    SLICE_X3Y74          FDRE (Prop_fdre_C_Q)         0.141    -0.432 r  toppyty/Core_Unit/DatapathCore/ff_Memory/ff_WriteDataM/qout_reg[10]/Q
                         net (fo=1, routed)           0.056    -0.376    toppyty/Data_Mem/RAM_reg_0_63_10_10/D
    SLICE_X2Y74          RAMS64E                                      r  toppyty/Data_Mem/RAM_reg_0_63_10_10/SP/I
  -------------------------------------------------------------------    -------------------

                         (clock clk_out1_clk_wiz_0 rise edge)
                                                      0.000     0.000 r  
    E3                                                0.000     0.000 r  clk_100MHz (IN)
                         net (fo=0)                   0.000     0.000    clk_wiz_inst/inst/clk_in1
    E3                   IBUF (Prop_ibuf_I_O)         0.438     0.438 r  clk_wiz_inst/inst/clkin1_ibufg/O
                         net (fo=1, routed)           0.480     0.918    clk_wiz_inst/inst/clk_in1_clk_wiz_0
    MMCME2_ADV_X1Y2      MMCME2_ADV (Prop_mmcme2_adv_CLKIN1_CLKOUT0)
                                                     -3.163    -2.245 r  clk_wiz_inst/inst/mmcm_adv_inst/CLKOUT0
                         net (fo=1, routed)           0.544    -1.702    clk_wiz_inst/inst/clk_out1_clk_wiz_0
    BUFGCTRL_X0Y16       BUFG (Prop_bufg_I_O)         0.029    -1.673 r  clk_wiz_inst/inst/clkout1_buf/O
                         net (fo=870, routed)         0.861    -0.812    toppyty/Data_Mem/RAM_reg_0_63_10_10/WCLK
    SLICE_X2Y74          RAMS64E                                      r  toppyty/Data_Mem/RAM_reg_0_63_10_10/SP/CLK
                         clock pessimism              0.252    -0.560    
    SLICE_X2Y74          RAMS64E (Hold_rams64e_CLK_I)
                                                      0.147    -0.413    toppyty/Data_Mem/RAM_reg_0_63_10_10/SP
  -------------------------------------------------------------------
                         required time                          0.413    
                         arrival time                          -0.376    
  -------------------------------------------------------------------
                         slack                                  0.037    

Slack (MET) :             0.037ns  (arrival time - required time)
  Source:                 toppyty/Core_Unit/DatapathCore/ff_Memory/ff_WriteDataM/qout_reg[21]/C
                            (rising edge-triggered cell FDRE clocked by clk_out1_clk_wiz_0  {rise@0.000ns fall@6.757ns period=13.514ns})
  Destination:            toppyty/Data_Mem/RAM_reg_0_63_21_21/SP/I
                            (rising edge-triggered cell RAMS64E clocked by clk_out1_clk_wiz_0  {rise@0.000ns fall@6.757ns period=13.514ns})
  Path Group:             clk_out1_clk_wiz_0
  Path Type:              Hold (Min at Fast Process Corner)
  Requirement:            0.000ns  (clk_out1_clk_wiz_0 rise@0.000ns - clk_out1_clk_wiz_0 rise@0.000ns)
  Data Path Delay:        0.197ns  (logic 0.141ns (71.611%)  route 0.056ns (28.389%))
  Logic Levels:           0  
  Clock Path Skew:        0.013ns (DCD - SCD - CPR)
    Destination Clock Delay (DCD):    -0.832ns
    Source Clock Delay      (SCD):    -0.593ns
    Clock Pessimism Removal (CPR):    -0.252ns

    Location             Delay type                Incr(ns)  Path(ns)    Netlist Resource(s)
  -------------------------------------------------------------------    -------------------
                         (clock clk_out1_clk_wiz_0 rise edge)
                                                      0.000     0.000 r  
    E3                                                0.000     0.000 r  clk_100MHz (IN)
                         net (fo=0)                   0.000     0.000    clk_wiz_inst/inst/clk_in1
    E3                   IBUF (Prop_ibuf_I_O)         0.250     0.250 r  clk_wiz_inst/inst/clkin1_ibufg/O
                         net (fo=1, routed)           0.440     0.690    clk_wiz_inst/inst/clk_in1_clk_wiz_0
    MMCME2_ADV_X1Y2      MMCME2_ADV (Prop_mmcme2_adv_CLKIN1_CLKOUT0)
                                                     -2.379    -1.689 r  clk_wiz_inst/inst/mmcm_adv_inst/CLKOUT0
                         net (fo=1, routed)           0.499    -1.190    clk_wiz_inst/inst/clk_out1_clk_wiz_0
    BUFGCTRL_X0Y16       BUFG (Prop_bufg_I_O)         0.026    -1.164 r  clk_wiz_inst/inst/clkout1_buf/O
                         net (fo=870, routed)         0.571    -0.593    toppyty/Core_Unit/DatapathCore/ff_Memory/ff_WriteDataM/clk_out1
    SLICE_X11Y85         FDRE                                         r  toppyty/Core_Unit/DatapathCore/ff_Memory/ff_WriteDataM/qout_reg[21]/C
  -------------------------------------------------------------------    -------------------
    SLICE_X11Y85         FDRE (Prop_fdre_C_Q)         0.141    -0.452 r  toppyty/Core_Unit/DatapathCore/ff_Memory/ff_WriteDataM/qout_reg[21]/Q
                         net (fo=1, routed)           0.056    -0.396    toppyty/Data_Mem/RAM_reg_0_63_21_21/D
    SLICE_X10Y85         RAMS64E                                      r  toppyty/Data_Mem/RAM_reg_0_63_21_21/SP/I
  -------------------------------------------------------------------    -------------------

                         (clock clk_out1_clk_wiz_0 rise edge)
                                                      0.000     0.000 r  
    E3                                                0.000     0.000 r  clk_100MHz (IN)
                         net (fo=0)                   0.000     0.000    clk_wiz_inst/inst/clk_in1
    E3                   IBUF (Prop_ibuf_I_O)         0.438     0.438 r  clk_wiz_inst/inst/clkin1_ibufg/O
                         net (fo=1, routed)           0.480     0.918    clk_wiz_inst/inst/clk_in1_clk_wiz_0
    MMCME2_ADV_X1Y2      MMCME2_ADV (Prop_mmcme2_adv_CLKIN1_CLKOUT0)
                                                     -3.163    -2.245 r  clk_wiz_inst/inst/mmcm_adv_inst/CLKOUT0
                         net (fo=1, routed)           0.544    -1.702    clk_wiz_inst/inst/clk_out1_clk_wiz_0
    BUFGCTRL_X0Y16       BUFG (Prop_bufg_I_O)         0.029    -1.673 r  clk_wiz_inst/inst/clkout1_buf/O
                         net (fo=870, routed)         0.841    -0.832    toppyty/Data_Mem/RAM_reg_0_63_21_21/WCLK
    SLICE_X10Y85         RAMS64E                                      r  toppyty/Data_Mem/RAM_reg_0_63_21_21/SP/CLK
                         clock pessimism              0.252    -0.580    
    SLICE_X10Y85         RAMS64E (Hold_rams64e_CLK_I)
                                                      0.147    -0.433    toppyty/Data_Mem/RAM_reg_0_63_21_21/SP
  -------------------------------------------------------------------
                         required time                          0.433    
                         arrival time                          -0.396    
  -------------------------------------------------------------------
                         slack                                  0.037    

Slack (MET) :             0.088ns  (arrival time - required time)
  Source:                 toppyty/Core_Unit/DatapathCore/ff_Memory/ff_WriteDataM/qout_reg[11]/C
                            (rising edge-triggered cell FDRE clocked by clk_out1_clk_wiz_0  {rise@0.000ns fall@6.757ns period=13.514ns})
  Destination:            toppyty/Data_Mem/RAM_reg_0_63_11_11/SP/I
                            (rising edge-triggered cell RAMS64E clocked by clk_out1_clk_wiz_0  {rise@0.000ns fall@6.757ns period=13.514ns})
  Path Group:             clk_out1_clk_wiz_0
  Path Type:              Hold (Min at Fast Process Corner)
  Requirement:            0.000ns  (clk_out1_clk_wiz_0 rise@0.000ns - clk_out1_clk_wiz_0 rise@0.000ns)
  Data Path Delay:        0.270ns  (logic 0.141ns (52.229%)  route 0.129ns (47.771%))
  Logic Levels:           0  
  Clock Path Skew:        0.036ns (DCD - SCD - CPR)
    Destination Clock Delay (DCD):    -0.812ns
    Source Clock Delay      (SCD):    -0.573ns
    Clock Pessimism Removal (CPR):    -0.275ns

    Location             Delay type                Incr(ns)  Path(ns)    Netlist Resource(s)
  -------------------------------------------------------------------    -------------------
                         (clock clk_out1_clk_wiz_0 rise edge)
                                                      0.000     0.000 r  
    E3                                                0.000     0.000 r  clk_100MHz (IN)
                         net (fo=0)                   0.000     0.000    clk_wiz_inst/inst/clk_in1
    E3                   IBUF (Prop_ibuf_I_O)         0.250     0.250 r  clk_wiz_inst/inst/clkin1_ibufg/O
                         net (fo=1, routed)           0.440     0.690    clk_wiz_inst/inst/clk_in1_clk_wiz_0
    MMCME2_ADV_X1Y2      MMCME2_ADV (Prop_mmcme2_adv_CLKIN1_CLKOUT0)
                                                     -2.379    -1.689 r  clk_wiz_inst/inst/mmcm_adv_inst/CLKOUT0
                         net (fo=1, routed)           0.499    -1.190    clk_wiz_inst/inst/clk_out1_clk_wiz_0
    BUFGCTRL_X0Y16       BUFG (Prop_bufg_I_O)         0.026    -1.164 r  clk_wiz_inst/inst/clkout1_buf/O
                         net (fo=870, routed)         0.591    -0.573    toppyty/Core_Unit/DatapathCore/ff_Memory/ff_WriteDataM/clk_out1
    SLICE_X1Y75          FDRE                                         r  toppyty/Core_Unit/DatapathCore/ff_Memory/ff_WriteDataM/qout_reg[11]/C
  -------------------------------------------------------------------    -------------------
    SLICE_X1Y75          FDRE (Prop_fdre_C_Q)         0.141    -0.432 r  toppyty/Core_Unit/DatapathCore/ff_Memory/ff_WriteDataM/qout_reg[11]/Q
                         net (fo=1, routed)           0.129    -0.303    toppyty/Data_Mem/RAM_reg_0_63_11_11/D
    SLICE_X2Y74          RAMS64E                                      r  toppyty/Data_Mem/RAM_reg_0_63_11_11/SP/I
  -------------------------------------------------------------------    -------------------

                         (clock clk_out1_clk_wiz_0 rise edge)
                                                      0.000     0.000 r  
    E3                                                0.000     0.000 r  clk_100MHz (IN)
                         net (fo=0)                   0.000     0.000    clk_wiz_inst/inst/clk_in1
    E3                   IBUF (Prop_ibuf_I_O)         0.438     0.438 r  clk_wiz_inst/inst/clkin1_ibufg/O
                         net (fo=1, routed)           0.480     0.918    clk_wiz_inst/inst/clk_in1_clk_wiz_0
    MMCME2_ADV_X1Y2      MMCME2_ADV (Prop_mmcme2_adv_CLKIN1_CLKOUT0)
                                                     -3.163    -2.245 r  clk_wiz_inst/inst/mmcm_adv_inst/CLKOUT0
                         net (fo=1, routed)           0.544    -1.702    clk_wiz_inst/inst/clk_out1_clk_wiz_0
    BUFGCTRL_X0Y16       BUFG (Prop_bufg_I_O)         0.029    -1.673 r  clk_wiz_inst/inst/clkout1_buf/O
                         net (fo=870, routed)         0.861    -0.812    toppyty/Data_Mem/RAM_reg_0_63_11_11/WCLK
    SLICE_X2Y74          RAMS64E                                      r  toppyty/Data_Mem/RAM_reg_0_63_11_11/SP/CLK
                         clock pessimism              0.275    -0.537    
    SLICE_X2Y74          RAMS64E (Hold_rams64e_CLK_I)
                                                      0.146    -0.391    toppyty/Data_Mem/RAM_reg_0_63_11_11/SP
  -------------------------------------------------------------------
                         required time                          0.391    
                         arrival time                          -0.303    
  -------------------------------------------------------------------
                         slack                                  0.088    

Slack (MET) :             0.091ns  (arrival time - required time)
  Source:                 toppyty/Core_Unit/DatapathCore/ff_Memory/ff_WriteDataM/qout_reg[18]/C
                            (rising edge-triggered cell FDRE clocked by clk_out1_clk_wiz_0  {rise@0.000ns fall@6.757ns period=13.514ns})
  Destination:            toppyty/Data_Mem/RAM_reg_0_63_18_18/SP/I
                            (rising edge-triggered cell RAMS64E clocked by clk_out1_clk_wiz_0  {rise@0.000ns fall@6.757ns period=13.514ns})
  Path Group:             clk_out1_clk_wiz_0
  Path Type:              Hold (Min at Fast Process Corner)
  Requirement:            0.000ns  (clk_out1_clk_wiz_0 rise@0.000ns - clk_out1_clk_wiz_0 rise@0.000ns)
  Data Path Delay:        0.253ns  (logic 0.141ns (55.730%)  route 0.112ns (44.270%))
  Logic Levels:           0  
  Clock Path Skew:        0.015ns (DCD - SCD - CPR)
    Destination Clock Delay (DCD):    -0.837ns
    Source Clock Delay      (SCD):    -0.598ns
    Clock Pessimism Removal (CPR):    -0.254ns

    Location             Delay type                Incr(ns)  Path(ns)    Netlist Resource(s)
  -------------------------------------------------------------------    -------------------
                         (clock clk_out1_clk_wiz_0 rise edge)
                                                      0.000     0.000 r  
    E3                                                0.000     0.000 r  clk_100MHz (IN)
                         net (fo=0)                   0.000     0.000    clk_wiz_inst/inst/clk_in1
    E3                   IBUF (Prop_ibuf_I_O)         0.250     0.250 r  clk_wiz_inst/inst/clkin1_ibufg/O
                         net (fo=1, routed)           0.440     0.690    clk_wiz_inst/inst/clk_in1_clk_wiz_0
    MMCME2_ADV_X1Y2      MMCME2_ADV (Prop_mmcme2_adv_CLKIN1_CLKOUT0)
                                                     -2.379    -1.689 r  clk_wiz_inst/inst/mmcm_adv_inst/CLKOUT0
                         net (fo=1, routed)           0.499    -1.190    clk_wiz_inst/inst/clk_out1_clk_wiz_0
    BUFGCTRL_X0Y16       BUFG (Prop_bufg_I_O)         0.026    -1.164 r  clk_wiz_inst/inst/clkout1_buf/O
                         net (fo=870, routed)         0.566    -0.598    toppyty/Core_Unit/DatapathCore/ff_Memory/ff_WriteDataM/clk_out1
    SLICE_X9Y79          FDRE                                         r  toppyty/Core_Unit/DatapathCore/ff_Memory/ff_WriteDataM/qout_reg[18]/C
  -------------------------------------------------------------------    -------------------
    SLICE_X9Y79          FDRE (Prop_fdre_C_Q)         0.141    -0.457 r  toppyty/Core_Unit/DatapathCore/ff_Memory/ff_WriteDataM/qout_reg[18]/Q
                         net (fo=1, routed)           0.112    -0.345    toppyty/Data_Mem/RAM_reg_0_63_18_18/D
    SLICE_X8Y80          RAMS64E                                      r  toppyty/Data_Mem/RAM_reg_0_63_18_18/SP/I
  -------------------------------------------------------------------    -------------------

                         (clock clk_out1_clk_wiz_0 rise edge)
                                                      0.000     0.000 r  
    E3                                                0.000     0.000 r  clk_100MHz (IN)
                         net (fo=0)                   0.000     0.000    clk_wiz_inst/inst/clk_in1
    E3                   IBUF (Prop_ibuf_I_O)         0.438     0.438 r  clk_wiz_inst/inst/clkin1_ibufg/O
                         net (fo=1, routed)           0.480     0.918    clk_wiz_inst/inst/clk_in1_clk_wiz_0
    MMCME2_ADV_X1Y2      MMCME2_ADV (Prop_mmcme2_adv_CLKIN1_CLKOUT0)
                                                     -3.163    -2.245 r  clk_wiz_inst/inst/mmcm_adv_inst/CLKOUT0
                         net (fo=1, routed)           0.544    -1.702    clk_wiz_inst/inst/clk_out1_clk_wiz_0
    BUFGCTRL_X0Y16       BUFG (Prop_bufg_I_O)         0.029    -1.673 r  clk_wiz_inst/inst/clkout1_buf/O
                         net (fo=870, routed)         0.836    -0.837    toppyty/Data_Mem/RAM_reg_0_63_18_18/WCLK
    SLICE_X8Y80          RAMS64E                                      r  toppyty/Data_Mem/RAM_reg_0_63_18_18/SP/CLK
                         clock pessimism              0.254    -0.583    
    SLICE_X8Y80          RAMS64E (Hold_rams64e_CLK_I)
                                                      0.147    -0.436    toppyty/Data_Mem/RAM_reg_0_63_18_18/SP
  -------------------------------------------------------------------
                         required time                          0.436    
                         arrival time                          -0.345    
  -------------------------------------------------------------------
                         slack                                  0.091    

Slack (MET) :             0.098ns  (arrival time - required time)
  Source:                 toppyty/Core_Unit/DatapathCore/ff_Memory/ff_WriteDataM/qout_reg[22]/C
                            (rising edge-triggered cell FDRE clocked by clk_out1_clk_wiz_0  {rise@0.000ns fall@6.757ns period=13.514ns})
  Destination:            toppyty/Data_Mem/RAM_reg_0_63_22_22/SP/I
                            (rising edge-triggered cell RAMS64E clocked by clk_out1_clk_wiz_0  {rise@0.000ns fall@6.757ns period=13.514ns})
  Path Group:             clk_out1_clk_wiz_0
  Path Type:              Hold (Min at Fast Process Corner)
  Requirement:            0.000ns  (clk_out1_clk_wiz_0 rise@0.000ns - clk_out1_clk_wiz_0 rise@0.000ns)
  Data Path Delay:        0.257ns  (logic 0.141ns (54.828%)  route 0.116ns (45.172%))
  Logic Levels:           0  
  Clock Path Skew:        0.013ns (DCD - SCD - CPR)
    Destination Clock Delay (DCD):    -0.832ns
    Source Clock Delay      (SCD):    -0.593ns
    Clock Pessimism Removal (CPR):    -0.252ns

    Location             Delay type                Incr(ns)  Path(ns)    Netlist Resource(s)
  -------------------------------------------------------------------    -------------------
                         (clock clk_out1_clk_wiz_0 rise edge)
                                                      0.000     0.000 r  
    E3                                                0.000     0.000 r  clk_100MHz (IN)
                         net (fo=0)                   0.000     0.000    clk_wiz_inst/inst/clk_in1
    E3                   IBUF (Prop_ibuf_I_O)         0.250     0.250 r  clk_wiz_inst/inst/clkin1_ibufg/O
                         net (fo=1, routed)           0.440     0.690    clk_wiz_inst/inst/clk_in1_clk_wiz_0
    MMCME2_ADV_X1Y2      MMCME2_ADV (Prop_mmcme2_adv_CLKIN1_CLKOUT0)
                                                     -2.379    -1.689 r  clk_wiz_inst/inst/mmcm_adv_inst/CLKOUT0
                         net (fo=1, routed)           0.499    -1.190    clk_wiz_inst/inst/clk_out1_clk_wiz_0
    BUFGCTRL_X0Y16       BUFG (Prop_bufg_I_O)         0.026    -1.164 r  clk_wiz_inst/inst/clkout1_buf/O
                         net (fo=870, routed)         0.571    -0.593    toppyty/Core_Unit/DatapathCore/ff_Memory/ff_WriteDataM/clk_out1
    SLICE_X11Y85         FDRE                                         r  toppyty/Core_Unit/DatapathCore/ff_Memory/ff_WriteDataM/qout_reg[22]/C
  -------------------------------------------------------------------    -------------------
    SLICE_X11Y85         FDRE (Prop_fdre_C_Q)         0.141    -0.452 r  toppyty/Core_Unit/DatapathCore/ff_Memory/ff_WriteDataM/qout_reg[22]/Q
                         net (fo=1, routed)           0.116    -0.336    toppyty/Data_Mem/RAM_reg_0_63_22_22/D
    SLICE_X10Y85         RAMS64E                                      r  toppyty/Data_Mem/RAM_reg_0_63_22_22/SP/I
  -------------------------------------------------------------------    -------------------

                         (clock clk_out1_clk_wiz_0 rise edge)
                                                      0.000     0.000 r  
    E3                                                0.000     0.000 r  clk_100MHz (IN)
                         net (fo=0)                   0.000     0.000    clk_wiz_inst/inst/clk_in1
    E3                   IBUF (Prop_ibuf_I_O)         0.438     0.438 r  clk_wiz_inst/inst/clkin1_ibufg/O
                         net (fo=1, routed)           0.480     0.918    clk_wiz_inst/inst/clk_in1_clk_wiz_0
    MMCME2_ADV_X1Y2      MMCME2_ADV (Prop_mmcme2_adv_CLKIN1_CLKOUT0)
                                                     -3.163    -2.245 r  clk_wiz_inst/inst/mmcm_adv_inst/CLKOUT0
                         net (fo=1, routed)           0.544    -1.702    clk_wiz_inst/inst/clk_out1_clk_wiz_0
    BUFGCTRL_X0Y16       BUFG (Prop_bufg_I_O)         0.029    -1.673 r  clk_wiz_inst/inst/clkout1_buf/O
                         net (fo=870, routed)         0.841    -0.832    toppyty/Data_Mem/RAM_reg_0_63_22_22/WCLK
    SLICE_X10Y85         RAMS64E                                      r  toppyty/Data_Mem/RAM_reg_0_63_22_22/SP/CLK
                         clock pessimism              0.252    -0.580    
    SLICE_X10Y85         RAMS64E (Hold_rams64e_CLK_I)
                                                      0.146    -0.434    toppyty/Data_Mem/RAM_reg_0_63_22_22/SP
  -------------------------------------------------------------------
                         required time                          0.434    
                         arrival time                          -0.336    
  -------------------------------------------------------------------
                         slack                                  0.098    

Slack (MET) :             0.099ns  (arrival time - required time)
  Source:                 toppyty/Core_Unit/DatapathCore/ff_Memory/ff_WriteDataM/qout_reg[19]/C
                            (rising edge-triggered cell FDRE clocked by clk_out1_clk_wiz_0  {rise@0.000ns fall@6.757ns period=13.514ns})
  Destination:            toppyty/Data_Mem/RAM_reg_0_63_19_19/SP/I
                            (rising edge-triggered cell RAMS64E clocked by clk_out1_clk_wiz_0  {rise@0.000ns fall@6.757ns period=13.514ns})
  Path Group:             clk_out1_clk_wiz_0
  Path Type:              Hold (Min at Fast Process Corner)
  Requirement:            0.000ns  (clk_out1_clk_wiz_0 rise@0.000ns - clk_out1_clk_wiz_0 rise@0.000ns)
  Data Path Delay:        0.280ns  (logic 0.164ns (58.670%)  route 0.116ns (41.330%))
  Logic Levels:           0  
  Clock Path Skew:        0.035ns (DCD - SCD - CPR)
    Destination Clock Delay (DCD):    -0.837ns
    Source Clock Delay      (SCD):    -0.597ns
    Clock Pessimism Removal (CPR):    -0.275ns

    Location             Delay type                Incr(ns)  Path(ns)    Netlist Resource(s)
  -------------------------------------------------------------------    -------------------
                         (clock clk_out1_clk_wiz_0 rise edge)
                                                      0.000     0.000 r  
    E3                                                0.000     0.000 r  clk_100MHz (IN)
                         net (fo=0)                   0.000     0.000    clk_wiz_inst/inst/clk_in1
    E3                   IBUF (Prop_ibuf_I_O)         0.250     0.250 r  clk_wiz_inst/inst/clkin1_ibufg/O
                         net (fo=1, routed)           0.440     0.690    clk_wiz_inst/inst/clk_in1_clk_wiz_0
    MMCME2_ADV_X1Y2      MMCME2_ADV (Prop_mmcme2_adv_CLKIN1_CLKOUT0)
                                                     -2.379    -1.689 r  clk_wiz_inst/inst/mmcm_adv_inst/CLKOUT0
                         net (fo=1, routed)           0.499    -1.190    clk_wiz_inst/inst/clk_out1_clk_wiz_0
    BUFGCTRL_X0Y16       BUFG (Prop_bufg_I_O)         0.026    -1.164 r  clk_wiz_inst/inst/clkout1_buf/O
                         net (fo=870, routed)         0.567    -0.597    toppyty/Core_Unit/DatapathCore/ff_Memory/ff_WriteDataM/clk_out1
    SLICE_X10Y80         FDRE                                         r  toppyty/Core_Unit/DatapathCore/ff_Memory/ff_WriteDataM/qout_reg[19]/C
  -------------------------------------------------------------------    -------------------
    SLICE_X10Y80         FDRE (Prop_fdre_C_Q)         0.164    -0.433 r  toppyty/Core_Unit/DatapathCore/ff_Memory/ff_WriteDataM/qout_reg[19]/Q
                         net (fo=1, routed)           0.116    -0.318    toppyty/Data_Mem/RAM_reg_0_63_19_19/D
    SLICE_X8Y80          RAMS64E                                      r  toppyty/Data_Mem/RAM_reg_0_63_19_19/SP/I
  -------------------------------------------------------------------    -------------------

                         (clock clk_out1_clk_wiz_0 rise edge)
                                                      0.000     0.000 r  
    E3                                                0.000     0.000 r  clk_100MHz (IN)
                         net (fo=0)                   0.000     0.000    clk_wiz_inst/inst/clk_in1
    E3                   IBUF (Prop_ibuf_I_O)         0.438     0.438 r  clk_wiz_inst/inst/clkin1_ibufg/O
                         net (fo=1, routed)           0.480     0.918    clk_wiz_inst/inst/clk_in1_clk_wiz_0
    MMCME2_ADV_X1Y2      MMCME2_ADV (Prop_mmcme2_adv_CLKIN1_CLKOUT0)
                                                     -3.163    -2.245 r  clk_wiz_inst/inst/mmcm_adv_inst/CLKOUT0
                         net (fo=1, routed)           0.544    -1.702    clk_wiz_inst/inst/clk_out1_clk_wiz_0
    BUFGCTRL_X0Y16       BUFG (Prop_bufg_I_O)         0.029    -1.673 r  clk_wiz_inst/inst/clkout1_buf/O
                         net (fo=870, routed)         0.836    -0.837    toppyty/Data_Mem/RAM_reg_0_63_19_19/WCLK
    SLICE_X8Y80          RAMS64E                                      r  toppyty/Data_Mem/RAM_reg_0_63_19_19/SP/CLK
                         clock pessimism              0.275    -0.562    
    SLICE_X8Y80          RAMS64E (Hold_rams64e_CLK_I)
                                                      0.146    -0.416    toppyty/Data_Mem/RAM_reg_0_63_19_19/SP
  -------------------------------------------------------------------
                         required time                          0.416    
                         arrival time                          -0.318    
  -------------------------------------------------------------------
                         slack                                  0.099    

Slack (MET) :             0.122ns  (arrival time - required time)
  Source:                 toppyty/Core_Unit/DatapathCore/ff_Memory/ff_PCPlus4M/qout_reg[21]/C
                            (rising edge-triggered cell FDRE clocked by clk_out1_clk_wiz_0  {rise@0.000ns fall@6.757ns period=13.514ns})
  Destination:            toppyty/Core_Unit/DatapathCore/ff_Writeback/ff_PCPlus4W/qout_reg[21]/D
                            (rising edge-triggered cell FDRE clocked by clk_out1_clk_wiz_0  {rise@0.000ns fall@6.757ns period=13.514ns})
  Path Group:             clk_out1_clk_wiz_0
  Path Type:              Hold (Min at Fast Process Corner)
  Requirement:            0.000ns  (clk_out1_clk_wiz_0 rise@0.000ns - clk_out1_clk_wiz_0 rise@0.000ns)
  Data Path Delay:        0.197ns  (logic 0.141ns (71.611%)  route 0.056ns (28.389%))
  Logic Levels:           0  
  Clock Path Skew:        0.000ns (DCD - SCD - CPR)
    Destination Clock Delay (DCD):    -0.831ns
    Source Clock Delay      (SCD):    -0.592ns
    Clock Pessimism Removal (CPR):    -0.239ns

    Location             Delay type                Incr(ns)  Path(ns)    Netlist Resource(s)
  -------------------------------------------------------------------    -------------------
                         (clock clk_out1_clk_wiz_0 rise edge)
                                                      0.000     0.000 r  
    E3                                                0.000     0.000 r  clk_100MHz (IN)
                         net (fo=0)                   0.000     0.000    clk_wiz_inst/inst/clk_in1
    E3                   IBUF (Prop_ibuf_I_O)         0.250     0.250 r  clk_wiz_inst/inst/clkin1_ibufg/O
                         net (fo=1, routed)           0.440     0.690    clk_wiz_inst/inst/clk_in1_clk_wiz_0
    MMCME2_ADV_X1Y2      MMCME2_ADV (Prop_mmcme2_adv_CLKIN1_CLKOUT0)
                                                     -2.379    -1.689 r  clk_wiz_inst/inst/mmcm_adv_inst/CLKOUT0
                         net (fo=1, routed)           0.499    -1.190    clk_wiz_inst/inst/clk_out1_clk_wiz_0
    BUFGCTRL_X0Y16       BUFG (Prop_bufg_I_O)         0.026    -1.164 r  clk_wiz_inst/inst/clkout1_buf/O
                         net (fo=870, routed)         0.572    -0.592    toppyty/Core_Unit/DatapathCore/ff_Memory/ff_PCPlus4M/clk_out1
    SLICE_X9Y87          FDRE                                         r  toppyty/Core_Unit/DatapathCore/ff_Memory/ff_PCPlus4M/qout_reg[21]/C
  -------------------------------------------------------------------    -------------------
    SLICE_X9Y87          FDRE (Prop_fdre_C_Q)         0.141    -0.451 r  toppyty/Core_Unit/DatapathCore/ff_Memory/ff_PCPlus4M/qout_reg[21]/Q
                         net (fo=1, routed)           0.056    -0.395    toppyty/Core_Unit/DatapathCore/ff_Writeback/ff_PCPlus4W/qout_reg[31]_0[21]
    SLICE_X9Y87          FDRE                                         r  toppyty/Core_Unit/DatapathCore/ff_Writeback/ff_PCPlus4W/qout_reg[21]/D
  -------------------------------------------------------------------    -------------------

                         (clock clk_out1_clk_wiz_0 rise edge)
                                                      0.000     0.000 r  
    E3                                                0.000     0.000 r  clk_100MHz (IN)
                         net (fo=0)                   0.000     0.000    clk_wiz_inst/inst/clk_in1
    E3                   IBUF (Prop_ibuf_I_O)         0.438     0.438 r  clk_wiz_inst/inst/clkin1_ibufg/O
                         net (fo=1, routed)           0.480     0.918    clk_wiz_inst/inst/clk_in1_clk_wiz_0
    MMCME2_ADV_X1Y2      MMCME2_ADV (Prop_mmcme2_adv_CLKIN1_CLKOUT0)
                                                     -3.163    -2.245 r  clk_wiz_inst/inst/mmcm_adv_inst/CLKOUT0
                         net (fo=1, routed)           0.544    -1.702    clk_wiz_inst/inst/clk_out1_clk_wiz_0
    BUFGCTRL_X0Y16       BUFG (Prop_bufg_I_O)         0.029    -1.673 r  clk_wiz_inst/inst/clkout1_buf/O
                         net (fo=870, routed)         0.842    -0.831    toppyty/Core_Unit/DatapathCore/ff_Writeback/ff_PCPlus4W/clk_out1
    SLICE_X9Y87          FDRE                                         r  toppyty/Core_Unit/DatapathCore/ff_Writeback/ff_PCPlus4W/qout_reg[21]/C
                         clock pessimism              0.239    -0.592    
    SLICE_X9Y87          FDRE (Hold_fdre_C_D)         0.075    -0.517    toppyty/Core_Unit/DatapathCore/ff_Writeback/ff_PCPlus4W/qout_reg[21]
  -------------------------------------------------------------------
                         required time                          0.517    
                         arrival time                          -0.395    
  -------------------------------------------------------------------
                         slack                                  0.122    

Slack (MET) :             0.128ns  (arrival time - required time)
  Source:                 toppyty/Core_Unit/DatapathCore/ff_Memory/ff_WriteDataM/qout_reg[6]/C
                            (rising edge-triggered cell FDRE clocked by clk_out1_clk_wiz_0  {rise@0.000ns fall@6.757ns period=13.514ns})
  Destination:            toppyty/Data_Mem/RAM_reg_0_63_6_6/SP/I
                            (rising edge-triggered cell RAMS64E clocked by clk_out1_clk_wiz_0  {rise@0.000ns fall@6.757ns period=13.514ns})
  Path Group:             clk_out1_clk_wiz_0
  Path Type:              Hold (Min at Fast Process Corner)
  Requirement:            0.000ns  (clk_out1_clk_wiz_0 rise@0.000ns - clk_out1_clk_wiz_0 rise@0.000ns)
  Data Path Delay:        0.285ns  (logic 0.141ns (49.450%)  route 0.144ns (50.550%))
  Logic Levels:           0  
  Clock Path Skew:        0.013ns (DCD - SCD - CPR)
    Destination Clock Delay (DCD):    -0.811ns
    Source Clock Delay      (SCD):    -0.572ns
    Clock Pessimism Removal (CPR):    -0.252ns

    Location             Delay type                Incr(ns)  Path(ns)    Netlist Resource(s)
  -------------------------------------------------------------------    -------------------
                         (clock clk_out1_clk_wiz_0 rise edge)
                                                      0.000     0.000 r  
    E3                                                0.000     0.000 r  clk_100MHz (IN)
                         net (fo=0)                   0.000     0.000    clk_wiz_inst/inst/clk_in1
    E3                   IBUF (Prop_ibuf_I_O)         0.250     0.250 r  clk_wiz_inst/inst/clkin1_ibufg/O
                         net (fo=1, routed)           0.440     0.690    clk_wiz_inst/inst/clk_in1_clk_wiz_0
    MMCME2_ADV_X1Y2      MMCME2_ADV (Prop_mmcme2_adv_CLKIN1_CLKOUT0)
                                                     -2.379    -1.689 r  clk_wiz_inst/inst/mmcm_adv_inst/CLKOUT0
                         net (fo=1, routed)           0.499    -1.190    clk_wiz_inst/inst/clk_out1_clk_wiz_0
    BUFGCTRL_X0Y16       BUFG (Prop_bufg_I_O)         0.026    -1.164 r  clk_wiz_inst/inst/clkout1_buf/O
                         net (fo=870, routed)         0.592    -0.572    toppyty/Core_Unit/DatapathCore/ff_Memory/ff_WriteDataM/clk_out1
    SLICE_X3Y73          FDRE                                         r  toppyty/Core_Unit/DatapathCore/ff_Memory/ff_WriteDataM/qout_reg[6]/C
  -------------------------------------------------------------------    -------------------
    SLICE_X3Y73          FDRE (Prop_fdre_C_Q)         0.141    -0.431 r  toppyty/Core_Unit/DatapathCore/ff_Memory/ff_WriteDataM/qout_reg[6]/Q
                         net (fo=1, routed)           0.144    -0.287    toppyty/Data_Mem/RAM_reg_0_63_6_6/D
    SLICE_X2Y73          RAMS64E                                      r  toppyty/Data_Mem/RAM_reg_0_63_6_6/SP/I
  -------------------------------------------------------------------    -------------------

                         (clock clk_out1_clk_wiz_0 rise edge)
                                                      0.000     0.000 r  
    E3                                                0.000     0.000 r  clk_100MHz (IN)
                         net (fo=0)                   0.000     0.000    clk_wiz_inst/inst/clk_in1
    E3                   IBUF (Prop_ibuf_I_O)         0.438     0.438 r  clk_wiz_inst/inst/clkin1_ibufg/O
                         net (fo=1, routed)           0.480     0.918    clk_wiz_inst/inst/clk_in1_clk_wiz_0
    MMCME2_ADV_X1Y2      MMCME2_ADV (Prop_mmcme2_adv_CLKIN1_CLKOUT0)
                                                     -3.163    -2.245 r  clk_wiz_inst/inst/mmcm_adv_inst/CLKOUT0
                         net (fo=1, routed)           0.544    -1.702    clk_wiz_inst/inst/clk_out1_clk_wiz_0
    BUFGCTRL_X0Y16       BUFG (Prop_bufg_I_O)         0.029    -1.673 r  clk_wiz_inst/inst/clkout1_buf/O
                         net (fo=870, routed)         0.862    -0.811    toppyty/Data_Mem/RAM_reg_0_63_6_6/WCLK
    SLICE_X2Y73          RAMS64E                                      r  toppyty/Data_Mem/RAM_reg_0_63_6_6/SP/CLK
                         clock pessimism              0.252    -0.559    
    SLICE_X2Y73          RAMS64E (Hold_rams64e_CLK_I)
                                                      0.144    -0.415    toppyty/Data_Mem/RAM_reg_0_63_6_6/SP
  -------------------------------------------------------------------
                         required time                          0.415    
                         arrival time                          -0.287    
  -------------------------------------------------------------------
                         slack                                  0.128    

Slack (MET) :             0.152ns  (arrival time - required time)
  Source:                 toppyty/Core_Unit/DatapathCore/ff_Decode/ff_PCPlus4F/ff_RE_interior/qout_reg[28]/C
                            (rising edge-triggered cell FDRE clocked by clk_out1_clk_wiz_0  {rise@0.000ns fall@6.757ns period=13.514ns})
  Destination:            toppyty/Core_Unit/DatapathCore/ff_Execute/ff_PCPlus4E/qout_reg[28]/D
                            (rising edge-triggered cell FDRE clocked by clk_out1_clk_wiz_0  {rise@0.000ns fall@6.757ns period=13.514ns})
  Path Group:             clk_out1_clk_wiz_0
  Path Type:              Hold (Min at Fast Process Corner)
  Requirement:            0.000ns  (clk_out1_clk_wiz_0 rise@0.000ns - clk_out1_clk_wiz_0 rise@0.000ns)
  Data Path Delay:        0.244ns  (logic 0.141ns (57.770%)  route 0.103ns (42.230%))
  Logic Levels:           0  
  Clock Path Skew:        0.014ns (DCD - SCD - CPR)
    Destination Clock Delay (DCD):    -0.805ns
    Source Clock Delay      (SCD):    -0.565ns
    Clock Pessimism Removal (CPR):    -0.254ns

    Location             Delay type                Incr(ns)  Path(ns)    Netlist Resource(s)
  -------------------------------------------------------------------    -------------------
                         (clock clk_out1_clk_wiz_0 rise edge)
                                                      0.000     0.000 r  
    E3                                                0.000     0.000 r  clk_100MHz (IN)
                         net (fo=0)                   0.000     0.000    clk_wiz_inst/inst/clk_in1
    E3                   IBUF (Prop_ibuf_I_O)         0.250     0.250 r  clk_wiz_inst/inst/clkin1_ibufg/O
                         net (fo=1, routed)           0.440     0.690    clk_wiz_inst/inst/clk_in1_clk_wiz_0
    MMCME2_ADV_X1Y2      MMCME2_ADV (Prop_mmcme2_adv_CLKIN1_CLKOUT0)
                                                     -2.379    -1.689 r  clk_wiz_inst/inst/mmcm_adv_inst/CLKOUT0
                         net (fo=1, routed)           0.499    -1.190    clk_wiz_inst/inst/clk_out1_clk_wiz_0
    BUFGCTRL_X0Y16       BUFG (Prop_bufg_I_O)         0.026    -1.164 r  clk_wiz_inst/inst/clkout1_buf/O
                         net (fo=870, routed)         0.599    -0.565    toppyty/Core_Unit/DatapathCore/ff_Decode/ff_PCPlus4F/ff_RE_interior/clk_out1
    SLICE_X4Y85          FDRE                                         r  toppyty/Core_Unit/DatapathCore/ff_Decode/ff_PCPlus4F/ff_RE_interior/qout_reg[28]/C
  -------------------------------------------------------------------    -------------------
    SLICE_X4Y85          FDRE (Prop_fdre_C_Q)         0.141    -0.424 r  toppyty/Core_Unit/DatapathCore/ff_Decode/ff_PCPlus4F/ff_RE_interior/qout_reg[28]/Q
                         net (fo=1, routed)           0.103    -0.321    toppyty/Core_Unit/DatapathCore/ff_Execute/ff_PCPlus4E/qout_reg[31]_1[27]
    SLICE_X7Y84          FDRE                                         r  toppyty/Core_Unit/DatapathCore/ff_Execute/ff_PCPlus4E/qout_reg[28]/D
  -------------------------------------------------------------------    -------------------

                         (clock clk_out1_clk_wiz_0 rise edge)
                                                      0.000     0.000 r  
    E3                                                0.000     0.000 r  clk_100MHz (IN)
                         net (fo=0)                   0.000     0.000    clk_wiz_inst/inst/clk_in1
    E3                   IBUF (Prop_ibuf_I_O)         0.438     0.438 r  clk_wiz_inst/inst/clkin1_ibufg/O
                         net (fo=1, routed)           0.480     0.918    clk_wiz_inst/inst/clk_in1_clk_wiz_0
    MMCME2_ADV_X1Y2      MMCME2_ADV (Prop_mmcme2_adv_CLKIN1_CLKOUT0)
                                                     -3.163    -2.245 r  clk_wiz_inst/inst/mmcm_adv_inst/CLKOUT0
                         net (fo=1, routed)           0.544    -1.702    clk_wiz_inst/inst/clk_out1_clk_wiz_0
    BUFGCTRL_X0Y16       BUFG (Prop_bufg_I_O)         0.029    -1.673 r  clk_wiz_inst/inst/clkout1_buf/O
                         net (fo=870, routed)         0.868    -0.805    toppyty/Core_Unit/DatapathCore/ff_Execute/ff_PCPlus4E/clk_out1
    SLICE_X7Y84          FDRE                                         r  toppyty/Core_Unit/DatapathCore/ff_Execute/ff_PCPlus4E/qout_reg[28]/C
                         clock pessimism              0.254    -0.551    
    SLICE_X7Y84          FDRE (Hold_fdre_C_D)         0.078    -0.473    toppyty/Core_Unit/DatapathCore/ff_Execute/ff_PCPlus4E/qout_reg[28]
  -------------------------------------------------------------------
                         required time                          0.473    
                         arrival time                          -0.321    
  -------------------------------------------------------------------
                         slack                                  0.152    

Slack (MET) :             0.152ns  (arrival time - required time)
  Source:                 toppyty/Core_Unit/DatapathCore/ff_Memory/ff_WriteDataM/qout_reg[15]/C
                            (rising edge-triggered cell FDRE clocked by clk_out1_clk_wiz_0  {rise@0.000ns fall@6.757ns period=13.514ns})
  Destination:            toppyty/Data_Mem/RAM_reg_0_63_15_15/SP/I
                            (rising edge-triggered cell RAMS64E clocked by clk_out1_clk_wiz_0  {rise@0.000ns fall@6.757ns period=13.514ns})
  Path Group:             clk_out1_clk_wiz_0
  Path Type:              Hold (Min at Fast Process Corner)
  Requirement:            0.000ns  (clk_out1_clk_wiz_0 rise@0.000ns - clk_out1_clk_wiz_0 rise@0.000ns)
  Data Path Delay:        0.336ns  (logic 0.164ns (48.789%)  route 0.172ns (51.211%))
  Logic Levels:           0  
  Clock Path Skew:        0.038ns (DCD - SCD - CPR)
    Destination Clock Delay (DCD):    -0.811ns
    Source Clock Delay      (SCD):    -0.574ns
    Clock Pessimism Removal (CPR):    -0.275ns

    Location             Delay type                Incr(ns)  Path(ns)    Netlist Resource(s)
  -------------------------------------------------------------------    -------------------
                         (clock clk_out1_clk_wiz_0 rise edge)
                                                      0.000     0.000 r  
    E3                                                0.000     0.000 r  clk_100MHz (IN)
                         net (fo=0)                   0.000     0.000    clk_wiz_inst/inst/clk_in1
    E3                   IBUF (Prop_ibuf_I_O)         0.250     0.250 r  clk_wiz_inst/inst/clkin1_ibufg/O
                         net (fo=1, routed)           0.440     0.690    clk_wiz_inst/inst/clk_in1_clk_wiz_0
    MMCME2_ADV_X1Y2      MMCME2_ADV (Prop_mmcme2_adv_CLKIN1_CLKOUT0)
                                                     -2.379    -1.689 r  clk_wiz_inst/inst/mmcm_adv_inst/CLKOUT0
                         net (fo=1, routed)           0.499    -1.190    clk_wiz_inst/inst/clk_out1_clk_wiz_0
    BUFGCTRL_X0Y16       BUFG (Prop_bufg_I_O)         0.026    -1.164 r  clk_wiz_inst/inst/clkout1_buf/O
                         net (fo=870, routed)         0.590    -0.574    toppyty/Core_Unit/DatapathCore/ff_Memory/ff_WriteDataM/clk_out1
    SLICE_X6Y75          FDRE                                         r  toppyty/Core_Unit/DatapathCore/ff_Memory/ff_WriteDataM/qout_reg[15]/C
  -------------------------------------------------------------------    -------------------
    SLICE_X6Y75          FDRE (Prop_fdre_C_Q)         0.164    -0.410 r  toppyty/Core_Unit/DatapathCore/ff_Memory/ff_WriteDataM/qout_reg[15]/Q
                         net (fo=1, routed)           0.172    -0.238    toppyty/Data_Mem/RAM_reg_0_63_15_15/D
    SLICE_X2Y76          RAMS64E                                      r  toppyty/Data_Mem/RAM_reg_0_63_15_15/SP/I
  -------------------------------------------------------------------    -------------------

                         (clock clk_out1_clk_wiz_0 rise edge)
                                                      0.000     0.000 r  
    E3                                                0.000     0.000 r  clk_100MHz (IN)
                         net (fo=0)                   0.000     0.000    clk_wiz_inst/inst/clk_in1
    E3                   IBUF (Prop_ibuf_I_O)         0.438     0.438 r  clk_wiz_inst/inst/clkin1_ibufg/O
                         net (fo=1, routed)           0.480     0.918    clk_wiz_inst/inst/clk_in1_clk_wiz_0
    MMCME2_ADV_X1Y2      MMCME2_ADV (Prop_mmcme2_adv_CLKIN1_CLKOUT0)
                                                     -3.163    -2.245 r  clk_wiz_inst/inst/mmcm_adv_inst/CLKOUT0
                         net (fo=1, routed)           0.544    -1.702    clk_wiz_inst/inst/clk_out1_clk_wiz_0
    BUFGCTRL_X0Y16       BUFG (Prop_bufg_I_O)         0.029    -1.673 r  clk_wiz_inst/inst/clkout1_buf/O
                         net (fo=870, routed)         0.862    -0.811    toppyty/Data_Mem/RAM_reg_0_63_15_15/WCLK
    SLICE_X2Y76          RAMS64E                                      r  toppyty/Data_Mem/RAM_reg_0_63_15_15/SP/CLK
                         clock pessimism              0.275    -0.536    
    SLICE_X2Y76          RAMS64E (Hold_rams64e_CLK_I)
                                                      0.146    -0.390    toppyty/Data_Mem/RAM_reg_0_63_15_15/SP
  -------------------------------------------------------------------
                         required time                          0.390    
                         arrival time                          -0.238    
  -------------------------------------------------------------------
                         slack                                  0.152    





Pulse Width Checks
--------------------------------------------------------------------------------------
Clock Name:         clk_out1_clk_wiz_0
Waveform(ns):       { 0.000 6.757 }
Period(ns):         13.514
Sources:            { clk_wiz_inst/inst/mmcm_adv_inst/CLKOUT0 }

Check Type        Corner  Lib Pin             Reference Pin  Required(ns)  Actual(ns)  Slack(ns)  Location         Pin
Min Period        n/a     BUFG/I              n/a            2.155         13.514      11.358     BUFGCTRL_X0Y16   clk_wiz_inst/inst/clkout1_buf/I
Min Period        n/a     MMCME2_ADV/CLKOUT0  n/a            1.249         13.514      12.265     MMCME2_ADV_X1Y2  clk_wiz_inst/inst/mmcm_adv_inst/CLKOUT0
Min Period        n/a     FDRE/C              n/a            1.000         13.514      12.514     SLICE_X2Y60      clk_sevenseg/clk_int_reg/C
Min Period        n/a     FDRE/C              n/a            1.000         13.514      12.514     SLICE_X3Y57      clk_sevenseg/counter_reg[0]/C
Min Period        n/a     FDRE/C              n/a            1.000         13.514      12.514     SLICE_X3Y59      clk_sevenseg/counter_reg[10]/C
Min Period        n/a     FDRE/C              n/a            1.000         13.514      12.514     SLICE_X3Y59      clk_sevenseg/counter_reg[11]/C
Min Period        n/a     FDRE/C              n/a            1.000         13.514      12.514     SLICE_X3Y60      clk_sevenseg/counter_reg[12]/C
Min Period        n/a     FDRE/C              n/a            1.000         13.514      12.514     SLICE_X3Y60      clk_sevenseg/counter_reg[13]/C
Min Period        n/a     FDRE/C              n/a            1.000         13.514      12.514     SLICE_X3Y60      clk_sevenseg/counter_reg[14]/C
Min Period        n/a     FDRE/C              n/a            1.000         13.514      12.514     SLICE_X3Y60      clk_sevenseg/counter_reg[15]/C
Max Period        n/a     MMCME2_ADV/CLKOUT0  n/a            213.360       13.514      199.846    MMCME2_ADV_X1Y2  clk_wiz_inst/inst/mmcm_adv_inst/CLKOUT0
Low Pulse Width   Slow    RAMD64E/CLK         n/a            1.250         6.757       5.507      SLICE_X2Y64      cpci/Memmy/Reg_File_Block_reg_0_63_0_2/RAMA/CLK
Low Pulse Width   Fast    RAMD64E/CLK         n/a            1.250         6.757       5.507      SLICE_X2Y64      cpci/Memmy/Reg_File_Block_reg_0_63_0_2/RAMA/CLK
Low Pulse Width   Slow    RAMD64E/CLK         n/a            1.250         6.757       5.507      SLICE_X2Y64      cpci/Memmy/Reg_File_Block_reg_0_63_0_2/RAMB/CLK
Low Pulse Width   Fast    RAMD64E/CLK         n/a            1.250         6.757       5.507      SLICE_X2Y64      cpci/Memmy/Reg_File_Block_reg_0_63_0_2/RAMB/CLK
Low Pulse Width   Slow    RAMD64E/CLK         n/a            1.250         6.757       5.507      SLICE_X2Y64      cpci/Memmy/Reg_File_Block_reg_0_63_0_2/RAMC/CLK
Low Pulse Width   Fast    RAMD64E/CLK         n/a            1.250         6.757       5.507      SLICE_X2Y64      cpci/Memmy/Reg_File_Block_reg_0_63_0_2/RAMC/CLK
Low Pulse Width   Slow    RAMD64E/CLK         n/a            1.250         6.757       5.507      SLICE_X2Y64      cpci/Memmy/Reg_File_Block_reg_0_63_0_2/RAMD/CLK
Low Pulse Width   Fast    RAMD64E/CLK         n/a            1.250         6.757       5.507      SLICE_X2Y64      cpci/Memmy/Reg_File_Block_reg_0_63_0_2/RAMD/CLK
Low Pulse Width   Slow    RAMD64E/CLK         n/a            1.250         6.757       5.507      SLICE_X6Y68      cpci/Memmy/Reg_File_Block_reg_0_63_12_14/RAMA/CLK
Low Pulse Width   Fast    RAMD64E/CLK         n/a            1.250         6.757       5.507      SLICE_X6Y68      cpci/Memmy/Reg_File_Block_reg_0_63_12_14/RAMA/CLK
High Pulse Width  Slow    RAMD64E/CLK         n/a            1.250         6.757       5.507      SLICE_X2Y64      cpci/Memmy/Reg_File_Block_reg_0_63_0_2/RAMA/CLK
High Pulse Width  Fast    RAMD64E/CLK         n/a            1.250         6.757       5.507      SLICE_X2Y64      cpci/Memmy/Reg_File_Block_reg_0_63_0_2/RAMA/CLK
High Pulse Width  Slow    RAMD64E/CLK         n/a            1.250         6.757       5.507      SLICE_X2Y64      cpci/Memmy/Reg_File_Block_reg_0_63_0_2/RAMB/CLK
High Pulse Width  Fast    RAMD64E/CLK         n/a            1.250         6.757       5.507      SLICE_X2Y64      cpci/Memmy/Reg_File_Block_reg_0_63_0_2/RAMB/CLK
High Pulse Width  Slow    RAMD64E/CLK         n/a            1.250         6.757       5.507      SLICE_X2Y64      cpci/Memmy/Reg_File_Block_reg_0_63_0_2/RAMC/CLK
High Pulse Width  Fast    RAMD64E/CLK         n/a            1.250         6.757       5.507      SLICE_X2Y64      cpci/Memmy/Reg_File_Block_reg_0_63_0_2/RAMC/CLK
High Pulse Width  Slow    RAMD64E/CLK         n/a            1.250         6.757       5.507      SLICE_X2Y64      cpci/Memmy/Reg_File_Block_reg_0_63_0_2/RAMD/CLK
High Pulse Width  Fast    RAMD64E/CLK         n/a            1.250         6.757       5.507      SLICE_X2Y64      cpci/Memmy/Reg_File_Block_reg_0_63_0_2/RAMD/CLK
High Pulse Width  Slow    RAMD64E/CLK         n/a            1.250         6.757       5.507      SLICE_X6Y68      cpci/Memmy/Reg_File_Block_reg_0_63_12_14/RAMA/CLK
High Pulse Width  Fast    RAMD64E/CLK         n/a            1.250         6.757       5.507      SLICE_X6Y68      cpci/Memmy/Reg_File_Block_reg_0_63_12_14/RAMA/CLK



---------------------------------------------------------------------------------------------------
From Clock:  clkfbout_clk_wiz_0
  To Clock:  clkfbout_clk_wiz_0

Setup :           NA  Failing Endpoints,  Worst Slack           NA  ,  Total Violation           NA
Hold  :           NA  Failing Endpoints,  Worst Slack           NA  ,  Total Violation           NA
PW    :            0  Failing Endpoints,  Worst Slack       47.845ns,  Total Violation        0.000ns
---------------------------------------------------------------------------------------------------


Pulse Width Checks
--------------------------------------------------------------------------------------
Clock Name:         clkfbout_clk_wiz_0
Waveform(ns):       { 0.000 25.000 }
Period(ns):         50.000
Sources:            { clk_wiz_inst/inst/mmcm_adv_inst/CLKFBOUT }

Check Type  Corner  Lib Pin              Reference Pin  Required(ns)  Actual(ns)  Slack(ns)  Location         Pin
Min Period  n/a     BUFG/I               n/a            2.155         50.000      47.845     BUFGCTRL_X0Y17   clk_wiz_inst/inst/clkf_buf/I
Min Period  n/a     MMCME2_ADV/CLKFBOUT  n/a            1.249         50.000      48.751     MMCME2_ADV_X1Y2  clk_wiz_inst/inst/mmcm_adv_inst/CLKFBOUT
Min Period  n/a     MMCME2_ADV/CLKFBIN   n/a            1.249         50.000      48.751     MMCME2_ADV_X1Y2  clk_wiz_inst/inst/mmcm_adv_inst/CLKFBIN
Max Period  n/a     MMCME2_ADV/CLKFBIN   n/a            100.000       50.000      50.000     MMCME2_ADV_X1Y2  clk_wiz_inst/inst/mmcm_adv_inst/CLKFBIN
Max Period  n/a     MMCME2_ADV/CLKFBOUT  n/a            213.360       50.000      163.360    MMCME2_ADV_X1Y2  clk_wiz_inst/inst/mmcm_adv_inst/CLKFBOUT



--------------------------------------------------------------------------------------
Path Group:  (none)
From Clock:  
  To Clock:  

Max Delay            18 Endpoints
Min Delay            18 Endpoints
--------------------------------------------------------------------------------------


Max Delay Paths
--------------------------------------------------------------------------------------
Slack:                    inf
  Source:                 swt_mode
                            (input port)
  Destination:            Seg7_fpga[3]
                            (output port)
  Path Group:             (none)
  Path Type:              Max at Slow Process Corner
  Data Path Delay:        14.220ns  (logic 6.024ns (42.363%)  route 8.196ns (57.637%))
  Logic Levels:           6  (IBUF=1 LUT4=1 LUT6=2 MUXF7=1 OBUF=1)

    Location             Delay type                Incr(ns)  Path(ns)    Netlist Resource(s)
  -------------------------------------------------------------------    -------------------
    L16                                               0.000     0.000 r  swt_mode (IN)
                         net (fo=0)                   0.000     0.000    swt_mode
    L16                  IBUF (Prop_ibuf_I_O)         1.480     1.480 r  swt_mode_IBUF_inst/O
                         net (fo=32, routed)          2.925     4.404    cpci/countty_inst/swt_mode_IBUF
    SLICE_X5Y72          LUT6 (Prop_lut6_I3_O)        0.124     4.528 r  cpci/countty_inst/Seg7_fpga_OBUF[6]_inst_i_47/O
                         net (fo=1, routed)           0.000     4.528    cpci/countty_inst/p_0_in[2]
    SLICE_X5Y72          MUXF7 (Prop_muxf7_I1_O)      0.217     4.745 r  cpci/countty_inst/Seg7_fpga_OBUF[6]_inst_i_18/O
                         net (fo=1, routed)           1.017     5.763    cpci/countty_inst/Seg7_fpga_OBUF[6]_inst_i_18_n_0
    SLICE_X2Y67          LUT6 (Prop_lut6_I0_O)        0.299     6.062 r  cpci/countty_inst/Seg7_fpga_OBUF[6]_inst_i_5/O
                         net (fo=7, routed)           0.942     7.004    cpci/countty_inst/sel0[2]
    SLICE_X0Y67          LUT4 (Prop_lut4_I1_O)        0.152     7.156 r  cpci/countty_inst/Seg7_fpga_OBUF[3]_inst_i_1/O
                         net (fo=1, routed)           3.312    10.467    Seg7_fpga_OBUF[3]
    K13                  OBUF (Prop_obuf_I_O)         3.752    14.220 r  Seg7_fpga_OBUF[3]_inst/O
                         net (fo=0)                   0.000    14.220    Seg7_fpga[3]
    K13                                                               r  Seg7_fpga[3] (OUT)
  -------------------------------------------------------------------    -------------------

Slack:                    inf
  Source:                 swt_mode
                            (input port)
  Destination:            Seg7_fpga[4]
                            (output port)
  Path Group:             (none)
  Path Type:              Max at Slow Process Corner
  Data Path Delay:        13.580ns  (logic 5.760ns (42.413%)  route 7.820ns (57.587%))
  Logic Levels:           6  (IBUF=1 LUT4=1 LUT6=2 MUXF7=1 OBUF=1)

    Location             Delay type                Incr(ns)  Path(ns)    Netlist Resource(s)
  -------------------------------------------------------------------    -------------------
    L16                                               0.000     0.000 r  swt_mode (IN)
                         net (fo=0)                   0.000     0.000    swt_mode
    L16                  IBUF (Prop_ibuf_I_O)         1.480     1.480 r  swt_mode_IBUF_inst/O
                         net (fo=32, routed)          3.058     4.538    cpci/countty_inst/swt_mode_IBUF
    SLICE_X6Y65          LUT6 (Prop_lut6_I3_O)        0.124     4.662 r  cpci/countty_inst/Seg7_fpga_OBUF[6]_inst_i_44/O
                         net (fo=1, routed)           0.000     4.662    cpci/countty_inst/Seg7_fpga_OBUF[6]_inst_i_44_n_0
    SLICE_X6Y65          MUXF7 (Prop_muxf7_I0_O)      0.241     4.903 r  cpci/countty_inst/Seg7_fpga_OBUF[6]_inst_i_17/O
                         net (fo=1, routed)           0.728     5.631    cpci/countty_inst/Seg7_fpga_OBUF[6]_inst_i_17_n_0
    SLICE_X2Y67          LUT6 (Prop_lut6_I5_O)        0.298     5.929 r  cpci/countty_inst/Seg7_fpga_OBUF[6]_inst_i_4/O
                         net (fo=7, routed)           1.160     7.089    cpci/countty_inst/sel0[3]
    SLICE_X0Y66          LUT4 (Prop_lut4_I2_O)        0.124     7.213 r  cpci/countty_inst/Seg7_fpga_OBUF[4]_inst_i_1/O
                         net (fo=1, routed)           2.874    10.087    Seg7_fpga_OBUF[4]
    K16                  OBUF (Prop_obuf_I_O)         3.493    13.580 r  Seg7_fpga_OBUF[4]_inst/O
                         net (fo=0)                   0.000    13.580    Seg7_fpga[4]
    K16                                                               r  Seg7_fpga[4] (OUT)
  -------------------------------------------------------------------    -------------------

Slack:                    inf
  Source:                 swt_mode
                            (input port)
  Destination:            Seg7_fpga[0]
                            (output port)
  Path Group:             (none)
  Path Type:              Max at Slow Process Corner
  Data Path Delay:        13.357ns  (logic 5.804ns (43.451%)  route 7.554ns (56.549%))
  Logic Levels:           6  (IBUF=1 LUT4=1 LUT6=2 MUXF7=1 OBUF=1)

    Location             Delay type                Incr(ns)  Path(ns)    Netlist Resource(s)
  -------------------------------------------------------------------    -------------------
    L16                                               0.000     0.000 r  swt_mode (IN)
                         net (fo=0)                   0.000     0.000    swt_mode
    L16                  IBUF (Prop_ibuf_I_O)         1.480     1.480 r  swt_mode_IBUF_inst/O
                         net (fo=32, routed)          3.058     4.538    cpci/countty_inst/swt_mode_IBUF
    SLICE_X6Y65          LUT6 (Prop_lut6_I3_O)        0.124     4.662 r  cpci/countty_inst/Seg7_fpga_OBUF[6]_inst_i_44/O
                         net (fo=1, routed)           0.000     4.662    cpci/countty_inst/Seg7_fpga_OBUF[6]_inst_i_44_n_0
    SLICE_X6Y65          MUXF7 (Prop_muxf7_I0_O)      0.241     4.903 r  cpci/countty_inst/Seg7_fpga_OBUF[6]_inst_i_17/O
                         net (fo=1, routed)           0.728     5.631    cpci/countty_inst/Seg7_fpga_OBUF[6]_inst_i_17_n_0
    SLICE_X2Y67          LUT6 (Prop_lut6_I5_O)        0.298     5.929 r  cpci/countty_inst/Seg7_fpga_OBUF[6]_inst_i_4/O
                         net (fo=7, routed)           1.158     7.086    cpci/countty_inst/sel0[3]
    SLICE_X0Y66          LUT4 (Prop_lut4_I0_O)        0.124     7.210 r  cpci/countty_inst/Seg7_fpga_OBUF[0]_inst_i_1/O
                         net (fo=1, routed)           2.610     9.820    Seg7_fpga_OBUF[0]
    L18                  OBUF (Prop_obuf_I_O)         3.537    13.357 r  Seg7_fpga_OBUF[0]_inst/O
                         net (fo=0)                   0.000    13.357    Seg7_fpga[0]
    L18                                                               r  Seg7_fpga[0] (OUT)
  -------------------------------------------------------------------    -------------------

Slack:                    inf
  Source:                 swt_mode
                            (input port)
  Destination:            Seg7_fpga[6]
                            (output port)
  Path Group:             (none)
  Path Type:              Max at Slow Process Corner
  Data Path Delay:        13.309ns  (logic 6.080ns (45.681%)  route 7.229ns (54.319%))
  Logic Levels:           6  (IBUF=1 LUT4=1 LUT6=2 MUXF7=1 OBUF=1)

    Location             Delay type                Incr(ns)  Path(ns)    Netlist Resource(s)
  -------------------------------------------------------------------    -------------------
    L16                                               0.000     0.000 r  swt_mode (IN)
                         net (fo=0)                   0.000     0.000    swt_mode
    L16                  IBUF (Prop_ibuf_I_O)         1.480     1.480 r  swt_mode_IBUF_inst/O
                         net (fo=32, routed)          3.058     4.538    cpci/countty_inst/swt_mode_IBUF
    SLICE_X6Y65          LUT6 (Prop_lut6_I3_O)        0.124     4.662 r  cpci/countty_inst/Seg7_fpga_OBUF[6]_inst_i_44/O
                         net (fo=1, routed)           0.000     4.662    cpci/countty_inst/Seg7_fpga_OBUF[6]_inst_i_44_n_0
    SLICE_X6Y65          MUXF7 (Prop_muxf7_I0_O)      0.241     4.903 r  cpci/countty_inst/Seg7_fpga_OBUF[6]_inst_i_17/O
                         net (fo=1, routed)           0.728     5.631    cpci/countty_inst/Seg7_fpga_OBUF[6]_inst_i_17_n_0
    SLICE_X2Y67          LUT6 (Prop_lut6_I5_O)        0.298     5.929 r  cpci/countty_inst/Seg7_fpga_OBUF[6]_inst_i_4/O
                         net (fo=7, routed)           1.160     7.089    cpci/countty_inst/sel0[3]
    SLICE_X0Y66          LUT4 (Prop_lut4_I2_O)        0.152     7.241 r  cpci/countty_inst/Seg7_fpga_OBUF[6]_inst_i_1/O
                         net (fo=1, routed)           2.283     9.524    Seg7_fpga_OBUF[6]
    T10                  OBUF (Prop_obuf_I_O)         3.785    13.309 r  Seg7_fpga_OBUF[6]_inst/O
                         net (fo=0)                   0.000    13.309    Seg7_fpga[6]
    T10                                                               r  Seg7_fpga[6] (OUT)
  -------------------------------------------------------------------    -------------------

Slack:                    inf
  Source:                 swt_mode
                            (input port)
  Destination:            Seg7_fpga[5]
                            (output port)
  Path Group:             (none)
  Path Type:              Max at Slow Process Corner
  Data Path Delay:        13.124ns  (logic 6.052ns (46.114%)  route 7.072ns (53.886%))
  Logic Levels:           6  (IBUF=1 LUT4=1 LUT6=2 MUXF7=1 OBUF=1)

    Location             Delay type                Incr(ns)  Path(ns)    Netlist Resource(s)
  -------------------------------------------------------------------    -------------------
    L16                                               0.000     0.000 r  swt_mode (IN)
                         net (fo=0)                   0.000     0.000    swt_mode
    L16                  IBUF (Prop_ibuf_I_O)         1.480     1.480 r  swt_mode_IBUF_inst/O
                         net (fo=32, routed)          3.058     4.538    cpci/countty_inst/swt_mode_IBUF
    SLICE_X6Y65          LUT6 (Prop_lut6_I3_O)        0.124     4.662 r  cpci/countty_inst/Seg7_fpga_OBUF[6]_inst_i_44/O
                         net (fo=1, routed)           0.000     4.662    cpci/countty_inst/Seg7_fpga_OBUF[6]_inst_i_44_n_0
    SLICE_X6Y65          MUXF7 (Prop_muxf7_I0_O)      0.241     4.903 r  cpci/countty_inst/Seg7_fpga_OBUF[6]_inst_i_17/O
                         net (fo=1, routed)           0.728     5.631    cpci/countty_inst/Seg7_fpga_OBUF[6]_inst_i_17_n_0
    SLICE_X2Y67          LUT6 (Prop_lut6_I5_O)        0.298     5.929 r  cpci/countty_inst/Seg7_fpga_OBUF[6]_inst_i_4/O
                         net (fo=7, routed)           1.158     7.086    cpci/countty_inst/sel0[3]
    SLICE_X0Y66          LUT4 (Prop_lut4_I0_O)        0.152     7.238 r  cpci/countty_inst/Seg7_fpga_OBUF[5]_inst_i_1/O
                         net (fo=1, routed)           2.128     9.367    Seg7_fpga_OBUF[5]
    R10                  OBUF (Prop_obuf_I_O)         3.757    13.124 r  Seg7_fpga_OBUF[5]_inst/O
                         net (fo=0)                   0.000    13.124    Seg7_fpga[5]
    R10                                                               r  Seg7_fpga[5] (OUT)
  -------------------------------------------------------------------    -------------------

Slack:                    inf
  Source:                 swt_mode
                            (input port)
  Destination:            Seg7_fpga[1]
                            (output port)
  Path Group:             (none)
  Path Type:              Max at Slow Process Corner
  Data Path Delay:        12.553ns  (logic 5.799ns (46.199%)  route 6.754ns (53.801%))
  Logic Levels:           6  (IBUF=1 LUT4=1 LUT6=2 MUXF7=1 OBUF=1)

    Location             Delay type                Incr(ns)  Path(ns)    Netlist Resource(s)
  -------------------------------------------------------------------    -------------------
    L16                                               0.000     0.000 r  swt_mode (IN)
                         net (fo=0)                   0.000     0.000    swt_mode
    L16                  IBUF (Prop_ibuf_I_O)         1.480     1.480 r  swt_mode_IBUF_inst/O
                         net (fo=32, routed)          2.850     4.329    cpci/countty_inst/swt_mode_IBUF
    SLICE_X4Y73          LUT6 (Prop_lut6_I3_O)        0.124     4.453 r  cpci/countty_inst/Seg7_fpga_OBUF[6]_inst_i_32/O
                         net (fo=1, routed)           0.000     4.453    cpci/countty_inst/p_3_in[1]
    SLICE_X4Y73          MUXF7 (Prop_muxf7_I0_O)      0.212     4.665 r  cpci/countty_inst/Seg7_fpga_OBUF[6]_inst_i_11/O
                         net (fo=1, routed)           1.138     5.803    cpci/countty_inst/Seg7_fpga_OBUF[6]_inst_i_11_n_0
    SLICE_X1Y67          LUT6 (Prop_lut6_I1_O)        0.299     6.102 r  cpci/countty_inst/Seg7_fpga_OBUF[6]_inst_i_3/O
                         net (fo=7, routed)           1.052     7.154    cpci/countty_inst/sel0[1]
    SLICE_X0Y66          LUT4 (Prop_lut4_I1_O)        0.124     7.278 r  cpci/countty_inst/Seg7_fpga_OBUF[1]_inst_i_1/O
                         net (fo=1, routed)           1.714     8.992    Seg7_fpga_OBUF[1]
    T11                  OBUF (Prop_obuf_I_O)         3.561    12.553 r  Seg7_fpga_OBUF[1]_inst/O
                         net (fo=0)                   0.000    12.553    Seg7_fpga[1]
    T11                                                               r  Seg7_fpga[1] (OUT)
  -------------------------------------------------------------------    -------------------

Slack:                    inf
  Source:                 swt_mode
                            (input port)
  Destination:            Seg7_fpga[2]
                            (output port)
  Path Group:             (none)
  Path Type:              Max at Slow Process Corner
  Data Path Delay:        12.524ns  (logic 5.777ns (46.127%)  route 6.747ns (53.873%))
  Logic Levels:           6  (IBUF=1 LUT4=1 LUT6=2 MUXF7=1 OBUF=1)

    Location             Delay type                Incr(ns)  Path(ns)    Netlist Resource(s)
  -------------------------------------------------------------------    -------------------
    L16                                               0.000     0.000 r  swt_mode (IN)
                         net (fo=0)                   0.000     0.000    swt_mode
    L16                  IBUF (Prop_ibuf_I_O)         1.480     1.480 r  swt_mode_IBUF_inst/O
                         net (fo=32, routed)          2.925     4.404    cpci/countty_inst/swt_mode_IBUF
    SLICE_X5Y72          LUT6 (Prop_lut6_I3_O)        0.124     4.528 r  cpci/countty_inst/Seg7_fpga_OBUF[6]_inst_i_47/O
                         net (fo=1, routed)           0.000     4.528    cpci/countty_inst/p_0_in[2]
    SLICE_X5Y72          MUXF7 (Prop_muxf7_I1_O)      0.217     4.745 r  cpci/countty_inst/Seg7_fpga_OBUF[6]_inst_i_18/O
                         net (fo=1, routed)           1.017     5.763    cpci/countty_inst/Seg7_fpga_OBUF[6]_inst_i_18_n_0
    SLICE_X2Y67          LUT6 (Prop_lut6_I0_O)        0.299     6.062 r  cpci/countty_inst/Seg7_fpga_OBUF[6]_inst_i_5/O
                         net (fo=7, routed)           0.942     7.004    cpci/countty_inst/sel0[2]
    SLICE_X0Y67          LUT4 (Prop_lut4_I2_O)        0.124     7.128 r  cpci/countty_inst/Seg7_fpga_OBUF[2]_inst_i_1/O
                         net (fo=1, routed)           1.863     8.991    Seg7_fpga_OBUF[2]
    P15                  OBUF (Prop_obuf_I_O)         3.534    12.524 r  Seg7_fpga_OBUF[2]_inst/O
                         net (fo=0)                   0.000    12.524    Seg7_fpga[2]
    P15                                                               r  Seg7_fpga[2] (OUT)
  -------------------------------------------------------------------    -------------------

Slack:                    inf
  Source:                 seven_deccy/Posicion_reg[1]/C
                            (rising edge-triggered cell FDRE)
  Destination:            AnodosSeg_fpga[6]
                            (output port)
  Path Group:             (none)
  Path Type:              Max at Slow Process Corner
  Data Path Delay:        10.077ns  (logic 4.334ns (43.005%)  route 5.743ns (56.995%))
  Logic Levels:           3  (FDRE=1 LUT3=1 OBUF=1)

    Location             Delay type                Incr(ns)  Path(ns)    Netlist Resource(s)
  -------------------------------------------------------------------    -------------------
    SLICE_X3Y65          FDRE                         0.000     0.000 r  seven_deccy/Posicion_reg[1]/C
    SLICE_X3Y65          FDRE (Prop_fdre_C_Q)         0.456     0.456 f  seven_deccy/Posicion_reg[1]/Q
                         net (fo=14, routed)          0.892     1.348    seven_deccy/Posicion[1]
    SLICE_X3Y65          LUT3 (Prop_lut3_I0_O)        0.152     1.500 r  seven_deccy/AnodosSeg_fpga_OBUF[6]_inst_i_1/O
                         net (fo=1, routed)           4.852     6.351    AnodosSeg_fpga_OBUF[6]
    K2                   OBUF (Prop_obuf_I_O)         3.726    10.077 r  AnodosSeg_fpga_OBUF[6]_inst/O
                         net (fo=0)                   0.000    10.077    AnodosSeg_fpga[6]
    K2                                                                r  AnodosSeg_fpga[6] (OUT)
  -------------------------------------------------------------------    -------------------

Slack:                    inf
  Source:                 seven_deccy/Posicion_reg[0]/C
                            (rising edge-triggered cell FDRE)
  Destination:            AnodosSeg_fpga[1]
                            (output port)
  Path Group:             (none)
  Path Type:              Max at Slow Process Corner
  Data Path Delay:        8.626ns  (logic 4.116ns (47.712%)  route 4.510ns (52.288%))
  Logic Levels:           3  (FDRE=1 LUT3=1 OBUF=1)

    Location             Delay type                Incr(ns)  Path(ns)    Netlist Resource(s)
  -------------------------------------------------------------------    -------------------
    SLICE_X3Y65          FDRE                         0.000     0.000 r  seven_deccy/Posicion_reg[0]/C
    SLICE_X3Y65          FDRE (Prop_fdre_C_Q)         0.456     0.456 f  seven_deccy/Posicion_reg[0]/Q
                         net (fo=27, routed)          1.636     2.092    seven_deccy/Posicion[0]
    SLICE_X0Y69          LUT3 (Prop_lut3_I1_O)        0.124     2.216 r  seven_deccy/AnodosSeg_fpga_OBUF[1]_inst_i_1/O
                         net (fo=1, routed)           2.874     5.090    AnodosSeg_fpga_OBUF[1]
    J18                  OBUF (Prop_obuf_I_O)         3.536     8.626 r  AnodosSeg_fpga_OBUF[1]_inst/O
                         net (fo=0)                   0.000     8.626    AnodosSeg_fpga[1]
    J18                                                               r  AnodosSeg_fpga[1] (OUT)
  -------------------------------------------------------------------    -------------------

Slack:                    inf
  Source:                 seven_deccy/Posicion_reg[0]/C
                            (rising edge-triggered cell FDRE)
  Destination:            AnodosSeg_fpga[0]
                            (output port)
  Path Group:             (none)
  Path Type:              Max at Slow Process Corner
  Data Path Delay:        8.419ns  (logic 4.116ns (48.884%)  route 4.303ns (51.116%))
  Logic Levels:           3  (FDRE=1 LUT3=1 OBUF=1)

    Location             Delay type                Incr(ns)  Path(ns)    Netlist Resource(s)
  -------------------------------------------------------------------    -------------------
    SLICE_X3Y65          FDRE                         0.000     0.000 r  seven_deccy/Posicion_reg[0]/C
    SLICE_X3Y65          FDRE (Prop_fdre_C_Q)         0.456     0.456 r  seven_deccy/Posicion_reg[0]/Q
                         net (fo=27, routed)          1.644     2.100    seven_deccy/Posicion[0]
    SLICE_X0Y69          LUT3 (Prop_lut3_I1_O)        0.124     2.224 r  seven_deccy/AnodosSeg_fpga_OBUF[0]_inst_i_1/O
                         net (fo=1, routed)           2.659     4.883    AnodosSeg_fpga_OBUF[0]
    J17                  OBUF (Prop_obuf_I_O)         3.536     8.419 r  AnodosSeg_fpga_OBUF[0]_inst/O
                         net (fo=0)                   0.000     8.419    AnodosSeg_fpga[0]
    J17                                                               r  AnodosSeg_fpga[0] (OUT)
  -------------------------------------------------------------------    -------------------





Min Delay Paths
--------------------------------------------------------------------------------------
Slack:                    inf
  Source:                 seven_deccy/Posicion_reg[0]/C
                            (rising edge-triggered cell FDRE)
  Destination:            seven_deccy/Posicion_reg[2]/D
  Path Group:             (none)
  Path Type:              Min at Fast Process Corner
  Data Path Delay:        0.390ns  (logic 0.183ns (46.962%)  route 0.207ns (53.038%))
  Logic Levels:           2  (FDRE=1 LUT3=1)

    Location             Delay type                Incr(ns)  Path(ns)    Netlist Resource(s)
  -------------------------------------------------------------------    -------------------
    SLICE_X3Y65          FDRE                         0.000     0.000 r  seven_deccy/Posicion_reg[0]/C
    SLICE_X3Y65          FDRE (Prop_fdre_C_Q)         0.141     0.141 r  seven_deccy/Posicion_reg[0]/Q
                         net (fo=27, routed)          0.207     0.348    seven_deccy/Posicion[0]
    SLICE_X3Y65          LUT3 (Prop_lut3_I0_O)        0.042     0.390 r  seven_deccy/Posicion[2]_i_1/O
                         net (fo=1, routed)           0.000     0.390    seven_deccy/Posicion[2]_i_1_n_0
    SLICE_X3Y65          FDRE                                         r  seven_deccy/Posicion_reg[2]/D
  -------------------------------------------------------------------    -------------------

Slack:                    inf
  Source:                 seven_deccy/Posicion_reg[0]/C
                            (rising edge-triggered cell FDRE)
  Destination:            seven_deccy/Posicion_reg[0]/D
  Path Group:             (none)
  Path Type:              Min at Fast Process Corner
  Data Path Delay:        0.392ns  (logic 0.186ns (47.488%)  route 0.206ns (52.512%))
  Logic Levels:           2  (FDRE=1 LUT1=1)

    Location             Delay type                Incr(ns)  Path(ns)    Netlist Resource(s)
  -------------------------------------------------------------------    -------------------
    SLICE_X3Y65          FDRE                         0.000     0.000 r  seven_deccy/Posicion_reg[0]/C
    SLICE_X3Y65          FDRE (Prop_fdre_C_Q)         0.141     0.141 f  seven_deccy/Posicion_reg[0]/Q
                         net (fo=27, routed)          0.206     0.347    seven_deccy/Posicion[0]
    SLICE_X3Y65          LUT1 (Prop_lut1_I0_O)        0.045     0.392 r  seven_deccy/Posicion[0]_i_1/O
                         net (fo=1, routed)           0.000     0.392    seven_deccy/Posicion[0]_i_1_n_0
    SLICE_X3Y65          FDRE                                         r  seven_deccy/Posicion_reg[0]/D
  -------------------------------------------------------------------    -------------------

Slack:                    inf
  Source:                 seven_deccy/Posicion_reg[0]/C
                            (rising edge-triggered cell FDRE)
  Destination:            seven_deccy/Posicion_reg[1]/D
  Path Group:             (none)
  Path Type:              Min at Fast Process Corner
  Data Path Delay:        0.393ns  (logic 0.186ns (47.367%)  route 0.207ns (52.633%))
  Logic Levels:           2  (FDRE=1 LUT2=1)

    Location             Delay type                Incr(ns)  Path(ns)    Netlist Resource(s)
  -------------------------------------------------------------------    -------------------
    SLICE_X3Y65          FDRE                         0.000     0.000 r  seven_deccy/Posicion_reg[0]/C
    SLICE_X3Y65          FDRE (Prop_fdre_C_Q)         0.141     0.141 r  seven_deccy/Posicion_reg[0]/Q
                         net (fo=27, routed)          0.207     0.348    seven_deccy/Posicion[0]
    SLICE_X3Y65          LUT2 (Prop_lut2_I0_O)        0.045     0.393 r  seven_deccy/Posicion[1]_i_1/O
                         net (fo=1, routed)           0.000     0.393    seven_deccy/Posicion[1]_i_1_n_0
    SLICE_X3Y65          FDRE                                         r  seven_deccy/Posicion_reg[1]/D
  -------------------------------------------------------------------    -------------------

Slack:                    inf
  Source:                 seven_deccy/Posicion_reg[2]/C
                            (rising edge-triggered cell FDRE)
  Destination:            AnodosSeg_fpga[2]
                            (output port)
  Path Group:             (none)
  Path Type:              Min at Fast Process Corner
  Data Path Delay:        2.130ns  (logic 1.501ns (70.469%)  route 0.629ns (29.531%))
  Logic Levels:           3  (FDRE=1 LUT3=1 OBUF=1)

    Location             Delay type                Incr(ns)  Path(ns)    Netlist Resource(s)
  -------------------------------------------------------------------    -------------------
    SLICE_X3Y65          FDRE                         0.000     0.000 r  seven_deccy/Posicion_reg[2]/C
    SLICE_X3Y65          FDRE (Prop_fdre_C_Q)         0.128     0.128 r  seven_deccy/Posicion_reg[2]/Q
                         net (fo=13, routed)          0.132     0.260    seven_deccy/Posicion[2]
    SLICE_X3Y65          LUT3 (Prop_lut3_I0_O)        0.098     0.358 r  seven_deccy/AnodosSeg_fpga_OBUF[2]_inst_i_1/O
                         net (fo=1, routed)           0.497     0.855    AnodosSeg_fpga_OBUF[2]
    T9                   OBUF (Prop_obuf_I_O)         1.275     2.130 r  AnodosSeg_fpga_OBUF[2]_inst/O
                         net (fo=0)                   0.000     2.130    AnodosSeg_fpga[2]
    T9                                                                r  AnodosSeg_fpga[2] (OUT)
  -------------------------------------------------------------------    -------------------

Slack:                    inf
  Source:                 seven_deccy/Posicion_reg[1]/C
                            (rising edge-triggered cell FDRE)
  Destination:            AnodosSeg_fpga[7]
                            (output port)
  Path Group:             (none)
  Path Type:              Min at Fast Process Corner
  Data Path Delay:        2.238ns  (logic 1.503ns (67.171%)  route 0.735ns (32.829%))
  Logic Levels:           3  (FDRE=1 LUT3=1 OBUF=1)

    Location             Delay type                Incr(ns)  Path(ns)    Netlist Resource(s)
  -------------------------------------------------------------------    -------------------
    SLICE_X3Y65          FDRE                         0.000     0.000 r  seven_deccy/Posicion_reg[1]/C
    SLICE_X3Y65          FDRE (Prop_fdre_C_Q)         0.141     0.141 f  seven_deccy/Posicion_reg[1]/Q
                         net (fo=14, routed)          0.224     0.365    seven_deccy/Posicion[1]
    SLICE_X0Y65          LUT3 (Prop_lut3_I1_O)        0.046     0.411 r  seven_deccy/AnodosSeg_fpga_OBUF[7]_inst_i_1/O
                         net (fo=1, routed)           0.510     0.922    AnodosSeg_fpga_OBUF[7]
    U13                  OBUF (Prop_obuf_I_O)         1.316     2.238 r  AnodosSeg_fpga_OBUF[7]_inst/O
                         net (fo=0)                   0.000     2.238    AnodosSeg_fpga[7]
    U13                                                               r  AnodosSeg_fpga[7] (OUT)
  -------------------------------------------------------------------    -------------------

Slack:                    inf
  Source:                 seven_deccy/Posicion_reg[1]/C
                            (rising edge-triggered cell FDRE)
  Destination:            AnodosSeg_fpga[5]
                            (output port)
  Path Group:             (none)
  Path Type:              Min at Fast Process Corner
  Data Path Delay:        2.379ns  (logic 1.505ns (63.279%)  route 0.874ns (36.721%))
  Logic Levels:           3  (FDRE=1 LUT3=1 OBUF=1)

    Location             Delay type                Incr(ns)  Path(ns)    Netlist Resource(s)
  -------------------------------------------------------------------    -------------------
    SLICE_X3Y65          FDRE                         0.000     0.000 r  seven_deccy/Posicion_reg[1]/C
    SLICE_X3Y65          FDRE (Prop_fdre_C_Q)         0.141     0.141 r  seven_deccy/Posicion_reg[1]/Q
                         net (fo=14, routed)          0.448     0.589    seven_deccy/Posicion[1]
    SLICE_X0Y69          LUT3 (Prop_lut3_I1_O)        0.045     0.634 r  seven_deccy/AnodosSeg_fpga_OBUF[5]_inst_i_1/O
                         net (fo=1, routed)           0.425     1.060    AnodosSeg_fpga_OBUF[5]
    T14                  OBUF (Prop_obuf_I_O)         1.319     2.379 r  AnodosSeg_fpga_OBUF[5]_inst/O
                         net (fo=0)                   0.000     2.379    AnodosSeg_fpga[5]
    T14                                                               r  AnodosSeg_fpga[5] (OUT)
  -------------------------------------------------------------------    -------------------

Slack:                    inf
  Source:                 seven_deccy/Posicion_reg[1]/C
                            (rising edge-triggered cell FDRE)
  Destination:            AnodosSeg_fpga[3]
                            (output port)
  Path Group:             (none)
  Path Type:              Min at Fast Process Corner
  Data Path Delay:        2.426ns  (logic 1.439ns (59.312%)  route 0.987ns (40.688%))
  Logic Levels:           3  (FDRE=1 LUT3=1 OBUF=1)

    Location             Delay type                Incr(ns)  Path(ns)    Netlist Resource(s)
  -------------------------------------------------------------------    -------------------
    SLICE_X3Y65          FDRE                         0.000     0.000 r  seven_deccy/Posicion_reg[1]/C
    SLICE_X3Y65          FDRE (Prop_fdre_C_Q)         0.141     0.141 f  seven_deccy/Posicion_reg[1]/Q
                         net (fo=14, routed)          0.224     0.365    seven_deccy/Posicion[1]
    SLICE_X0Y65          LUT3 (Prop_lut3_I2_O)        0.045     0.410 r  seven_deccy/AnodosSeg_fpga_OBUF[3]_inst_i_1/O
                         net (fo=1, routed)           0.763     1.173    AnodosSeg_fpga_OBUF[3]
    J14                  OBUF (Prop_obuf_I_O)         1.253     2.426 r  AnodosSeg_fpga_OBUF[3]_inst/O
                         net (fo=0)                   0.000     2.426    AnodosSeg_fpga[3]
    J14                                                               r  AnodosSeg_fpga[3] (OUT)
  -------------------------------------------------------------------    -------------------

Slack:                    inf
  Source:                 seven_deccy/Posicion_reg[1]/C
                            (rising edge-triggered cell FDRE)
  Destination:            Seg7_fpga[2]
                            (output port)
  Path Group:             (none)
  Path Type:              Min at Fast Process Corner
  Data Path Delay:        2.427ns  (logic 1.465ns (60.380%)  route 0.962ns (39.620%))
  Logic Levels:           4  (FDRE=1 LUT4=1 LUT6=1 OBUF=1)

    Location             Delay type                Incr(ns)  Path(ns)    Netlist Resource(s)
  -------------------------------------------------------------------    -------------------
    SLICE_X3Y65          FDRE                         0.000     0.000 r  seven_deccy/Posicion_reg[1]/C
    SLICE_X3Y65          FDRE (Prop_fdre_C_Q)         0.141     0.141 r  seven_deccy/Posicion_reg[1]/Q
                         net (fo=14, routed)          0.361     0.502    cpci/countty_inst/Posicion[1]
    SLICE_X2Y67          LUT6 (Prop_lut6_I4_O)        0.045     0.547 f  cpci/countty_inst/Seg7_fpga_OBUF[6]_inst_i_4/O
                         net (fo=7, routed)           0.200     0.746    cpci/countty_inst/sel0[3]
    SLICE_X0Y67          LUT4 (Prop_lut4_I0_O)        0.045     0.791 r  cpci/countty_inst/Seg7_fpga_OBUF[2]_inst_i_1/O
                         net (fo=1, routed)           0.401     1.193    Seg7_fpga_OBUF[2]
    P15                  OBUF (Prop_obuf_I_O)         1.234     2.427 r  Seg7_fpga_OBUF[2]_inst/O
                         net (fo=0)                   0.000     2.427    Seg7_fpga[2]
    P15                                                               r  Seg7_fpga[2] (OUT)
  -------------------------------------------------------------------    -------------------

Slack:                    inf
  Source:                 seven_deccy/Posicion_reg[1]/C
                            (rising edge-triggered cell FDRE)
  Destination:            Seg7_fpga[1]
                            (output port)
  Path Group:             (none)
  Path Type:              Min at Fast Process Corner
  Data Path Delay:        2.449ns  (logic 1.492ns (60.944%)  route 0.956ns (39.056%))
  Logic Levels:           4  (FDRE=1 LUT4=1 LUT6=1 OBUF=1)

    Location             Delay type                Incr(ns)  Path(ns)    Netlist Resource(s)
  -------------------------------------------------------------------    -------------------
    SLICE_X3Y65          FDRE                         0.000     0.000 r  seven_deccy/Posicion_reg[1]/C
    SLICE_X3Y65          FDRE (Prop_fdre_C_Q)         0.141     0.141 r  seven_deccy/Posicion_reg[1]/Q
                         net (fo=14, routed)          0.275     0.416    cpci/countty_inst/Posicion[1]
    SLICE_X2Y67          LUT6 (Prop_lut6_I4_O)        0.045     0.461 r  cpci/countty_inst/Seg7_fpga_OBUF[6]_inst_i_5/O
                         net (fo=7, routed)           0.327     0.788    cpci/countty_inst/sel0[2]
    SLICE_X0Y66          LUT4 (Prop_lut4_I3_O)        0.045     0.833 r  cpci/countty_inst/Seg7_fpga_OBUF[1]_inst_i_1/O
                         net (fo=1, routed)           0.354     1.187    Seg7_fpga_OBUF[1]
    T11                  OBUF (Prop_obuf_I_O)         1.261     2.449 r  Seg7_fpga_OBUF[1]_inst/O
                         net (fo=0)                   0.000     2.449    Seg7_fpga[1]
    T11                                                               r  Seg7_fpga[1] (OUT)
  -------------------------------------------------------------------    -------------------

Slack:                    inf
  Source:                 seven_deccy/Posicion_reg[2]/C
                            (rising edge-triggered cell FDRE)
  Destination:            AnodosSeg_fpga[4]
                            (output port)
  Path Group:             (none)
  Path Type:              Min at Fast Process Corner
  Data Path Delay:        2.524ns  (logic 1.540ns (61.002%)  route 0.984ns (38.998%))
  Logic Levels:           3  (FDRE=1 LUT3=1 OBUF=1)

    Location             Delay type                Incr(ns)  Path(ns)    Netlist Resource(s)
  -------------------------------------------------------------------    -------------------
    SLICE_X3Y65          FDRE                         0.000     0.000 r  seven_deccy/Posicion_reg[2]/C
    SLICE_X3Y65          FDRE (Prop_fdre_C_Q)         0.128     0.128 f  seven_deccy/Posicion_reg[2]/Q
                         net (fo=13, routed)          0.406     0.534    seven_deccy/Posicion[2]
    SLICE_X0Y69          LUT3 (Prop_lut3_I2_O)        0.099     0.633 r  seven_deccy/AnodosSeg_fpga_OBUF[4]_inst_i_1/O
                         net (fo=1, routed)           0.579     1.211    AnodosSeg_fpga_OBUF[4]
    P14                  OBUF (Prop_obuf_I_O)         1.313     2.524 r  AnodosSeg_fpga_OBUF[4]_inst/O
                         net (fo=0)                   0.000     2.524    AnodosSeg_fpga[4]
    P14                                                               r  AnodosSeg_fpga[4] (OUT)
  -------------------------------------------------------------------    -------------------





--------------------------------------------------------------------------------------
Path Group:  (none)
From Clock:  clk_out1_clk_wiz_0
  To Clock:  

Max Delay             7 Endpoints
Min Delay             7 Endpoints
--------------------------------------------------------------------------------------


Max Delay Paths
--------------------------------------------------------------------------------------
Slack:                    inf
  Source:                 cpci/Memmy/Reg_File_Block_reg_0_63_15_17/RAMC/CLK
                            (falling edge-triggered cell RAMD64E clocked by clk_out1_clk_wiz_0  {rise@0.000ns fall@6.757ns period=13.514ns})
  Destination:            Seg7_fpga[3]
                            (output port)
  Path Group:             (none)
  Path Type:              Max at Slow Process Corner
  Data Path Delay:        13.374ns  (logic 6.214ns (46.465%)  route 7.160ns (53.535%))
  Logic Levels:           6  (LUT3=1 LUT4=1 LUT6=2 MUXF7=1 OBUF=1)
  Clock Uncertainty:      0.420ns  ((TSJ^2 + DJ^2)^1/2) / 2 + PE
    Total System Jitter     (TSJ):    0.050ns
    Discrete Jitter          (DJ):    0.246ns
    Phase Error              (PE):    0.294ns

    Location             Delay type                Incr(ns)  Path(ns)    Netlist Resource(s)
  -------------------------------------------------------------------    -------------------
                         (clock clk_out1_clk_wiz_0 fall edge)
                                                      6.757     6.757 f  
    E3                                                0.000     6.757 f  clk_100MHz (IN)
                         net (fo=0)                   0.000     6.757    clk_wiz_inst/inst/clk_in1
    E3                   IBUF (Prop_ibuf_I_O)         1.482     8.239 f  clk_wiz_inst/inst/clkin1_ibufg/O
                         net (fo=1, routed)           1.233     9.472    clk_wiz_inst/inst/clk_in1_clk_wiz_0
    MMCME2_ADV_X1Y2      MMCME2_ADV (Prop_mmcme2_adv_CLKIN1_CLKOUT0)
                                                     -7.070     2.401 f  clk_wiz_inst/inst/mmcm_adv_inst/CLKOUT0
                         net (fo=1, routed)           1.719     4.121    clk_wiz_inst/inst/clk_out1_clk_wiz_0
    BUFGCTRL_X0Y16       BUFG (Prop_bufg_I_O)         0.096     4.217 f  clk_wiz_inst/inst/clkout1_buf/O
                         net (fo=870, routed)         1.712     5.929    cpci/Memmy/Reg_File_Block_reg_0_63_15_17/WCLK
    SLICE_X6Y69          RAMD64E                                      r  cpci/Memmy/Reg_File_Block_reg_0_63_15_17/RAMC/CLK  (IS_INVERTED)
  -------------------------------------------------------------------    -------------------
    SLICE_X6Y69          RAMD64E (Prop_ramd64e_CLK_O)
                                                      1.320     7.249 r  cpci/Memmy/Reg_File_Block_reg_0_63_15_17/RAMC/O
                         net (fo=1, routed)           0.656     7.905    cpci/Memmy/Reg_File_Block_reg_0_63_15_17_n_2
    SLICE_X7Y69          LUT3 (Prop_lut3_I2_O)        0.154     8.059 r  cpci/Memmy/Seg7_fpga_OBUF[6]_inst_i_65/O
                         net (fo=1, routed)           1.324     9.383    cpci/countty_inst/RD10[17]
    SLICE_X4Y73          LUT6 (Prop_lut6_I5_O)        0.327     9.710 r  cpci/countty_inst/Seg7_fpga_OBUF[6]_inst_i_32/O
                         net (fo=1, routed)           0.000     9.710    cpci/countty_inst/p_3_in[1]
    SLICE_X4Y73          MUXF7 (Prop_muxf7_I0_O)      0.212     9.922 r  cpci/countty_inst/Seg7_fpga_OBUF[6]_inst_i_11/O
                         net (fo=1, routed)           1.138    11.060    cpci/countty_inst/Seg7_fpga_OBUF[6]_inst_i_11_n_0
    SLICE_X1Y67          LUT6 (Prop_lut6_I1_O)        0.299    11.359 r  cpci/countty_inst/Seg7_fpga_OBUF[6]_inst_i_3/O
                         net (fo=7, routed)           0.730    12.089    cpci/countty_inst/sel0[1]
    SLICE_X0Y67          LUT4 (Prop_lut4_I3_O)        0.150    12.239 r  cpci/countty_inst/Seg7_fpga_OBUF[3]_inst_i_1/O
                         net (fo=1, routed)           3.312    15.551    Seg7_fpga_OBUF[3]
    K13                  OBUF (Prop_obuf_I_O)         3.752    19.303 r  Seg7_fpga_OBUF[3]_inst/O
                         net (fo=0)                   0.000    19.303    Seg7_fpga[3]
    K13                                                               r  Seg7_fpga[3] (OUT)
  -------------------------------------------------------------------    -------------------

Slack:                    inf
  Source:                 cpci/Memmy/Reg_File_Block_reg_0_63_15_17/RAMC/CLK
                            (falling edge-triggered cell RAMD64E clocked by clk_out1_clk_wiz_0  {rise@0.000ns fall@6.757ns period=13.514ns})
  Destination:            Seg7_fpga[4]
                            (output port)
  Path Group:             (none)
  Path Type:              Max at Slow Process Corner
  Data Path Delay:        12.801ns  (logic 5.929ns (46.317%)  route 6.872ns (53.683%))
  Logic Levels:           6  (LUT3=1 LUT4=1 LUT6=2 MUXF7=1 OBUF=1)
  Clock Uncertainty:      0.420ns  ((TSJ^2 + DJ^2)^1/2) / 2 + PE
    Total System Jitter     (TSJ):    0.050ns
    Discrete Jitter          (DJ):    0.246ns
    Phase Error              (PE):    0.294ns

    Location             Delay type                Incr(ns)  Path(ns)    Netlist Resource(s)
  -------------------------------------------------------------------    -------------------
                         (clock clk_out1_clk_wiz_0 fall edge)
                                                      6.757     6.757 f  
    E3                                                0.000     6.757 f  clk_100MHz (IN)
                         net (fo=0)                   0.000     6.757    clk_wiz_inst/inst/clk_in1
    E3                   IBUF (Prop_ibuf_I_O)         1.482     8.239 f  clk_wiz_inst/inst/clkin1_ibufg/O
                         net (fo=1, routed)           1.233     9.472    clk_wiz_inst/inst/clk_in1_clk_wiz_0
    MMCME2_ADV_X1Y2      MMCME2_ADV (Prop_mmcme2_adv_CLKIN1_CLKOUT0)
                                                     -7.070     2.401 f  clk_wiz_inst/inst/mmcm_adv_inst/CLKOUT0
                         net (fo=1, routed)           1.719     4.121    clk_wiz_inst/inst/clk_out1_clk_wiz_0
    BUFGCTRL_X0Y16       BUFG (Prop_bufg_I_O)         0.096     4.217 f  clk_wiz_inst/inst/clkout1_buf/O
                         net (fo=870, routed)         1.712     5.929    cpci/Memmy/Reg_File_Block_reg_0_63_15_17/WCLK
    SLICE_X6Y69          RAMD64E                                      r  cpci/Memmy/Reg_File_Block_reg_0_63_15_17/RAMC/CLK  (IS_INVERTED)
  -------------------------------------------------------------------    -------------------
    SLICE_X6Y69          RAMD64E (Prop_ramd64e_CLK_O)
                                                      1.320     7.249 r  cpci/Memmy/Reg_File_Block_reg_0_63_15_17/RAMC/O
                         net (fo=1, routed)           0.656     7.905    cpci/Memmy/Reg_File_Block_reg_0_63_15_17_n_2
    SLICE_X7Y69          LUT3 (Prop_lut3_I2_O)        0.154     8.059 r  cpci/Memmy/Seg7_fpga_OBUF[6]_inst_i_65/O
                         net (fo=1, routed)           1.324     9.383    cpci/countty_inst/RD10[17]
    SLICE_X4Y73          LUT6 (Prop_lut6_I5_O)        0.327     9.710 r  cpci/countty_inst/Seg7_fpga_OBUF[6]_inst_i_32/O
                         net (fo=1, routed)           0.000     9.710    cpci/countty_inst/p_3_in[1]
    SLICE_X4Y73          MUXF7 (Prop_muxf7_I0_O)      0.212     9.922 r  cpci/countty_inst/Seg7_fpga_OBUF[6]_inst_i_11/O
                         net (fo=1, routed)           1.138    11.060    cpci/countty_inst/Seg7_fpga_OBUF[6]_inst_i_11_n_0
    SLICE_X1Y67          LUT6 (Prop_lut6_I1_O)        0.299    11.359 r  cpci/countty_inst/Seg7_fpga_OBUF[6]_inst_i_3/O
                         net (fo=7, routed)           0.880    12.239    cpci/countty_inst/sel0[1]
    SLICE_X0Y66          LUT4 (Prop_lut4_I1_O)        0.124    12.363 r  cpci/countty_inst/Seg7_fpga_OBUF[4]_inst_i_1/O
                         net (fo=1, routed)           2.874    15.237    Seg7_fpga_OBUF[4]
    K16                  OBUF (Prop_obuf_I_O)         3.493    18.730 r  Seg7_fpga_OBUF[4]_inst/O
                         net (fo=0)                   0.000    18.730    Seg7_fpga[4]
    K16                                                               r  Seg7_fpga[4] (OUT)
  -------------------------------------------------------------------    -------------------

Slack:                    inf
  Source:                 cpci/Memmy/Reg_File_Block_reg_0_63_15_17/RAMC/CLK
                            (falling edge-triggered cell RAMD64E clocked by clk_out1_clk_wiz_0  {rise@0.000ns fall@6.757ns period=13.514ns})
  Destination:            Seg7_fpga[6]
                            (output port)
  Path Group:             (none)
  Path Type:              Max at Slow Process Corner
  Data Path Delay:        12.530ns  (logic 6.249ns (49.873%)  route 6.281ns (50.127%))
  Logic Levels:           6  (LUT3=1 LUT4=1 LUT6=2 MUXF7=1 OBUF=1)
  Clock Uncertainty:      0.420ns  ((TSJ^2 + DJ^2)^1/2) / 2 + PE
    Total System Jitter     (TSJ):    0.050ns
    Discrete Jitter          (DJ):    0.246ns
    Phase Error              (PE):    0.294ns

    Location             Delay type                Incr(ns)  Path(ns)    Netlist Resource(s)
  -------------------------------------------------------------------    -------------------
                         (clock clk_out1_clk_wiz_0 fall edge)
                                                      6.757     6.757 f  
    E3                                                0.000     6.757 f  clk_100MHz (IN)
                         net (fo=0)                   0.000     6.757    clk_wiz_inst/inst/clk_in1
    E3                   IBUF (Prop_ibuf_I_O)         1.482     8.239 f  clk_wiz_inst/inst/clkin1_ibufg/O
                         net (fo=1, routed)           1.233     9.472    clk_wiz_inst/inst/clk_in1_clk_wiz_0
    MMCME2_ADV_X1Y2      MMCME2_ADV (Prop_mmcme2_adv_CLKIN1_CLKOUT0)
                                                     -7.070     2.401 f  clk_wiz_inst/inst/mmcm_adv_inst/CLKOUT0
                         net (fo=1, routed)           1.719     4.121    clk_wiz_inst/inst/clk_out1_clk_wiz_0
    BUFGCTRL_X0Y16       BUFG (Prop_bufg_I_O)         0.096     4.217 f  clk_wiz_inst/inst/clkout1_buf/O
                         net (fo=870, routed)         1.712     5.929    cpci/Memmy/Reg_File_Block_reg_0_63_15_17/WCLK
    SLICE_X6Y69          RAMD64E                                      r  cpci/Memmy/Reg_File_Block_reg_0_63_15_17/RAMC/CLK  (IS_INVERTED)
  -------------------------------------------------------------------    -------------------
    SLICE_X6Y69          RAMD64E (Prop_ramd64e_CLK_O)
                                                      1.320     7.249 r  cpci/Memmy/Reg_File_Block_reg_0_63_15_17/RAMC/O
                         net (fo=1, routed)           0.656     7.905    cpci/Memmy/Reg_File_Block_reg_0_63_15_17_n_2
    SLICE_X7Y69          LUT3 (Prop_lut3_I2_O)        0.154     8.059 r  cpci/Memmy/Seg7_fpga_OBUF[6]_inst_i_65/O
                         net (fo=1, routed)           1.324     9.383    cpci/countty_inst/RD10[17]
    SLICE_X4Y73          LUT6 (Prop_lut6_I5_O)        0.327     9.710 r  cpci/countty_inst/Seg7_fpga_OBUF[6]_inst_i_32/O
                         net (fo=1, routed)           0.000     9.710    cpci/countty_inst/p_3_in[1]
    SLICE_X4Y73          MUXF7 (Prop_muxf7_I0_O)      0.212     9.922 r  cpci/countty_inst/Seg7_fpga_OBUF[6]_inst_i_11/O
                         net (fo=1, routed)           1.138    11.060    cpci/countty_inst/Seg7_fpga_OBUF[6]_inst_i_11_n_0
    SLICE_X1Y67          LUT6 (Prop_lut6_I1_O)        0.299    11.359 r  cpci/countty_inst/Seg7_fpga_OBUF[6]_inst_i_3/O
                         net (fo=7, routed)           0.880    12.239    cpci/countty_inst/sel0[1]
    SLICE_X0Y66          LUT4 (Prop_lut4_I1_O)        0.152    12.391 r  cpci/countty_inst/Seg7_fpga_OBUF[6]_inst_i_1/O
                         net (fo=1, routed)           2.283    14.674    Seg7_fpga_OBUF[6]
    T10                  OBUF (Prop_obuf_I_O)         3.785    18.459 r  Seg7_fpga_OBUF[6]_inst/O
                         net (fo=0)                   0.000    18.459    Seg7_fpga[6]
    T10                                                               r  Seg7_fpga[6] (OUT)
  -------------------------------------------------------------------    -------------------

Slack:                    inf
  Source:                 cpci/Memmy/Reg_File_Block_reg_0_63_15_17/RAMC/CLK
                            (falling edge-triggered cell RAMD64E clocked by clk_out1_clk_wiz_0  {rise@0.000ns fall@6.757ns period=13.514ns})
  Destination:            Seg7_fpga[0]
                            (output port)
  Path Group:             (none)
  Path Type:              Max at Slow Process Corner
  Data Path Delay:        12.359ns  (logic 5.973ns (48.331%)  route 6.386ns (51.669%))
  Logic Levels:           6  (LUT3=1 LUT4=1 LUT6=2 MUXF7=1 OBUF=1)
  Clock Uncertainty:      0.420ns  ((TSJ^2 + DJ^2)^1/2) / 2 + PE
    Total System Jitter     (TSJ):    0.050ns
    Discrete Jitter          (DJ):    0.246ns
    Phase Error              (PE):    0.294ns

    Location             Delay type                Incr(ns)  Path(ns)    Netlist Resource(s)
  -------------------------------------------------------------------    -------------------
                         (clock clk_out1_clk_wiz_0 fall edge)
                                                      6.757     6.757 f  
    E3                                                0.000     6.757 f  clk_100MHz (IN)
                         net (fo=0)                   0.000     6.757    clk_wiz_inst/inst/clk_in1
    E3                   IBUF (Prop_ibuf_I_O)         1.482     8.239 f  clk_wiz_inst/inst/clkin1_ibufg/O
                         net (fo=1, routed)           1.233     9.472    clk_wiz_inst/inst/clk_in1_clk_wiz_0
    MMCME2_ADV_X1Y2      MMCME2_ADV (Prop_mmcme2_adv_CLKIN1_CLKOUT0)
                                                     -7.070     2.401 f  clk_wiz_inst/inst/mmcm_adv_inst/CLKOUT0
                         net (fo=1, routed)           1.719     4.121    clk_wiz_inst/inst/clk_out1_clk_wiz_0
    BUFGCTRL_X0Y16       BUFG (Prop_bufg_I_O)         0.096     4.217 f  clk_wiz_inst/inst/clkout1_buf/O
                         net (fo=870, routed)         1.712     5.929    cpci/Memmy/Reg_File_Block_reg_0_63_15_17/WCLK
    SLICE_X6Y69          RAMD64E                                      r  cpci/Memmy/Reg_File_Block_reg_0_63_15_17/RAMC/CLK  (IS_INVERTED)
  -------------------------------------------------------------------    -------------------
    SLICE_X6Y69          RAMD64E (Prop_ramd64e_CLK_O)
                                                      1.320     7.249 r  cpci/Memmy/Reg_File_Block_reg_0_63_15_17/RAMC/O
                         net (fo=1, routed)           0.656     7.905    cpci/Memmy/Reg_File_Block_reg_0_63_15_17_n_2
    SLICE_X7Y69          LUT3 (Prop_lut3_I2_O)        0.154     8.059 r  cpci/Memmy/Seg7_fpga_OBUF[6]_inst_i_65/O
                         net (fo=1, routed)           1.324     9.383    cpci/countty_inst/RD10[17]
    SLICE_X4Y73          LUT6 (Prop_lut6_I5_O)        0.327     9.710 r  cpci/countty_inst/Seg7_fpga_OBUF[6]_inst_i_32/O
                         net (fo=1, routed)           0.000     9.710    cpci/countty_inst/p_3_in[1]
    SLICE_X4Y73          MUXF7 (Prop_muxf7_I0_O)      0.212     9.922 r  cpci/countty_inst/Seg7_fpga_OBUF[6]_inst_i_11/O
                         net (fo=1, routed)           1.138    11.060    cpci/countty_inst/Seg7_fpga_OBUF[6]_inst_i_11_n_0
    SLICE_X1Y67          LUT6 (Prop_lut6_I1_O)        0.299    11.359 r  cpci/countty_inst/Seg7_fpga_OBUF[6]_inst_i_3/O
                         net (fo=7, routed)           0.658    12.017    cpci/countty_inst/sel0[1]
    SLICE_X0Y66          LUT4 (Prop_lut4_I3_O)        0.124    12.141 r  cpci/countty_inst/Seg7_fpga_OBUF[0]_inst_i_1/O
                         net (fo=1, routed)           2.610    14.751    Seg7_fpga_OBUF[0]
    L18                  OBUF (Prop_obuf_I_O)         3.537    18.288 r  Seg7_fpga_OBUF[0]_inst/O
                         net (fo=0)                   0.000    18.288    Seg7_fpga[0]
    L18                                                               r  Seg7_fpga[0] (OUT)
  -------------------------------------------------------------------    -------------------

Slack:                    inf
  Source:                 cpci/Memmy/Reg_File_Block_reg_0_63_15_17/RAMC/CLK
                            (falling edge-triggered cell RAMD64E clocked by clk_out1_clk_wiz_0  {rise@0.000ns fall@6.757ns period=13.514ns})
  Destination:            Seg7_fpga[5]
                            (output port)
  Path Group:             (none)
  Path Type:              Max at Slow Process Corner
  Data Path Delay:        12.092ns  (logic 6.187ns (51.171%)  route 5.904ns (48.829%))
  Logic Levels:           6  (LUT3=1 LUT4=1 LUT6=2 MUXF7=1 OBUF=1)
  Clock Uncertainty:      0.420ns  ((TSJ^2 + DJ^2)^1/2) / 2 + PE
    Total System Jitter     (TSJ):    0.050ns
    Discrete Jitter          (DJ):    0.246ns
    Phase Error              (PE):    0.294ns

    Location             Delay type                Incr(ns)  Path(ns)    Netlist Resource(s)
  -------------------------------------------------------------------    -------------------
                         (clock clk_out1_clk_wiz_0 fall edge)
                                                      6.757     6.757 f  
    E3                                                0.000     6.757 f  clk_100MHz (IN)
                         net (fo=0)                   0.000     6.757    clk_wiz_inst/inst/clk_in1
    E3                   IBUF (Prop_ibuf_I_O)         1.482     8.239 f  clk_wiz_inst/inst/clkin1_ibufg/O
                         net (fo=1, routed)           1.233     9.472    clk_wiz_inst/inst/clk_in1_clk_wiz_0
    MMCME2_ADV_X1Y2      MMCME2_ADV (Prop_mmcme2_adv_CLKIN1_CLKOUT0)
                                                     -7.070     2.401 f  clk_wiz_inst/inst/mmcm_adv_inst/CLKOUT0
                         net (fo=1, routed)           1.719     4.121    clk_wiz_inst/inst/clk_out1_clk_wiz_0
    BUFGCTRL_X0Y16       BUFG (Prop_bufg_I_O)         0.096     4.217 f  clk_wiz_inst/inst/clkout1_buf/O
                         net (fo=870, routed)         1.712     5.929    cpci/Memmy/Reg_File_Block_reg_0_63_15_17/WCLK
    SLICE_X6Y69          RAMD64E                                      r  cpci/Memmy/Reg_File_Block_reg_0_63_15_17/RAMC/CLK  (IS_INVERTED)
  -------------------------------------------------------------------    -------------------
    SLICE_X6Y69          RAMD64E (Prop_ramd64e_CLK_O)
                                                      1.320     7.249 r  cpci/Memmy/Reg_File_Block_reg_0_63_15_17/RAMC/O
                         net (fo=1, routed)           0.656     7.905    cpci/Memmy/Reg_File_Block_reg_0_63_15_17_n_2
    SLICE_X7Y69          LUT3 (Prop_lut3_I2_O)        0.154     8.059 r  cpci/Memmy/Seg7_fpga_OBUF[6]_inst_i_65/O
                         net (fo=1, routed)           1.324     9.383    cpci/countty_inst/RD10[17]
    SLICE_X4Y73          LUT6 (Prop_lut6_I5_O)        0.327     9.710 r  cpci/countty_inst/Seg7_fpga_OBUF[6]_inst_i_32/O
                         net (fo=1, routed)           0.000     9.710    cpci/countty_inst/p_3_in[1]
    SLICE_X4Y73          MUXF7 (Prop_muxf7_I0_O)      0.212     9.922 r  cpci/countty_inst/Seg7_fpga_OBUF[6]_inst_i_11/O
                         net (fo=1, routed)           1.138    11.060    cpci/countty_inst/Seg7_fpga_OBUF[6]_inst_i_11_n_0
    SLICE_X1Y67          LUT6 (Prop_lut6_I1_O)        0.299    11.359 r  cpci/countty_inst/Seg7_fpga_OBUF[6]_inst_i_3/O
                         net (fo=7, routed)           0.658    12.017    cpci/countty_inst/sel0[1]
    SLICE_X0Y66          LUT4 (Prop_lut4_I3_O)        0.118    12.135 r  cpci/countty_inst/Seg7_fpga_OBUF[5]_inst_i_1/O
                         net (fo=1, routed)           2.128    14.263    Seg7_fpga_OBUF[5]
    R10                  OBUF (Prop_obuf_I_O)         3.757    18.021 r  Seg7_fpga_OBUF[5]_inst/O
                         net (fo=0)                   0.000    18.021    Seg7_fpga[5]
    R10                                                               r  Seg7_fpga[5] (OUT)
  -------------------------------------------------------------------    -------------------

Slack:                    inf
  Source:                 cpci/Memmy/Reg_File_Block_reg_0_63_15_17/RAMC/CLK
                            (falling edge-triggered cell RAMD64E clocked by clk_out1_clk_wiz_0  {rise@0.000ns fall@6.757ns period=13.514ns})
  Destination:            Seg7_fpga[1]
                            (output port)
  Path Group:             (none)
  Path Type:              Max at Slow Process Corner
  Data Path Delay:        11.881ns  (logic 5.997ns (50.473%)  route 5.884ns (49.527%))
  Logic Levels:           6  (LUT3=1 LUT4=1 LUT6=2 MUXF7=1 OBUF=1)
  Clock Uncertainty:      0.420ns  ((TSJ^2 + DJ^2)^1/2) / 2 + PE
    Total System Jitter     (TSJ):    0.050ns
    Discrete Jitter          (DJ):    0.246ns
    Phase Error              (PE):    0.294ns

    Location             Delay type                Incr(ns)  Path(ns)    Netlist Resource(s)
  -------------------------------------------------------------------    -------------------
                         (clock clk_out1_clk_wiz_0 fall edge)
                                                      6.757     6.757 f  
    E3                                                0.000     6.757 f  clk_100MHz (IN)
                         net (fo=0)                   0.000     6.757    clk_wiz_inst/inst/clk_in1
    E3                   IBUF (Prop_ibuf_I_O)         1.482     8.239 f  clk_wiz_inst/inst/clkin1_ibufg/O
                         net (fo=1, routed)           1.233     9.472    clk_wiz_inst/inst/clk_in1_clk_wiz_0
    MMCME2_ADV_X1Y2      MMCME2_ADV (Prop_mmcme2_adv_CLKIN1_CLKOUT0)
                                                     -7.070     2.401 f  clk_wiz_inst/inst/mmcm_adv_inst/CLKOUT0
                         net (fo=1, routed)           1.719     4.121    clk_wiz_inst/inst/clk_out1_clk_wiz_0
    BUFGCTRL_X0Y16       BUFG (Prop_bufg_I_O)         0.096     4.217 f  clk_wiz_inst/inst/clkout1_buf/O
                         net (fo=870, routed)         1.712     5.929    cpci/Memmy/Reg_File_Block_reg_0_63_15_17/WCLK
    SLICE_X6Y69          RAMD64E                                      r  cpci/Memmy/Reg_File_Block_reg_0_63_15_17/RAMC/CLK  (IS_INVERTED)
  -------------------------------------------------------------------    -------------------
    SLICE_X6Y69          RAMD64E (Prop_ramd64e_CLK_O)
                                                      1.320     7.249 r  cpci/Memmy/Reg_File_Block_reg_0_63_15_17/RAMC/O
                         net (fo=1, routed)           0.656     7.905    cpci/Memmy/Reg_File_Block_reg_0_63_15_17_n_2
    SLICE_X7Y69          LUT3 (Prop_lut3_I2_O)        0.154     8.059 r  cpci/Memmy/Seg7_fpga_OBUF[6]_inst_i_65/O
                         net (fo=1, routed)           1.324     9.383    cpci/countty_inst/RD10[17]
    SLICE_X4Y73          LUT6 (Prop_lut6_I5_O)        0.327     9.710 r  cpci/countty_inst/Seg7_fpga_OBUF[6]_inst_i_32/O
                         net (fo=1, routed)           0.000     9.710    cpci/countty_inst/p_3_in[1]
    SLICE_X4Y73          MUXF7 (Prop_muxf7_I0_O)      0.212     9.922 r  cpci/countty_inst/Seg7_fpga_OBUF[6]_inst_i_11/O
                         net (fo=1, routed)           1.138    11.060    cpci/countty_inst/Seg7_fpga_OBUF[6]_inst_i_11_n_0
    SLICE_X1Y67          LUT6 (Prop_lut6_I1_O)        0.299    11.359 r  cpci/countty_inst/Seg7_fpga_OBUF[6]_inst_i_3/O
                         net (fo=7, routed)           1.052    12.411    cpci/countty_inst/sel0[1]
    SLICE_X0Y66          LUT4 (Prop_lut4_I1_O)        0.124    12.535 r  cpci/countty_inst/Seg7_fpga_OBUF[1]_inst_i_1/O
                         net (fo=1, routed)           1.714    14.249    Seg7_fpga_OBUF[1]
    T11                  OBUF (Prop_obuf_I_O)         3.561    17.810 r  Seg7_fpga_OBUF[1]_inst/O
                         net (fo=0)                   0.000    17.810    Seg7_fpga[1]
    T11                                                               r  Seg7_fpga[1] (OUT)
  -------------------------------------------------------------------    -------------------

Slack:                    inf
  Source:                 cpci/Memmy/Reg_File_Block_reg_0_63_15_17/RAMC/CLK
                            (falling edge-triggered cell RAMD64E clocked by clk_out1_clk_wiz_0  {rise@0.000ns fall@6.757ns period=13.514ns})
  Destination:            Seg7_fpga[2]
                            (output port)
  Path Group:             (none)
  Path Type:              Max at Slow Process Corner
  Data Path Delay:        11.681ns  (logic 5.970ns (51.106%)  route 5.711ns (48.894%))
  Logic Levels:           6  (LUT3=1 LUT4=1 LUT6=2 MUXF7=1 OBUF=1)
  Clock Uncertainty:      0.420ns  ((TSJ^2 + DJ^2)^1/2) / 2 + PE
    Total System Jitter     (TSJ):    0.050ns
    Discrete Jitter          (DJ):    0.246ns
    Phase Error              (PE):    0.294ns

    Location             Delay type                Incr(ns)  Path(ns)    Netlist Resource(s)
  -------------------------------------------------------------------    -------------------
                         (clock clk_out1_clk_wiz_0 fall edge)
                                                      6.757     6.757 f  
    E3                                                0.000     6.757 f  clk_100MHz (IN)
                         net (fo=0)                   0.000     6.757    clk_wiz_inst/inst/clk_in1
    E3                   IBUF (Prop_ibuf_I_O)         1.482     8.239 f  clk_wiz_inst/inst/clkin1_ibufg/O
                         net (fo=1, routed)           1.233     9.472    clk_wiz_inst/inst/clk_in1_clk_wiz_0
    MMCME2_ADV_X1Y2      MMCME2_ADV (Prop_mmcme2_adv_CLKIN1_CLKOUT0)
                                                     -7.070     2.401 f  clk_wiz_inst/inst/mmcm_adv_inst/CLKOUT0
                         net (fo=1, routed)           1.719     4.121    clk_wiz_inst/inst/clk_out1_clk_wiz_0
    BUFGCTRL_X0Y16       BUFG (Prop_bufg_I_O)         0.096     4.217 f  clk_wiz_inst/inst/clkout1_buf/O
                         net (fo=870, routed)         1.712     5.929    cpci/Memmy/Reg_File_Block_reg_0_63_15_17/WCLK
    SLICE_X6Y69          RAMD64E                                      r  cpci/Memmy/Reg_File_Block_reg_0_63_15_17/RAMC/CLK  (IS_INVERTED)
  -------------------------------------------------------------------    -------------------
    SLICE_X6Y69          RAMD64E (Prop_ramd64e_CLK_O)
                                                      1.320     7.249 f  cpci/Memmy/Reg_File_Block_reg_0_63_15_17/RAMC/O
                         net (fo=1, routed)           0.656     7.905    cpci/Memmy/Reg_File_Block_reg_0_63_15_17_n_2
    SLICE_X7Y69          LUT3 (Prop_lut3_I2_O)        0.154     8.059 f  cpci/Memmy/Seg7_fpga_OBUF[6]_inst_i_65/O
                         net (fo=1, routed)           1.324     9.383    cpci/countty_inst/RD10[17]
    SLICE_X4Y73          LUT6 (Prop_lut6_I5_O)        0.327     9.710 f  cpci/countty_inst/Seg7_fpga_OBUF[6]_inst_i_32/O
                         net (fo=1, routed)           0.000     9.710    cpci/countty_inst/p_3_in[1]
    SLICE_X4Y73          MUXF7 (Prop_muxf7_I0_O)      0.212     9.922 f  cpci/countty_inst/Seg7_fpga_OBUF[6]_inst_i_11/O
                         net (fo=1, routed)           1.138    11.060    cpci/countty_inst/Seg7_fpga_OBUF[6]_inst_i_11_n_0
    SLICE_X1Y67          LUT6 (Prop_lut6_I1_O)        0.299    11.359 f  cpci/countty_inst/Seg7_fpga_OBUF[6]_inst_i_3/O
                         net (fo=7, routed)           0.730    12.089    cpci/countty_inst/sel0[1]
    SLICE_X0Y67          LUT4 (Prop_lut4_I1_O)        0.124    12.213 r  cpci/countty_inst/Seg7_fpga_OBUF[2]_inst_i_1/O
                         net (fo=1, routed)           1.863    14.076    Seg7_fpga_OBUF[2]
    P15                  OBUF (Prop_obuf_I_O)         3.534    17.610 r  Seg7_fpga_OBUF[2]_inst/O
                         net (fo=0)                   0.000    17.610    Seg7_fpga[2]
    P15                                                               r  Seg7_fpga[2] (OUT)
  -------------------------------------------------------------------    -------------------





Min Delay Paths
--------------------------------------------------------------------------------------
Slack:                    inf
  Source:                 cpci/countty_cyc/count_out_reg[10]/C
                            (rising edge-triggered cell FDRE clocked by clk_out1_clk_wiz_0  {rise@0.000ns fall@6.757ns period=13.514ns})
  Destination:            Seg7_fpga[1]
                            (output port)
  Path Group:             (none)
  Path Type:              Min at Fast Process Corner
  Data Path Delay:        2.596ns  (logic 1.662ns (64.043%)  route 0.933ns (35.957%))
  Logic Levels:           5  (LUT4=1 LUT6=2 MUXF7=1 OBUF=1)
  Clock Uncertainty:      0.420ns  ((TSJ^2 + DJ^2)^1/2) / 2 + PE
    Total System Jitter     (TSJ):    0.050ns
    Discrete Jitter          (DJ):    0.246ns
    Phase Error              (PE):    0.294ns

    Location             Delay type                Incr(ns)  Path(ns)    Netlist Resource(s)
  -------------------------------------------------------------------    -------------------
                         (clock clk_out1_clk_wiz_0 rise edge)
                                                      0.000     0.000 r  
    E3                                                0.000     0.000 r  clk_100MHz (IN)
                         net (fo=0)                   0.000     0.000    clk_wiz_inst/inst/clk_in1
    E3                   IBUF (Prop_ibuf_I_O)         0.250     0.250 r  clk_wiz_inst/inst/clkin1_ibufg/O
                         net (fo=1, routed)           0.440     0.690    clk_wiz_inst/inst/clk_in1_clk_wiz_0
    MMCME2_ADV_X1Y2      MMCME2_ADV (Prop_mmcme2_adv_CLKIN1_CLKOUT0)
                                                     -2.379    -1.689 r  clk_wiz_inst/inst/mmcm_adv_inst/CLKOUT0
                         net (fo=1, routed)           0.499    -1.190    clk_wiz_inst/inst/clk_out1_clk_wiz_0
    BUFGCTRL_X0Y16       BUFG (Prop_bufg_I_O)         0.026    -1.164 r  clk_wiz_inst/inst/clkout1_buf/O
                         net (fo=870, routed)         0.598    -0.566    cpci/countty_cyc/clk_out1
    SLICE_X5Y66          FDRE                                         r  cpci/countty_cyc/count_out_reg[10]/C
  -------------------------------------------------------------------    -------------------
    SLICE_X5Y66          FDRE (Prop_fdre_C_Q)         0.141    -0.425 r  cpci/countty_cyc/count_out_reg[10]/Q
                         net (fo=2, routed)           0.126    -0.299    cpci/countty_inst/Seg7_fpga_OBUF[6]_inst_i_16_0[2]
    SLICE_X2Y67          LUT6 (Prop_lut6_I2_O)        0.045    -0.254 r  cpci/countty_inst/Seg7_fpga_OBUF[6]_inst_i_50/O
                         net (fo=1, routed)           0.000    -0.254    cpci/countty_inst/p_5_in[2]
    SLICE_X2Y67          MUXF7 (Prop_muxf7_I0_O)      0.062    -0.192 r  cpci/countty_inst/Seg7_fpga_OBUF[6]_inst_i_20/O
                         net (fo=1, routed)           0.125    -0.067    cpci/countty_inst/Seg7_fpga_OBUF[6]_inst_i_20_n_0
    SLICE_X2Y67          LUT6 (Prop_lut6_I3_O)        0.108     0.041 r  cpci/countty_inst/Seg7_fpga_OBUF[6]_inst_i_5/O
                         net (fo=7, routed)           0.327     0.369    cpci/countty_inst/sel0[2]
    SLICE_X0Y66          LUT4 (Prop_lut4_I3_O)        0.045     0.414 r  cpci/countty_inst/Seg7_fpga_OBUF[1]_inst_i_1/O
                         net (fo=1, routed)           0.354     0.768    Seg7_fpga_OBUF[1]
    T11                  OBUF (Prop_obuf_I_O)         1.261     2.029 r  Seg7_fpga_OBUF[1]_inst/O
                         net (fo=0)                   0.000     2.029    Seg7_fpga[1]
    T11                                                               r  Seg7_fpga[1] (OUT)
  -------------------------------------------------------------------    -------------------

Slack:                    inf
  Source:                 cpci/countty_cyc/count_out_reg[9]/C
                            (rising edge-triggered cell FDRE clocked by clk_out1_clk_wiz_0  {rise@0.000ns fall@6.757ns period=13.514ns})
  Destination:            Seg7_fpga[2]
                            (output port)
  Path Group:             (none)
  Path Type:              Min at Fast Process Corner
  Data Path Delay:        2.599ns  (logic 1.635ns (62.927%)  route 0.963ns (37.073%))
  Logic Levels:           5  (LUT4=1 LUT6=2 MUXF7=1 OBUF=1)
  Clock Uncertainty:      0.420ns  ((TSJ^2 + DJ^2)^1/2) / 2 + PE
    Total System Jitter     (TSJ):    0.050ns
    Discrete Jitter          (DJ):    0.246ns
    Phase Error              (PE):    0.294ns

    Location             Delay type                Incr(ns)  Path(ns)    Netlist Resource(s)
  -------------------------------------------------------------------    -------------------
                         (clock clk_out1_clk_wiz_0 rise edge)
                                                      0.000     0.000 r  
    E3                                                0.000     0.000 r  clk_100MHz (IN)
                         net (fo=0)                   0.000     0.000    clk_wiz_inst/inst/clk_in1
    E3                   IBUF (Prop_ibuf_I_O)         0.250     0.250 r  clk_wiz_inst/inst/clkin1_ibufg/O
                         net (fo=1, routed)           0.440     0.690    clk_wiz_inst/inst/clk_in1_clk_wiz_0
    MMCME2_ADV_X1Y2      MMCME2_ADV (Prop_mmcme2_adv_CLKIN1_CLKOUT0)
                                                     -2.379    -1.689 r  clk_wiz_inst/inst/mmcm_adv_inst/CLKOUT0
                         net (fo=1, routed)           0.499    -1.190    clk_wiz_inst/inst/clk_out1_clk_wiz_0
    BUFGCTRL_X0Y16       BUFG (Prop_bufg_I_O)         0.026    -1.164 r  clk_wiz_inst/inst/clkout1_buf/O
                         net (fo=870, routed)         0.598    -0.566    cpci/countty_cyc/clk_out1
    SLICE_X5Y66          FDRE                                         r  cpci/countty_cyc/count_out_reg[9]/C
  -------------------------------------------------------------------    -------------------
    SLICE_X5Y66          FDRE (Prop_fdre_C_Q)         0.141    -0.425 f  cpci/countty_cyc/count_out_reg[9]/Q
                         net (fo=2, routed)           0.166    -0.259    cpci/countty_inst/Seg7_fpga_OBUF[6]_inst_i_16_0[1]
    SLICE_X1Y67          LUT6 (Prop_lut6_I2_O)        0.045    -0.214 f  cpci/countty_inst/Seg7_fpga_OBUF[6]_inst_i_34/O
                         net (fo=1, routed)           0.000    -0.214    cpci/countty_inst/p_5_in[1]
    SLICE_X1Y67          MUXF7 (Prop_muxf7_I0_O)      0.062    -0.152 f  cpci/countty_inst/Seg7_fpga_OBUF[6]_inst_i_12/O
                         net (fo=1, routed)           0.139    -0.013    cpci/countty_inst/Seg7_fpga_OBUF[6]_inst_i_12_n_0
    SLICE_X1Y67          LUT6 (Prop_lut6_I3_O)        0.108     0.095 f  cpci/countty_inst/Seg7_fpga_OBUF[6]_inst_i_3/O
                         net (fo=7, routed)           0.257     0.352    cpci/countty_inst/sel0[1]
    SLICE_X0Y67          LUT4 (Prop_lut4_I1_O)        0.045     0.397 r  cpci/countty_inst/Seg7_fpga_OBUF[2]_inst_i_1/O
                         net (fo=1, routed)           0.401     0.798    Seg7_fpga_OBUF[2]
    P15                  OBUF (Prop_obuf_I_O)         1.234     2.033 r  Seg7_fpga_OBUF[2]_inst/O
                         net (fo=0)                   0.000     2.033    Seg7_fpga[2]
    P15                                                               r  Seg7_fpga[2] (OUT)
  -------------------------------------------------------------------    -------------------

Slack:                    inf
  Source:                 cpci/countty_cyc/count_out_reg[9]/C
                            (rising edge-triggered cell FDRE clocked by clk_out1_clk_wiz_0  {rise@0.000ns fall@6.757ns period=13.514ns})
  Destination:            Seg7_fpga[5]
                            (output port)
  Path Group:             (none)
  Path Type:              Min at Fast Process Corner
  Data Path Delay:        2.816ns  (logic 1.722ns (61.159%)  route 1.094ns (38.841%))
  Logic Levels:           5  (LUT4=1 LUT6=2 MUXF7=1 OBUF=1)
  Clock Uncertainty:      0.420ns  ((TSJ^2 + DJ^2)^1/2) / 2 + PE
    Total System Jitter     (TSJ):    0.050ns
    Discrete Jitter          (DJ):    0.246ns
    Phase Error              (PE):    0.294ns

    Location             Delay type                Incr(ns)  Path(ns)    Netlist Resource(s)
  -------------------------------------------------------------------    -------------------
                         (clock clk_out1_clk_wiz_0 rise edge)
                                                      0.000     0.000 r  
    E3                                                0.000     0.000 r  clk_100MHz (IN)
                         net (fo=0)                   0.000     0.000    clk_wiz_inst/inst/clk_in1
    E3                   IBUF (Prop_ibuf_I_O)         0.250     0.250 r  clk_wiz_inst/inst/clkin1_ibufg/O
                         net (fo=1, routed)           0.440     0.690    clk_wiz_inst/inst/clk_in1_clk_wiz_0
    MMCME2_ADV_X1Y2      MMCME2_ADV (Prop_mmcme2_adv_CLKIN1_CLKOUT0)
                                                     -2.379    -1.689 r  clk_wiz_inst/inst/mmcm_adv_inst/CLKOUT0
                         net (fo=1, routed)           0.499    -1.190    clk_wiz_inst/inst/clk_out1_clk_wiz_0
    BUFGCTRL_X0Y16       BUFG (Prop_bufg_I_O)         0.026    -1.164 r  clk_wiz_inst/inst/clkout1_buf/O
                         net (fo=870, routed)         0.598    -0.566    cpci/countty_cyc/clk_out1
    SLICE_X5Y66          FDRE                                         r  cpci/countty_cyc/count_out_reg[9]/C
  -------------------------------------------------------------------    -------------------
    SLICE_X5Y66          FDRE (Prop_fdre_C_Q)         0.141    -0.425 r  cpci/countty_cyc/count_out_reg[9]/Q
                         net (fo=2, routed)           0.166    -0.259    cpci/countty_inst/Seg7_fpga_OBUF[6]_inst_i_16_0[1]
    SLICE_X1Y67          LUT6 (Prop_lut6_I2_O)        0.045    -0.214 r  cpci/countty_inst/Seg7_fpga_OBUF[6]_inst_i_34/O
                         net (fo=1, routed)           0.000    -0.214    cpci/countty_inst/p_5_in[1]
    SLICE_X1Y67          MUXF7 (Prop_muxf7_I0_O)      0.062    -0.152 r  cpci/countty_inst/Seg7_fpga_OBUF[6]_inst_i_12/O
                         net (fo=1, routed)           0.139    -0.013    cpci/countty_inst/Seg7_fpga_OBUF[6]_inst_i_12_n_0
    SLICE_X1Y67          LUT6 (Prop_lut6_I3_O)        0.108     0.095 r  cpci/countty_inst/Seg7_fpga_OBUF[6]_inst_i_3/O
                         net (fo=7, routed)           0.256     0.351    cpci/countty_inst/sel0[1]
    SLICE_X0Y66          LUT4 (Prop_lut4_I3_O)        0.048     0.399 r  cpci/countty_inst/Seg7_fpga_OBUF[5]_inst_i_1/O
                         net (fo=1, routed)           0.532     0.931    Seg7_fpga_OBUF[5]
    R10                  OBUF (Prop_obuf_I_O)         1.318     2.249 r  Seg7_fpga_OBUF[5]_inst/O
                         net (fo=0)                   0.000     2.249    Seg7_fpga[5]
    R10                                                               r  Seg7_fpga[5] (OUT)
  -------------------------------------------------------------------    -------------------

Slack:                    inf
  Source:                 cpci/countty_cyc/count_out_reg[10]/C
                            (rising edge-triggered cell FDRE clocked by clk_out1_clk_wiz_0  {rise@0.000ns fall@6.757ns period=13.514ns})
  Destination:            Seg7_fpga[6]
                            (output port)
  Path Group:             (none)
  Path Type:              Min at Fast Process Corner
  Data Path Delay:        2.907ns  (logic 1.745ns (60.053%)  route 1.161ns (39.947%))
  Logic Levels:           5  (LUT4=1 LUT6=2 MUXF7=1 OBUF=1)
  Clock Uncertainty:      0.420ns  ((TSJ^2 + DJ^2)^1/2) / 2 + PE
    Total System Jitter     (TSJ):    0.050ns
    Discrete Jitter          (DJ):    0.246ns
    Phase Error              (PE):    0.294ns

    Location             Delay type                Incr(ns)  Path(ns)    Netlist Resource(s)
  -------------------------------------------------------------------    -------------------
                         (clock clk_out1_clk_wiz_0 rise edge)
                                                      0.000     0.000 r  
    E3                                                0.000     0.000 r  clk_100MHz (IN)
                         net (fo=0)                   0.000     0.000    clk_wiz_inst/inst/clk_in1
    E3                   IBUF (Prop_ibuf_I_O)         0.250     0.250 r  clk_wiz_inst/inst/clkin1_ibufg/O
                         net (fo=1, routed)           0.440     0.690    clk_wiz_inst/inst/clk_in1_clk_wiz_0
    MMCME2_ADV_X1Y2      MMCME2_ADV (Prop_mmcme2_adv_CLKIN1_CLKOUT0)
                                                     -2.379    -1.689 r  clk_wiz_inst/inst/mmcm_adv_inst/CLKOUT0
                         net (fo=1, routed)           0.499    -1.190    clk_wiz_inst/inst/clk_out1_clk_wiz_0
    BUFGCTRL_X0Y16       BUFG (Prop_bufg_I_O)         0.026    -1.164 r  clk_wiz_inst/inst/clkout1_buf/O
                         net (fo=870, routed)         0.598    -0.566    cpci/countty_cyc/clk_out1
    SLICE_X5Y66          FDRE                                         r  cpci/countty_cyc/count_out_reg[10]/C
  -------------------------------------------------------------------    -------------------
    SLICE_X5Y66          FDRE (Prop_fdre_C_Q)         0.141    -0.425 r  cpci/countty_cyc/count_out_reg[10]/Q
                         net (fo=2, routed)           0.126    -0.299    cpci/countty_inst/Seg7_fpga_OBUF[6]_inst_i_16_0[2]
    SLICE_X2Y67          LUT6 (Prop_lut6_I2_O)        0.045    -0.254 r  cpci/countty_inst/Seg7_fpga_OBUF[6]_inst_i_50/O
                         net (fo=1, routed)           0.000    -0.254    cpci/countty_inst/p_5_in[2]
    SLICE_X2Y67          MUXF7 (Prop_muxf7_I0_O)      0.062    -0.192 r  cpci/countty_inst/Seg7_fpga_OBUF[6]_inst_i_20/O
                         net (fo=1, routed)           0.125    -0.067    cpci/countty_inst/Seg7_fpga_OBUF[6]_inst_i_20_n_0
    SLICE_X2Y67          LUT6 (Prop_lut6_I3_O)        0.108     0.041 r  cpci/countty_inst/Seg7_fpga_OBUF[6]_inst_i_5/O
                         net (fo=7, routed)           0.321     0.362    cpci/countty_inst/sel0[2]
    SLICE_X0Y66          LUT4 (Prop_lut4_I3_O)        0.045     0.407 r  cpci/countty_inst/Seg7_fpga_OBUF[6]_inst_i_1/O
                         net (fo=1, routed)           0.589     0.996    Seg7_fpga_OBUF[6]
    T10                  OBUF (Prop_obuf_I_O)         1.344     2.340 r  Seg7_fpga_OBUF[6]_inst/O
                         net (fo=0)                   0.000     2.340    Seg7_fpga[6]
    T10                                                               r  Seg7_fpga[6] (OUT)
  -------------------------------------------------------------------    -------------------

Slack:                    inf
  Source:                 cpci/countty_cyc/count_out_reg[9]/C
                            (rising edge-triggered cell FDRE clocked by clk_out1_clk_wiz_0  {rise@0.000ns fall@6.757ns period=13.514ns})
  Destination:            Seg7_fpga[0]
                            (output port)
  Path Group:             (none)
  Path Type:              Min at Fast Process Corner
  Data Path Delay:        2.949ns  (logic 1.639ns (55.577%)  route 1.310ns (44.423%))
  Logic Levels:           5  (LUT4=1 LUT6=2 MUXF7=1 OBUF=1)
  Clock Uncertainty:      0.420ns  ((TSJ^2 + DJ^2)^1/2) / 2 + PE
    Total System Jitter     (TSJ):    0.050ns
    Discrete Jitter          (DJ):    0.246ns
    Phase Error              (PE):    0.294ns

    Location             Delay type                Incr(ns)  Path(ns)    Netlist Resource(s)
  -------------------------------------------------------------------    -------------------
                         (clock clk_out1_clk_wiz_0 rise edge)
                                                      0.000     0.000 r  
    E3                                                0.000     0.000 r  clk_100MHz (IN)
                         net (fo=0)                   0.000     0.000    clk_wiz_inst/inst/clk_in1
    E3                   IBUF (Prop_ibuf_I_O)         0.250     0.250 r  clk_wiz_inst/inst/clkin1_ibufg/O
                         net (fo=1, routed)           0.440     0.690    clk_wiz_inst/inst/clk_in1_clk_wiz_0
    MMCME2_ADV_X1Y2      MMCME2_ADV (Prop_mmcme2_adv_CLKIN1_CLKOUT0)
                                                     -2.379    -1.689 r  clk_wiz_inst/inst/mmcm_adv_inst/CLKOUT0
                         net (fo=1, routed)           0.499    -1.190    clk_wiz_inst/inst/clk_out1_clk_wiz_0
    BUFGCTRL_X0Y16       BUFG (Prop_bufg_I_O)         0.026    -1.164 r  clk_wiz_inst/inst/clkout1_buf/O
                         net (fo=870, routed)         0.598    -0.566    cpci/countty_cyc/clk_out1
    SLICE_X5Y66          FDRE                                         r  cpci/countty_cyc/count_out_reg[9]/C
  -------------------------------------------------------------------    -------------------
    SLICE_X5Y66          FDRE (Prop_fdre_C_Q)         0.141    -0.425 r  cpci/countty_cyc/count_out_reg[9]/Q
                         net (fo=2, routed)           0.166    -0.259    cpci/countty_inst/Seg7_fpga_OBUF[6]_inst_i_16_0[1]
    SLICE_X1Y67          LUT6 (Prop_lut6_I2_O)        0.045    -0.214 r  cpci/countty_inst/Seg7_fpga_OBUF[6]_inst_i_34/O
                         net (fo=1, routed)           0.000    -0.214    cpci/countty_inst/p_5_in[1]
    SLICE_X1Y67          MUXF7 (Prop_muxf7_I0_O)      0.062    -0.152 r  cpci/countty_inst/Seg7_fpga_OBUF[6]_inst_i_12/O
                         net (fo=1, routed)           0.139    -0.013    cpci/countty_inst/Seg7_fpga_OBUF[6]_inst_i_12_n_0
    SLICE_X1Y67          LUT6 (Prop_lut6_I3_O)        0.108     0.095 r  cpci/countty_inst/Seg7_fpga_OBUF[6]_inst_i_3/O
                         net (fo=7, routed)           0.256     0.351    cpci/countty_inst/sel0[1]
    SLICE_X0Y66          LUT4 (Prop_lut4_I3_O)        0.045     0.396 r  cpci/countty_inst/Seg7_fpga_OBUF[0]_inst_i_1/O
                         net (fo=1, routed)           0.749     1.145    Seg7_fpga_OBUF[0]
    L18                  OBUF (Prop_obuf_I_O)         1.238     2.383 r  Seg7_fpga_OBUF[0]_inst/O
                         net (fo=0)                   0.000     2.383    Seg7_fpga[0]
    L18                                                               r  Seg7_fpga[0] (OUT)
  -------------------------------------------------------------------    -------------------

Slack:                    inf
  Source:                 cpci/countty_cyc/count_out_reg[10]/C
                            (rising edge-triggered cell FDRE clocked by clk_out1_clk_wiz_0  {rise@0.000ns fall@6.757ns period=13.514ns})
  Destination:            Seg7_fpga[4]
                            (output port)
  Path Group:             (none)
  Path Type:              Min at Fast Process Corner
  Data Path Delay:        3.027ns  (logic 1.595ns (52.695%)  route 1.432ns (47.305%))
  Logic Levels:           5  (LUT4=1 LUT6=2 MUXF7=1 OBUF=1)
  Clock Uncertainty:      0.420ns  ((TSJ^2 + DJ^2)^1/2) / 2 + PE
    Total System Jitter     (TSJ):    0.050ns
    Discrete Jitter          (DJ):    0.246ns
    Phase Error              (PE):    0.294ns

    Location             Delay type                Incr(ns)  Path(ns)    Netlist Resource(s)
  -------------------------------------------------------------------    -------------------
                         (clock clk_out1_clk_wiz_0 rise edge)
                                                      0.000     0.000 r  
    E3                                                0.000     0.000 r  clk_100MHz (IN)
                         net (fo=0)                   0.000     0.000    clk_wiz_inst/inst/clk_in1
    E3                   IBUF (Prop_ibuf_I_O)         0.250     0.250 r  clk_wiz_inst/inst/clkin1_ibufg/O
                         net (fo=1, routed)           0.440     0.690    clk_wiz_inst/inst/clk_in1_clk_wiz_0
    MMCME2_ADV_X1Y2      MMCME2_ADV (Prop_mmcme2_adv_CLKIN1_CLKOUT0)
                                                     -2.379    -1.689 r  clk_wiz_inst/inst/mmcm_adv_inst/CLKOUT0
                         net (fo=1, routed)           0.499    -1.190    clk_wiz_inst/inst/clk_out1_clk_wiz_0
    BUFGCTRL_X0Y16       BUFG (Prop_bufg_I_O)         0.026    -1.164 r  clk_wiz_inst/inst/clkout1_buf/O
                         net (fo=870, routed)         0.598    -0.566    cpci/countty_cyc/clk_out1
    SLICE_X5Y66          FDRE                                         r  cpci/countty_cyc/count_out_reg[10]/C
  -------------------------------------------------------------------    -------------------
    SLICE_X5Y66          FDRE (Prop_fdre_C_Q)         0.141    -0.425 r  cpci/countty_cyc/count_out_reg[10]/Q
                         net (fo=2, routed)           0.126    -0.299    cpci/countty_inst/Seg7_fpga_OBUF[6]_inst_i_16_0[2]
    SLICE_X2Y67          LUT6 (Prop_lut6_I2_O)        0.045    -0.254 r  cpci/countty_inst/Seg7_fpga_OBUF[6]_inst_i_50/O
                         net (fo=1, routed)           0.000    -0.254    cpci/countty_inst/p_5_in[2]
    SLICE_X2Y67          MUXF7 (Prop_muxf7_I0_O)      0.062    -0.192 r  cpci/countty_inst/Seg7_fpga_OBUF[6]_inst_i_20/O
                         net (fo=1, routed)           0.125    -0.067    cpci/countty_inst/Seg7_fpga_OBUF[6]_inst_i_20_n_0
    SLICE_X2Y67          LUT6 (Prop_lut6_I3_O)        0.108     0.041 r  cpci/countty_inst/Seg7_fpga_OBUF[6]_inst_i_5/O
                         net (fo=7, routed)           0.321     0.362    cpci/countty_inst/sel0[2]
    SLICE_X0Y66          LUT4 (Prop_lut4_I3_O)        0.045     0.407 r  cpci/countty_inst/Seg7_fpga_OBUF[4]_inst_i_1/O
                         net (fo=1, routed)           0.860     1.267    Seg7_fpga_OBUF[4]
    K16                  OBUF (Prop_obuf_I_O)         1.194     2.461 r  Seg7_fpga_OBUF[4]_inst/O
                         net (fo=0)                   0.000     2.461    Seg7_fpga[4]
    K16                                                               r  Seg7_fpga[4] (OUT)
  -------------------------------------------------------------------    -------------------

Slack:                    inf
  Source:                 cpci/countty_cyc/count_out_reg[9]/C
                            (rising edge-triggered cell FDRE clocked by clk_out1_clk_wiz_0  {rise@0.000ns fall@6.757ns period=13.514ns})
  Destination:            Seg7_fpga[3]
                            (output port)
  Path Group:             (none)
  Path Type:              Min at Fast Process Corner
  Data Path Delay:        3.324ns  (logic 1.711ns (51.470%)  route 1.613ns (48.530%))
  Logic Levels:           5  (LUT4=1 LUT6=2 MUXF7=1 OBUF=1)
  Clock Uncertainty:      0.420ns  ((TSJ^2 + DJ^2)^1/2) / 2 + PE
    Total System Jitter     (TSJ):    0.050ns
    Discrete Jitter          (DJ):    0.246ns
    Phase Error              (PE):    0.294ns

    Location             Delay type                Incr(ns)  Path(ns)    Netlist Resource(s)
  -------------------------------------------------------------------    -------------------
                         (clock clk_out1_clk_wiz_0 rise edge)
                                                      0.000     0.000 r  
    E3                                                0.000     0.000 r  clk_100MHz (IN)
                         net (fo=0)                   0.000     0.000    clk_wiz_inst/inst/clk_in1
    E3                   IBUF (Prop_ibuf_I_O)         0.250     0.250 r  clk_wiz_inst/inst/clkin1_ibufg/O
                         net (fo=1, routed)           0.440     0.690    clk_wiz_inst/inst/clk_in1_clk_wiz_0
    MMCME2_ADV_X1Y2      MMCME2_ADV (Prop_mmcme2_adv_CLKIN1_CLKOUT0)
                                                     -2.379    -1.689 r  clk_wiz_inst/inst/mmcm_adv_inst/CLKOUT0
                         net (fo=1, routed)           0.499    -1.190    clk_wiz_inst/inst/clk_out1_clk_wiz_0
    BUFGCTRL_X0Y16       BUFG (Prop_bufg_I_O)         0.026    -1.164 r  clk_wiz_inst/inst/clkout1_buf/O
                         net (fo=870, routed)         0.598    -0.566    cpci/countty_cyc/clk_out1
    SLICE_X5Y66          FDRE                                         r  cpci/countty_cyc/count_out_reg[9]/C
  -------------------------------------------------------------------    -------------------
    SLICE_X5Y66          FDRE (Prop_fdre_C_Q)         0.141    -0.425 r  cpci/countty_cyc/count_out_reg[9]/Q
                         net (fo=2, routed)           0.166    -0.259    cpci/countty_inst/Seg7_fpga_OBUF[6]_inst_i_16_0[1]
    SLICE_X1Y67          LUT6 (Prop_lut6_I2_O)        0.045    -0.214 r  cpci/countty_inst/Seg7_fpga_OBUF[6]_inst_i_34/O
                         net (fo=1, routed)           0.000    -0.214    cpci/countty_inst/p_5_in[1]
    SLICE_X1Y67          MUXF7 (Prop_muxf7_I0_O)      0.062    -0.152 r  cpci/countty_inst/Seg7_fpga_OBUF[6]_inst_i_12/O
                         net (fo=1, routed)           0.139    -0.013    cpci/countty_inst/Seg7_fpga_OBUF[6]_inst_i_12_n_0
    SLICE_X1Y67          LUT6 (Prop_lut6_I3_O)        0.108     0.095 r  cpci/countty_inst/Seg7_fpga_OBUF[6]_inst_i_3/O
                         net (fo=7, routed)           0.257     0.352    cpci/countty_inst/sel0[1]
    SLICE_X0Y67          LUT4 (Prop_lut4_I3_O)        0.042     0.394 r  cpci/countty_inst/Seg7_fpga_OBUF[3]_inst_i_1/O
                         net (fo=1, routed)           1.051     1.445    Seg7_fpga_OBUF[3]
    K13                  OBUF (Prop_obuf_I_O)         1.313     2.758 r  Seg7_fpga_OBUF[3]_inst/O
                         net (fo=0)                   0.000     2.758    Seg7_fpga[3]
    K13                                                               r  Seg7_fpga[3] (OUT)
  -------------------------------------------------------------------    -------------------





--------------------------------------------------------------------------------------
Path Group:  (none)
From Clock:  clkfbout_clk_wiz_0
  To Clock:  

Max Delay             1 Endpoint
Min Delay             1 Endpoint
--------------------------------------------------------------------------------------


Max Delay Paths
--------------------------------------------------------------------------------------
Slack:                    inf
  Source:                 clk_wiz_inst/inst/mmcm_adv_inst/CLKFBOUT
                            (clock source 'clkfbout_clk_wiz_0'  {rise@0.000ns fall@25.000ns period=50.000ns})
  Destination:            clk_wiz_inst/inst/mmcm_adv_inst/CLKFBIN
  Path Group:             (none)
  Path Type:              Max at Fast Process Corner
  Data Path Delay:        1.396ns  (logic 0.029ns (2.077%)  route 1.367ns (97.923%))
  Logic Levels:           1  (BUFG=1)
  Clock Uncertainty:      0.383ns  ((TSJ^2 + DJ^2)^1/2) / 2 + PE
    Total System Jitter     (TSJ):    0.050ns
    Discrete Jitter          (DJ):    0.171ns
    Phase Error              (PE):    0.294ns

    Location             Delay type                Incr(ns)  Path(ns)    Netlist Resource(s)
  -------------------------------------------------------------------    -------------------
                         (clock clkfbout_clk_wiz_0 fall edge)
                                                     25.000    25.000 f  
    E3                                                0.000    25.000 f  clk_100MHz (IN)
                         net (fo=0)                   0.000    25.000    clk_wiz_inst/inst/clk_in1
    E3                   IBUF (Prop_ibuf_I_O)         0.438    25.438 f  clk_wiz_inst/inst/clkin1_ibufg/O
                         net (fo=1, routed)           0.480    25.918    clk_wiz_inst/inst/clk_in1_clk_wiz_0
  -------------------------------------------------------------------    -------------------
    MMCME2_ADV_X1Y2      MMCME2_ADV (Prop_mmcme2_adv_CLKIN1_CLKFBOUT)
                                                     -3.163    22.755 f  clk_wiz_inst/inst/mmcm_adv_inst/CLKFBOUT
                         net (fo=1, routed)           0.544    23.298    clk_wiz_inst/inst/clkfbout_clk_wiz_0
    BUFGCTRL_X0Y17       BUFG (Prop_bufg_I_O)         0.029    23.327 f  clk_wiz_inst/inst/clkf_buf/O
                         net (fo=1, routed)           0.824    24.151    clk_wiz_inst/inst/clkfbout_buf_clk_wiz_0
    MMCME2_ADV_X1Y2      MMCME2_ADV                                   f  clk_wiz_inst/inst/mmcm_adv_inst/CLKFBIN
  -------------------------------------------------------------------    -------------------





Min Delay Paths
--------------------------------------------------------------------------------------
Slack:                    inf
  Source:                 clk_wiz_inst/inst/mmcm_adv_inst/CLKFBOUT
                            (clock source 'clkfbout_clk_wiz_0'  {rise@0.000ns fall@25.000ns period=50.000ns})
  Destination:            clk_wiz_inst/inst/mmcm_adv_inst/CLKFBIN
  Path Group:             (none)
  Path Type:              Min at Slow Process Corner
  Data Path Delay:        3.236ns  (logic 0.091ns (2.812%)  route 3.145ns (97.188%))
  Logic Levels:           1  (BUFG=1)
  Clock Uncertainty:      0.383ns  ((TSJ^2 + DJ^2)^1/2) / 2 + PE
    Total System Jitter     (TSJ):    0.050ns
    Discrete Jitter          (DJ):    0.171ns
    Phase Error              (PE):    0.294ns

    Location             Delay type                Incr(ns)  Path(ns)    Netlist Resource(s)
  -------------------------------------------------------------------    -------------------
                         (clock clkfbout_clk_wiz_0 rise edge)
                                                      0.000     0.000 r  
    E3                                                0.000     0.000 r  clk_100MHz (IN)
                         net (fo=0)                   0.000     0.000    clk_wiz_inst/inst/clk_in1
    E3                   IBUF (Prop_ibuf_I_O)         1.411     1.411 r  clk_wiz_inst/inst/clkin1_ibufg/O
                         net (fo=1, routed)           1.162     2.573    clk_wiz_inst/inst/clk_in1_clk_wiz_0
  -------------------------------------------------------------------    -------------------
    MMCME2_ADV_X1Y2      MMCME2_ADV (Prop_mmcme2_adv_CLKIN1_CLKFBOUT)
                                                     -7.324    -4.751 r  clk_wiz_inst/inst/mmcm_adv_inst/CLKFBOUT
                         net (fo=1, routed)           1.639    -3.112    clk_wiz_inst/inst/clkfbout_clk_wiz_0
    BUFGCTRL_X0Y17       BUFG (Prop_bufg_I_O)         0.091    -3.021 r  clk_wiz_inst/inst/clkf_buf/O
                         net (fo=1, routed)           1.506    -1.515    clk_wiz_inst/inst/clkfbout_buf_clk_wiz_0
    MMCME2_ADV_X1Y2      MMCME2_ADV                                   r  clk_wiz_inst/inst/mmcm_adv_inst/CLKFBIN
  -------------------------------------------------------------------    -------------------





--------------------------------------------------------------------------------------
Path Group:  (none)
From Clock:  
  To Clock:  clk_out1_clk_wiz_0

Max Delay           663 Endpoints
Min Delay           663 Endpoints
--------------------------------------------------------------------------------------


Max Delay Paths
--------------------------------------------------------------------------------------
Slack:                    inf
  Source:                 reset
                            (input port)
  Destination:            cpci/count_for_mem/butt_deb/debounce_cnt_reg[0]/R
                            (rising edge-triggered cell FDRE clocked by clk_out1_clk_wiz_0  {rise@0.000ns fall@6.757ns period=13.514ns})
  Path Group:             (none)
  Path Type:              Setup (Max at Slow Process Corner)
  Data Path Delay:        8.127ns  (logic 1.602ns (19.707%)  route 6.525ns (80.293%))
  Logic Levels:           2  (IBUF=1 LUT3=1)
  Clock Path Skew:        -1.415ns (DCD - SCD + CPR)
    Destination Clock Delay (DCD):    -1.415ns
    Source Clock Delay      (SCD):    0.000ns
    Clock Pessimism Removal (CPR):    0.000ns
  Clock Uncertainty:      0.420ns  ((TSJ^2 + DJ^2)^1/2) / 2 + PE
    Total System Jitter     (TSJ):    0.050ns
    Discrete Jitter          (DJ):    0.246ns
    Phase Error              (PE):    0.294ns

    Location             Delay type                Incr(ns)  Path(ns)    Netlist Resource(s)
  -------------------------------------------------------------------    -------------------
    J15                                               0.000     0.000 r  reset (IN)
                         net (fo=0)                   0.000     0.000    reset
    J15                  IBUF (Prop_ibuf_I_O)         1.478     1.478 r  reset_IBUF_inst/O
                         net (fo=357, routed)         4.990     6.468    cpci/count_for_mem/butt_deb/reset_IBUF
    SLICE_X0Y61          LUT3 (Prop_lut3_I0_O)        0.124     6.592 r  cpci/count_for_mem/butt_deb/debounce_cnt[0]_i_1/O
                         net (fo=21, routed)          1.535     8.127    cpci/count_for_mem/butt_deb/debounce_cnt[0]_i_1_n_0
    SLICE_X1Y55          FDRE                                         r  cpci/count_for_mem/butt_deb/debounce_cnt_reg[0]/R
  -------------------------------------------------------------------    -------------------

                         (clock clk_out1_clk_wiz_0 rise edge)
                                                      0.000     0.000 r  
    E3                                                0.000     0.000 r  clk_100MHz (IN)
                         net (fo=0)                   0.000     0.000    clk_wiz_inst/inst/clk_in1
    E3                   IBUF (Prop_ibuf_I_O)         1.411     1.411 r  clk_wiz_inst/inst/clkin1_ibufg/O
                         net (fo=1, routed)           1.162     2.573    clk_wiz_inst/inst/clk_in1_clk_wiz_0
    MMCME2_ADV_X1Y2      MMCME2_ADV (Prop_mmcme2_adv_CLKIN1_CLKOUT0)
                                                     -7.324    -4.751 r  clk_wiz_inst/inst/mmcm_adv_inst/CLKOUT0
                         net (fo=1, routed)           1.639    -3.112    clk_wiz_inst/inst/clk_out1_clk_wiz_0
    BUFGCTRL_X0Y16       BUFG (Prop_bufg_I_O)         0.091    -3.021 r  clk_wiz_inst/inst/clkout1_buf/O
                         net (fo=870, routed)         1.605    -1.415    cpci/count_for_mem/butt_deb/clk_out1
    SLICE_X1Y55          FDRE                                         r  cpci/count_for_mem/butt_deb/debounce_cnt_reg[0]/C

Slack:                    inf
  Source:                 reset
                            (input port)
  Destination:            cpci/count_for_mem/butt_deb/debounce_cnt_reg[1]/R
                            (rising edge-triggered cell FDRE clocked by clk_out1_clk_wiz_0  {rise@0.000ns fall@6.757ns period=13.514ns})
  Path Group:             (none)
  Path Type:              Setup (Max at Slow Process Corner)
  Data Path Delay:        8.127ns  (logic 1.602ns (19.707%)  route 6.525ns (80.293%))
  Logic Levels:           2  (IBUF=1 LUT3=1)
  Clock Path Skew:        -1.415ns (DCD - SCD + CPR)
    Destination Clock Delay (DCD):    -1.415ns
    Source Clock Delay      (SCD):    0.000ns
    Clock Pessimism Removal (CPR):    0.000ns
  Clock Uncertainty:      0.420ns  ((TSJ^2 + DJ^2)^1/2) / 2 + PE
    Total System Jitter     (TSJ):    0.050ns
    Discrete Jitter          (DJ):    0.246ns
    Phase Error              (PE):    0.294ns

    Location             Delay type                Incr(ns)  Path(ns)    Netlist Resource(s)
  -------------------------------------------------------------------    -------------------
    J15                                               0.000     0.000 r  reset (IN)
                         net (fo=0)                   0.000     0.000    reset
    J15                  IBUF (Prop_ibuf_I_O)         1.478     1.478 r  reset_IBUF_inst/O
                         net (fo=357, routed)         4.990     6.468    cpci/count_for_mem/butt_deb/reset_IBUF
    SLICE_X0Y61          LUT3 (Prop_lut3_I0_O)        0.124     6.592 r  cpci/count_for_mem/butt_deb/debounce_cnt[0]_i_1/O
                         net (fo=21, routed)          1.535     8.127    cpci/count_for_mem/butt_deb/debounce_cnt[0]_i_1_n_0
    SLICE_X1Y55          FDRE                                         r  cpci/count_for_mem/butt_deb/debounce_cnt_reg[1]/R
  -------------------------------------------------------------------    -------------------

                         (clock clk_out1_clk_wiz_0 rise edge)
                                                      0.000     0.000 r  
    E3                                                0.000     0.000 r  clk_100MHz (IN)
                         net (fo=0)                   0.000     0.000    clk_wiz_inst/inst/clk_in1
    E3                   IBUF (Prop_ibuf_I_O)         1.411     1.411 r  clk_wiz_inst/inst/clkin1_ibufg/O
                         net (fo=1, routed)           1.162     2.573    clk_wiz_inst/inst/clk_in1_clk_wiz_0
    MMCME2_ADV_X1Y2      MMCME2_ADV (Prop_mmcme2_adv_CLKIN1_CLKOUT0)
                                                     -7.324    -4.751 r  clk_wiz_inst/inst/mmcm_adv_inst/CLKOUT0
                         net (fo=1, routed)           1.639    -3.112    clk_wiz_inst/inst/clk_out1_clk_wiz_0
    BUFGCTRL_X0Y16       BUFG (Prop_bufg_I_O)         0.091    -3.021 r  clk_wiz_inst/inst/clkout1_buf/O
                         net (fo=870, routed)         1.605    -1.415    cpci/count_for_mem/butt_deb/clk_out1
    SLICE_X1Y55          FDRE                                         r  cpci/count_for_mem/butt_deb/debounce_cnt_reg[1]/C

Slack:                    inf
  Source:                 reset
                            (input port)
  Destination:            cpci/count_for_mem/butt_deb/debounce_cnt_reg[2]/R
                            (rising edge-triggered cell FDRE clocked by clk_out1_clk_wiz_0  {rise@0.000ns fall@6.757ns period=13.514ns})
  Path Group:             (none)
  Path Type:              Setup (Max at Slow Process Corner)
  Data Path Delay:        8.127ns  (logic 1.602ns (19.707%)  route 6.525ns (80.293%))
  Logic Levels:           2  (IBUF=1 LUT3=1)
  Clock Path Skew:        -1.415ns (DCD - SCD + CPR)
    Destination Clock Delay (DCD):    -1.415ns
    Source Clock Delay      (SCD):    0.000ns
    Clock Pessimism Removal (CPR):    0.000ns
  Clock Uncertainty:      0.420ns  ((TSJ^2 + DJ^2)^1/2) / 2 + PE
    Total System Jitter     (TSJ):    0.050ns
    Discrete Jitter          (DJ):    0.246ns
    Phase Error              (PE):    0.294ns

    Location             Delay type                Incr(ns)  Path(ns)    Netlist Resource(s)
  -------------------------------------------------------------------    -------------------
    J15                                               0.000     0.000 r  reset (IN)
                         net (fo=0)                   0.000     0.000    reset
    J15                  IBUF (Prop_ibuf_I_O)         1.478     1.478 r  reset_IBUF_inst/O
                         net (fo=357, routed)         4.990     6.468    cpci/count_for_mem/butt_deb/reset_IBUF
    SLICE_X0Y61          LUT3 (Prop_lut3_I0_O)        0.124     6.592 r  cpci/count_for_mem/butt_deb/debounce_cnt[0]_i_1/O
                         net (fo=21, routed)          1.535     8.127    cpci/count_for_mem/butt_deb/debounce_cnt[0]_i_1_n_0
    SLICE_X1Y55          FDRE                                         r  cpci/count_for_mem/butt_deb/debounce_cnt_reg[2]/R
  -------------------------------------------------------------------    -------------------

                         (clock clk_out1_clk_wiz_0 rise edge)
                                                      0.000     0.000 r  
    E3                                                0.000     0.000 r  clk_100MHz (IN)
                         net (fo=0)                   0.000     0.000    clk_wiz_inst/inst/clk_in1
    E3                   IBUF (Prop_ibuf_I_O)         1.411     1.411 r  clk_wiz_inst/inst/clkin1_ibufg/O
                         net (fo=1, routed)           1.162     2.573    clk_wiz_inst/inst/clk_in1_clk_wiz_0
    MMCME2_ADV_X1Y2      MMCME2_ADV (Prop_mmcme2_adv_CLKIN1_CLKOUT0)
                                                     -7.324    -4.751 r  clk_wiz_inst/inst/mmcm_adv_inst/CLKOUT0
                         net (fo=1, routed)           1.639    -3.112    clk_wiz_inst/inst/clk_out1_clk_wiz_0
    BUFGCTRL_X0Y16       BUFG (Prop_bufg_I_O)         0.091    -3.021 r  clk_wiz_inst/inst/clkout1_buf/O
                         net (fo=870, routed)         1.605    -1.415    cpci/count_for_mem/butt_deb/clk_out1
    SLICE_X1Y55          FDRE                                         r  cpci/count_for_mem/butt_deb/debounce_cnt_reg[2]/C

Slack:                    inf
  Source:                 reset
                            (input port)
  Destination:            cpci/count_for_mem/butt_deb/debounce_cnt_reg[3]/R
                            (rising edge-triggered cell FDRE clocked by clk_out1_clk_wiz_0  {rise@0.000ns fall@6.757ns period=13.514ns})
  Path Group:             (none)
  Path Type:              Setup (Max at Slow Process Corner)
  Data Path Delay:        8.127ns  (logic 1.602ns (19.707%)  route 6.525ns (80.293%))
  Logic Levels:           2  (IBUF=1 LUT3=1)
  Clock Path Skew:        -1.415ns (DCD - SCD + CPR)
    Destination Clock Delay (DCD):    -1.415ns
    Source Clock Delay      (SCD):    0.000ns
    Clock Pessimism Removal (CPR):    0.000ns
  Clock Uncertainty:      0.420ns  ((TSJ^2 + DJ^2)^1/2) / 2 + PE
    Total System Jitter     (TSJ):    0.050ns
    Discrete Jitter          (DJ):    0.246ns
    Phase Error              (PE):    0.294ns

    Location             Delay type                Incr(ns)  Path(ns)    Netlist Resource(s)
  -------------------------------------------------------------------    -------------------
    J15                                               0.000     0.000 r  reset (IN)
                         net (fo=0)                   0.000     0.000    reset
    J15                  IBUF (Prop_ibuf_I_O)         1.478     1.478 r  reset_IBUF_inst/O
                         net (fo=357, routed)         4.990     6.468    cpci/count_for_mem/butt_deb/reset_IBUF
    SLICE_X0Y61          LUT3 (Prop_lut3_I0_O)        0.124     6.592 r  cpci/count_for_mem/butt_deb/debounce_cnt[0]_i_1/O
                         net (fo=21, routed)          1.535     8.127    cpci/count_for_mem/butt_deb/debounce_cnt[0]_i_1_n_0
    SLICE_X1Y55          FDRE                                         r  cpci/count_for_mem/butt_deb/debounce_cnt_reg[3]/R
  -------------------------------------------------------------------    -------------------

                         (clock clk_out1_clk_wiz_0 rise edge)
                                                      0.000     0.000 r  
    E3                                                0.000     0.000 r  clk_100MHz (IN)
                         net (fo=0)                   0.000     0.000    clk_wiz_inst/inst/clk_in1
    E3                   IBUF (Prop_ibuf_I_O)         1.411     1.411 r  clk_wiz_inst/inst/clkin1_ibufg/O
                         net (fo=1, routed)           1.162     2.573    clk_wiz_inst/inst/clk_in1_clk_wiz_0
    MMCME2_ADV_X1Y2      MMCME2_ADV (Prop_mmcme2_adv_CLKIN1_CLKOUT0)
                                                     -7.324    -4.751 r  clk_wiz_inst/inst/mmcm_adv_inst/CLKOUT0
                         net (fo=1, routed)           1.639    -3.112    clk_wiz_inst/inst/clk_out1_clk_wiz_0
    BUFGCTRL_X0Y16       BUFG (Prop_bufg_I_O)         0.091    -3.021 r  clk_wiz_inst/inst/clkout1_buf/O
                         net (fo=870, routed)         1.605    -1.415    cpci/count_for_mem/butt_deb/clk_out1
    SLICE_X1Y55          FDRE                                         r  cpci/count_for_mem/butt_deb/debounce_cnt_reg[3]/C

Slack:                    inf
  Source:                 reset
                            (input port)
  Destination:            cpci/count_for_mem/butt_deb/debounce_cnt_reg[4]/R
                            (rising edge-triggered cell FDRE clocked by clk_out1_clk_wiz_0  {rise@0.000ns fall@6.757ns period=13.514ns})
  Path Group:             (none)
  Path Type:              Setup (Max at Slow Process Corner)
  Data Path Delay:        7.986ns  (logic 1.602ns (20.055%)  route 6.384ns (79.945%))
  Logic Levels:           2  (IBUF=1 LUT3=1)
  Clock Path Skew:        -1.415ns (DCD - SCD + CPR)
    Destination Clock Delay (DCD):    -1.415ns
    Source Clock Delay      (SCD):    0.000ns
    Clock Pessimism Removal (CPR):    0.000ns
  Clock Uncertainty:      0.420ns  ((TSJ^2 + DJ^2)^1/2) / 2 + PE
    Total System Jitter     (TSJ):    0.050ns
    Discrete Jitter          (DJ):    0.246ns
    Phase Error              (PE):    0.294ns

    Location             Delay type                Incr(ns)  Path(ns)    Netlist Resource(s)
  -------------------------------------------------------------------    -------------------
    J15                                               0.000     0.000 r  reset (IN)
                         net (fo=0)                   0.000     0.000    reset
    J15                  IBUF (Prop_ibuf_I_O)         1.478     1.478 r  reset_IBUF_inst/O
                         net (fo=357, routed)         4.990     6.468    cpci/count_for_mem/butt_deb/reset_IBUF
    SLICE_X0Y61          LUT3 (Prop_lut3_I0_O)        0.124     6.592 r  cpci/count_for_mem/butt_deb/debounce_cnt[0]_i_1/O
                         net (fo=21, routed)          1.394     7.986    cpci/count_for_mem/butt_deb/debounce_cnt[0]_i_1_n_0
    SLICE_X1Y56          FDRE                                         r  cpci/count_for_mem/butt_deb/debounce_cnt_reg[4]/R
  -------------------------------------------------------------------    -------------------

                         (clock clk_out1_clk_wiz_0 rise edge)
                                                      0.000     0.000 r  
    E3                                                0.000     0.000 r  clk_100MHz (IN)
                         net (fo=0)                   0.000     0.000    clk_wiz_inst/inst/clk_in1
    E3                   IBUF (Prop_ibuf_I_O)         1.411     1.411 r  clk_wiz_inst/inst/clkin1_ibufg/O
                         net (fo=1, routed)           1.162     2.573    clk_wiz_inst/inst/clk_in1_clk_wiz_0
    MMCME2_ADV_X1Y2      MMCME2_ADV (Prop_mmcme2_adv_CLKIN1_CLKOUT0)
                                                     -7.324    -4.751 r  clk_wiz_inst/inst/mmcm_adv_inst/CLKOUT0
                         net (fo=1, routed)           1.639    -3.112    clk_wiz_inst/inst/clk_out1_clk_wiz_0
    BUFGCTRL_X0Y16       BUFG (Prop_bufg_I_O)         0.091    -3.021 r  clk_wiz_inst/inst/clkout1_buf/O
                         net (fo=870, routed)         1.605    -1.415    cpci/count_for_mem/butt_deb/clk_out1
    SLICE_X1Y56          FDRE                                         r  cpci/count_for_mem/butt_deb/debounce_cnt_reg[4]/C

Slack:                    inf
  Source:                 reset
                            (input port)
  Destination:            cpci/count_for_mem/butt_deb/debounce_cnt_reg[5]/R
                            (rising edge-triggered cell FDRE clocked by clk_out1_clk_wiz_0  {rise@0.000ns fall@6.757ns period=13.514ns})
  Path Group:             (none)
  Path Type:              Setup (Max at Slow Process Corner)
  Data Path Delay:        7.986ns  (logic 1.602ns (20.055%)  route 6.384ns (79.945%))
  Logic Levels:           2  (IBUF=1 LUT3=1)
  Clock Path Skew:        -1.415ns (DCD - SCD + CPR)
    Destination Clock Delay (DCD):    -1.415ns
    Source Clock Delay      (SCD):    0.000ns
    Clock Pessimism Removal (CPR):    0.000ns
  Clock Uncertainty:      0.420ns  ((TSJ^2 + DJ^2)^1/2) / 2 + PE
    Total System Jitter     (TSJ):    0.050ns
    Discrete Jitter          (DJ):    0.246ns
    Phase Error              (PE):    0.294ns

    Location             Delay type                Incr(ns)  Path(ns)    Netlist Resource(s)
  -------------------------------------------------------------------    -------------------
    J15                                               0.000     0.000 r  reset (IN)
                         net (fo=0)                   0.000     0.000    reset
    J15                  IBUF (Prop_ibuf_I_O)         1.478     1.478 r  reset_IBUF_inst/O
                         net (fo=357, routed)         4.990     6.468    cpci/count_for_mem/butt_deb/reset_IBUF
    SLICE_X0Y61          LUT3 (Prop_lut3_I0_O)        0.124     6.592 r  cpci/count_for_mem/butt_deb/debounce_cnt[0]_i_1/O
                         net (fo=21, routed)          1.394     7.986    cpci/count_for_mem/butt_deb/debounce_cnt[0]_i_1_n_0
    SLICE_X1Y56          FDRE                                         r  cpci/count_for_mem/butt_deb/debounce_cnt_reg[5]/R
  -------------------------------------------------------------------    -------------------

                         (clock clk_out1_clk_wiz_0 rise edge)
                                                      0.000     0.000 r  
    E3                                                0.000     0.000 r  clk_100MHz (IN)
                         net (fo=0)                   0.000     0.000    clk_wiz_inst/inst/clk_in1
    E3                   IBUF (Prop_ibuf_I_O)         1.411     1.411 r  clk_wiz_inst/inst/clkin1_ibufg/O
                         net (fo=1, routed)           1.162     2.573    clk_wiz_inst/inst/clk_in1_clk_wiz_0
    MMCME2_ADV_X1Y2      MMCME2_ADV (Prop_mmcme2_adv_CLKIN1_CLKOUT0)
                                                     -7.324    -4.751 r  clk_wiz_inst/inst/mmcm_adv_inst/CLKOUT0
                         net (fo=1, routed)           1.639    -3.112    clk_wiz_inst/inst/clk_out1_clk_wiz_0
    BUFGCTRL_X0Y16       BUFG (Prop_bufg_I_O)         0.091    -3.021 r  clk_wiz_inst/inst/clkout1_buf/O
                         net (fo=870, routed)         1.605    -1.415    cpci/count_for_mem/butt_deb/clk_out1
    SLICE_X1Y56          FDRE                                         r  cpci/count_for_mem/butt_deb/debounce_cnt_reg[5]/C

Slack:                    inf
  Source:                 reset
                            (input port)
  Destination:            cpci/count_for_mem/butt_deb/debounce_cnt_reg[6]/R
                            (rising edge-triggered cell FDRE clocked by clk_out1_clk_wiz_0  {rise@0.000ns fall@6.757ns period=13.514ns})
  Path Group:             (none)
  Path Type:              Setup (Max at Slow Process Corner)
  Data Path Delay:        7.986ns  (logic 1.602ns (20.055%)  route 6.384ns (79.945%))
  Logic Levels:           2  (IBUF=1 LUT3=1)
  Clock Path Skew:        -1.415ns (DCD - SCD + CPR)
    Destination Clock Delay (DCD):    -1.415ns
    Source Clock Delay      (SCD):    0.000ns
    Clock Pessimism Removal (CPR):    0.000ns
  Clock Uncertainty:      0.420ns  ((TSJ^2 + DJ^2)^1/2) / 2 + PE
    Total System Jitter     (TSJ):    0.050ns
    Discrete Jitter          (DJ):    0.246ns
    Phase Error              (PE):    0.294ns

    Location             Delay type                Incr(ns)  Path(ns)    Netlist Resource(s)
  -------------------------------------------------------------------    -------------------
    J15                                               0.000     0.000 r  reset (IN)
                         net (fo=0)                   0.000     0.000    reset
    J15                  IBUF (Prop_ibuf_I_O)         1.478     1.478 r  reset_IBUF_inst/O
                         net (fo=357, routed)         4.990     6.468    cpci/count_for_mem/butt_deb/reset_IBUF
    SLICE_X0Y61          LUT3 (Prop_lut3_I0_O)        0.124     6.592 r  cpci/count_for_mem/butt_deb/debounce_cnt[0]_i_1/O
                         net (fo=21, routed)          1.394     7.986    cpci/count_for_mem/butt_deb/debounce_cnt[0]_i_1_n_0
    SLICE_X1Y56          FDRE                                         r  cpci/count_for_mem/butt_deb/debounce_cnt_reg[6]/R
  -------------------------------------------------------------------    -------------------

                         (clock clk_out1_clk_wiz_0 rise edge)
                                                      0.000     0.000 r  
    E3                                                0.000     0.000 r  clk_100MHz (IN)
                         net (fo=0)                   0.000     0.000    clk_wiz_inst/inst/clk_in1
    E3                   IBUF (Prop_ibuf_I_O)         1.411     1.411 r  clk_wiz_inst/inst/clkin1_ibufg/O
                         net (fo=1, routed)           1.162     2.573    clk_wiz_inst/inst/clk_in1_clk_wiz_0
    MMCME2_ADV_X1Y2      MMCME2_ADV (Prop_mmcme2_adv_CLKIN1_CLKOUT0)
                                                     -7.324    -4.751 r  clk_wiz_inst/inst/mmcm_adv_inst/CLKOUT0
                         net (fo=1, routed)           1.639    -3.112    clk_wiz_inst/inst/clk_out1_clk_wiz_0
    BUFGCTRL_X0Y16       BUFG (Prop_bufg_I_O)         0.091    -3.021 r  clk_wiz_inst/inst/clkout1_buf/O
                         net (fo=870, routed)         1.605    -1.415    cpci/count_for_mem/butt_deb/clk_out1
    SLICE_X1Y56          FDRE                                         r  cpci/count_for_mem/butt_deb/debounce_cnt_reg[6]/C

Slack:                    inf
  Source:                 reset
                            (input port)
  Destination:            cpci/count_for_mem/butt_deb/debounce_cnt_reg[7]/R
                            (rising edge-triggered cell FDRE clocked by clk_out1_clk_wiz_0  {rise@0.000ns fall@6.757ns period=13.514ns})
  Path Group:             (none)
  Path Type:              Setup (Max at Slow Process Corner)
  Data Path Delay:        7.986ns  (logic 1.602ns (20.055%)  route 6.384ns (79.945%))
  Logic Levels:           2  (IBUF=1 LUT3=1)
  Clock Path Skew:        -1.415ns (DCD - SCD + CPR)
    Destination Clock Delay (DCD):    -1.415ns
    Source Clock Delay      (SCD):    0.000ns
    Clock Pessimism Removal (CPR):    0.000ns
  Clock Uncertainty:      0.420ns  ((TSJ^2 + DJ^2)^1/2) / 2 + PE
    Total System Jitter     (TSJ):    0.050ns
    Discrete Jitter          (DJ):    0.246ns
    Phase Error              (PE):    0.294ns

    Location             Delay type                Incr(ns)  Path(ns)    Netlist Resource(s)
  -------------------------------------------------------------------    -------------------
    J15                                               0.000     0.000 r  reset (IN)
                         net (fo=0)                   0.000     0.000    reset
    J15                  IBUF (Prop_ibuf_I_O)         1.478     1.478 r  reset_IBUF_inst/O
                         net (fo=357, routed)         4.990     6.468    cpci/count_for_mem/butt_deb/reset_IBUF
    SLICE_X0Y61          LUT3 (Prop_lut3_I0_O)        0.124     6.592 r  cpci/count_for_mem/butt_deb/debounce_cnt[0]_i_1/O
                         net (fo=21, routed)          1.394     7.986    cpci/count_for_mem/butt_deb/debounce_cnt[0]_i_1_n_0
    SLICE_X1Y56          FDRE                                         r  cpci/count_for_mem/butt_deb/debounce_cnt_reg[7]/R
  -------------------------------------------------------------------    -------------------

                         (clock clk_out1_clk_wiz_0 rise edge)
                                                      0.000     0.000 r  
    E3                                                0.000     0.000 r  clk_100MHz (IN)
                         net (fo=0)                   0.000     0.000    clk_wiz_inst/inst/clk_in1
    E3                   IBUF (Prop_ibuf_I_O)         1.411     1.411 r  clk_wiz_inst/inst/clkin1_ibufg/O
                         net (fo=1, routed)           1.162     2.573    clk_wiz_inst/inst/clk_in1_clk_wiz_0
    MMCME2_ADV_X1Y2      MMCME2_ADV (Prop_mmcme2_adv_CLKIN1_CLKOUT0)
                                                     -7.324    -4.751 r  clk_wiz_inst/inst/mmcm_adv_inst/CLKOUT0
                         net (fo=1, routed)           1.639    -3.112    clk_wiz_inst/inst/clk_out1_clk_wiz_0
    BUFGCTRL_X0Y16       BUFG (Prop_bufg_I_O)         0.091    -3.021 r  clk_wiz_inst/inst/clkout1_buf/O
                         net (fo=870, routed)         1.605    -1.415    cpci/count_for_mem/butt_deb/clk_out1
    SLICE_X1Y56          FDRE                                         r  cpci/count_for_mem/butt_deb/debounce_cnt_reg[7]/C

Slack:                    inf
  Source:                 reset
                            (input port)
  Destination:            cpci/count_for_mem/butt_deb/debounce_cnt_reg[10]/R
                            (rising edge-triggered cell FDRE clocked by clk_out1_clk_wiz_0  {rise@0.000ns fall@6.757ns period=13.514ns})
  Path Group:             (none)
  Path Type:              Setup (Max at Slow Process Corner)
  Data Path Delay:        7.835ns  (logic 1.602ns (20.441%)  route 6.234ns (79.559%))
  Logic Levels:           2  (IBUF=1 LUT3=1)
  Clock Path Skew:        -1.416ns (DCD - SCD + CPR)
    Destination Clock Delay (DCD):    -1.416ns
    Source Clock Delay      (SCD):    0.000ns
    Clock Pessimism Removal (CPR):    0.000ns
  Clock Uncertainty:      0.420ns  ((TSJ^2 + DJ^2)^1/2) / 2 + PE
    Total System Jitter     (TSJ):    0.050ns
    Discrete Jitter          (DJ):    0.246ns
    Phase Error              (PE):    0.294ns

    Location             Delay type                Incr(ns)  Path(ns)    Netlist Resource(s)
  -------------------------------------------------------------------    -------------------
    J15                                               0.000     0.000 r  reset (IN)
                         net (fo=0)                   0.000     0.000    reset
    J15                  IBUF (Prop_ibuf_I_O)         1.478     1.478 r  reset_IBUF_inst/O
                         net (fo=357, routed)         4.990     6.468    cpci/count_for_mem/butt_deb/reset_IBUF
    SLICE_X0Y61          LUT3 (Prop_lut3_I0_O)        0.124     6.592 r  cpci/count_for_mem/butt_deb/debounce_cnt[0]_i_1/O
                         net (fo=21, routed)          1.243     7.835    cpci/count_for_mem/butt_deb/debounce_cnt[0]_i_1_n_0
    SLICE_X1Y57          FDRE                                         r  cpci/count_for_mem/butt_deb/debounce_cnt_reg[10]/R
  -------------------------------------------------------------------    -------------------

                         (clock clk_out1_clk_wiz_0 rise edge)
                                                      0.000     0.000 r  
    E3                                                0.000     0.000 r  clk_100MHz (IN)
                         net (fo=0)                   0.000     0.000    clk_wiz_inst/inst/clk_in1
    E3                   IBUF (Prop_ibuf_I_O)         1.411     1.411 r  clk_wiz_inst/inst/clkin1_ibufg/O
                         net (fo=1, routed)           1.162     2.573    clk_wiz_inst/inst/clk_in1_clk_wiz_0
    MMCME2_ADV_X1Y2      MMCME2_ADV (Prop_mmcme2_adv_CLKIN1_CLKOUT0)
                                                     -7.324    -4.751 r  clk_wiz_inst/inst/mmcm_adv_inst/CLKOUT0
                         net (fo=1, routed)           1.639    -3.112    clk_wiz_inst/inst/clk_out1_clk_wiz_0
    BUFGCTRL_X0Y16       BUFG (Prop_bufg_I_O)         0.091    -3.021 r  clk_wiz_inst/inst/clkout1_buf/O
                         net (fo=870, routed)         1.604    -1.416    cpci/count_for_mem/butt_deb/clk_out1
    SLICE_X1Y57          FDRE                                         r  cpci/count_for_mem/butt_deb/debounce_cnt_reg[10]/C

Slack:                    inf
  Source:                 reset
                            (input port)
  Destination:            cpci/count_for_mem/butt_deb/debounce_cnt_reg[11]/R
                            (rising edge-triggered cell FDRE clocked by clk_out1_clk_wiz_0  {rise@0.000ns fall@6.757ns period=13.514ns})
  Path Group:             (none)
  Path Type:              Setup (Max at Slow Process Corner)
  Data Path Delay:        7.835ns  (logic 1.602ns (20.441%)  route 6.234ns (79.559%))
  Logic Levels:           2  (IBUF=1 LUT3=1)
  Clock Path Skew:        -1.416ns (DCD - SCD + CPR)
    Destination Clock Delay (DCD):    -1.416ns
    Source Clock Delay      (SCD):    0.000ns
    Clock Pessimism Removal (CPR):    0.000ns
  Clock Uncertainty:      0.420ns  ((TSJ^2 + DJ^2)^1/2) / 2 + PE
    Total System Jitter     (TSJ):    0.050ns
    Discrete Jitter          (DJ):    0.246ns
    Phase Error              (PE):    0.294ns

    Location             Delay type                Incr(ns)  Path(ns)    Netlist Resource(s)
  -------------------------------------------------------------------    -------------------
    J15                                               0.000     0.000 r  reset (IN)
                         net (fo=0)                   0.000     0.000    reset
    J15                  IBUF (Prop_ibuf_I_O)         1.478     1.478 r  reset_IBUF_inst/O
                         net (fo=357, routed)         4.990     6.468    cpci/count_for_mem/butt_deb/reset_IBUF
    SLICE_X0Y61          LUT3 (Prop_lut3_I0_O)        0.124     6.592 r  cpci/count_for_mem/butt_deb/debounce_cnt[0]_i_1/O
                         net (fo=21, routed)          1.243     7.835    cpci/count_for_mem/butt_deb/debounce_cnt[0]_i_1_n_0
    SLICE_X1Y57          FDRE                                         r  cpci/count_for_mem/butt_deb/debounce_cnt_reg[11]/R
  -------------------------------------------------------------------    -------------------

                         (clock clk_out1_clk_wiz_0 rise edge)
                                                      0.000     0.000 r  
    E3                                                0.000     0.000 r  clk_100MHz (IN)
                         net (fo=0)                   0.000     0.000    clk_wiz_inst/inst/clk_in1
    E3                   IBUF (Prop_ibuf_I_O)         1.411     1.411 r  clk_wiz_inst/inst/clkin1_ibufg/O
                         net (fo=1, routed)           1.162     2.573    clk_wiz_inst/inst/clk_in1_clk_wiz_0
    MMCME2_ADV_X1Y2      MMCME2_ADV (Prop_mmcme2_adv_CLKIN1_CLKOUT0)
                                                     -7.324    -4.751 r  clk_wiz_inst/inst/mmcm_adv_inst/CLKOUT0
                         net (fo=1, routed)           1.639    -3.112    clk_wiz_inst/inst/clk_out1_clk_wiz_0
    BUFGCTRL_X0Y16       BUFG (Prop_bufg_I_O)         0.091    -3.021 r  clk_wiz_inst/inst/clkout1_buf/O
                         net (fo=870, routed)         1.604    -1.416    cpci/count_for_mem/butt_deb/clk_out1
    SLICE_X1Y57          FDRE                                         r  cpci/count_for_mem/butt_deb/debounce_cnt_reg[11]/C





Min Delay Paths
--------------------------------------------------------------------------------------
Slack:                    inf
  Source:                 reset
                            (input port)
  Destination:            cpci/countty_inst/prev_PC_reg[24]/S
                            (rising edge-triggered cell FDSE clocked by clk_out1_clk_wiz_0  {rise@0.000ns fall@6.757ns period=13.514ns})
  Path Group:             (none)
  Path Type:              Hold (Min at Fast Process Corner)
  Data Path Delay:        0.822ns  (logic 0.245ns (29.875%)  route 0.576ns (70.125%))
  Logic Levels:           1  (IBUF=1)
  Clock Path Skew:        -0.800ns (DCD - SCD - CPR)
    Destination Clock Delay (DCD):    -0.800ns
    Source Clock Delay      (SCD):    0.000ns
    Clock Pessimism Removal (CPR):    -0.000ns

    Location             Delay type                Incr(ns)  Path(ns)    Netlist Resource(s)
  -------------------------------------------------------------------    -------------------
    J15                                               0.000     0.000 r  reset (IN)
                         net (fo=0)                   0.000     0.000    reset
    J15                  IBUF (Prop_ibuf_I_O)         0.245     0.245 r  reset_IBUF_inst/O
                         net (fo=357, routed)         0.576     0.822    cpci/countty_inst/reset_IBUF
    SLICE_X5Y91          FDSE                                         r  cpci/countty_inst/prev_PC_reg[24]/S
  -------------------------------------------------------------------    -------------------

                         (clock clk_out1_clk_wiz_0 rise edge)
                                                      0.000     0.000 r  
    E3                                                0.000     0.000 r  clk_100MHz (IN)
                         net (fo=0)                   0.000     0.000    clk_wiz_inst/inst/clk_in1
    E3                   IBUF (Prop_ibuf_I_O)         0.438     0.438 r  clk_wiz_inst/inst/clkin1_ibufg/O
                         net (fo=1, routed)           0.480     0.918    clk_wiz_inst/inst/clk_in1_clk_wiz_0
    MMCME2_ADV_X1Y2      MMCME2_ADV (Prop_mmcme2_adv_CLKIN1_CLKOUT0)
                                                     -3.163    -2.245 r  clk_wiz_inst/inst/mmcm_adv_inst/CLKOUT0
                         net (fo=1, routed)           0.544    -1.702    clk_wiz_inst/inst/clk_out1_clk_wiz_0
    BUFGCTRL_X0Y16       BUFG (Prop_bufg_I_O)         0.029    -1.673 r  clk_wiz_inst/inst/clkout1_buf/O
                         net (fo=870, routed)         0.873    -0.800    cpci/countty_inst/clk_out1
    SLICE_X5Y91          FDSE                                         r  cpci/countty_inst/prev_PC_reg[24]/C

Slack:                    inf
  Source:                 reset
                            (input port)
  Destination:            cpci/countty_inst/prev_PC_reg[25]/S
                            (rising edge-triggered cell FDSE clocked by clk_out1_clk_wiz_0  {rise@0.000ns fall@6.757ns period=13.514ns})
  Path Group:             (none)
  Path Type:              Hold (Min at Fast Process Corner)
  Data Path Delay:        0.822ns  (logic 0.245ns (29.875%)  route 0.576ns (70.125%))
  Logic Levels:           1  (IBUF=1)
  Clock Path Skew:        -0.800ns (DCD - SCD - CPR)
    Destination Clock Delay (DCD):    -0.800ns
    Source Clock Delay      (SCD):    0.000ns
    Clock Pessimism Removal (CPR):    -0.000ns

    Location             Delay type                Incr(ns)  Path(ns)    Netlist Resource(s)
  -------------------------------------------------------------------    -------------------
    J15                                               0.000     0.000 r  reset (IN)
                         net (fo=0)                   0.000     0.000    reset
    J15                  IBUF (Prop_ibuf_I_O)         0.245     0.245 r  reset_IBUF_inst/O
                         net (fo=357, routed)         0.576     0.822    cpci/countty_inst/reset_IBUF
    SLICE_X5Y91          FDSE                                         r  cpci/countty_inst/prev_PC_reg[25]/S
  -------------------------------------------------------------------    -------------------

                         (clock clk_out1_clk_wiz_0 rise edge)
                                                      0.000     0.000 r  
    E3                                                0.000     0.000 r  clk_100MHz (IN)
                         net (fo=0)                   0.000     0.000    clk_wiz_inst/inst/clk_in1
    E3                   IBUF (Prop_ibuf_I_O)         0.438     0.438 r  clk_wiz_inst/inst/clkin1_ibufg/O
                         net (fo=1, routed)           0.480     0.918    clk_wiz_inst/inst/clk_in1_clk_wiz_0
    MMCME2_ADV_X1Y2      MMCME2_ADV (Prop_mmcme2_adv_CLKIN1_CLKOUT0)
                                                     -3.163    -2.245 r  clk_wiz_inst/inst/mmcm_adv_inst/CLKOUT0
                         net (fo=1, routed)           0.544    -1.702    clk_wiz_inst/inst/clk_out1_clk_wiz_0
    BUFGCTRL_X0Y16       BUFG (Prop_bufg_I_O)         0.029    -1.673 r  clk_wiz_inst/inst/clkout1_buf/O
                         net (fo=870, routed)         0.873    -0.800    cpci/countty_inst/clk_out1
    SLICE_X5Y91          FDSE                                         r  cpci/countty_inst/prev_PC_reg[25]/C

Slack:                    inf
  Source:                 reset
                            (input port)
  Destination:            cpci/countty_inst/prev_PC_reg[26]/S
                            (rising edge-triggered cell FDSE clocked by clk_out1_clk_wiz_0  {rise@0.000ns fall@6.757ns period=13.514ns})
  Path Group:             (none)
  Path Type:              Hold (Min at Fast Process Corner)
  Data Path Delay:        0.826ns  (logic 0.245ns (29.717%)  route 0.580ns (70.283%))
  Logic Levels:           1  (IBUF=1)
  Clock Path Skew:        -0.800ns (DCD - SCD - CPR)
    Destination Clock Delay (DCD):    -0.800ns
    Source Clock Delay      (SCD):    0.000ns
    Clock Pessimism Removal (CPR):    -0.000ns

    Location             Delay type                Incr(ns)  Path(ns)    Netlist Resource(s)
  -------------------------------------------------------------------    -------------------
    J15                                               0.000     0.000 r  reset (IN)
                         net (fo=0)                   0.000     0.000    reset
    J15                  IBUF (Prop_ibuf_I_O)         0.245     0.245 r  reset_IBUF_inst/O
                         net (fo=357, routed)         0.580     0.826    cpci/countty_inst/reset_IBUF
    SLICE_X4Y91          FDSE                                         r  cpci/countty_inst/prev_PC_reg[26]/S
  -------------------------------------------------------------------    -------------------

                         (clock clk_out1_clk_wiz_0 rise edge)
                                                      0.000     0.000 r  
    E3                                                0.000     0.000 r  clk_100MHz (IN)
                         net (fo=0)                   0.000     0.000    clk_wiz_inst/inst/clk_in1
    E3                   IBUF (Prop_ibuf_I_O)         0.438     0.438 r  clk_wiz_inst/inst/clkin1_ibufg/O
                         net (fo=1, routed)           0.480     0.918    clk_wiz_inst/inst/clk_in1_clk_wiz_0
    MMCME2_ADV_X1Y2      MMCME2_ADV (Prop_mmcme2_adv_CLKIN1_CLKOUT0)
                                                     -3.163    -2.245 r  clk_wiz_inst/inst/mmcm_adv_inst/CLKOUT0
                         net (fo=1, routed)           0.544    -1.702    clk_wiz_inst/inst/clk_out1_clk_wiz_0
    BUFGCTRL_X0Y16       BUFG (Prop_bufg_I_O)         0.029    -1.673 r  clk_wiz_inst/inst/clkout1_buf/O
                         net (fo=870, routed)         0.873    -0.800    cpci/countty_inst/clk_out1
    SLICE_X4Y91          FDSE                                         r  cpci/countty_inst/prev_PC_reg[26]/C

Slack:                    inf
  Source:                 reset
                            (input port)
  Destination:            cpci/countty_inst/prev_PC_reg[27]/S
                            (rising edge-triggered cell FDSE clocked by clk_out1_clk_wiz_0  {rise@0.000ns fall@6.757ns period=13.514ns})
  Path Group:             (none)
  Path Type:              Hold (Min at Fast Process Corner)
  Data Path Delay:        0.826ns  (logic 0.245ns (29.717%)  route 0.580ns (70.283%))
  Logic Levels:           1  (IBUF=1)
  Clock Path Skew:        -0.800ns (DCD - SCD - CPR)
    Destination Clock Delay (DCD):    -0.800ns
    Source Clock Delay      (SCD):    0.000ns
    Clock Pessimism Removal (CPR):    -0.000ns

    Location             Delay type                Incr(ns)  Path(ns)    Netlist Resource(s)
  -------------------------------------------------------------------    -------------------
    J15                                               0.000     0.000 r  reset (IN)
                         net (fo=0)                   0.000     0.000    reset
    J15                  IBUF (Prop_ibuf_I_O)         0.245     0.245 r  reset_IBUF_inst/O
                         net (fo=357, routed)         0.580     0.826    cpci/countty_inst/reset_IBUF
    SLICE_X4Y91          FDSE                                         r  cpci/countty_inst/prev_PC_reg[27]/S
  -------------------------------------------------------------------    -------------------

                         (clock clk_out1_clk_wiz_0 rise edge)
                                                      0.000     0.000 r  
    E3                                                0.000     0.000 r  clk_100MHz (IN)
                         net (fo=0)                   0.000     0.000    clk_wiz_inst/inst/clk_in1
    E3                   IBUF (Prop_ibuf_I_O)         0.438     0.438 r  clk_wiz_inst/inst/clkin1_ibufg/O
                         net (fo=1, routed)           0.480     0.918    clk_wiz_inst/inst/clk_in1_clk_wiz_0
    MMCME2_ADV_X1Y2      MMCME2_ADV (Prop_mmcme2_adv_CLKIN1_CLKOUT0)
                                                     -3.163    -2.245 r  clk_wiz_inst/inst/mmcm_adv_inst/CLKOUT0
                         net (fo=1, routed)           0.544    -1.702    clk_wiz_inst/inst/clk_out1_clk_wiz_0
    BUFGCTRL_X0Y16       BUFG (Prop_bufg_I_O)         0.029    -1.673 r  clk_wiz_inst/inst/clkout1_buf/O
                         net (fo=870, routed)         0.873    -0.800    cpci/countty_inst/clk_out1
    SLICE_X4Y91          FDSE                                         r  cpci/countty_inst/prev_PC_reg[27]/C

Slack:                    inf
  Source:                 reset
                            (input port)
  Destination:            cpci/countty_inst/prev_PC_reg[28]/S
                            (rising edge-triggered cell FDSE clocked by clk_out1_clk_wiz_0  {rise@0.000ns fall@6.757ns period=13.514ns})
  Path Group:             (none)
  Path Type:              Hold (Min at Fast Process Corner)
  Data Path Delay:        0.826ns  (logic 0.245ns (29.717%)  route 0.580ns (70.283%))
  Logic Levels:           1  (IBUF=1)
  Clock Path Skew:        -0.800ns (DCD - SCD - CPR)
    Destination Clock Delay (DCD):    -0.800ns
    Source Clock Delay      (SCD):    0.000ns
    Clock Pessimism Removal (CPR):    -0.000ns

    Location             Delay type                Incr(ns)  Path(ns)    Netlist Resource(s)
  -------------------------------------------------------------------    -------------------
    J15                                               0.000     0.000 r  reset (IN)
                         net (fo=0)                   0.000     0.000    reset
    J15                  IBUF (Prop_ibuf_I_O)         0.245     0.245 r  reset_IBUF_inst/O
                         net (fo=357, routed)         0.580     0.826    cpci/countty_inst/reset_IBUF
    SLICE_X4Y91          FDSE                                         r  cpci/countty_inst/prev_PC_reg[28]/S
  -------------------------------------------------------------------    -------------------

                         (clock clk_out1_clk_wiz_0 rise edge)
                                                      0.000     0.000 r  
    E3                                                0.000     0.000 r  clk_100MHz (IN)
                         net (fo=0)                   0.000     0.000    clk_wiz_inst/inst/clk_in1
    E3                   IBUF (Prop_ibuf_I_O)         0.438     0.438 r  clk_wiz_inst/inst/clkin1_ibufg/O
                         net (fo=1, routed)           0.480     0.918    clk_wiz_inst/inst/clk_in1_clk_wiz_0
    MMCME2_ADV_X1Y2      MMCME2_ADV (Prop_mmcme2_adv_CLKIN1_CLKOUT0)
                                                     -3.163    -2.245 r  clk_wiz_inst/inst/mmcm_adv_inst/CLKOUT0
                         net (fo=1, routed)           0.544    -1.702    clk_wiz_inst/inst/clk_out1_clk_wiz_0
    BUFGCTRL_X0Y16       BUFG (Prop_bufg_I_O)         0.029    -1.673 r  clk_wiz_inst/inst/clkout1_buf/O
                         net (fo=870, routed)         0.873    -0.800    cpci/countty_inst/clk_out1
    SLICE_X4Y91          FDSE                                         r  cpci/countty_inst/prev_PC_reg[28]/C

Slack:                    inf
  Source:                 reset
                            (input port)
  Destination:            cpci/countty_inst/prev_PC_reg[29]/S
                            (rising edge-triggered cell FDSE clocked by clk_out1_clk_wiz_0  {rise@0.000ns fall@6.757ns period=13.514ns})
  Path Group:             (none)
  Path Type:              Hold (Min at Fast Process Corner)
  Data Path Delay:        0.826ns  (logic 0.245ns (29.717%)  route 0.580ns (70.283%))
  Logic Levels:           1  (IBUF=1)
  Clock Path Skew:        -0.800ns (DCD - SCD - CPR)
    Destination Clock Delay (DCD):    -0.800ns
    Source Clock Delay      (SCD):    0.000ns
    Clock Pessimism Removal (CPR):    -0.000ns

    Location             Delay type                Incr(ns)  Path(ns)    Netlist Resource(s)
  -------------------------------------------------------------------    -------------------
    J15                                               0.000     0.000 r  reset (IN)
                         net (fo=0)                   0.000     0.000    reset
    J15                  IBUF (Prop_ibuf_I_O)         0.245     0.245 r  reset_IBUF_inst/O
                         net (fo=357, routed)         0.580     0.826    cpci/countty_inst/reset_IBUF
    SLICE_X4Y91          FDSE                                         r  cpci/countty_inst/prev_PC_reg[29]/S
  -------------------------------------------------------------------    -------------------

                         (clock clk_out1_clk_wiz_0 rise edge)
                                                      0.000     0.000 r  
    E3                                                0.000     0.000 r  clk_100MHz (IN)
                         net (fo=0)                   0.000     0.000    clk_wiz_inst/inst/clk_in1
    E3                   IBUF (Prop_ibuf_I_O)         0.438     0.438 r  clk_wiz_inst/inst/clkin1_ibufg/O
                         net (fo=1, routed)           0.480     0.918    clk_wiz_inst/inst/clk_in1_clk_wiz_0
    MMCME2_ADV_X1Y2      MMCME2_ADV (Prop_mmcme2_adv_CLKIN1_CLKOUT0)
                                                     -3.163    -2.245 r  clk_wiz_inst/inst/mmcm_adv_inst/CLKOUT0
                         net (fo=1, routed)           0.544    -1.702    clk_wiz_inst/inst/clk_out1_clk_wiz_0
    BUFGCTRL_X0Y16       BUFG (Prop_bufg_I_O)         0.029    -1.673 r  clk_wiz_inst/inst/clkout1_buf/O
                         net (fo=870, routed)         0.873    -0.800    cpci/countty_inst/clk_out1
    SLICE_X4Y91          FDSE                                         r  cpci/countty_inst/prev_PC_reg[29]/C

Slack:                    inf
  Source:                 reset
                            (input port)
  Destination:            cpci/countty_inst/prev_PC_reg[30]/S
                            (rising edge-triggered cell FDSE clocked by clk_out1_clk_wiz_0  {rise@0.000ns fall@6.757ns period=13.514ns})
  Path Group:             (none)
  Path Type:              Hold (Min at Fast Process Corner)
  Data Path Delay:        0.826ns  (logic 0.245ns (29.717%)  route 0.580ns (70.283%))
  Logic Levels:           1  (IBUF=1)
  Clock Path Skew:        -0.800ns (DCD - SCD - CPR)
    Destination Clock Delay (DCD):    -0.800ns
    Source Clock Delay      (SCD):    0.000ns
    Clock Pessimism Removal (CPR):    -0.000ns

    Location             Delay type                Incr(ns)  Path(ns)    Netlist Resource(s)
  -------------------------------------------------------------------    -------------------
    J15                                               0.000     0.000 r  reset (IN)
                         net (fo=0)                   0.000     0.000    reset
    J15                  IBUF (Prop_ibuf_I_O)         0.245     0.245 r  reset_IBUF_inst/O
                         net (fo=357, routed)         0.580     0.826    cpci/countty_inst/reset_IBUF
    SLICE_X4Y91          FDSE                                         r  cpci/countty_inst/prev_PC_reg[30]/S
  -------------------------------------------------------------------    -------------------

                         (clock clk_out1_clk_wiz_0 rise edge)
                                                      0.000     0.000 r  
    E3                                                0.000     0.000 r  clk_100MHz (IN)
                         net (fo=0)                   0.000     0.000    clk_wiz_inst/inst/clk_in1
    E3                   IBUF (Prop_ibuf_I_O)         0.438     0.438 r  clk_wiz_inst/inst/clkin1_ibufg/O
                         net (fo=1, routed)           0.480     0.918    clk_wiz_inst/inst/clk_in1_clk_wiz_0
    MMCME2_ADV_X1Y2      MMCME2_ADV (Prop_mmcme2_adv_CLKIN1_CLKOUT0)
                                                     -3.163    -2.245 r  clk_wiz_inst/inst/mmcm_adv_inst/CLKOUT0
                         net (fo=1, routed)           0.544    -1.702    clk_wiz_inst/inst/clk_out1_clk_wiz_0
    BUFGCTRL_X0Y16       BUFG (Prop_bufg_I_O)         0.029    -1.673 r  clk_wiz_inst/inst/clkout1_buf/O
                         net (fo=870, routed)         0.873    -0.800    cpci/countty_inst/clk_out1
    SLICE_X4Y91          FDSE                                         r  cpci/countty_inst/prev_PC_reg[30]/C

Slack:                    inf
  Source:                 reset
                            (input port)
  Destination:            cpci/countty_inst/prev_PC_reg[31]/S
                            (rising edge-triggered cell FDSE clocked by clk_out1_clk_wiz_0  {rise@0.000ns fall@6.757ns period=13.514ns})
  Path Group:             (none)
  Path Type:              Hold (Min at Fast Process Corner)
  Data Path Delay:        0.826ns  (logic 0.245ns (29.717%)  route 0.580ns (70.283%))
  Logic Levels:           1  (IBUF=1)
  Clock Path Skew:        -0.800ns (DCD - SCD - CPR)
    Destination Clock Delay (DCD):    -0.800ns
    Source Clock Delay      (SCD):    0.000ns
    Clock Pessimism Removal (CPR):    -0.000ns

    Location             Delay type                Incr(ns)  Path(ns)    Netlist Resource(s)
  -------------------------------------------------------------------    -------------------
    J15                                               0.000     0.000 r  reset (IN)
                         net (fo=0)                   0.000     0.000    reset
    J15                  IBUF (Prop_ibuf_I_O)         0.245     0.245 r  reset_IBUF_inst/O
                         net (fo=357, routed)         0.580     0.826    cpci/countty_inst/reset_IBUF
    SLICE_X4Y91          FDSE                                         r  cpci/countty_inst/prev_PC_reg[31]/S
  -------------------------------------------------------------------    -------------------

                         (clock clk_out1_clk_wiz_0 rise edge)
                                                      0.000     0.000 r  
    E3                                                0.000     0.000 r  clk_100MHz (IN)
                         net (fo=0)                   0.000     0.000    clk_wiz_inst/inst/clk_in1
    E3                   IBUF (Prop_ibuf_I_O)         0.438     0.438 r  clk_wiz_inst/inst/clkin1_ibufg/O
                         net (fo=1, routed)           0.480     0.918    clk_wiz_inst/inst/clk_in1_clk_wiz_0
    MMCME2_ADV_X1Y2      MMCME2_ADV (Prop_mmcme2_adv_CLKIN1_CLKOUT0)
                                                     -3.163    -2.245 r  clk_wiz_inst/inst/mmcm_adv_inst/CLKOUT0
                         net (fo=1, routed)           0.544    -1.702    clk_wiz_inst/inst/clk_out1_clk_wiz_0
    BUFGCTRL_X0Y16       BUFG (Prop_bufg_I_O)         0.029    -1.673 r  clk_wiz_inst/inst/clkout1_buf/O
                         net (fo=870, routed)         0.873    -0.800    cpci/countty_inst/clk_out1
    SLICE_X4Y91          FDSE                                         r  cpci/countty_inst/prev_PC_reg[31]/C

Slack:                    inf
  Source:                 reset
                            (input port)
  Destination:            cpci/countty_inst/prev_PC_reg[7]/S
                            (rising edge-triggered cell FDSE clocked by clk_out1_clk_wiz_0  {rise@0.000ns fall@6.757ns period=13.514ns})
  Path Group:             (none)
  Path Type:              Hold (Min at Fast Process Corner)
  Data Path Delay:        0.843ns  (logic 0.245ns (29.119%)  route 0.597ns (70.881%))
  Logic Levels:           1  (IBUF=1)
  Clock Path Skew:        -0.798ns (DCD - SCD - CPR)
    Destination Clock Delay (DCD):    -0.798ns
    Source Clock Delay      (SCD):    0.000ns
    Clock Pessimism Removal (CPR):    -0.000ns

    Location             Delay type                Incr(ns)  Path(ns)    Netlist Resource(s)
  -------------------------------------------------------------------    -------------------
    J15                                               0.000     0.000 r  reset (IN)
                         net (fo=0)                   0.000     0.000    reset
    J15                  IBUF (Prop_ibuf_I_O)         0.245     0.245 r  reset_IBUF_inst/O
                         net (fo=357, routed)         0.597     0.843    cpci/countty_inst/reset_IBUF
    SLICE_X3Y89          FDSE                                         r  cpci/countty_inst/prev_PC_reg[7]/S
  -------------------------------------------------------------------    -------------------

                         (clock clk_out1_clk_wiz_0 rise edge)
                                                      0.000     0.000 r  
    E3                                                0.000     0.000 r  clk_100MHz (IN)
                         net (fo=0)                   0.000     0.000    clk_wiz_inst/inst/clk_in1
    E3                   IBUF (Prop_ibuf_I_O)         0.438     0.438 r  clk_wiz_inst/inst/clkin1_ibufg/O
                         net (fo=1, routed)           0.480     0.918    clk_wiz_inst/inst/clk_in1_clk_wiz_0
    MMCME2_ADV_X1Y2      MMCME2_ADV (Prop_mmcme2_adv_CLKIN1_CLKOUT0)
                                                     -3.163    -2.245 r  clk_wiz_inst/inst/mmcm_adv_inst/CLKOUT0
                         net (fo=1, routed)           0.544    -1.702    clk_wiz_inst/inst/clk_out1_clk_wiz_0
    BUFGCTRL_X0Y16       BUFG (Prop_bufg_I_O)         0.029    -1.673 r  clk_wiz_inst/inst/clkout1_buf/O
                         net (fo=870, routed)         0.875    -0.798    cpci/countty_inst/clk_out1
    SLICE_X3Y89          FDSE                                         r  cpci/countty_inst/prev_PC_reg[7]/C

Slack:                    inf
  Source:                 reset
                            (input port)
  Destination:            cpci/countty_inst/prev_PC_reg[18]/S
                            (rising edge-triggered cell FDSE clocked by clk_out1_clk_wiz_0  {rise@0.000ns fall@6.757ns period=13.514ns})
  Path Group:             (none)
  Path Type:              Hold (Min at Fast Process Corner)
  Data Path Delay:        0.880ns  (logic 0.245ns (27.895%)  route 0.634ns (72.105%))
  Logic Levels:           1  (IBUF=1)
  Clock Path Skew:        -0.800ns (DCD - SCD - CPR)
    Destination Clock Delay (DCD):    -0.800ns
    Source Clock Delay      (SCD):    0.000ns
    Clock Pessimism Removal (CPR):    -0.000ns

    Location             Delay type                Incr(ns)  Path(ns)    Netlist Resource(s)
  -------------------------------------------------------------------    -------------------
    J15                                               0.000     0.000 r  reset (IN)
                         net (fo=0)                   0.000     0.000    reset
    J15                  IBUF (Prop_ibuf_I_O)         0.245     0.245 r  reset_IBUF_inst/O
                         net (fo=357, routed)         0.634     0.880    cpci/countty_inst/reset_IBUF
    SLICE_X6Y90          FDSE                                         r  cpci/countty_inst/prev_PC_reg[18]/S
  -------------------------------------------------------------------    -------------------

                         (clock clk_out1_clk_wiz_0 rise edge)
                                                      0.000     0.000 r  
    E3                                                0.000     0.000 r  clk_100MHz (IN)
                         net (fo=0)                   0.000     0.000    clk_wiz_inst/inst/clk_in1
    E3                   IBUF (Prop_ibuf_I_O)         0.438     0.438 r  clk_wiz_inst/inst/clkin1_ibufg/O
                         net (fo=1, routed)           0.480     0.918    clk_wiz_inst/inst/clk_in1_clk_wiz_0
    MMCME2_ADV_X1Y2      MMCME2_ADV (Prop_mmcme2_adv_CLKIN1_CLKOUT0)
                                                     -3.163    -2.245 r  clk_wiz_inst/inst/mmcm_adv_inst/CLKOUT0
                         net (fo=1, routed)           0.544    -1.702    clk_wiz_inst/inst/clk_out1_clk_wiz_0
    BUFGCTRL_X0Y16       BUFG (Prop_bufg_I_O)         0.029    -1.673 r  clk_wiz_inst/inst/clkout1_buf/O
                         net (fo=870, routed)         0.873    -0.800    cpci/countty_inst/clk_out1
    SLICE_X6Y90          FDSE                                         r  cpci/countty_inst/prev_PC_reg[18]/C





