Copyright 1986-2022 Xilinx, Inc. All Rights Reserved.
------------------------------------------------------------------------------------------------------------------------------------------------------------------------------------------------------
| Tool Version : Vivado v.2022.2 (win64) Build 3671981 Fri Oct 14 05:00:03 MDT 2022
| Date         : Wed Oct  7 01:31:58 2026
| Host         : LAPTOP-6D98Q4KP running 64-bit major release  (build 9200)
| Command      : report_timing_summary -max_paths 10 -report_unconstrained -file Top_timing_summary_routed.rpt -pb Top_timing_summary_routed.pb -rpx Top_timing_summary_routed.rpx -warn_on_violation
| Design       : Top
| Device       : 7a100t-csg324
| Speed File   : -1  PRODUCTION 1.23 2018-06-13
------------------------------------------------------------------------------------------------------------------------------------------------------------------------------------------------------

Timing Summary Report

------------------------------------------------------------------------------------------------
| Timer Settings
| --------------
------------------------------------------------------------------------------------------------

  Enable Multi Corner Analysis               :  Yes
  Enable Pessimism Removal                   :  Yes
  Pessimism Removal Resolution               :  Nearest Common Node
  Enable Input Delay Default Clock           :  No
  Enable Preset / Clear Arcs                 :  No
  Disable Flight Delays                      :  No
  Ignore I/O Paths                           :  No
  Timing Early Launch at Borrowing Latches   :  No
  Borrow Time for Max Delay Exceptions       :  Yes
  Merge Timing Exceptions                    :  Yes

  Corner  Analyze    Analyze    
  Name    Max Paths  Min Paths  
  ------  ---------  ---------  
  Slow    Yes        Yes        
  Fast    Yes        Yes        


------------------------------------------------------------------------------------------------
| Report Methodology
| ------------------
------------------------------------------------------------------------------------------------

No report available as report_methodology has not been run prior. Run report_methodology on the current design for the summary of methodology violations.



check_timing report

Table of Contents
-----------------
1. checking no_clock (0)
2. checking constant_clock (0)
3. checking pulse_width_clock (0)
4. checking unconstrained_internal_endpoints (0)
5. checking no_input_delay (1)
6. checking no_output_delay (36)
7. checking multiple_clock (0)
8. checking generated_clocks (0)
9. checking loops (0)
10. checking partial_input_delay (0)
11. checking partial_output_delay (0)
12. checking latch_loops (0)

1. checking no_clock (0)
------------------------
 There are 0 register/latch pins with no clock.


2. checking constant_clock (0)
------------------------------
 There are 0 register/latch pins with constant_clock.


3. checking pulse_width_clock (0)
---------------------------------
 There are 0 register/latch pins which need pulse_width check


4. checking unconstrained_internal_endpoints (0)
------------------------------------------------
 There are 0 pins that are not constrained for maximum delay.

 There are 0 pins that are not constrained for maximum delay due to constant clock.


5. checking no_input_delay (1)
------------------------------
 There is 1 input port with no input delay specified. (HIGH)

 There are 0 input ports with no input delay but user has a false path constraint.


6. checking no_output_delay (36)
--------------------------------
 There are 36 ports with no output delay specified. (HIGH)

 There are 0 ports with no output delay but user has a false path constraint

 There are 0 ports with no output delay but with a timing clock defined on it or propagating through it


7. checking multiple_clock (0)
------------------------------
 There are 0 register/latch pins with multiple clocks.


8. checking generated_clocks (0)
--------------------------------
 There are 0 generated clocks that are not connected to a clock source.


9. checking loops (0)
---------------------
 There are 0 combinational loops in the design.


10. checking partial_input_delay (0)
------------------------------------
 There are 0 input ports with partial input delay specified.


11. checking partial_output_delay (0)
-------------------------------------
 There are 0 ports with partial output delay specified.


12. checking latch_loops (0)
----------------------------
 There are 0 combinational latch loops in the design through latch input



------------------------------------------------------------------------------------------------
| Design Timing Summary
| ---------------------
------------------------------------------------------------------------------------------------

    WNS(ns)      TNS(ns)  TNS Failing Endpoints  TNS Total Endpoints      WHS(ns)      THS(ns)  THS Failing Endpoints  THS Total Endpoints     WPWS(ns)     TPWS(ns)  TPWS Failing Endpoints  TPWS Total Endpoints  
    -------      -------  ---------------------  -------------------      -------      -------  ---------------------  -------------------     --------     --------  ----------------------  --------------------  
      0.057        0.000                      0                 1791        0.078        0.000                      0                 1791        3.000        0.000                       0                   655  


All user specified timing constraints are met.


------------------------------------------------------------------------------------------------
| Clock Summary
| -------------
------------------------------------------------------------------------------------------------

Clock                 Waveform(ns)       Period(ns)      Frequency(MHz)
-----                 ------------       ----------      --------------
clk_100MHz            {0.000 5.000}      10.000          100.000         
  clk_out1_clk_wiz_0  {0.000 6.667}      13.333          75.000          
  clkfbout_clk_wiz_0  {0.000 20.000}     40.000          25.000          


------------------------------------------------------------------------------------------------
| Intra Clock Table
| -----------------
------------------------------------------------------------------------------------------------

Clock                     WNS(ns)      TNS(ns)  TNS Failing Endpoints  TNS Total Endpoints      WHS(ns)      THS(ns)  THS Failing Endpoints  THS Total Endpoints     WPWS(ns)     TPWS(ns)  TPWS Failing Endpoints  TPWS Total Endpoints  
-----                     -------      -------  ---------------------  -------------------      -------      -------  ---------------------  -------------------     --------     --------  ----------------------  --------------------  
clk_100MHz                                                                                                                                                              3.000        0.000                       0                     1  
  clk_out1_clk_wiz_0        0.057        0.000                      0                 1791        0.078        0.000                      0                 1791        5.417        0.000                       0                   651  
  clkfbout_clk_wiz_0                                                                                                                                                   37.845        0.000                       0                     3  


------------------------------------------------------------------------------------------------
| Inter Clock Table
| -----------------
------------------------------------------------------------------------------------------------

From Clock    To Clock          WNS(ns)      TNS(ns)  TNS Failing Endpoints  TNS Total Endpoints      WHS(ns)      THS(ns)  THS Failing Endpoints  THS Total Endpoints  
----------    --------          -------      -------  ---------------------  -------------------      -------      -------  ---------------------  -------------------  


------------------------------------------------------------------------------------------------
| Other Path Groups Table
| -----------------------
------------------------------------------------------------------------------------------------

Path Group    From Clock    To Clock          WNS(ns)      TNS(ns)  TNS Failing Endpoints  TNS Total Endpoints      WHS(ns)      THS(ns)  THS Failing Endpoints  THS Total Endpoints  
----------    ----------    --------          -------      -------  ---------------------  -------------------      -------      -------  ---------------------  -------------------  


------------------------------------------------------------------------------------------------
| User Ignored Path Table
| -----------------------
------------------------------------------------------------------------------------------------

Path Group    From Clock    To Clock    
----------    ----------    --------    


------------------------------------------------------------------------------------------------
| Unconstrained Path Table
| ------------------------
------------------------------------------------------------------------------------------------

Path Group          From Clock          To Clock          
----------          ----------          --------          
(none)              clk_out1_clk_wiz_0                      
(none)              clkfbout_clk_wiz_0                      
(none)                                  clk_out1_clk_wiz_0  


------------------------------------------------------------------------------------------------
| Timing Details
| --------------
------------------------------------------------------------------------------------------------


---------------------------------------------------------------------------------------------------
From Clock:  clk_100MHz
  To Clock:  clk_100MHz

Setup :           NA  Failing Endpoints,  Worst Slack           NA  ,  Total Violation           NA
Hold  :           NA  Failing Endpoints,  Worst Slack           NA  ,  Total Violation           NA
PW    :            0  Failing Endpoints,  Worst Slack        3.000ns,  Total Violation        0.000ns
---------------------------------------------------------------------------------------------------


Pulse Width Checks
--------------------------------------------------------------------------------------
Clock Name:         clk_100MHz
Waveform(ns):       { 0.000 5.000 }
Period(ns):         10.000
Sources:            { clk_100MHz }

Check Type        Corner  Lib Pin            Reference Pin  Required(ns)  Actual(ns)  Slack(ns)  Location         Pin
Min Period        n/a     MMCME2_ADV/CLKIN1  n/a            1.249         10.000      8.751      MMCME2_ADV_X1Y2  clk_wiz_inst/inst/mmcm_adv_inst/CLKIN1
Max Period        n/a     MMCME2_ADV/CLKIN1  n/a            100.000       10.000      90.000     MMCME2_ADV_X1Y2  clk_wiz_inst/inst/mmcm_adv_inst/CLKIN1
Low Pulse Width   Slow    MMCME2_ADV/CLKIN1  n/a            2.000         5.000       3.000      MMCME2_ADV_X1Y2  clk_wiz_inst/inst/mmcm_adv_inst/CLKIN1
Low Pulse Width   Fast    MMCME2_ADV/CLKIN1  n/a            2.000         5.000       3.000      MMCME2_ADV_X1Y2  clk_wiz_inst/inst/mmcm_adv_inst/CLKIN1
High Pulse Width  Slow    MMCME2_ADV/CLKIN1  n/a            2.000         5.000       3.000      MMCME2_ADV_X1Y2  clk_wiz_inst/inst/mmcm_adv_inst/CLKIN1
High Pulse Width  Fast    MMCME2_ADV/CLKIN1  n/a            2.000         5.000       3.000      MMCME2_ADV_X1Y2  clk_wiz_inst/inst/mmcm_adv_inst/CLKIN1



---------------------------------------------------------------------------------------------------
From Clock:  clk_out1_clk_wiz_0
  To Clock:  clk_out1_clk_wiz_0

Setup :            0  Failing Endpoints,  Worst Slack        0.057ns,  Total Violation        0.000ns
Hold  :            0  Failing Endpoints,  Worst Slack        0.078ns,  Total Violation        0.000ns
PW    :            0  Failing Endpoints,  Worst Slack        5.417ns,  Total Violation        0.000ns
---------------------------------------------------------------------------------------------------


Max Delay Paths
--------------------------------------------------------------------------------------
Slack (MET) :             0.057ns  (required time - arrival time)
  Source:                 Core_Unit/DatapathCore/ff_Writeback/ff_RdW/qout_reg[4]/C
                            (rising edge-triggered cell FDRE clocked by clk_out1_clk_wiz_0  {rise@0.000ns fall@6.667ns period=13.333ns})
  Destination:            Core_Unit/DatapathCore/ff_Fetch/ff_RE_interior/qout_reg[30]/D
                            (rising edge-triggered cell FDRE clocked by clk_out1_clk_wiz_0  {rise@0.000ns fall@6.667ns period=13.333ns})
  Path Group:             clk_out1_clk_wiz_0
  Path Type:              Setup (Max at Slow Process Corner)
  Requirement:            13.333ns  (clk_out1_clk_wiz_0 rise@13.333ns - clk_out1_clk_wiz_0 rise@0.000ns)
  Data Path Delay:        13.011ns  (logic 3.973ns (30.535%)  route 9.038ns (69.465%))
  Logic Levels:           19  (CARRY4=8 LUT2=1 LUT5=2 LUT6=7 MUXF7=1)
  Clock Path Skew:        -0.208ns (DCD - SCD + CPR)
    Destination Clock Delay (DCD):    -1.416ns = ( 11.917 - 13.333 ) 
    Source Clock Delay      (SCD):    -0.721ns
    Clock Pessimism Removal (CPR):    0.487ns
  Clock Uncertainty:      0.119ns  ((TSJ^2 + DJ^2)^1/2) / 2 + PE
    Total System Jitter     (TSJ):    0.071ns
    Discrete Jitter          (DJ):    0.226ns
    Phase Error              (PE):    0.000ns

    Location             Delay type                Incr(ns)  Path(ns)    Netlist Resource(s)
  -------------------------------------------------------------------    -------------------
                         (clock clk_out1_clk_wiz_0 rise edge)
                                                      0.000     0.000 r  
    E3                                                0.000     0.000 r  clk_100MHz (IN)
                         net (fo=0)                   0.000     0.000    clk_wiz_inst/inst/clk_in1
    E3                   IBUF (Prop_ibuf_I_O)         1.482     1.482 r  clk_wiz_inst/inst/clkin1_ibufg/O
                         net (fo=1, routed)           1.233     2.715    clk_wiz_inst/inst/clk_in1_clk_wiz_0
    MMCME2_ADV_X1Y2      MMCME2_ADV (Prop_mmcme2_adv_CLKIN1_CLKOUT0)
                                                     -7.070    -4.355 r  clk_wiz_inst/inst/mmcm_adv_inst/CLKOUT0
                         net (fo=1, routed)           1.719    -2.636    clk_wiz_inst/inst/clk_out1_clk_wiz_0
    BUFGCTRL_X0Y16       BUFG (Prop_bufg_I_O)         0.096    -2.540 r  clk_wiz_inst/inst/clkout1_buf/O
                         net (fo=649, routed)         1.819    -0.721    Core_Unit/DatapathCore/ff_Writeback/ff_RdW/clk_out1
    SLICE_X9Y42          FDRE                                         r  Core_Unit/DatapathCore/ff_Writeback/ff_RdW/qout_reg[4]/C
  -------------------------------------------------------------------    -------------------
    SLICE_X9Y42          FDRE (Prop_fdre_C_Q)         0.419    -0.302 r  Core_Unit/DatapathCore/ff_Writeback/ff_RdW/qout_reg[4]/Q
                         net (fo=95, routed)          0.770     0.469    Core_Unit/DatapathCore/ff_Writeback/ff_RdW/Q[4]
    SLICE_X11Y41         LUT2 (Prop_lut2_I0_O)        0.296     0.765 r  Core_Unit/DatapathCore/ff_Writeback/ff_RdW/Sum_carry_i_23/O
                         net (fo=12, routed)          1.029     1.794    Core_Unit/DatapathCore/ff_Writeback/ff_RdW/Sum_carry_i_23_n_0
    SLICE_X8Y40          LUT6 (Prop_lut6_I1_O)        0.124     1.918 r  Core_Unit/DatapathCore/ff_Writeback/ff_RdW/Sum_carry_i_20/O
                         net (fo=1, routed)           0.282     2.200    Core_Unit/DatapathCore/ff_Execute/ff_ImmExtE/qout[3]_i_2
    SLICE_X8Y40          LUT5 (Prop_lut5_I2_O)        0.124     2.324 r  Core_Unit/DatapathCore/ff_Execute/ff_ImmExtE/Sum_carry_i_12/O
                         net (fo=115, routed)         1.657     3.981    Core_Unit/DatapathCore/ff_Execute/ff_Rd1E/slt0_carry_0
    SLICE_X25Y44         LUT5 (Prop_lut5_I1_O)        0.152     4.133 f  Core_Unit/DatapathCore/ff_Execute/ff_Rd1E/qout[28]_i_20/O
                         net (fo=4, routed)           0.977     5.110    Core_Unit/DatapathCore/ff_Execute/ff_Rd1E/qout[28]_i_20_n_0
    SLICE_X25Y46         LUT6 (Prop_lut6_I0_O)        0.326     5.436 f  Core_Unit/DatapathCore/ff_Execute/ff_Rd1E/qout[28]_i_11/O
                         net (fo=4, routed)           0.626     6.062    Core_Unit/DatapathCore/ff_Execute/ff_ImmExtE/FlushD_OBS_OBUF_inst_i_16_0
    SLICE_X23Y47         LUT6 (Prop_lut6_I3_O)        0.124     6.186 f  Core_Unit/DatapathCore/ff_Execute/ff_ImmExtE/FlushD_OBS_OBUF_inst_i_24/O
                         net (fo=1, routed)           0.000     6.186    Core_Unit/DatapathCore/ff_Execute/ff_ImmExtE/data6[27]
    SLICE_X23Y47         MUXF7 (Prop_muxf7_I0_O)      0.212     6.398 f  Core_Unit/DatapathCore/ff_Execute/ff_ImmExtE/FlushD_OBS_OBUF_inst_i_16/O
                         net (fo=1, routed)           0.661     7.059    Core_Unit/DatapathCore/ff_Execute/ff_AluControlE/FlushD_OBS_OBUF_inst_i_5_1
    SLICE_X22Y47         LUT6 (Prop_lut6_I2_O)        0.299     7.358 r  Core_Unit/DatapathCore/ff_Execute/ff_AluControlE/FlushD_OBS_OBUF_inst_i_10/O
                         net (fo=1, routed)           0.804     8.162    Core_Unit/DatapathCore/ff_Execute/ff_AluControlE/FlushD_OBS_OBUF_inst_i_10_n_0
    SLICE_X20Y48         LUT6 (Prop_lut6_I3_O)        0.124     8.286 r  Core_Unit/DatapathCore/ff_Execute/ff_AluControlE/FlushD_OBS_OBUF_inst_i_5/O
                         net (fo=2, routed)           0.999     9.284    Core_Unit/DatapathCore/ff_Execute/ff_AluControlE/FlushD_OBS_OBUF_inst_i_5_n_0
    SLICE_X9Y43          LUT6 (Prop_lut6_I3_O)        0.124     9.408 r  Core_Unit/DatapathCore/ff_Execute/ff_AluControlE/FlushE_OBS_OBUF_inst_i_2/O
                         net (fo=37, routed)          0.625    10.033    Core_Unit/DatapathCore/ff_Execute/ff_InstrE/BrBase__0
    SLICE_X7Y44          LUT6 (Prop_lut6_I2_O)        0.124    10.157 r  Core_Unit/DatapathCore/ff_Execute/ff_InstrE/qout[1]_i_2/O
                         net (fo=1, routed)           0.608    10.765    Core_Unit/DatapathCore/ff_Execute/ff_InstrE/qout[1]_i_2_n_0
    SLICE_X5Y43          CARRY4 (Prop_carry4_DI[1]_CO[3])
                                                      0.507    11.272 r  Core_Unit/DatapathCore/ff_Execute/ff_InstrE/qout_reg[1]_i_1__0/CO[3]
                         net (fo=1, routed)           0.000    11.272    Core_Unit/DatapathCore/ff_Execute/ff_InstrE/qout_reg[1]_i_1__0_n_0
    SLICE_X5Y44          CARRY4 (Prop_carry4_CI_CO[3])
                                                      0.114    11.386 r  Core_Unit/DatapathCore/ff_Execute/ff_InstrE/qout_reg[5]_i_1/CO[3]
                         net (fo=1, routed)           0.000    11.386    Core_Unit/DatapathCore/ff_Execute/ff_InstrE/qout_reg[5]_i_1_n_0
    SLICE_X5Y45          CARRY4 (Prop_carry4_CI_CO[3])
                                                      0.114    11.500 r  Core_Unit/DatapathCore/ff_Execute/ff_InstrE/qout_reg[9]_i_1/CO[3]
                         net (fo=1, routed)           0.000    11.500    Core_Unit/DatapathCore/ff_Execute/ff_InstrE/qout_reg[9]_i_1_n_0
    SLICE_X5Y46          CARRY4 (Prop_carry4_CI_CO[3])
                                                      0.114    11.614 r  Core_Unit/DatapathCore/ff_Execute/ff_InstrE/qout_reg[13]_i_1__0/CO[3]
                         net (fo=1, routed)           0.000    11.614    Core_Unit/DatapathCore/ff_Execute/ff_InstrE/qout_reg[13]_i_1__0_n_0
    SLICE_X5Y47          CARRY4 (Prop_carry4_CI_CO[3])
                                                      0.114    11.728 r  Core_Unit/DatapathCore/ff_Execute/ff_InstrE/qout_reg[17]_i_1/CO[3]
                         net (fo=1, routed)           0.000    11.728    Core_Unit/DatapathCore/ff_Execute/ff_InstrE/qout_reg[17]_i_1_n_0
    SLICE_X5Y48          CARRY4 (Prop_carry4_CI_CO[3])
                                                      0.114    11.842 r  Core_Unit/DatapathCore/ff_Execute/ff_InstrE/qout_reg[21]_i_1/CO[3]
                         net (fo=1, routed)           0.000    11.842    Core_Unit/DatapathCore/ff_Execute/ff_InstrE/qout_reg[21]_i_1_n_0
    SLICE_X5Y49          CARRY4 (Prop_carry4_CI_CO[3])
                                                      0.114    11.956 r  Core_Unit/DatapathCore/ff_Execute/ff_InstrE/qout_reg[25]_i_1/CO[3]
                         net (fo=1, routed)           0.001    11.957    Core_Unit/DatapathCore/ff_Execute/ff_PCE/CO[0]
    SLICE_X5Y50          CARRY4 (Prop_carry4_CI_O[1])
                                                      0.334    12.291 r  Core_Unit/DatapathCore/ff_Execute/ff_PCE/qout_reg[29]_i_1/O[1]
                         net (fo=1, routed)           0.000    12.291    Core_Unit/DatapathCore/ff_Fetch/ff_RE_interior/qout_reg[31]_0[1]
    SLICE_X5Y50          FDRE                                         r  Core_Unit/DatapathCore/ff_Fetch/ff_RE_interior/qout_reg[30]/D
  -------------------------------------------------------------------    -------------------

                         (clock clk_out1_clk_wiz_0 rise edge)
                                                     13.333    13.333 r  
    E3                                                0.000    13.333 r  clk_100MHz (IN)
                         net (fo=0)                   0.000    13.333    clk_wiz_inst/inst/clk_in1
    E3                   IBUF (Prop_ibuf_I_O)         1.411    14.745 r  clk_wiz_inst/inst/clkin1_ibufg/O
                         net (fo=1, routed)           1.162    15.906    clk_wiz_inst/inst/clk_in1_clk_wiz_0
    MMCME2_ADV_X1Y2      MMCME2_ADV (Prop_mmcme2_adv_CLKIN1_CLKOUT0)
                                                     -7.324     8.583 r  clk_wiz_inst/inst/mmcm_adv_inst/CLKOUT0
                         net (fo=1, routed)           1.639    10.222    clk_wiz_inst/inst/clk_out1_clk_wiz_0
    BUFGCTRL_X0Y16       BUFG (Prop_bufg_I_O)         0.091    10.313 r  clk_wiz_inst/inst/clkout1_buf/O
                         net (fo=649, routed)         1.604    11.917    Core_Unit/DatapathCore/ff_Fetch/ff_RE_interior/clk_out1
    SLICE_X5Y50          FDRE                                         r  Core_Unit/DatapathCore/ff_Fetch/ff_RE_interior/qout_reg[30]/C
                         clock pessimism              0.487    12.405    
                         clock uncertainty           -0.119    12.286    
    SLICE_X5Y50          FDRE (Setup_fdre_C_D)        0.062    12.348    Core_Unit/DatapathCore/ff_Fetch/ff_RE_interior/qout_reg[30]
  -------------------------------------------------------------------
                         required time                         12.348    
                         arrival time                         -12.291    
  -------------------------------------------------------------------
                         slack                                  0.057    

Slack (MET) :             0.152ns  (required time - arrival time)
  Source:                 Core_Unit/DatapathCore/ff_Writeback/ff_RdW/qout_reg[4]/C
                            (rising edge-triggered cell FDRE clocked by clk_out1_clk_wiz_0  {rise@0.000ns fall@6.667ns period=13.333ns})
  Destination:            Core_Unit/DatapathCore/ff_Fetch/ff_RE_interior/qout_reg[31]/D
                            (rising edge-triggered cell FDRE clocked by clk_out1_clk_wiz_0  {rise@0.000ns fall@6.667ns period=13.333ns})
  Path Group:             clk_out1_clk_wiz_0
  Path Type:              Setup (Max at Slow Process Corner)
  Requirement:            13.333ns  (clk_out1_clk_wiz_0 rise@13.333ns - clk_out1_clk_wiz_0 rise@0.000ns)
  Data Path Delay:        12.916ns  (logic 3.878ns (30.024%)  route 9.038ns (69.976%))
  Logic Levels:           19  (CARRY4=8 LUT2=1 LUT5=2 LUT6=7 MUXF7=1)
  Clock Path Skew:        -0.208ns (DCD - SCD + CPR)
    Destination Clock Delay (DCD):    -1.416ns = ( 11.917 - 13.333 ) 
    Source Clock Delay      (SCD):    -0.721ns
    Clock Pessimism Removal (CPR):    0.487ns
  Clock Uncertainty:      0.119ns  ((TSJ^2 + DJ^2)^1/2) / 2 + PE
    Total System Jitter     (TSJ):    0.071ns
    Discrete Jitter          (DJ):    0.226ns
    Phase Error              (PE):    0.000ns

    Location             Delay type                Incr(ns)  Path(ns)    Netlist Resource(s)
  -------------------------------------------------------------------    -------------------
                         (clock clk_out1_clk_wiz_0 rise edge)
                                                      0.000     0.000 r  
    E3                                                0.000     0.000 r  clk_100MHz (IN)
                         net (fo=0)                   0.000     0.000    clk_wiz_inst/inst/clk_in1
    E3                   IBUF (Prop_ibuf_I_O)         1.482     1.482 r  clk_wiz_inst/inst/clkin1_ibufg/O
                         net (fo=1, routed)           1.233     2.715    clk_wiz_inst/inst/clk_in1_clk_wiz_0
    MMCME2_ADV_X1Y2      MMCME2_ADV (Prop_mmcme2_adv_CLKIN1_CLKOUT0)
                                                     -7.070    -4.355 r  clk_wiz_inst/inst/mmcm_adv_inst/CLKOUT0
                         net (fo=1, routed)           1.719    -2.636    clk_wiz_inst/inst/clk_out1_clk_wiz_0
    BUFGCTRL_X0Y16       BUFG (Prop_bufg_I_O)         0.096    -2.540 r  clk_wiz_inst/inst/clkout1_buf/O
                         net (fo=649, routed)         1.819    -0.721    Core_Unit/DatapathCore/ff_Writeback/ff_RdW/clk_out1
    SLICE_X9Y42          FDRE                                         r  Core_Unit/DatapathCore/ff_Writeback/ff_RdW/qout_reg[4]/C
  -------------------------------------------------------------------    -------------------
    SLICE_X9Y42          FDRE (Prop_fdre_C_Q)         0.419    -0.302 r  Core_Unit/DatapathCore/ff_Writeback/ff_RdW/qout_reg[4]/Q
                         net (fo=95, routed)          0.770     0.469    Core_Unit/DatapathCore/ff_Writeback/ff_RdW/Q[4]
    SLICE_X11Y41         LUT2 (Prop_lut2_I0_O)        0.296     0.765 r  Core_Unit/DatapathCore/ff_Writeback/ff_RdW/Sum_carry_i_23/O
                         net (fo=12, routed)          1.029     1.794    Core_Unit/DatapathCore/ff_Writeback/ff_RdW/Sum_carry_i_23_n_0
    SLICE_X8Y40          LUT6 (Prop_lut6_I1_O)        0.124     1.918 r  Core_Unit/DatapathCore/ff_Writeback/ff_RdW/Sum_carry_i_20/O
                         net (fo=1, routed)           0.282     2.200    Core_Unit/DatapathCore/ff_Execute/ff_ImmExtE/qout[3]_i_2
    SLICE_X8Y40          LUT5 (Prop_lut5_I2_O)        0.124     2.324 r  Core_Unit/DatapathCore/ff_Execute/ff_ImmExtE/Sum_carry_i_12/O
                         net (fo=115, routed)         1.657     3.981    Core_Unit/DatapathCore/ff_Execute/ff_Rd1E/slt0_carry_0
    SLICE_X25Y44         LUT5 (Prop_lut5_I1_O)        0.152     4.133 f  Core_Unit/DatapathCore/ff_Execute/ff_Rd1E/qout[28]_i_20/O
                         net (fo=4, routed)           0.977     5.110    Core_Unit/DatapathCore/ff_Execute/ff_Rd1E/qout[28]_i_20_n_0
    SLICE_X25Y46         LUT6 (Prop_lut6_I0_O)        0.326     5.436 f  Core_Unit/DatapathCore/ff_Execute/ff_Rd1E/qout[28]_i_11/O
                         net (fo=4, routed)           0.626     6.062    Core_Unit/DatapathCore/ff_Execute/ff_ImmExtE/FlushD_OBS_OBUF_inst_i_16_0
    SLICE_X23Y47         LUT6 (Prop_lut6_I3_O)        0.124     6.186 f  Core_Unit/DatapathCore/ff_Execute/ff_ImmExtE/FlushD_OBS_OBUF_inst_i_24/O
                         net (fo=1, routed)           0.000     6.186    Core_Unit/DatapathCore/ff_Execute/ff_ImmExtE/data6[27]
    SLICE_X23Y47         MUXF7 (Prop_muxf7_I0_O)      0.212     6.398 f  Core_Unit/DatapathCore/ff_Execute/ff_ImmExtE/FlushD_OBS_OBUF_inst_i_16/O
                         net (fo=1, routed)           0.661     7.059    Core_Unit/DatapathCore/ff_Execute/ff_AluControlE/FlushD_OBS_OBUF_inst_i_5_1
    SLICE_X22Y47         LUT6 (Prop_lut6_I2_O)        0.299     7.358 r  Core_Unit/DatapathCore/ff_Execute/ff_AluControlE/FlushD_OBS_OBUF_inst_i_10/O
                         net (fo=1, routed)           0.804     8.162    Core_Unit/DatapathCore/ff_Execute/ff_AluControlE/FlushD_OBS_OBUF_inst_i_10_n_0
    SLICE_X20Y48         LUT6 (Prop_lut6_I3_O)        0.124     8.286 r  Core_Unit/DatapathCore/ff_Execute/ff_AluControlE/FlushD_OBS_OBUF_inst_i_5/O
                         net (fo=2, routed)           0.999     9.284    Core_Unit/DatapathCore/ff_Execute/ff_AluControlE/FlushD_OBS_OBUF_inst_i_5_n_0
    SLICE_X9Y43          LUT6 (Prop_lut6_I3_O)        0.124     9.408 r  Core_Unit/DatapathCore/ff_Execute/ff_AluControlE/FlushE_OBS_OBUF_inst_i_2/O
                         net (fo=37, routed)          0.625    10.033    Core_Unit/DatapathCore/ff_Execute/ff_InstrE/BrBase__0
    SLICE_X7Y44          LUT6 (Prop_lut6_I2_O)        0.124    10.157 r  Core_Unit/DatapathCore/ff_Execute/ff_InstrE/qout[1]_i_2/O
                         net (fo=1, routed)           0.608    10.765    Core_Unit/DatapathCore/ff_Execute/ff_InstrE/qout[1]_i_2_n_0
    SLICE_X5Y43          CARRY4 (Prop_carry4_DI[1]_CO[3])
                                                      0.507    11.272 r  Core_Unit/DatapathCore/ff_Execute/ff_InstrE/qout_reg[1]_i_1__0/CO[3]
                         net (fo=1, routed)           0.000    11.272    Core_Unit/DatapathCore/ff_Execute/ff_InstrE/qout_reg[1]_i_1__0_n_0
    SLICE_X5Y44          CARRY4 (Prop_carry4_CI_CO[3])
                                                      0.114    11.386 r  Core_Unit/DatapathCore/ff_Execute/ff_InstrE/qout_reg[5]_i_1/CO[3]
                         net (fo=1, routed)           0.000    11.386    Core_Unit/DatapathCore/ff_Execute/ff_InstrE/qout_reg[5]_i_1_n_0
    SLICE_X5Y45          CARRY4 (Prop_carry4_CI_CO[3])
                                                      0.114    11.500 r  Core_Unit/DatapathCore/ff_Execute/ff_InstrE/qout_reg[9]_i_1/CO[3]
                         net (fo=1, routed)           0.000    11.500    Core_Unit/DatapathCore/ff_Execute/ff_InstrE/qout_reg[9]_i_1_n_0
    SLICE_X5Y46          CARRY4 (Prop_carry4_CI_CO[3])
                                                      0.114    11.614 r  Core_Unit/DatapathCore/ff_Execute/ff_InstrE/qout_reg[13]_i_1__0/CO[3]
                         net (fo=1, routed)           0.000    11.614    Core_Unit/DatapathCore/ff_Execute/ff_InstrE/qout_reg[13]_i_1__0_n_0
    SLICE_X5Y47          CARRY4 (Prop_carry4_CI_CO[3])
                                                      0.114    11.728 r  Core_Unit/DatapathCore/ff_Execute/ff_InstrE/qout_reg[17]_i_1/CO[3]
                         net (fo=1, routed)           0.000    11.728    Core_Unit/DatapathCore/ff_Execute/ff_InstrE/qout_reg[17]_i_1_n_0
    SLICE_X5Y48          CARRY4 (Prop_carry4_CI_CO[3])
                                                      0.114    11.842 r  Core_Unit/DatapathCore/ff_Execute/ff_InstrE/qout_reg[21]_i_1/CO[3]
                         net (fo=1, routed)           0.000    11.842    Core_Unit/DatapathCore/ff_Execute/ff_InstrE/qout_reg[21]_i_1_n_0
    SLICE_X5Y49          CARRY4 (Prop_carry4_CI_CO[3])
                                                      0.114    11.956 r  Core_Unit/DatapathCore/ff_Execute/ff_InstrE/qout_reg[25]_i_1/CO[3]
                         net (fo=1, routed)           0.001    11.957    Core_Unit/DatapathCore/ff_Execute/ff_PCE/CO[0]
    SLICE_X5Y50          CARRY4 (Prop_carry4_CI_O[2])
                                                      0.239    12.196 r  Core_Unit/DatapathCore/ff_Execute/ff_PCE/qout_reg[29]_i_1/O[2]
                         net (fo=1, routed)           0.000    12.196    Core_Unit/DatapathCore/ff_Fetch/ff_RE_interior/qout_reg[31]_0[2]
    SLICE_X5Y50          FDRE                                         r  Core_Unit/DatapathCore/ff_Fetch/ff_RE_interior/qout_reg[31]/D
  -------------------------------------------------------------------    -------------------

                         (clock clk_out1_clk_wiz_0 rise edge)
                                                     13.333    13.333 r  
    E3                                                0.000    13.333 r  clk_100MHz (IN)
                         net (fo=0)                   0.000    13.333    clk_wiz_inst/inst/clk_in1
    E3                   IBUF (Prop_ibuf_I_O)         1.411    14.745 r  clk_wiz_inst/inst/clkin1_ibufg/O
                         net (fo=1, routed)           1.162    15.906    clk_wiz_inst/inst/clk_in1_clk_wiz_0
    MMCME2_ADV_X1Y2      MMCME2_ADV (Prop_mmcme2_adv_CLKIN1_CLKOUT0)
                                                     -7.324     8.583 r  clk_wiz_inst/inst/mmcm_adv_inst/CLKOUT0
                         net (fo=1, routed)           1.639    10.222    clk_wiz_inst/inst/clk_out1_clk_wiz_0
    BUFGCTRL_X0Y16       BUFG (Prop_bufg_I_O)         0.091    10.313 r  clk_wiz_inst/inst/clkout1_buf/O
                         net (fo=649, routed)         1.604    11.917    Core_Unit/DatapathCore/ff_Fetch/ff_RE_interior/clk_out1
    SLICE_X5Y50          FDRE                                         r  Core_Unit/DatapathCore/ff_Fetch/ff_RE_interior/qout_reg[31]/C
                         clock pessimism              0.487    12.405    
                         clock uncertainty           -0.119    12.286    
    SLICE_X5Y50          FDRE (Setup_fdre_C_D)        0.062    12.348    Core_Unit/DatapathCore/ff_Fetch/ff_RE_interior/qout_reg[31]
  -------------------------------------------------------------------
                         required time                         12.348    
                         arrival time                         -12.196    
  -------------------------------------------------------------------
                         slack                                  0.152    

Slack (MET) :             0.168ns  (required time - arrival time)
  Source:                 Core_Unit/DatapathCore/ff_Writeback/ff_RdW/qout_reg[4]/C
                            (rising edge-triggered cell FDRE clocked by clk_out1_clk_wiz_0  {rise@0.000ns fall@6.667ns period=13.333ns})
  Destination:            Core_Unit/DatapathCore/ff_Fetch/ff_RE_interior/qout_reg[29]/D
                            (rising edge-triggered cell FDRE clocked by clk_out1_clk_wiz_0  {rise@0.000ns fall@6.667ns period=13.333ns})
  Path Group:             clk_out1_clk_wiz_0
  Path Type:              Setup (Max at Slow Process Corner)
  Requirement:            13.333ns  (clk_out1_clk_wiz_0 rise@13.333ns - clk_out1_clk_wiz_0 rise@0.000ns)
  Data Path Delay:        12.900ns  (logic 3.862ns (29.937%)  route 9.038ns (70.063%))
  Logic Levels:           19  (CARRY4=8 LUT2=1 LUT5=2 LUT6=7 MUXF7=1)
  Clock Path Skew:        -0.208ns (DCD - SCD + CPR)
    Destination Clock Delay (DCD):    -1.416ns = ( 11.917 - 13.333 ) 
    Source Clock Delay      (SCD):    -0.721ns
    Clock Pessimism Removal (CPR):    0.487ns
  Clock Uncertainty:      0.119ns  ((TSJ^2 + DJ^2)^1/2) / 2 + PE
    Total System Jitter     (TSJ):    0.071ns
    Discrete Jitter          (DJ):    0.226ns
    Phase Error              (PE):    0.000ns

    Location             Delay type                Incr(ns)  Path(ns)    Netlist Resource(s)
  -------------------------------------------------------------------    -------------------
                         (clock clk_out1_clk_wiz_0 rise edge)
                                                      0.000     0.000 r  
    E3                                                0.000     0.000 r  clk_100MHz (IN)
                         net (fo=0)                   0.000     0.000    clk_wiz_inst/inst/clk_in1
    E3                   IBUF (Prop_ibuf_I_O)         1.482     1.482 r  clk_wiz_inst/inst/clkin1_ibufg/O
                         net (fo=1, routed)           1.233     2.715    clk_wiz_inst/inst/clk_in1_clk_wiz_0
    MMCME2_ADV_X1Y2      MMCME2_ADV (Prop_mmcme2_adv_CLKIN1_CLKOUT0)
                                                     -7.070    -4.355 r  clk_wiz_inst/inst/mmcm_adv_inst/CLKOUT0
                         net (fo=1, routed)           1.719    -2.636    clk_wiz_inst/inst/clk_out1_clk_wiz_0
    BUFGCTRL_X0Y16       BUFG (Prop_bufg_I_O)         0.096    -2.540 r  clk_wiz_inst/inst/clkout1_buf/O
                         net (fo=649, routed)         1.819    -0.721    Core_Unit/DatapathCore/ff_Writeback/ff_RdW/clk_out1
    SLICE_X9Y42          FDRE                                         r  Core_Unit/DatapathCore/ff_Writeback/ff_RdW/qout_reg[4]/C
  -------------------------------------------------------------------    -------------------
    SLICE_X9Y42          FDRE (Prop_fdre_C_Q)         0.419    -0.302 r  Core_Unit/DatapathCore/ff_Writeback/ff_RdW/qout_reg[4]/Q
                         net (fo=95, routed)          0.770     0.469    Core_Unit/DatapathCore/ff_Writeback/ff_RdW/Q[4]
    SLICE_X11Y41         LUT2 (Prop_lut2_I0_O)        0.296     0.765 r  Core_Unit/DatapathCore/ff_Writeback/ff_RdW/Sum_carry_i_23/O
                         net (fo=12, routed)          1.029     1.794    Core_Unit/DatapathCore/ff_Writeback/ff_RdW/Sum_carry_i_23_n_0
    SLICE_X8Y40          LUT6 (Prop_lut6_I1_O)        0.124     1.918 r  Core_Unit/DatapathCore/ff_Writeback/ff_RdW/Sum_carry_i_20/O
                         net (fo=1, routed)           0.282     2.200    Core_Unit/DatapathCore/ff_Execute/ff_ImmExtE/qout[3]_i_2
    SLICE_X8Y40          LUT5 (Prop_lut5_I2_O)        0.124     2.324 r  Core_Unit/DatapathCore/ff_Execute/ff_ImmExtE/Sum_carry_i_12/O
                         net (fo=115, routed)         1.657     3.981    Core_Unit/DatapathCore/ff_Execute/ff_Rd1E/slt0_carry_0
    SLICE_X25Y44         LUT5 (Prop_lut5_I1_O)        0.152     4.133 f  Core_Unit/DatapathCore/ff_Execute/ff_Rd1E/qout[28]_i_20/O
                         net (fo=4, routed)           0.977     5.110    Core_Unit/DatapathCore/ff_Execute/ff_Rd1E/qout[28]_i_20_n_0
    SLICE_X25Y46         LUT6 (Prop_lut6_I0_O)        0.326     5.436 f  Core_Unit/DatapathCore/ff_Execute/ff_Rd1E/qout[28]_i_11/O
                         net (fo=4, routed)           0.626     6.062    Core_Unit/DatapathCore/ff_Execute/ff_ImmExtE/FlushD_OBS_OBUF_inst_i_16_0
    SLICE_X23Y47         LUT6 (Prop_lut6_I3_O)        0.124     6.186 f  Core_Unit/DatapathCore/ff_Execute/ff_ImmExtE/FlushD_OBS_OBUF_inst_i_24/O
                         net (fo=1, routed)           0.000     6.186    Core_Unit/DatapathCore/ff_Execute/ff_ImmExtE/data6[27]
    SLICE_X23Y47         MUXF7 (Prop_muxf7_I0_O)      0.212     6.398 f  Core_Unit/DatapathCore/ff_Execute/ff_ImmExtE/FlushD_OBS_OBUF_inst_i_16/O
                         net (fo=1, routed)           0.661     7.059    Core_Unit/DatapathCore/ff_Execute/ff_AluControlE/FlushD_OBS_OBUF_inst_i_5_1
    SLICE_X22Y47         LUT6 (Prop_lut6_I2_O)        0.299     7.358 r  Core_Unit/DatapathCore/ff_Execute/ff_AluControlE/FlushD_OBS_OBUF_inst_i_10/O
                         net (fo=1, routed)           0.804     8.162    Core_Unit/DatapathCore/ff_Execute/ff_AluControlE/FlushD_OBS_OBUF_inst_i_10_n_0
    SLICE_X20Y48         LUT6 (Prop_lut6_I3_O)        0.124     8.286 r  Core_Unit/DatapathCore/ff_Execute/ff_AluControlE/FlushD_OBS_OBUF_inst_i_5/O
                         net (fo=2, routed)           0.999     9.284    Core_Unit/DatapathCore/ff_Execute/ff_AluControlE/FlushD_OBS_OBUF_inst_i_5_n_0
    SLICE_X9Y43          LUT6 (Prop_lut6_I3_O)        0.124     9.408 r  Core_Unit/DatapathCore/ff_Execute/ff_AluControlE/FlushE_OBS_OBUF_inst_i_2/O
                         net (fo=37, routed)          0.625    10.033    Core_Unit/DatapathCore/ff_Execute/ff_InstrE/BrBase__0
    SLICE_X7Y44          LUT6 (Prop_lut6_I2_O)        0.124    10.157 r  Core_Unit/DatapathCore/ff_Execute/ff_InstrE/qout[1]_i_2/O
                         net (fo=1, routed)           0.608    10.765    Core_Unit/DatapathCore/ff_Execute/ff_InstrE/qout[1]_i_2_n_0
    SLICE_X5Y43          CARRY4 (Prop_carry4_DI[1]_CO[3])
                                                      0.507    11.272 r  Core_Unit/DatapathCore/ff_Execute/ff_InstrE/qout_reg[1]_i_1__0/CO[3]
                         net (fo=1, routed)           0.000    11.272    Core_Unit/DatapathCore/ff_Execute/ff_InstrE/qout_reg[1]_i_1__0_n_0
    SLICE_X5Y44          CARRY4 (Prop_carry4_CI_CO[3])
                                                      0.114    11.386 r  Core_Unit/DatapathCore/ff_Execute/ff_InstrE/qout_reg[5]_i_1/CO[3]
                         net (fo=1, routed)           0.000    11.386    Core_Unit/DatapathCore/ff_Execute/ff_InstrE/qout_reg[5]_i_1_n_0
    SLICE_X5Y45          CARRY4 (Prop_carry4_CI_CO[3])
                                                      0.114    11.500 r  Core_Unit/DatapathCore/ff_Execute/ff_InstrE/qout_reg[9]_i_1/CO[3]
                         net (fo=1, routed)           0.000    11.500    Core_Unit/DatapathCore/ff_Execute/ff_InstrE/qout_reg[9]_i_1_n_0
    SLICE_X5Y46          CARRY4 (Prop_carry4_CI_CO[3])
                                                      0.114    11.614 r  Core_Unit/DatapathCore/ff_Execute/ff_InstrE/qout_reg[13]_i_1__0/CO[3]
                         net (fo=1, routed)           0.000    11.614    Core_Unit/DatapathCore/ff_Execute/ff_InstrE/qout_reg[13]_i_1__0_n_0
    SLICE_X5Y47          CARRY4 (Prop_carry4_CI_CO[3])
                                                      0.114    11.728 r  Core_Unit/DatapathCore/ff_Execute/ff_InstrE/qout_reg[17]_i_1/CO[3]
                         net (fo=1, routed)           0.000    11.728    Core_Unit/DatapathCore/ff_Execute/ff_InstrE/qout_reg[17]_i_1_n_0
    SLICE_X5Y48          CARRY4 (Prop_carry4_CI_CO[3])
                                                      0.114    11.842 r  Core_Unit/DatapathCore/ff_Execute/ff_InstrE/qout_reg[21]_i_1/CO[3]
                         net (fo=1, routed)           0.000    11.842    Core_Unit/DatapathCore/ff_Execute/ff_InstrE/qout_reg[21]_i_1_n_0
    SLICE_X5Y49          CARRY4 (Prop_carry4_CI_CO[3])
                                                      0.114    11.956 r  Core_Unit/DatapathCore/ff_Execute/ff_InstrE/qout_reg[25]_i_1/CO[3]
                         net (fo=1, routed)           0.001    11.957    Core_Unit/DatapathCore/ff_Execute/ff_PCE/CO[0]
    SLICE_X5Y50          CARRY4 (Prop_carry4_CI_O[0])
                                                      0.223    12.180 r  Core_Unit/DatapathCore/ff_Execute/ff_PCE/qout_reg[29]_i_1/O[0]
                         net (fo=1, routed)           0.000    12.180    Core_Unit/DatapathCore/ff_Fetch/ff_RE_interior/qout_reg[31]_0[0]
    SLICE_X5Y50          FDRE                                         r  Core_Unit/DatapathCore/ff_Fetch/ff_RE_interior/qout_reg[29]/D
  -------------------------------------------------------------------    -------------------

                         (clock clk_out1_clk_wiz_0 rise edge)
                                                     13.333    13.333 r  
    E3                                                0.000    13.333 r  clk_100MHz (IN)
                         net (fo=0)                   0.000    13.333    clk_wiz_inst/inst/clk_in1
    E3                   IBUF (Prop_ibuf_I_O)         1.411    14.745 r  clk_wiz_inst/inst/clkin1_ibufg/O
                         net (fo=1, routed)           1.162    15.906    clk_wiz_inst/inst/clk_in1_clk_wiz_0
    MMCME2_ADV_X1Y2      MMCME2_ADV (Prop_mmcme2_adv_CLKIN1_CLKOUT0)
                                                     -7.324     8.583 r  clk_wiz_inst/inst/mmcm_adv_inst/CLKOUT0
                         net (fo=1, routed)           1.639    10.222    clk_wiz_inst/inst/clk_out1_clk_wiz_0
    BUFGCTRL_X0Y16       BUFG (Prop_bufg_I_O)         0.091    10.313 r  clk_wiz_inst/inst/clkout1_buf/O
                         net (fo=649, routed)         1.604    11.917    Core_Unit/DatapathCore/ff_Fetch/ff_RE_interior/clk_out1
    SLICE_X5Y50          FDRE                                         r  Core_Unit/DatapathCore/ff_Fetch/ff_RE_interior/qout_reg[29]/C
                         clock pessimism              0.487    12.405    
                         clock uncertainty           -0.119    12.286    
    SLICE_X5Y50          FDRE (Setup_fdre_C_D)        0.062    12.348    Core_Unit/DatapathCore/ff_Fetch/ff_RE_interior/qout_reg[29]
  -------------------------------------------------------------------
                         required time                         12.348    
                         arrival time                         -12.180    
  -------------------------------------------------------------------
                         slack                                  0.168    

Slack (MET) :             0.419ns  (required time - arrival time)
  Source:                 Core_Unit/DatapathCore/ff_Writeback/ff_RdW/qout_reg[4]/C
                            (rising edge-triggered cell FDRE clocked by clk_out1_clk_wiz_0  {rise@0.000ns fall@6.667ns period=13.333ns})
  Destination:            Core_Unit/DatapathCore/ff_Fetch/ff_RE_interior/qout_reg[26]/D
                            (rising edge-triggered cell FDRE clocked by clk_out1_clk_wiz_0  {rise@0.000ns fall@6.667ns period=13.333ns})
  Path Group:             clk_out1_clk_wiz_0
  Path Type:              Setup (Max at Slow Process Corner)
  Requirement:            13.333ns  (clk_out1_clk_wiz_0 rise@13.333ns - clk_out1_clk_wiz_0 rise@0.000ns)
  Data Path Delay:        12.897ns  (logic 3.859ns (29.922%)  route 9.038ns (70.078%))
  Logic Levels:           18  (CARRY4=7 LUT2=1 LUT5=2 LUT6=7 MUXF7=1)
  Clock Path Skew:        0.039ns (DCD - SCD + CPR)
    Destination Clock Delay (DCD):    -1.250ns = ( 12.084 - 13.333 ) 
    Source Clock Delay      (SCD):    -0.721ns
    Clock Pessimism Removal (CPR):    0.568ns
  Clock Uncertainty:      0.119ns  ((TSJ^2 + DJ^2)^1/2) / 2 + PE
    Total System Jitter     (TSJ):    0.071ns
    Discrete Jitter          (DJ):    0.226ns
    Phase Error              (PE):    0.000ns

    Location             Delay type                Incr(ns)  Path(ns)    Netlist Resource(s)
  -------------------------------------------------------------------    -------------------
                         (clock clk_out1_clk_wiz_0 rise edge)
                                                      0.000     0.000 r  
    E3                                                0.000     0.000 r  clk_100MHz (IN)
                         net (fo=0)                   0.000     0.000    clk_wiz_inst/inst/clk_in1
    E3                   IBUF (Prop_ibuf_I_O)         1.482     1.482 r  clk_wiz_inst/inst/clkin1_ibufg/O
                         net (fo=1, routed)           1.233     2.715    clk_wiz_inst/inst/clk_in1_clk_wiz_0
    MMCME2_ADV_X1Y2      MMCME2_ADV (Prop_mmcme2_adv_CLKIN1_CLKOUT0)
                                                     -7.070    -4.355 r  clk_wiz_inst/inst/mmcm_adv_inst/CLKOUT0
                         net (fo=1, routed)           1.719    -2.636    clk_wiz_inst/inst/clk_out1_clk_wiz_0
    BUFGCTRL_X0Y16       BUFG (Prop_bufg_I_O)         0.096    -2.540 r  clk_wiz_inst/inst/clkout1_buf/O
                         net (fo=649, routed)         1.819    -0.721    Core_Unit/DatapathCore/ff_Writeback/ff_RdW/clk_out1
    SLICE_X9Y42          FDRE                                         r  Core_Unit/DatapathCore/ff_Writeback/ff_RdW/qout_reg[4]/C
  -------------------------------------------------------------------    -------------------
    SLICE_X9Y42          FDRE (Prop_fdre_C_Q)         0.419    -0.302 r  Core_Unit/DatapathCore/ff_Writeback/ff_RdW/qout_reg[4]/Q
                         net (fo=95, routed)          0.770     0.469    Core_Unit/DatapathCore/ff_Writeback/ff_RdW/Q[4]
    SLICE_X11Y41         LUT2 (Prop_lut2_I0_O)        0.296     0.765 r  Core_Unit/DatapathCore/ff_Writeback/ff_RdW/Sum_carry_i_23/O
                         net (fo=12, routed)          1.029     1.794    Core_Unit/DatapathCore/ff_Writeback/ff_RdW/Sum_carry_i_23_n_0
    SLICE_X8Y40          LUT6 (Prop_lut6_I1_O)        0.124     1.918 r  Core_Unit/DatapathCore/ff_Writeback/ff_RdW/Sum_carry_i_20/O
                         net (fo=1, routed)           0.282     2.200    Core_Unit/DatapathCore/ff_Execute/ff_ImmExtE/qout[3]_i_2
    SLICE_X8Y40          LUT5 (Prop_lut5_I2_O)        0.124     2.324 r  Core_Unit/DatapathCore/ff_Execute/ff_ImmExtE/Sum_carry_i_12/O
                         net (fo=115, routed)         1.657     3.981    Core_Unit/DatapathCore/ff_Execute/ff_Rd1E/slt0_carry_0
    SLICE_X25Y44         LUT5 (Prop_lut5_I1_O)        0.152     4.133 f  Core_Unit/DatapathCore/ff_Execute/ff_Rd1E/qout[28]_i_20/O
                         net (fo=4, routed)           0.977     5.110    Core_Unit/DatapathCore/ff_Execute/ff_Rd1E/qout[28]_i_20_n_0
    SLICE_X25Y46         LUT6 (Prop_lut6_I0_O)        0.326     5.436 f  Core_Unit/DatapathCore/ff_Execute/ff_Rd1E/qout[28]_i_11/O
                         net (fo=4, routed)           0.626     6.062    Core_Unit/DatapathCore/ff_Execute/ff_ImmExtE/FlushD_OBS_OBUF_inst_i_16_0
    SLICE_X23Y47         LUT6 (Prop_lut6_I3_O)        0.124     6.186 f  Core_Unit/DatapathCore/ff_Execute/ff_ImmExtE/FlushD_OBS_OBUF_inst_i_24/O
                         net (fo=1, routed)           0.000     6.186    Core_Unit/DatapathCore/ff_Execute/ff_ImmExtE/data6[27]
    SLICE_X23Y47         MUXF7 (Prop_muxf7_I0_O)      0.212     6.398 f  Core_Unit/DatapathCore/ff_Execute/ff_ImmExtE/FlushD_OBS_OBUF_inst_i_16/O
                         net (fo=1, routed)           0.661     7.059    Core_Unit/DatapathCore/ff_Execute/ff_AluControlE/FlushD_OBS_OBUF_inst_i_5_1
    SLICE_X22Y47         LUT6 (Prop_lut6_I2_O)        0.299     7.358 r  Core_Unit/DatapathCore/ff_Execute/ff_AluControlE/FlushD_OBS_OBUF_inst_i_10/O
                         net (fo=1, routed)           0.804     8.162    Core_Unit/DatapathCore/ff_Execute/ff_AluControlE/FlushD_OBS_OBUF_inst_i_10_n_0
    SLICE_X20Y48         LUT6 (Prop_lut6_I3_O)        0.124     8.286 r  Core_Unit/DatapathCore/ff_Execute/ff_AluControlE/FlushD_OBS_OBUF_inst_i_5/O
                         net (fo=2, routed)           0.999     9.284    Core_Unit/DatapathCore/ff_Execute/ff_AluControlE/FlushD_OBS_OBUF_inst_i_5_n_0
    SLICE_X9Y43          LUT6 (Prop_lut6_I3_O)        0.124     9.408 r  Core_Unit/DatapathCore/ff_Execute/ff_AluControlE/FlushE_OBS_OBUF_inst_i_2/O
                         net (fo=37, routed)          0.625    10.033    Core_Unit/DatapathCore/ff_Execute/ff_InstrE/BrBase__0
    SLICE_X7Y44          LUT6 (Prop_lut6_I2_O)        0.124    10.157 r  Core_Unit/DatapathCore/ff_Execute/ff_InstrE/qout[1]_i_2/O
                         net (fo=1, routed)           0.608    10.765    Core_Unit/DatapathCore/ff_Execute/ff_InstrE/qout[1]_i_2_n_0
    SLICE_X5Y43          CARRY4 (Prop_carry4_DI[1]_CO[3])
                                                      0.507    11.272 r  Core_Unit/DatapathCore/ff_Execute/ff_InstrE/qout_reg[1]_i_1__0/CO[3]
                         net (fo=1, routed)           0.000    11.272    Core_Unit/DatapathCore/ff_Execute/ff_InstrE/qout_reg[1]_i_1__0_n_0
    SLICE_X5Y44          CARRY4 (Prop_carry4_CI_CO[3])
                                                      0.114    11.386 r  Core_Unit/DatapathCore/ff_Execute/ff_InstrE/qout_reg[5]_i_1/CO[3]
                         net (fo=1, routed)           0.000    11.386    Core_Unit/DatapathCore/ff_Execute/ff_InstrE/qout_reg[5]_i_1_n_0
    SLICE_X5Y45          CARRY4 (Prop_carry4_CI_CO[3])
                                                      0.114    11.500 r  Core_Unit/DatapathCore/ff_Execute/ff_InstrE/qout_reg[9]_i_1/CO[3]
                         net (fo=1, routed)           0.000    11.500    Core_Unit/DatapathCore/ff_Execute/ff_InstrE/qout_reg[9]_i_1_n_0
    SLICE_X5Y46          CARRY4 (Prop_carry4_CI_CO[3])
                                                      0.114    11.614 r  Core_Unit/DatapathCore/ff_Execute/ff_InstrE/qout_reg[13]_i_1__0/CO[3]
                         net (fo=1, routed)           0.000    11.614    Core_Unit/DatapathCore/ff_Execute/ff_InstrE/qout_reg[13]_i_1__0_n_0
    SLICE_X5Y47          CARRY4 (Prop_carry4_CI_CO[3])
                                                      0.114    11.728 r  Core_Unit/DatapathCore/ff_Execute/ff_InstrE/qout_reg[17]_i_1/CO[3]
                         net (fo=1, routed)           0.000    11.728    Core_Unit/DatapathCore/ff_Execute/ff_InstrE/qout_reg[17]_i_1_n_0
    SLICE_X5Y48          CARRY4 (Prop_carry4_CI_CO[3])
                                                      0.114    11.842 r  Core_Unit/DatapathCore/ff_Execute/ff_InstrE/qout_reg[21]_i_1/CO[3]
                         net (fo=1, routed)           0.000    11.842    Core_Unit/DatapathCore/ff_Execute/ff_InstrE/qout_reg[21]_i_1_n_0
    SLICE_X5Y49          CARRY4 (Prop_carry4_CI_O[1])
                                                      0.334    12.176 r  Core_Unit/DatapathCore/ff_Execute/ff_InstrE/qout_reg[25]_i_1/O[1]
                         net (fo=1, routed)           0.000    12.176    Core_Unit/DatapathCore/ff_Fetch/ff_RE_interior/qout_reg[28]_0[1]
    SLICE_X5Y49          FDRE                                         r  Core_Unit/DatapathCore/ff_Fetch/ff_RE_interior/qout_reg[26]/D
  -------------------------------------------------------------------    -------------------

                         (clock clk_out1_clk_wiz_0 rise edge)
                                                     13.333    13.333 r  
    E3                                                0.000    13.333 r  clk_100MHz (IN)
                         net (fo=0)                   0.000    13.333    clk_wiz_inst/inst/clk_in1
    E3                   IBUF (Prop_ibuf_I_O)         1.411    14.745 r  clk_wiz_inst/inst/clkin1_ibufg/O
                         net (fo=1, routed)           1.162    15.906    clk_wiz_inst/inst/clk_in1_clk_wiz_0
    MMCME2_ADV_X1Y2      MMCME2_ADV (Prop_mmcme2_adv_CLKIN1_CLKOUT0)
                                                     -7.324     8.583 r  clk_wiz_inst/inst/mmcm_adv_inst/CLKOUT0
                         net (fo=1, routed)           1.639    10.222    clk_wiz_inst/inst/clk_out1_clk_wiz_0
    BUFGCTRL_X0Y16       BUFG (Prop_bufg_I_O)         0.091    10.313 r  clk_wiz_inst/inst/clkout1_buf/O
                         net (fo=649, routed)         1.771    12.084    Core_Unit/DatapathCore/ff_Fetch/ff_RE_interior/clk_out1
    SLICE_X5Y49          FDRE                                         r  Core_Unit/DatapathCore/ff_Fetch/ff_RE_interior/qout_reg[26]/C
                         clock pessimism              0.568    12.652    
                         clock uncertainty           -0.119    12.533    
    SLICE_X5Y49          FDRE (Setup_fdre_C_D)        0.062    12.595    Core_Unit/DatapathCore/ff_Fetch/ff_RE_interior/qout_reg[26]
  -------------------------------------------------------------------
                         required time                         12.595    
                         arrival time                         -12.176    
  -------------------------------------------------------------------
                         slack                                  0.419    

Slack (MET) :             0.440ns  (required time - arrival time)
  Source:                 Core_Unit/DatapathCore/ff_Writeback/ff_RdW/qout_reg[4]/C
                            (rising edge-triggered cell FDRE clocked by clk_out1_clk_wiz_0  {rise@0.000ns fall@6.667ns period=13.333ns})
  Destination:            Core_Unit/DatapathCore/ff_Fetch/ff_RE_interior/qout_reg[28]/D
                            (rising edge-triggered cell FDRE clocked by clk_out1_clk_wiz_0  {rise@0.000ns fall@6.667ns period=13.333ns})
  Path Group:             clk_out1_clk_wiz_0
  Path Type:              Setup (Max at Slow Process Corner)
  Requirement:            13.333ns  (clk_out1_clk_wiz_0 rise@13.333ns - clk_out1_clk_wiz_0 rise@0.000ns)
  Data Path Delay:        12.876ns  (logic 3.838ns (29.808%)  route 9.038ns (70.192%))
  Logic Levels:           18  (CARRY4=7 LUT2=1 LUT5=2 LUT6=7 MUXF7=1)
  Clock Path Skew:        0.039ns (DCD - SCD + CPR)
    Destination Clock Delay (DCD):    -1.250ns = ( 12.084 - 13.333 ) 
    Source Clock Delay      (SCD):    -0.721ns
    Clock Pessimism Removal (CPR):    0.568ns
  Clock Uncertainty:      0.119ns  ((TSJ^2 + DJ^2)^1/2) / 2 + PE
    Total System Jitter     (TSJ):    0.071ns
    Discrete Jitter          (DJ):    0.226ns
    Phase Error              (PE):    0.000ns

    Location             Delay type                Incr(ns)  Path(ns)    Netlist Resource(s)
  -------------------------------------------------------------------    -------------------
                         (clock clk_out1_clk_wiz_0 rise edge)
                                                      0.000     0.000 r  
    E3                                                0.000     0.000 r  clk_100MHz (IN)
                         net (fo=0)                   0.000     0.000    clk_wiz_inst/inst/clk_in1
    E3                   IBUF (Prop_ibuf_I_O)         1.482     1.482 r  clk_wiz_inst/inst/clkin1_ibufg/O
                         net (fo=1, routed)           1.233     2.715    clk_wiz_inst/inst/clk_in1_clk_wiz_0
    MMCME2_ADV_X1Y2      MMCME2_ADV (Prop_mmcme2_adv_CLKIN1_CLKOUT0)
                                                     -7.070    -4.355 r  clk_wiz_inst/inst/mmcm_adv_inst/CLKOUT0
                         net (fo=1, routed)           1.719    -2.636    clk_wiz_inst/inst/clk_out1_clk_wiz_0
    BUFGCTRL_X0Y16       BUFG (Prop_bufg_I_O)         0.096    -2.540 r  clk_wiz_inst/inst/clkout1_buf/O
                         net (fo=649, routed)         1.819    -0.721    Core_Unit/DatapathCore/ff_Writeback/ff_RdW/clk_out1
    SLICE_X9Y42          FDRE                                         r  Core_Unit/DatapathCore/ff_Writeback/ff_RdW/qout_reg[4]/C
  -------------------------------------------------------------------    -------------------
    SLICE_X9Y42          FDRE (Prop_fdre_C_Q)         0.419    -0.302 r  Core_Unit/DatapathCore/ff_Writeback/ff_RdW/qout_reg[4]/Q
                         net (fo=95, routed)          0.770     0.469    Core_Unit/DatapathCore/ff_Writeback/ff_RdW/Q[4]
    SLICE_X11Y41         LUT2 (Prop_lut2_I0_O)        0.296     0.765 r  Core_Unit/DatapathCore/ff_Writeback/ff_RdW/Sum_carry_i_23/O
                         net (fo=12, routed)          1.029     1.794    Core_Unit/DatapathCore/ff_Writeback/ff_RdW/Sum_carry_i_23_n_0
    SLICE_X8Y40          LUT6 (Prop_lut6_I1_O)        0.124     1.918 r  Core_Unit/DatapathCore/ff_Writeback/ff_RdW/Sum_carry_i_20/O
                         net (fo=1, routed)           0.282     2.200    Core_Unit/DatapathCore/ff_Execute/ff_ImmExtE/qout[3]_i_2
    SLICE_X8Y40          LUT5 (Prop_lut5_I2_O)        0.124     2.324 r  Core_Unit/DatapathCore/ff_Execute/ff_ImmExtE/Sum_carry_i_12/O
                         net (fo=115, routed)         1.657     3.981    Core_Unit/DatapathCore/ff_Execute/ff_Rd1E/slt0_carry_0
    SLICE_X25Y44         LUT5 (Prop_lut5_I1_O)        0.152     4.133 f  Core_Unit/DatapathCore/ff_Execute/ff_Rd1E/qout[28]_i_20/O
                         net (fo=4, routed)           0.977     5.110    Core_Unit/DatapathCore/ff_Execute/ff_Rd1E/qout[28]_i_20_n_0
    SLICE_X25Y46         LUT6 (Prop_lut6_I0_O)        0.326     5.436 f  Core_Unit/DatapathCore/ff_Execute/ff_Rd1E/qout[28]_i_11/O
                         net (fo=4, routed)           0.626     6.062    Core_Unit/DatapathCore/ff_Execute/ff_ImmExtE/FlushD_OBS_OBUF_inst_i_16_0
    SLICE_X23Y47         LUT6 (Prop_lut6_I3_O)        0.124     6.186 f  Core_Unit/DatapathCore/ff_Execute/ff_ImmExtE/FlushD_OBS_OBUF_inst_i_24/O
                         net (fo=1, routed)           0.000     6.186    Core_Unit/DatapathCore/ff_Execute/ff_ImmExtE/data6[27]
    SLICE_X23Y47         MUXF7 (Prop_muxf7_I0_O)      0.212     6.398 f  Core_Unit/DatapathCore/ff_Execute/ff_ImmExtE/FlushD_OBS_OBUF_inst_i_16/O
                         net (fo=1, routed)           0.661     7.059    Core_Unit/DatapathCore/ff_Execute/ff_AluControlE/FlushD_OBS_OBUF_inst_i_5_1
    SLICE_X22Y47         LUT6 (Prop_lut6_I2_O)        0.299     7.358 r  Core_Unit/DatapathCore/ff_Execute/ff_AluControlE/FlushD_OBS_OBUF_inst_i_10/O
                         net (fo=1, routed)           0.804     8.162    Core_Unit/DatapathCore/ff_Execute/ff_AluControlE/FlushD_OBS_OBUF_inst_i_10_n_0
    SLICE_X20Y48         LUT6 (Prop_lut6_I3_O)        0.124     8.286 r  Core_Unit/DatapathCore/ff_Execute/ff_AluControlE/FlushD_OBS_OBUF_inst_i_5/O
                         net (fo=2, routed)           0.999     9.284    Core_Unit/DatapathCore/ff_Execute/ff_AluControlE/FlushD_OBS_OBUF_inst_i_5_n_0
    SLICE_X9Y43          LUT6 (Prop_lut6_I3_O)        0.124     9.408 r  Core_Unit/DatapathCore/ff_Execute/ff_AluControlE/FlushE_OBS_OBUF_inst_i_2/O
                         net (fo=37, routed)          0.625    10.033    Core_Unit/DatapathCore/ff_Execute/ff_InstrE/BrBase__0
    SLICE_X7Y44          LUT6 (Prop_lut6_I2_O)        0.124    10.157 r  Core_Unit/DatapathCore/ff_Execute/ff_InstrE/qout[1]_i_2/O
                         net (fo=1, routed)           0.608    10.765    Core_Unit/DatapathCore/ff_Execute/ff_InstrE/qout[1]_i_2_n_0
    SLICE_X5Y43          CARRY4 (Prop_carry4_DI[1]_CO[3])
                                                      0.507    11.272 r  Core_Unit/DatapathCore/ff_Execute/ff_InstrE/qout_reg[1]_i_1__0/CO[3]
                         net (fo=1, routed)           0.000    11.272    Core_Unit/DatapathCore/ff_Execute/ff_InstrE/qout_reg[1]_i_1__0_n_0
    SLICE_X5Y44          CARRY4 (Prop_carry4_CI_CO[3])
                                                      0.114    11.386 r  Core_Unit/DatapathCore/ff_Execute/ff_InstrE/qout_reg[5]_i_1/CO[3]
                         net (fo=1, routed)           0.000    11.386    Core_Unit/DatapathCore/ff_Execute/ff_InstrE/qout_reg[5]_i_1_n_0
    SLICE_X5Y45          CARRY4 (Prop_carry4_CI_CO[3])
                                                      0.114    11.500 r  Core_Unit/DatapathCore/ff_Execute/ff_InstrE/qout_reg[9]_i_1/CO[3]
                         net (fo=1, routed)           0.000    11.500    Core_Unit/DatapathCore/ff_Execute/ff_InstrE/qout_reg[9]_i_1_n_0
    SLICE_X5Y46          CARRY4 (Prop_carry4_CI_CO[3])
                                                      0.114    11.614 r  Core_Unit/DatapathCore/ff_Execute/ff_InstrE/qout_reg[13]_i_1__0/CO[3]
                         net (fo=1, routed)           0.000    11.614    Core_Unit/DatapathCore/ff_Execute/ff_InstrE/qout_reg[13]_i_1__0_n_0
    SLICE_X5Y47          CARRY4 (Prop_carry4_CI_CO[3])
                                                      0.114    11.728 r  Core_Unit/DatapathCore/ff_Execute/ff_InstrE/qout_reg[17]_i_1/CO[3]
                         net (fo=1, routed)           0.000    11.728    Core_Unit/DatapathCore/ff_Execute/ff_InstrE/qout_reg[17]_i_1_n_0
    SLICE_X5Y48          CARRY4 (Prop_carry4_CI_CO[3])
                                                      0.114    11.842 r  Core_Unit/DatapathCore/ff_Execute/ff_InstrE/qout_reg[21]_i_1/CO[3]
                         net (fo=1, routed)           0.000    11.842    Core_Unit/DatapathCore/ff_Execute/ff_InstrE/qout_reg[21]_i_1_n_0
    SLICE_X5Y49          CARRY4 (Prop_carry4_CI_O[3])
                                                      0.313    12.155 r  Core_Unit/DatapathCore/ff_Execute/ff_InstrE/qout_reg[25]_i_1/O[3]
                         net (fo=1, routed)           0.000    12.155    Core_Unit/DatapathCore/ff_Fetch/ff_RE_interior/qout_reg[28]_0[3]
    SLICE_X5Y49          FDRE                                         r  Core_Unit/DatapathCore/ff_Fetch/ff_RE_interior/qout_reg[28]/D
  -------------------------------------------------------------------    -------------------

                         (clock clk_out1_clk_wiz_0 rise edge)
                                                     13.333    13.333 r  
    E3                                                0.000    13.333 r  clk_100MHz (IN)
                         net (fo=0)                   0.000    13.333    clk_wiz_inst/inst/clk_in1
    E3                   IBUF (Prop_ibuf_I_O)         1.411    14.745 r  clk_wiz_inst/inst/clkin1_ibufg/O
                         net (fo=1, routed)           1.162    15.906    clk_wiz_inst/inst/clk_in1_clk_wiz_0
    MMCME2_ADV_X1Y2      MMCME2_ADV (Prop_mmcme2_adv_CLKIN1_CLKOUT0)
                                                     -7.324     8.583 r  clk_wiz_inst/inst/mmcm_adv_inst/CLKOUT0
                         net (fo=1, routed)           1.639    10.222    clk_wiz_inst/inst/clk_out1_clk_wiz_0
    BUFGCTRL_X0Y16       BUFG (Prop_bufg_I_O)         0.091    10.313 r  clk_wiz_inst/inst/clkout1_buf/O
                         net (fo=649, routed)         1.771    12.084    Core_Unit/DatapathCore/ff_Fetch/ff_RE_interior/clk_out1
    SLICE_X5Y49          FDRE                                         r  Core_Unit/DatapathCore/ff_Fetch/ff_RE_interior/qout_reg[28]/C
                         clock pessimism              0.568    12.652    
                         clock uncertainty           -0.119    12.533    
    SLICE_X5Y49          FDRE (Setup_fdre_C_D)        0.062    12.595    Core_Unit/DatapathCore/ff_Fetch/ff_RE_interior/qout_reg[28]
  -------------------------------------------------------------------
                         required time                         12.595    
                         arrival time                         -12.155    
  -------------------------------------------------------------------
                         slack                                  0.440    

Slack (MET) :             0.514ns  (required time - arrival time)
  Source:                 Core_Unit/DatapathCore/ff_Writeback/ff_RdW/qout_reg[4]/C
                            (rising edge-triggered cell FDRE clocked by clk_out1_clk_wiz_0  {rise@0.000ns fall@6.667ns period=13.333ns})
  Destination:            Core_Unit/DatapathCore/ff_Fetch/ff_RE_interior/qout_reg[27]/D
                            (rising edge-triggered cell FDRE clocked by clk_out1_clk_wiz_0  {rise@0.000ns fall@6.667ns period=13.333ns})
  Path Group:             clk_out1_clk_wiz_0
  Path Type:              Setup (Max at Slow Process Corner)
  Requirement:            13.333ns  (clk_out1_clk_wiz_0 rise@13.333ns - clk_out1_clk_wiz_0 rise@0.000ns)
  Data Path Delay:        12.802ns  (logic 3.764ns (29.402%)  route 9.038ns (70.598%))
  Logic Levels:           18  (CARRY4=7 LUT2=1 LUT5=2 LUT6=7 MUXF7=1)
  Clock Path Skew:        0.039ns (DCD - SCD + CPR)
    Destination Clock Delay (DCD):    -1.250ns = ( 12.084 - 13.333 ) 
    Source Clock Delay      (SCD):    -0.721ns
    Clock Pessimism Removal (CPR):    0.568ns
  Clock Uncertainty:      0.119ns  ((TSJ^2 + DJ^2)^1/2) / 2 + PE
    Total System Jitter     (TSJ):    0.071ns
    Discrete Jitter          (DJ):    0.226ns
    Phase Error              (PE):    0.000ns

    Location             Delay type                Incr(ns)  Path(ns)    Netlist Resource(s)
  -------------------------------------------------------------------    -------------------
                         (clock clk_out1_clk_wiz_0 rise edge)
                                                      0.000     0.000 r  
    E3                                                0.000     0.000 r  clk_100MHz (IN)
                         net (fo=0)                   0.000     0.000    clk_wiz_inst/inst/clk_in1
    E3                   IBUF (Prop_ibuf_I_O)         1.482     1.482 r  clk_wiz_inst/inst/clkin1_ibufg/O
                         net (fo=1, routed)           1.233     2.715    clk_wiz_inst/inst/clk_in1_clk_wiz_0
    MMCME2_ADV_X1Y2      MMCME2_ADV (Prop_mmcme2_adv_CLKIN1_CLKOUT0)
                                                     -7.070    -4.355 r  clk_wiz_inst/inst/mmcm_adv_inst/CLKOUT0
                         net (fo=1, routed)           1.719    -2.636    clk_wiz_inst/inst/clk_out1_clk_wiz_0
    BUFGCTRL_X0Y16       BUFG (Prop_bufg_I_O)         0.096    -2.540 r  clk_wiz_inst/inst/clkout1_buf/O
                         net (fo=649, routed)         1.819    -0.721    Core_Unit/DatapathCore/ff_Writeback/ff_RdW/clk_out1
    SLICE_X9Y42          FDRE                                         r  Core_Unit/DatapathCore/ff_Writeback/ff_RdW/qout_reg[4]/C
  -------------------------------------------------------------------    -------------------
    SLICE_X9Y42          FDRE (Prop_fdre_C_Q)         0.419    -0.302 r  Core_Unit/DatapathCore/ff_Writeback/ff_RdW/qout_reg[4]/Q
                         net (fo=95, routed)          0.770     0.469    Core_Unit/DatapathCore/ff_Writeback/ff_RdW/Q[4]
    SLICE_X11Y41         LUT2 (Prop_lut2_I0_O)        0.296     0.765 r  Core_Unit/DatapathCore/ff_Writeback/ff_RdW/Sum_carry_i_23/O
                         net (fo=12, routed)          1.029     1.794    Core_Unit/DatapathCore/ff_Writeback/ff_RdW/Sum_carry_i_23_n_0
    SLICE_X8Y40          LUT6 (Prop_lut6_I1_O)        0.124     1.918 r  Core_Unit/DatapathCore/ff_Writeback/ff_RdW/Sum_carry_i_20/O
                         net (fo=1, routed)           0.282     2.200    Core_Unit/DatapathCore/ff_Execute/ff_ImmExtE/qout[3]_i_2
    SLICE_X8Y40          LUT5 (Prop_lut5_I2_O)        0.124     2.324 r  Core_Unit/DatapathCore/ff_Execute/ff_ImmExtE/Sum_carry_i_12/O
                         net (fo=115, routed)         1.657     3.981    Core_Unit/DatapathCore/ff_Execute/ff_Rd1E/slt0_carry_0
    SLICE_X25Y44         LUT5 (Prop_lut5_I1_O)        0.152     4.133 f  Core_Unit/DatapathCore/ff_Execute/ff_Rd1E/qout[28]_i_20/O
                         net (fo=4, routed)           0.977     5.110    Core_Unit/DatapathCore/ff_Execute/ff_Rd1E/qout[28]_i_20_n_0
    SLICE_X25Y46         LUT6 (Prop_lut6_I0_O)        0.326     5.436 f  Core_Unit/DatapathCore/ff_Execute/ff_Rd1E/qout[28]_i_11/O
                         net (fo=4, routed)           0.626     6.062    Core_Unit/DatapathCore/ff_Execute/ff_ImmExtE/FlushD_OBS_OBUF_inst_i_16_0
    SLICE_X23Y47         LUT6 (Prop_lut6_I3_O)        0.124     6.186 f  Core_Unit/DatapathCore/ff_Execute/ff_ImmExtE/FlushD_OBS_OBUF_inst_i_24/O
                         net (fo=1, routed)           0.000     6.186    Core_Unit/DatapathCore/ff_Execute/ff_ImmExtE/data6[27]
    SLICE_X23Y47         MUXF7 (Prop_muxf7_I0_O)      0.212     6.398 f  Core_Unit/DatapathCore/ff_Execute/ff_ImmExtE/FlushD_OBS_OBUF_inst_i_16/O
                         net (fo=1, routed)           0.661     7.059    Core_Unit/DatapathCore/ff_Execute/ff_AluControlE/FlushD_OBS_OBUF_inst_i_5_1
    SLICE_X22Y47         LUT6 (Prop_lut6_I2_O)        0.299     7.358 r  Core_Unit/DatapathCore/ff_Execute/ff_AluControlE/FlushD_OBS_OBUF_inst_i_10/O
                         net (fo=1, routed)           0.804     8.162    Core_Unit/DatapathCore/ff_Execute/ff_AluControlE/FlushD_OBS_OBUF_inst_i_10_n_0
    SLICE_X20Y48         LUT6 (Prop_lut6_I3_O)        0.124     8.286 r  Core_Unit/DatapathCore/ff_Execute/ff_AluControlE/FlushD_OBS_OBUF_inst_i_5/O
                         net (fo=2, routed)           0.999     9.284    Core_Unit/DatapathCore/ff_Execute/ff_AluControlE/FlushD_OBS_OBUF_inst_i_5_n_0
    SLICE_X9Y43          LUT6 (Prop_lut6_I3_O)        0.124     9.408 r  Core_Unit/DatapathCore/ff_Execute/ff_AluControlE/FlushE_OBS_OBUF_inst_i_2/O
                         net (fo=37, routed)          0.625    10.033    Core_Unit/DatapathCore/ff_Execute/ff_InstrE/BrBase__0
    SLICE_X7Y44          LUT6 (Prop_lut6_I2_O)        0.124    10.157 r  Core_Unit/DatapathCore/ff_Execute/ff_InstrE/qout[1]_i_2/O
                         net (fo=1, routed)           0.608    10.765    Core_Unit/DatapathCore/ff_Execute/ff_InstrE/qout[1]_i_2_n_0
    SLICE_X5Y43          CARRY4 (Prop_carry4_DI[1]_CO[3])
                                                      0.507    11.272 r  Core_Unit/DatapathCore/ff_Execute/ff_InstrE/qout_reg[1]_i_1__0/CO[3]
                         net (fo=1, routed)           0.000    11.272    Core_Unit/DatapathCore/ff_Execute/ff_InstrE/qout_reg[1]_i_1__0_n_0
    SLICE_X5Y44          CARRY4 (Prop_carry4_CI_CO[3])
                                                      0.114    11.386 r  Core_Unit/DatapathCore/ff_Execute/ff_InstrE/qout_reg[5]_i_1/CO[3]
                         net (fo=1, routed)           0.000    11.386    Core_Unit/DatapathCore/ff_Execute/ff_InstrE/qout_reg[5]_i_1_n_0
    SLICE_X5Y45          CARRY4 (Prop_carry4_CI_CO[3])
                                                      0.114    11.500 r  Core_Unit/DatapathCore/ff_Execute/ff_InstrE/qout_reg[9]_i_1/CO[3]
                         net (fo=1, routed)           0.000    11.500    Core_Unit/DatapathCore/ff_Execute/ff_InstrE/qout_reg[9]_i_1_n_0
    SLICE_X5Y46          CARRY4 (Prop_carry4_CI_CO[3])
                                                      0.114    11.614 r  Core_Unit/DatapathCore/ff_Execute/ff_InstrE/qout_reg[13]_i_1__0/CO[3]
                         net (fo=1, routed)           0.000    11.614    Core_Unit/DatapathCore/ff_Execute/ff_InstrE/qout_reg[13]_i_1__0_n_0
    SLICE_X5Y47          CARRY4 (Prop_carry4_CI_CO[3])
                                                      0.114    11.728 r  Core_Unit/DatapathCore/ff_Execute/ff_InstrE/qout_reg[17]_i_1/CO[3]
                         net (fo=1, routed)           0.000    11.728    Core_Unit/DatapathCore/ff_Execute/ff_InstrE/qout_reg[17]_i_1_n_0
    SLICE_X5Y48          CARRY4 (Prop_carry4_CI_CO[3])
                                                      0.114    11.842 r  Core_Unit/DatapathCore/ff_Execute/ff_InstrE/qout_reg[21]_i_1/CO[3]
                         net (fo=1, routed)           0.000    11.842    Core_Unit/DatapathCore/ff_Execute/ff_InstrE/qout_reg[21]_i_1_n_0
    SLICE_X5Y49          CARRY4 (Prop_carry4_CI_O[2])
                                                      0.239    12.081 r  Core_Unit/DatapathCore/ff_Execute/ff_InstrE/qout_reg[25]_i_1/O[2]
                         net (fo=1, routed)           0.000    12.081    Core_Unit/DatapathCore/ff_Fetch/ff_RE_interior/qout_reg[28]_0[2]
    SLICE_X5Y49          FDRE                                         r  Core_Unit/DatapathCore/ff_Fetch/ff_RE_interior/qout_reg[27]/D
  -------------------------------------------------------------------    -------------------

                         (clock clk_out1_clk_wiz_0 rise edge)
                                                     13.333    13.333 r  
    E3                                                0.000    13.333 r  clk_100MHz (IN)
                         net (fo=0)                   0.000    13.333    clk_wiz_inst/inst/clk_in1
    E3                   IBUF (Prop_ibuf_I_O)         1.411    14.745 r  clk_wiz_inst/inst/clkin1_ibufg/O
                         net (fo=1, routed)           1.162    15.906    clk_wiz_inst/inst/clk_in1_clk_wiz_0
    MMCME2_ADV_X1Y2      MMCME2_ADV (Prop_mmcme2_adv_CLKIN1_CLKOUT0)
                                                     -7.324     8.583 r  clk_wiz_inst/inst/mmcm_adv_inst/CLKOUT0
                         net (fo=1, routed)           1.639    10.222    clk_wiz_inst/inst/clk_out1_clk_wiz_0
    BUFGCTRL_X0Y16       BUFG (Prop_bufg_I_O)         0.091    10.313 r  clk_wiz_inst/inst/clkout1_buf/O
                         net (fo=649, routed)         1.771    12.084    Core_Unit/DatapathCore/ff_Fetch/ff_RE_interior/clk_out1
    SLICE_X5Y49          FDRE                                         r  Core_Unit/DatapathCore/ff_Fetch/ff_RE_interior/qout_reg[27]/C
                         clock pessimism              0.568    12.652    
                         clock uncertainty           -0.119    12.533    
    SLICE_X5Y49          FDRE (Setup_fdre_C_D)        0.062    12.595    Core_Unit/DatapathCore/ff_Fetch/ff_RE_interior/qout_reg[27]
  -------------------------------------------------------------------
                         required time                         12.595    
                         arrival time                         -12.081    
  -------------------------------------------------------------------
                         slack                                  0.514    

Slack (MET) :             0.530ns  (required time - arrival time)
  Source:                 Core_Unit/DatapathCore/ff_Writeback/ff_RdW/qout_reg[4]/C
                            (rising edge-triggered cell FDRE clocked by clk_out1_clk_wiz_0  {rise@0.000ns fall@6.667ns period=13.333ns})
  Destination:            Core_Unit/DatapathCore/ff_Fetch/ff_RE_interior/qout_reg[25]/D
                            (rising edge-triggered cell FDRE clocked by clk_out1_clk_wiz_0  {rise@0.000ns fall@6.667ns period=13.333ns})
  Path Group:             clk_out1_clk_wiz_0
  Path Type:              Setup (Max at Slow Process Corner)
  Requirement:            13.333ns  (clk_out1_clk_wiz_0 rise@13.333ns - clk_out1_clk_wiz_0 rise@0.000ns)
  Data Path Delay:        12.786ns  (logic 3.748ns (29.314%)  route 9.038ns (70.686%))
  Logic Levels:           18  (CARRY4=7 LUT2=1 LUT5=2 LUT6=7 MUXF7=1)
  Clock Path Skew:        0.039ns (DCD - SCD + CPR)
    Destination Clock Delay (DCD):    -1.250ns = ( 12.084 - 13.333 ) 
    Source Clock Delay      (SCD):    -0.721ns
    Clock Pessimism Removal (CPR):    0.568ns
  Clock Uncertainty:      0.119ns  ((TSJ^2 + DJ^2)^1/2) / 2 + PE
    Total System Jitter     (TSJ):    0.071ns
    Discrete Jitter          (DJ):    0.226ns
    Phase Error              (PE):    0.000ns

    Location             Delay type                Incr(ns)  Path(ns)    Netlist Resource(s)
  -------------------------------------------------------------------    -------------------
                         (clock clk_out1_clk_wiz_0 rise edge)
                                                      0.000     0.000 r  
    E3                                                0.000     0.000 r  clk_100MHz (IN)
                         net (fo=0)                   0.000     0.000    clk_wiz_inst/inst/clk_in1
    E3                   IBUF (Prop_ibuf_I_O)         1.482     1.482 r  clk_wiz_inst/inst/clkin1_ibufg/O
                         net (fo=1, routed)           1.233     2.715    clk_wiz_inst/inst/clk_in1_clk_wiz_0
    MMCME2_ADV_X1Y2      MMCME2_ADV (Prop_mmcme2_adv_CLKIN1_CLKOUT0)
                                                     -7.070    -4.355 r  clk_wiz_inst/inst/mmcm_adv_inst/CLKOUT0
                         net (fo=1, routed)           1.719    -2.636    clk_wiz_inst/inst/clk_out1_clk_wiz_0
    BUFGCTRL_X0Y16       BUFG (Prop_bufg_I_O)         0.096    -2.540 r  clk_wiz_inst/inst/clkout1_buf/O
                         net (fo=649, routed)         1.819    -0.721    Core_Unit/DatapathCore/ff_Writeback/ff_RdW/clk_out1
    SLICE_X9Y42          FDRE                                         r  Core_Unit/DatapathCore/ff_Writeback/ff_RdW/qout_reg[4]/C
  -------------------------------------------------------------------    -------------------
    SLICE_X9Y42          FDRE (Prop_fdre_C_Q)         0.419    -0.302 r  Core_Unit/DatapathCore/ff_Writeback/ff_RdW/qout_reg[4]/Q
                         net (fo=95, routed)          0.770     0.469    Core_Unit/DatapathCore/ff_Writeback/ff_RdW/Q[4]
    SLICE_X11Y41         LUT2 (Prop_lut2_I0_O)        0.296     0.765 r  Core_Unit/DatapathCore/ff_Writeback/ff_RdW/Sum_carry_i_23/O
                         net (fo=12, routed)          1.029     1.794    Core_Unit/DatapathCore/ff_Writeback/ff_RdW/Sum_carry_i_23_n_0
    SLICE_X8Y40          LUT6 (Prop_lut6_I1_O)        0.124     1.918 r  Core_Unit/DatapathCore/ff_Writeback/ff_RdW/Sum_carry_i_20/O
                         net (fo=1, routed)           0.282     2.200    Core_Unit/DatapathCore/ff_Execute/ff_ImmExtE/qout[3]_i_2
    SLICE_X8Y40          LUT5 (Prop_lut5_I2_O)        0.124     2.324 r  Core_Unit/DatapathCore/ff_Execute/ff_ImmExtE/Sum_carry_i_12/O
                         net (fo=115, routed)         1.657     3.981    Core_Unit/DatapathCore/ff_Execute/ff_Rd1E/slt0_carry_0
    SLICE_X25Y44         LUT5 (Prop_lut5_I1_O)        0.152     4.133 f  Core_Unit/DatapathCore/ff_Execute/ff_Rd1E/qout[28]_i_20/O
                         net (fo=4, routed)           0.977     5.110    Core_Unit/DatapathCore/ff_Execute/ff_Rd1E/qout[28]_i_20_n_0
    SLICE_X25Y46         LUT6 (Prop_lut6_I0_O)        0.326     5.436 f  Core_Unit/DatapathCore/ff_Execute/ff_Rd1E/qout[28]_i_11/O
                         net (fo=4, routed)           0.626     6.062    Core_Unit/DatapathCore/ff_Execute/ff_ImmExtE/FlushD_OBS_OBUF_inst_i_16_0
    SLICE_X23Y47         LUT6 (Prop_lut6_I3_O)        0.124     6.186 f  Core_Unit/DatapathCore/ff_Execute/ff_ImmExtE/FlushD_OBS_OBUF_inst_i_24/O
                         net (fo=1, routed)           0.000     6.186    Core_Unit/DatapathCore/ff_Execute/ff_ImmExtE/data6[27]
    SLICE_X23Y47         MUXF7 (Prop_muxf7_I0_O)      0.212     6.398 f  Core_Unit/DatapathCore/ff_Execute/ff_ImmExtE/FlushD_OBS_OBUF_inst_i_16/O
                         net (fo=1, routed)           0.661     7.059    Core_Unit/DatapathCore/ff_Execute/ff_AluControlE/FlushD_OBS_OBUF_inst_i_5_1
    SLICE_X22Y47         LUT6 (Prop_lut6_I2_O)        0.299     7.358 r  Core_Unit/DatapathCore/ff_Execute/ff_AluControlE/FlushD_OBS_OBUF_inst_i_10/O
                         net (fo=1, routed)           0.804     8.162    Core_Unit/DatapathCore/ff_Execute/ff_AluControlE/FlushD_OBS_OBUF_inst_i_10_n_0
    SLICE_X20Y48         LUT6 (Prop_lut6_I3_O)        0.124     8.286 r  Core_Unit/DatapathCore/ff_Execute/ff_AluControlE/FlushD_OBS_OBUF_inst_i_5/O
                         net (fo=2, routed)           0.999     9.284    Core_Unit/DatapathCore/ff_Execute/ff_AluControlE/FlushD_OBS_OBUF_inst_i_5_n_0
    SLICE_X9Y43          LUT6 (Prop_lut6_I3_O)        0.124     9.408 r  Core_Unit/DatapathCore/ff_Execute/ff_AluControlE/FlushE_OBS_OBUF_inst_i_2/O
                         net (fo=37, routed)          0.625    10.033    Core_Unit/DatapathCore/ff_Execute/ff_InstrE/BrBase__0
    SLICE_X7Y44          LUT6 (Prop_lut6_I2_O)        0.124    10.157 r  Core_Unit/DatapathCore/ff_Execute/ff_InstrE/qout[1]_i_2/O
                         net (fo=1, routed)           0.608    10.765    Core_Unit/DatapathCore/ff_Execute/ff_InstrE/qout[1]_i_2_n_0
    SLICE_X5Y43          CARRY4 (Prop_carry4_DI[1]_CO[3])
                                                      0.507    11.272 r  Core_Unit/DatapathCore/ff_Execute/ff_InstrE/qout_reg[1]_i_1__0/CO[3]
                         net (fo=1, routed)           0.000    11.272    Core_Unit/DatapathCore/ff_Execute/ff_InstrE/qout_reg[1]_i_1__0_n_0
    SLICE_X5Y44          CARRY4 (Prop_carry4_CI_CO[3])
                                                      0.114    11.386 r  Core_Unit/DatapathCore/ff_Execute/ff_InstrE/qout_reg[5]_i_1/CO[3]
                         net (fo=1, routed)           0.000    11.386    Core_Unit/DatapathCore/ff_Execute/ff_InstrE/qout_reg[5]_i_1_n_0
    SLICE_X5Y45          CARRY4 (Prop_carry4_CI_CO[3])
                                                      0.114    11.500 r  Core_Unit/DatapathCore/ff_Execute/ff_InstrE/qout_reg[9]_i_1/CO[3]
                         net (fo=1, routed)           0.000    11.500    Core_Unit/DatapathCore/ff_Execute/ff_InstrE/qout_reg[9]_i_1_n_0
    SLICE_X5Y46          CARRY4 (Prop_carry4_CI_CO[3])
                                                      0.114    11.614 r  Core_Unit/DatapathCore/ff_Execute/ff_InstrE/qout_reg[13]_i_1__0/CO[3]
                         net (fo=1, routed)           0.000    11.614    Core_Unit/DatapathCore/ff_Execute/ff_InstrE/qout_reg[13]_i_1__0_n_0
    SLICE_X5Y47          CARRY4 (Prop_carry4_CI_CO[3])
                                                      0.114    11.728 r  Core_Unit/DatapathCore/ff_Execute/ff_InstrE/qout_reg[17]_i_1/CO[3]
                         net (fo=1, routed)           0.000    11.728    Core_Unit/DatapathCore/ff_Execute/ff_InstrE/qout_reg[17]_i_1_n_0
    SLICE_X5Y48          CARRY4 (Prop_carry4_CI_CO[3])
                                                      0.114    11.842 r  Core_Unit/DatapathCore/ff_Execute/ff_InstrE/qout_reg[21]_i_1/CO[3]
                         net (fo=1, routed)           0.000    11.842    Core_Unit/DatapathCore/ff_Execute/ff_InstrE/qout_reg[21]_i_1_n_0
    SLICE_X5Y49          CARRY4 (Prop_carry4_CI_O[0])
                                                      0.223    12.065 r  Core_Unit/DatapathCore/ff_Execute/ff_InstrE/qout_reg[25]_i_1/O[0]
                         net (fo=1, routed)           0.000    12.065    Core_Unit/DatapathCore/ff_Fetch/ff_RE_interior/qout_reg[28]_0[0]
    SLICE_X5Y49          FDRE                                         r  Core_Unit/DatapathCore/ff_Fetch/ff_RE_interior/qout_reg[25]/D
  -------------------------------------------------------------------    -------------------

                         (clock clk_out1_clk_wiz_0 rise edge)
                                                     13.333    13.333 r  
    E3                                                0.000    13.333 r  clk_100MHz (IN)
                         net (fo=0)                   0.000    13.333    clk_wiz_inst/inst/clk_in1
    E3                   IBUF (Prop_ibuf_I_O)         1.411    14.745 r  clk_wiz_inst/inst/clkin1_ibufg/O
                         net (fo=1, routed)           1.162    15.906    clk_wiz_inst/inst/clk_in1_clk_wiz_0
    MMCME2_ADV_X1Y2      MMCME2_ADV (Prop_mmcme2_adv_CLKIN1_CLKOUT0)
                                                     -7.324     8.583 r  clk_wiz_inst/inst/mmcm_adv_inst/CLKOUT0
                         net (fo=1, routed)           1.639    10.222    clk_wiz_inst/inst/clk_out1_clk_wiz_0
    BUFGCTRL_X0Y16       BUFG (Prop_bufg_I_O)         0.091    10.313 r  clk_wiz_inst/inst/clkout1_buf/O
                         net (fo=649, routed)         1.771    12.084    Core_Unit/DatapathCore/ff_Fetch/ff_RE_interior/clk_out1
    SLICE_X5Y49          FDRE                                         r  Core_Unit/DatapathCore/ff_Fetch/ff_RE_interior/qout_reg[25]/C
                         clock pessimism              0.568    12.652    
                         clock uncertainty           -0.119    12.533    
    SLICE_X5Y49          FDRE (Setup_fdre_C_D)        0.062    12.595    Core_Unit/DatapathCore/ff_Fetch/ff_RE_interior/qout_reg[25]
  -------------------------------------------------------------------
                         required time                         12.595    
                         arrival time                         -12.065    
  -------------------------------------------------------------------
                         slack                                  0.530    

Slack (MET) :             0.533ns  (required time - arrival time)
  Source:                 Core_Unit/DatapathCore/ff_Writeback/ff_RdW/qout_reg[4]/C
                            (rising edge-triggered cell FDRE clocked by clk_out1_clk_wiz_0  {rise@0.000ns fall@6.667ns period=13.333ns})
  Destination:            Core_Unit/DatapathCore/ff_Fetch/ff_RE_interior/qout_reg[22]/D
                            (rising edge-triggered cell FDRE clocked by clk_out1_clk_wiz_0  {rise@0.000ns fall@6.667ns period=13.333ns})
  Path Group:             clk_out1_clk_wiz_0
  Path Type:              Setup (Max at Slow Process Corner)
  Requirement:            13.333ns  (clk_out1_clk_wiz_0 rise@13.333ns - clk_out1_clk_wiz_0 rise@0.000ns)
  Data Path Delay:        12.783ns  (logic 3.745ns (29.297%)  route 9.038ns (70.703%))
  Logic Levels:           17  (CARRY4=6 LUT2=1 LUT5=2 LUT6=7 MUXF7=1)
  Clock Path Skew:        0.039ns (DCD - SCD + CPR)
    Destination Clock Delay (DCD):    -1.250ns = ( 12.084 - 13.333 ) 
    Source Clock Delay      (SCD):    -0.721ns
    Clock Pessimism Removal (CPR):    0.568ns
  Clock Uncertainty:      0.119ns  ((TSJ^2 + DJ^2)^1/2) / 2 + PE
    Total System Jitter     (TSJ):    0.071ns
    Discrete Jitter          (DJ):    0.226ns
    Phase Error              (PE):    0.000ns

    Location             Delay type                Incr(ns)  Path(ns)    Netlist Resource(s)
  -------------------------------------------------------------------    -------------------
                         (clock clk_out1_clk_wiz_0 rise edge)
                                                      0.000     0.000 r  
    E3                                                0.000     0.000 r  clk_100MHz (IN)
                         net (fo=0)                   0.000     0.000    clk_wiz_inst/inst/clk_in1
    E3                   IBUF (Prop_ibuf_I_O)         1.482     1.482 r  clk_wiz_inst/inst/clkin1_ibufg/O
                         net (fo=1, routed)           1.233     2.715    clk_wiz_inst/inst/clk_in1_clk_wiz_0
    MMCME2_ADV_X1Y2      MMCME2_ADV (Prop_mmcme2_adv_CLKIN1_CLKOUT0)
                                                     -7.070    -4.355 r  clk_wiz_inst/inst/mmcm_adv_inst/CLKOUT0
                         net (fo=1, routed)           1.719    -2.636    clk_wiz_inst/inst/clk_out1_clk_wiz_0
    BUFGCTRL_X0Y16       BUFG (Prop_bufg_I_O)         0.096    -2.540 r  clk_wiz_inst/inst/clkout1_buf/O
                         net (fo=649, routed)         1.819    -0.721    Core_Unit/DatapathCore/ff_Writeback/ff_RdW/clk_out1
    SLICE_X9Y42          FDRE                                         r  Core_Unit/DatapathCore/ff_Writeback/ff_RdW/qout_reg[4]/C
  -------------------------------------------------------------------    -------------------
    SLICE_X9Y42          FDRE (Prop_fdre_C_Q)         0.419    -0.302 r  Core_Unit/DatapathCore/ff_Writeback/ff_RdW/qout_reg[4]/Q
                         net (fo=95, routed)          0.770     0.469    Core_Unit/DatapathCore/ff_Writeback/ff_RdW/Q[4]
    SLICE_X11Y41         LUT2 (Prop_lut2_I0_O)        0.296     0.765 r  Core_Unit/DatapathCore/ff_Writeback/ff_RdW/Sum_carry_i_23/O
                         net (fo=12, routed)          1.029     1.794    Core_Unit/DatapathCore/ff_Writeback/ff_RdW/Sum_carry_i_23_n_0
    SLICE_X8Y40          LUT6 (Prop_lut6_I1_O)        0.124     1.918 r  Core_Unit/DatapathCore/ff_Writeback/ff_RdW/Sum_carry_i_20/O
                         net (fo=1, routed)           0.282     2.200    Core_Unit/DatapathCore/ff_Execute/ff_ImmExtE/qout[3]_i_2
    SLICE_X8Y40          LUT5 (Prop_lut5_I2_O)        0.124     2.324 r  Core_Unit/DatapathCore/ff_Execute/ff_ImmExtE/Sum_carry_i_12/O
                         net (fo=115, routed)         1.657     3.981    Core_Unit/DatapathCore/ff_Execute/ff_Rd1E/slt0_carry_0
    SLICE_X25Y44         LUT5 (Prop_lut5_I1_O)        0.152     4.133 f  Core_Unit/DatapathCore/ff_Execute/ff_Rd1E/qout[28]_i_20/O
                         net (fo=4, routed)           0.977     5.110    Core_Unit/DatapathCore/ff_Execute/ff_Rd1E/qout[28]_i_20_n_0
    SLICE_X25Y46         LUT6 (Prop_lut6_I0_O)        0.326     5.436 f  Core_Unit/DatapathCore/ff_Execute/ff_Rd1E/qout[28]_i_11/O
                         net (fo=4, routed)           0.626     6.062    Core_Unit/DatapathCore/ff_Execute/ff_ImmExtE/FlushD_OBS_OBUF_inst_i_16_0
    SLICE_X23Y47         LUT6 (Prop_lut6_I3_O)        0.124     6.186 f  Core_Unit/DatapathCore/ff_Execute/ff_ImmExtE/FlushD_OBS_OBUF_inst_i_24/O
                         net (fo=1, routed)           0.000     6.186    Core_Unit/DatapathCore/ff_Execute/ff_ImmExtE/data6[27]
    SLICE_X23Y47         MUXF7 (Prop_muxf7_I0_O)      0.212     6.398 f  Core_Unit/DatapathCore/ff_Execute/ff_ImmExtE/FlushD_OBS_OBUF_inst_i_16/O
                         net (fo=1, routed)           0.661     7.059    Core_Unit/DatapathCore/ff_Execute/ff_AluControlE/FlushD_OBS_OBUF_inst_i_5_1
    SLICE_X22Y47         LUT6 (Prop_lut6_I2_O)        0.299     7.358 r  Core_Unit/DatapathCore/ff_Execute/ff_AluControlE/FlushD_OBS_OBUF_inst_i_10/O
                         net (fo=1, routed)           0.804     8.162    Core_Unit/DatapathCore/ff_Execute/ff_AluControlE/FlushD_OBS_OBUF_inst_i_10_n_0
    SLICE_X20Y48         LUT6 (Prop_lut6_I3_O)        0.124     8.286 r  Core_Unit/DatapathCore/ff_Execute/ff_AluControlE/FlushD_OBS_OBUF_inst_i_5/O
                         net (fo=2, routed)           0.999     9.284    Core_Unit/DatapathCore/ff_Execute/ff_AluControlE/FlushD_OBS_OBUF_inst_i_5_n_0
    SLICE_X9Y43          LUT6 (Prop_lut6_I3_O)        0.124     9.408 r  Core_Unit/DatapathCore/ff_Execute/ff_AluControlE/FlushE_OBS_OBUF_inst_i_2/O
                         net (fo=37, routed)          0.625    10.033    Core_Unit/DatapathCore/ff_Execute/ff_InstrE/BrBase__0
    SLICE_X7Y44          LUT6 (Prop_lut6_I2_O)        0.124    10.157 r  Core_Unit/DatapathCore/ff_Execute/ff_InstrE/qout[1]_i_2/O
                         net (fo=1, routed)           0.608    10.765    Core_Unit/DatapathCore/ff_Execute/ff_InstrE/qout[1]_i_2_n_0
    SLICE_X5Y43          CARRY4 (Prop_carry4_DI[1]_CO[3])
                                                      0.507    11.272 r  Core_Unit/DatapathCore/ff_Execute/ff_InstrE/qout_reg[1]_i_1__0/CO[3]
                         net (fo=1, routed)           0.000    11.272    Core_Unit/DatapathCore/ff_Execute/ff_InstrE/qout_reg[1]_i_1__0_n_0
    SLICE_X5Y44          CARRY4 (Prop_carry4_CI_CO[3])
                                                      0.114    11.386 r  Core_Unit/DatapathCore/ff_Execute/ff_InstrE/qout_reg[5]_i_1/CO[3]
                         net (fo=1, routed)           0.000    11.386    Core_Unit/DatapathCore/ff_Execute/ff_InstrE/qout_reg[5]_i_1_n_0
    SLICE_X5Y45          CARRY4 (Prop_carry4_CI_CO[3])
                                                      0.114    11.500 r  Core_Unit/DatapathCore/ff_Execute/ff_InstrE/qout_reg[9]_i_1/CO[3]
                         net (fo=1, routed)           0.000    11.500    Core_Unit/DatapathCore/ff_Execute/ff_InstrE/qout_reg[9]_i_1_n_0
    SLICE_X5Y46          CARRY4 (Prop_carry4_CI_CO[3])
                                                      0.114    11.614 r  Core_Unit/DatapathCore/ff_Execute/ff_InstrE/qout_reg[13]_i_1__0/CO[3]
                         net (fo=1, routed)           0.000    11.614    Core_Unit/DatapathCore/ff_Execute/ff_InstrE/qout_reg[13]_i_1__0_n_0
    SLICE_X5Y47          CARRY4 (Prop_carry4_CI_CO[3])
                                                      0.114    11.728 r  Core_Unit/DatapathCore/ff_Execute/ff_InstrE/qout_reg[17]_i_1/CO[3]
                         net (fo=1, routed)           0.000    11.728    Core_Unit/DatapathCore/ff_Execute/ff_InstrE/qout_reg[17]_i_1_n_0
    SLICE_X5Y48          CARRY4 (Prop_carry4_CI_O[1])
                                                      0.334    12.062 r  Core_Unit/DatapathCore/ff_Execute/ff_InstrE/qout_reg[21]_i_1/O[1]
                         net (fo=1, routed)           0.000    12.062    Core_Unit/DatapathCore/ff_Fetch/ff_RE_interior/qout_reg[24]_0[1]
    SLICE_X5Y48          FDRE                                         r  Core_Unit/DatapathCore/ff_Fetch/ff_RE_interior/qout_reg[22]/D
  -------------------------------------------------------------------    -------------------

                         (clock clk_out1_clk_wiz_0 rise edge)
                                                     13.333    13.333 r  
    E3                                                0.000    13.333 r  clk_100MHz (IN)
                         net (fo=0)                   0.000    13.333    clk_wiz_inst/inst/clk_in1
    E3                   IBUF (Prop_ibuf_I_O)         1.411    14.745 r  clk_wiz_inst/inst/clkin1_ibufg/O
                         net (fo=1, routed)           1.162    15.906    clk_wiz_inst/inst/clk_in1_clk_wiz_0
    MMCME2_ADV_X1Y2      MMCME2_ADV (Prop_mmcme2_adv_CLKIN1_CLKOUT0)
                                                     -7.324     8.583 r  clk_wiz_inst/inst/mmcm_adv_inst/CLKOUT0
                         net (fo=1, routed)           1.639    10.222    clk_wiz_inst/inst/clk_out1_clk_wiz_0
    BUFGCTRL_X0Y16       BUFG (Prop_bufg_I_O)         0.091    10.313 r  clk_wiz_inst/inst/clkout1_buf/O
                         net (fo=649, routed)         1.771    12.084    Core_Unit/DatapathCore/ff_Fetch/ff_RE_interior/clk_out1
    SLICE_X5Y48          FDRE                                         r  Core_Unit/DatapathCore/ff_Fetch/ff_RE_interior/qout_reg[22]/C
                         clock pessimism              0.568    12.652    
                         clock uncertainty           -0.119    12.533    
    SLICE_X5Y48          FDRE (Setup_fdre_C_D)        0.062    12.595    Core_Unit/DatapathCore/ff_Fetch/ff_RE_interior/qout_reg[22]
  -------------------------------------------------------------------
                         required time                         12.595    
                         arrival time                         -12.062    
  -------------------------------------------------------------------
                         slack                                  0.533    

Slack (MET) :             0.554ns  (required time - arrival time)
  Source:                 Core_Unit/DatapathCore/ff_Writeback/ff_RdW/qout_reg[4]/C
                            (rising edge-triggered cell FDRE clocked by clk_out1_clk_wiz_0  {rise@0.000ns fall@6.667ns period=13.333ns})
  Destination:            Core_Unit/DatapathCore/ff_Fetch/ff_RE_interior/qout_reg[24]/D
                            (rising edge-triggered cell FDRE clocked by clk_out1_clk_wiz_0  {rise@0.000ns fall@6.667ns period=13.333ns})
  Path Group:             clk_out1_clk_wiz_0
  Path Type:              Setup (Max at Slow Process Corner)
  Requirement:            13.333ns  (clk_out1_clk_wiz_0 rise@13.333ns - clk_out1_clk_wiz_0 rise@0.000ns)
  Data Path Delay:        12.762ns  (logic 3.724ns (29.181%)  route 9.038ns (70.819%))
  Logic Levels:           17  (CARRY4=6 LUT2=1 LUT5=2 LUT6=7 MUXF7=1)
  Clock Path Skew:        0.039ns (DCD - SCD + CPR)
    Destination Clock Delay (DCD):    -1.250ns = ( 12.084 - 13.333 ) 
    Source Clock Delay      (SCD):    -0.721ns
    Clock Pessimism Removal (CPR):    0.568ns
  Clock Uncertainty:      0.119ns  ((TSJ^2 + DJ^2)^1/2) / 2 + PE
    Total System Jitter     (TSJ):    0.071ns
    Discrete Jitter          (DJ):    0.226ns
    Phase Error              (PE):    0.000ns

    Location             Delay type                Incr(ns)  Path(ns)    Netlist Resource(s)
  -------------------------------------------------------------------    -------------------
                         (clock clk_out1_clk_wiz_0 rise edge)
                                                      0.000     0.000 r  
    E3                                                0.000     0.000 r  clk_100MHz (IN)
                         net (fo=0)                   0.000     0.000    clk_wiz_inst/inst/clk_in1
    E3                   IBUF (Prop_ibuf_I_O)         1.482     1.482 r  clk_wiz_inst/inst/clkin1_ibufg/O
                         net (fo=1, routed)           1.233     2.715    clk_wiz_inst/inst/clk_in1_clk_wiz_0
    MMCME2_ADV_X1Y2      MMCME2_ADV (Prop_mmcme2_adv_CLKIN1_CLKOUT0)
                                                     -7.070    -4.355 r  clk_wiz_inst/inst/mmcm_adv_inst/CLKOUT0
                         net (fo=1, routed)           1.719    -2.636    clk_wiz_inst/inst/clk_out1_clk_wiz_0
    BUFGCTRL_X0Y16       BUFG (Prop_bufg_I_O)         0.096    -2.540 r  clk_wiz_inst/inst/clkout1_buf/O
                         net (fo=649, routed)         1.819    -0.721    Core_Unit/DatapathCore/ff_Writeback/ff_RdW/clk_out1
    SLICE_X9Y42          FDRE                                         r  Core_Unit/DatapathCore/ff_Writeback/ff_RdW/qout_reg[4]/C
  -------------------------------------------------------------------    -------------------
    SLICE_X9Y42          FDRE (Prop_fdre_C_Q)         0.419    -0.302 r  Core_Unit/DatapathCore/ff_Writeback/ff_RdW/qout_reg[4]/Q
                         net (fo=95, routed)          0.770     0.469    Core_Unit/DatapathCore/ff_Writeback/ff_RdW/Q[4]
    SLICE_X11Y41         LUT2 (Prop_lut2_I0_O)        0.296     0.765 r  Core_Unit/DatapathCore/ff_Writeback/ff_RdW/Sum_carry_i_23/O
                         net (fo=12, routed)          1.029     1.794    Core_Unit/DatapathCore/ff_Writeback/ff_RdW/Sum_carry_i_23_n_0
    SLICE_X8Y40          LUT6 (Prop_lut6_I1_O)        0.124     1.918 r  Core_Unit/DatapathCore/ff_Writeback/ff_RdW/Sum_carry_i_20/O
                         net (fo=1, routed)           0.282     2.200    Core_Unit/DatapathCore/ff_Execute/ff_ImmExtE/qout[3]_i_2
    SLICE_X8Y40          LUT5 (Prop_lut5_I2_O)        0.124     2.324 r  Core_Unit/DatapathCore/ff_Execute/ff_ImmExtE/Sum_carry_i_12/O
                         net (fo=115, routed)         1.657     3.981    Core_Unit/DatapathCore/ff_Execute/ff_Rd1E/slt0_carry_0
    SLICE_X25Y44         LUT5 (Prop_lut5_I1_O)        0.152     4.133 f  Core_Unit/DatapathCore/ff_Execute/ff_Rd1E/qout[28]_i_20/O
                         net (fo=4, routed)           0.977     5.110    Core_Unit/DatapathCore/ff_Execute/ff_Rd1E/qout[28]_i_20_n_0
    SLICE_X25Y46         LUT6 (Prop_lut6_I0_O)        0.326     5.436 f  Core_Unit/DatapathCore/ff_Execute/ff_Rd1E/qout[28]_i_11/O
                         net (fo=4, routed)           0.626     6.062    Core_Unit/DatapathCore/ff_Execute/ff_ImmExtE/FlushD_OBS_OBUF_inst_i_16_0
    SLICE_X23Y47         LUT6 (Prop_lut6_I3_O)        0.124     6.186 f  Core_Unit/DatapathCore/ff_Execute/ff_ImmExtE/FlushD_OBS_OBUF_inst_i_24/O
                         net (fo=1, routed)           0.000     6.186    Core_Unit/DatapathCore/ff_Execute/ff_ImmExtE/data6[27]
    SLICE_X23Y47         MUXF7 (Prop_muxf7_I0_O)      0.212     6.398 f  Core_Unit/DatapathCore/ff_Execute/ff_ImmExtE/FlushD_OBS_OBUF_inst_i_16/O
                         net (fo=1, routed)           0.661     7.059    Core_Unit/DatapathCore/ff_Execute/ff_AluControlE/FlushD_OBS_OBUF_inst_i_5_1
    SLICE_X22Y47         LUT6 (Prop_lut6_I2_O)        0.299     7.358 r  Core_Unit/DatapathCore/ff_Execute/ff_AluControlE/FlushD_OBS_OBUF_inst_i_10/O
                         net (fo=1, routed)           0.804     8.162    Core_Unit/DatapathCore/ff_Execute/ff_AluControlE/FlushD_OBS_OBUF_inst_i_10_n_0
    SLICE_X20Y48         LUT6 (Prop_lut6_I3_O)        0.124     8.286 r  Core_Unit/DatapathCore/ff_Execute/ff_AluControlE/FlushD_OBS_OBUF_inst_i_5/O
                         net (fo=2, routed)           0.999     9.284    Core_Unit/DatapathCore/ff_Execute/ff_AluControlE/FlushD_OBS_OBUF_inst_i_5_n_0
    SLICE_X9Y43          LUT6 (Prop_lut6_I3_O)        0.124     9.408 r  Core_Unit/DatapathCore/ff_Execute/ff_AluControlE/FlushE_OBS_OBUF_inst_i_2/O
                         net (fo=37, routed)          0.625    10.033    Core_Unit/DatapathCore/ff_Execute/ff_InstrE/BrBase__0
    SLICE_X7Y44          LUT6 (Prop_lut6_I2_O)        0.124    10.157 r  Core_Unit/DatapathCore/ff_Execute/ff_InstrE/qout[1]_i_2/O
                         net (fo=1, routed)           0.608    10.765    Core_Unit/DatapathCore/ff_Execute/ff_InstrE/qout[1]_i_2_n_0
    SLICE_X5Y43          CARRY4 (Prop_carry4_DI[1]_CO[3])
                                                      0.507    11.272 r  Core_Unit/DatapathCore/ff_Execute/ff_InstrE/qout_reg[1]_i_1__0/CO[3]
                         net (fo=1, routed)           0.000    11.272    Core_Unit/DatapathCore/ff_Execute/ff_InstrE/qout_reg[1]_i_1__0_n_0
    SLICE_X5Y44          CARRY4 (Prop_carry4_CI_CO[3])
                                                      0.114    11.386 r  Core_Unit/DatapathCore/ff_Execute/ff_InstrE/qout_reg[5]_i_1/CO[3]
                         net (fo=1, routed)           0.000    11.386    Core_Unit/DatapathCore/ff_Execute/ff_InstrE/qout_reg[5]_i_1_n_0
    SLICE_X5Y45          CARRY4 (Prop_carry4_CI_CO[3])
                                                      0.114    11.500 r  Core_Unit/DatapathCore/ff_Execute/ff_InstrE/qout_reg[9]_i_1/CO[3]
                         net (fo=1, routed)           0.000    11.500    Core_Unit/DatapathCore/ff_Execute/ff_InstrE/qout_reg[9]_i_1_n_0
    SLICE_X5Y46          CARRY4 (Prop_carry4_CI_CO[3])
                                                      0.114    11.614 r  Core_Unit/DatapathCore/ff_Execute/ff_InstrE/qout_reg[13]_i_1__0/CO[3]
                         net (fo=1, routed)           0.000    11.614    Core_Unit/DatapathCore/ff_Execute/ff_InstrE/qout_reg[13]_i_1__0_n_0
    SLICE_X5Y47          CARRY4 (Prop_carry4_CI_CO[3])
                                                      0.114    11.728 r  Core_Unit/DatapathCore/ff_Execute/ff_InstrE/qout_reg[17]_i_1/CO[3]
                         net (fo=1, routed)           0.000    11.728    Core_Unit/DatapathCore/ff_Execute/ff_InstrE/qout_reg[17]_i_1_n_0
    SLICE_X5Y48          CARRY4 (Prop_carry4_CI_O[3])
                                                      0.313    12.041 r  Core_Unit/DatapathCore/ff_Execute/ff_InstrE/qout_reg[21]_i_1/O[3]
                         net (fo=1, routed)           0.000    12.041    Core_Unit/DatapathCore/ff_Fetch/ff_RE_interior/qout_reg[24]_0[3]
    SLICE_X5Y48          FDRE                                         r  Core_Unit/DatapathCore/ff_Fetch/ff_RE_interior/qout_reg[24]/D
  -------------------------------------------------------------------    -------------------

                         (clock clk_out1_clk_wiz_0 rise edge)
                                                     13.333    13.333 r  
    E3                                                0.000    13.333 r  clk_100MHz (IN)
                         net (fo=0)                   0.000    13.333    clk_wiz_inst/inst/clk_in1
    E3                   IBUF (Prop_ibuf_I_O)         1.411    14.745 r  clk_wiz_inst/inst/clkin1_ibufg/O
                         net (fo=1, routed)           1.162    15.906    clk_wiz_inst/inst/clk_in1_clk_wiz_0
    MMCME2_ADV_X1Y2      MMCME2_ADV (Prop_mmcme2_adv_CLKIN1_CLKOUT0)
                                                     -7.324     8.583 r  clk_wiz_inst/inst/mmcm_adv_inst/CLKOUT0
                         net (fo=1, routed)           1.639    10.222    clk_wiz_inst/inst/clk_out1_clk_wiz_0
    BUFGCTRL_X0Y16       BUFG (Prop_bufg_I_O)         0.091    10.313 r  clk_wiz_inst/inst/clkout1_buf/O
                         net (fo=649, routed)         1.771    12.084    Core_Unit/DatapathCore/ff_Fetch/ff_RE_interior/clk_out1
    SLICE_X5Y48          FDRE                                         r  Core_Unit/DatapathCore/ff_Fetch/ff_RE_interior/qout_reg[24]/C
                         clock pessimism              0.568    12.652    
                         clock uncertainty           -0.119    12.533    
    SLICE_X5Y48          FDRE (Setup_fdre_C_D)        0.062    12.595    Core_Unit/DatapathCore/ff_Fetch/ff_RE_interior/qout_reg[24]
  -------------------------------------------------------------------
                         required time                         12.595    
                         arrival time                         -12.041    
  -------------------------------------------------------------------
                         slack                                  0.554    

Slack (MET) :             0.582ns  (required time - arrival time)
  Source:                 Core_Unit/DatapathCore/ff_Writeback/ff_RdW/qout_reg[4]/C
                            (rising edge-triggered cell FDRE clocked by clk_out1_clk_wiz_0  {rise@0.000ns fall@6.667ns period=13.333ns})
  Destination:            Core_Unit/DatapathCore/ff_Decode/ff_PCPlus4F/ff_RE_interior/qout_reg[29]/R
                            (rising edge-triggered cell FDRE clocked by clk_out1_clk_wiz_0  {rise@0.000ns fall@6.667ns period=13.333ns})
  Path Group:             clk_out1_clk_wiz_0
  Path Type:              Setup (Max at Slow Process Corner)
  Requirement:            13.333ns  (clk_out1_clk_wiz_0 rise@13.333ns - clk_out1_clk_wiz_0 rise@0.000ns)
  Data Path Delay:        11.997ns  (logic 2.448ns (20.404%)  route 9.549ns (79.596%))
  Logic Levels:           11  (LUT2=1 LUT5=3 LUT6=6 MUXF7=1)
  Clock Path Skew:        -0.206ns (DCD - SCD + CPR)
    Destination Clock Delay (DCD):    -1.414ns = ( 11.919 - 13.333 ) 
    Source Clock Delay      (SCD):    -0.721ns
    Clock Pessimism Removal (CPR):    0.487ns
  Clock Uncertainty:      0.119ns  ((TSJ^2 + DJ^2)^1/2) / 2 + PE
    Total System Jitter     (TSJ):    0.071ns
    Discrete Jitter          (DJ):    0.226ns
    Phase Error              (PE):    0.000ns

    Location             Delay type                Incr(ns)  Path(ns)    Netlist Resource(s)
  -------------------------------------------------------------------    -------------------
                         (clock clk_out1_clk_wiz_0 rise edge)
                                                      0.000     0.000 r  
    E3                                                0.000     0.000 r  clk_100MHz (IN)
                         net (fo=0)                   0.000     0.000    clk_wiz_inst/inst/clk_in1
    E3                   IBUF (Prop_ibuf_I_O)         1.482     1.482 r  clk_wiz_inst/inst/clkin1_ibufg/O
                         net (fo=1, routed)           1.233     2.715    clk_wiz_inst/inst/clk_in1_clk_wiz_0
    MMCME2_ADV_X1Y2      MMCME2_ADV (Prop_mmcme2_adv_CLKIN1_CLKOUT0)
                                                     -7.070    -4.355 r  clk_wiz_inst/inst/mmcm_adv_inst/CLKOUT0
                         net (fo=1, routed)           1.719    -2.636    clk_wiz_inst/inst/clk_out1_clk_wiz_0
    BUFGCTRL_X0Y16       BUFG (Prop_bufg_I_O)         0.096    -2.540 r  clk_wiz_inst/inst/clkout1_buf/O
                         net (fo=649, routed)         1.819    -0.721    Core_Unit/DatapathCore/ff_Writeback/ff_RdW/clk_out1
    SLICE_X9Y42          FDRE                                         r  Core_Unit/DatapathCore/ff_Writeback/ff_RdW/qout_reg[4]/C
  -------------------------------------------------------------------    -------------------
    SLICE_X9Y42          FDRE (Prop_fdre_C_Q)         0.419    -0.302 r  Core_Unit/DatapathCore/ff_Writeback/ff_RdW/qout_reg[4]/Q
                         net (fo=95, routed)          0.770     0.469    Core_Unit/DatapathCore/ff_Writeback/ff_RdW/Q[4]
    SLICE_X11Y41         LUT2 (Prop_lut2_I0_O)        0.296     0.765 r  Core_Unit/DatapathCore/ff_Writeback/ff_RdW/Sum_carry_i_23/O
                         net (fo=12, routed)          1.029     1.794    Core_Unit/DatapathCore/ff_Writeback/ff_RdW/Sum_carry_i_23_n_0
    SLICE_X8Y40          LUT6 (Prop_lut6_I1_O)        0.124     1.918 r  Core_Unit/DatapathCore/ff_Writeback/ff_RdW/Sum_carry_i_20/O
                         net (fo=1, routed)           0.282     2.200    Core_Unit/DatapathCore/ff_Execute/ff_ImmExtE/qout[3]_i_2
    SLICE_X8Y40          LUT5 (Prop_lut5_I2_O)        0.124     2.324 r  Core_Unit/DatapathCore/ff_Execute/ff_ImmExtE/Sum_carry_i_12/O
                         net (fo=115, routed)         1.657     3.981    Core_Unit/DatapathCore/ff_Execute/ff_Rd1E/slt0_carry_0
    SLICE_X25Y44         LUT5 (Prop_lut5_I1_O)        0.152     4.133 f  Core_Unit/DatapathCore/ff_Execute/ff_Rd1E/qout[28]_i_20/O
                         net (fo=4, routed)           0.977     5.110    Core_Unit/DatapathCore/ff_Execute/ff_Rd1E/qout[28]_i_20_n_0
    SLICE_X25Y46         LUT6 (Prop_lut6_I0_O)        0.326     5.436 f  Core_Unit/DatapathCore/ff_Execute/ff_Rd1E/qout[28]_i_11/O
                         net (fo=4, routed)           0.626     6.062    Core_Unit/DatapathCore/ff_Execute/ff_ImmExtE/FlushD_OBS_OBUF_inst_i_16_0
    SLICE_X23Y47         LUT6 (Prop_lut6_I3_O)        0.124     6.186 f  Core_Unit/DatapathCore/ff_Execute/ff_ImmExtE/FlushD_OBS_OBUF_inst_i_24/O
                         net (fo=1, routed)           0.000     6.186    Core_Unit/DatapathCore/ff_Execute/ff_ImmExtE/data6[27]
    SLICE_X23Y47         MUXF7 (Prop_muxf7_I0_O)      0.212     6.398 f  Core_Unit/DatapathCore/ff_Execute/ff_ImmExtE/FlushD_OBS_OBUF_inst_i_16/O
                         net (fo=1, routed)           0.661     7.059    Core_Unit/DatapathCore/ff_Execute/ff_AluControlE/FlushD_OBS_OBUF_inst_i_5_1
    SLICE_X22Y47         LUT6 (Prop_lut6_I2_O)        0.299     7.358 r  Core_Unit/DatapathCore/ff_Execute/ff_AluControlE/FlushD_OBS_OBUF_inst_i_10/O
                         net (fo=1, routed)           0.804     8.162    Core_Unit/DatapathCore/ff_Execute/ff_AluControlE/FlushD_OBS_OBUF_inst_i_10_n_0
    SLICE_X20Y48         LUT6 (Prop_lut6_I3_O)        0.124     8.286 r  Core_Unit/DatapathCore/ff_Execute/ff_AluControlE/FlushD_OBS_OBUF_inst_i_5/O
                         net (fo=2, routed)           0.999     9.284    Core_Unit/DatapathCore/ff_Execute/ff_AluControlE/FlushD_OBS_OBUF_inst_i_5_n_0
    SLICE_X9Y43          LUT6 (Prop_lut6_I3_O)        0.124     9.408 r  Core_Unit/DatapathCore/ff_Execute/ff_AluControlE/FlushE_OBS_OBUF_inst_i_2/O
                         net (fo=37, routed)          0.689    10.097    Core_Unit/DatapathCore/ff_Execute/ff_JumpE/BrBase__0
    SLICE_X4Y43          LUT5 (Prop_lut5_I3_O)        0.124    10.221 r  Core_Unit/DatapathCore/ff_Execute/ff_JumpE/qout[30]_i_1__1/O
                         net (fo=90, routed)          1.055    11.277    Core_Unit/DatapathCore/ff_Decode/ff_PCPlus4F/ff_RE_interior/SR[0]
    SLICE_X3Y51          FDRE                                         r  Core_Unit/DatapathCore/ff_Decode/ff_PCPlus4F/ff_RE_interior/qout_reg[29]/R
  -------------------------------------------------------------------    -------------------

                         (clock clk_out1_clk_wiz_0 rise edge)
                                                     13.333    13.333 r  
    E3                                                0.000    13.333 r  clk_100MHz (IN)
                         net (fo=0)                   0.000    13.333    clk_wiz_inst/inst/clk_in1
    E3                   IBUF (Prop_ibuf_I_O)         1.411    14.745 r  clk_wiz_inst/inst/clkin1_ibufg/O
                         net (fo=1, routed)           1.162    15.906    clk_wiz_inst/inst/clk_in1_clk_wiz_0
    MMCME2_ADV_X1Y2      MMCME2_ADV (Prop_mmcme2_adv_CLKIN1_CLKOUT0)
                                                     -7.324     8.583 r  clk_wiz_inst/inst/mmcm_adv_inst/CLKOUT0
                         net (fo=1, routed)           1.639    10.222    clk_wiz_inst/inst/clk_out1_clk_wiz_0
    BUFGCTRL_X0Y16       BUFG (Prop_bufg_I_O)         0.091    10.313 r  clk_wiz_inst/inst/clkout1_buf/O
                         net (fo=649, routed)         1.606    11.919    Core_Unit/DatapathCore/ff_Decode/ff_PCPlus4F/ff_RE_interior/clk_out1
    SLICE_X3Y51          FDRE                                         r  Core_Unit/DatapathCore/ff_Decode/ff_PCPlus4F/ff_RE_interior/qout_reg[29]/C
                         clock pessimism              0.487    12.407    
                         clock uncertainty           -0.119    12.288    
    SLICE_X3Y51          FDRE (Setup_fdre_C_R)       -0.429    11.859    Core_Unit/DatapathCore/ff_Decode/ff_PCPlus4F/ff_RE_interior/qout_reg[29]
  -------------------------------------------------------------------
                         required time                         11.859    
                         arrival time                         -11.277    
  -------------------------------------------------------------------
                         slack                                  0.582    





Min Delay Paths
--------------------------------------------------------------------------------------
Slack (MET) :             0.078ns  (arrival time - required time)
  Source:                 Core_Unit/DatapathCore/ff_Memory/ff_WriteDataM/qout_reg[25]/C
                            (rising edge-triggered cell FDRE clocked by clk_out1_clk_wiz_0  {rise@0.000ns fall@6.667ns period=13.333ns})
  Destination:            Data_Mem/RAM_reg_0_63_25_25/SP/I
                            (rising edge-triggered cell RAMS64E clocked by clk_out1_clk_wiz_0  {rise@0.000ns fall@6.667ns period=13.333ns})
  Path Group:             clk_out1_clk_wiz_0
  Path Type:              Hold (Min at Fast Process Corner)
  Requirement:            0.000ns  (clk_out1_clk_wiz_0 rise@0.000ns - clk_out1_clk_wiz_0 rise@0.000ns)
  Data Path Delay:        0.241ns  (logic 0.141ns (58.505%)  route 0.100ns (41.495%))
  Logic Levels:           0  
  Clock Path Skew:        0.016ns (DCD - SCD - CPR)
    Destination Clock Delay (DCD):    -0.756ns
    Source Clock Delay      (SCD):    -0.522ns
    Clock Pessimism Removal (CPR):    -0.251ns

    Location             Delay type                Incr(ns)  Path(ns)    Netlist Resource(s)
  -------------------------------------------------------------------    -------------------
                         (clock clk_out1_clk_wiz_0 rise edge)
                                                      0.000     0.000 r  
    E3                                                0.000     0.000 r  clk_100MHz (IN)
                         net (fo=0)                   0.000     0.000    clk_wiz_inst/inst/clk_in1
    E3                   IBUF (Prop_ibuf_I_O)         0.250     0.250 r  clk_wiz_inst/inst/clkin1_ibufg/O
                         net (fo=1, routed)           0.440     0.690    clk_wiz_inst/inst/clk_in1_clk_wiz_0
    MMCME2_ADV_X1Y2      MMCME2_ADV (Prop_mmcme2_adv_CLKIN1_CLKOUT0)
                                                     -2.379    -1.689 r  clk_wiz_inst/inst/mmcm_adv_inst/CLKOUT0
                         net (fo=1, routed)           0.499    -1.190    clk_wiz_inst/inst/clk_out1_clk_wiz_0
    BUFGCTRL_X0Y16       BUFG (Prop_bufg_I_O)         0.026    -1.164 r  clk_wiz_inst/inst/clkout1_buf/O
                         net (fo=649, routed)         0.642    -0.522    Core_Unit/DatapathCore/ff_Memory/ff_WriteDataM/clk_out1
    SLICE_X15Y49         FDRE                                         r  Core_Unit/DatapathCore/ff_Memory/ff_WriteDataM/qout_reg[25]/C
  -------------------------------------------------------------------    -------------------
    SLICE_X15Y49         FDRE (Prop_fdre_C_Q)         0.141    -0.381 r  Core_Unit/DatapathCore/ff_Memory/ff_WriteDataM/qout_reg[25]/Q
                         net (fo=1, routed)           0.100    -0.281    Data_Mem/RAM_reg_0_63_25_25/D
    SLICE_X12Y49         RAMS64E                                      r  Data_Mem/RAM_reg_0_63_25_25/SP/I
  -------------------------------------------------------------------    -------------------

                         (clock clk_out1_clk_wiz_0 rise edge)
                                                      0.000     0.000 r  
    E3                                                0.000     0.000 r  clk_100MHz (IN)
                         net (fo=0)                   0.000     0.000    clk_wiz_inst/inst/clk_in1
    E3                   IBUF (Prop_ibuf_I_O)         0.438     0.438 r  clk_wiz_inst/inst/clkin1_ibufg/O
                         net (fo=1, routed)           0.480     0.918    clk_wiz_inst/inst/clk_in1_clk_wiz_0
    MMCME2_ADV_X1Y2      MMCME2_ADV (Prop_mmcme2_adv_CLKIN1_CLKOUT0)
                                                     -3.163    -2.245 r  clk_wiz_inst/inst/mmcm_adv_inst/CLKOUT0
                         net (fo=1, routed)           0.544    -1.702    clk_wiz_inst/inst/clk_out1_clk_wiz_0
    BUFGCTRL_X0Y16       BUFG (Prop_bufg_I_O)         0.029    -1.673 r  clk_wiz_inst/inst/clkout1_buf/O
                         net (fo=649, routed)         0.917    -0.756    Data_Mem/RAM_reg_0_63_25_25/WCLK
    SLICE_X12Y49         RAMS64E                                      r  Data_Mem/RAM_reg_0_63_25_25/SP/CLK
                         clock pessimism              0.251    -0.506    
    SLICE_X12Y49         RAMS64E (Hold_rams64e_CLK_I)
                                                      0.147    -0.359    Data_Mem/RAM_reg_0_63_25_25/SP
  -------------------------------------------------------------------
                         required time                          0.359    
                         arrival time                          -0.281    
  -------------------------------------------------------------------
                         slack                                  0.078    

Slack (MET) :             0.080ns  (arrival time - required time)
  Source:                 Core_Unit/DatapathCore/ff_Memory/ff_WriteDataM/qout_reg[30]/C
                            (rising edge-triggered cell FDRE clocked by clk_out1_clk_wiz_0  {rise@0.000ns fall@6.667ns period=13.333ns})
  Destination:            Data_Mem/RAM_reg_0_63_30_30/SP/I
                            (rising edge-triggered cell RAMS64E clocked by clk_out1_clk_wiz_0  {rise@0.000ns fall@6.667ns period=13.333ns})
  Path Group:             clk_out1_clk_wiz_0
  Path Type:              Hold (Min at Fast Process Corner)
  Requirement:            0.000ns  (clk_out1_clk_wiz_0 rise@0.000ns - clk_out1_clk_wiz_0 rise@0.000ns)
  Data Path Delay:        0.240ns  (logic 0.141ns (58.691%)  route 0.099ns (41.309%))
  Logic Levels:           0  
  Clock Path Skew:        0.016ns (DCD - SCD - CPR)
    Destination Clock Delay (DCD):    -0.756ns
    Source Clock Delay      (SCD):    -0.522ns
    Clock Pessimism Removal (CPR):    -0.251ns

    Location             Delay type                Incr(ns)  Path(ns)    Netlist Resource(s)
  -------------------------------------------------------------------    -------------------
                         (clock clk_out1_clk_wiz_0 rise edge)
                                                      0.000     0.000 r  
    E3                                                0.000     0.000 r  clk_100MHz (IN)
                         net (fo=0)                   0.000     0.000    clk_wiz_inst/inst/clk_in1
    E3                   IBUF (Prop_ibuf_I_O)         0.250     0.250 r  clk_wiz_inst/inst/clkin1_ibufg/O
                         net (fo=1, routed)           0.440     0.690    clk_wiz_inst/inst/clk_in1_clk_wiz_0
    MMCME2_ADV_X1Y2      MMCME2_ADV (Prop_mmcme2_adv_CLKIN1_CLKOUT0)
                                                     -2.379    -1.689 r  clk_wiz_inst/inst/mmcm_adv_inst/CLKOUT0
                         net (fo=1, routed)           0.499    -1.190    clk_wiz_inst/inst/clk_out1_clk_wiz_0
    BUFGCTRL_X0Y16       BUFG (Prop_bufg_I_O)         0.026    -1.164 r  clk_wiz_inst/inst/clkout1_buf/O
                         net (fo=649, routed)         0.642    -0.522    Core_Unit/DatapathCore/ff_Memory/ff_WriteDataM/clk_out1
    SLICE_X15Y48         FDRE                                         r  Core_Unit/DatapathCore/ff_Memory/ff_WriteDataM/qout_reg[30]/C
  -------------------------------------------------------------------    -------------------
    SLICE_X15Y48         FDRE (Prop_fdre_C_Q)         0.141    -0.381 r  Core_Unit/DatapathCore/ff_Memory/ff_WriteDataM/qout_reg[30]/Q
                         net (fo=1, routed)           0.099    -0.281    Data_Mem/RAM_reg_0_63_30_30/D
    SLICE_X12Y47         RAMS64E                                      r  Data_Mem/RAM_reg_0_63_30_30/SP/I
  -------------------------------------------------------------------    -------------------

                         (clock clk_out1_clk_wiz_0 rise edge)
                                                      0.000     0.000 r  
    E3                                                0.000     0.000 r  clk_100MHz (IN)
                         net (fo=0)                   0.000     0.000    clk_wiz_inst/inst/clk_in1
    E3                   IBUF (Prop_ibuf_I_O)         0.438     0.438 r  clk_wiz_inst/inst/clkin1_ibufg/O
                         net (fo=1, routed)           0.480     0.918    clk_wiz_inst/inst/clk_in1_clk_wiz_0
    MMCME2_ADV_X1Y2      MMCME2_ADV (Prop_mmcme2_adv_CLKIN1_CLKOUT0)
                                                     -3.163    -2.245 r  clk_wiz_inst/inst/mmcm_adv_inst/CLKOUT0
                         net (fo=1, routed)           0.544    -1.702    clk_wiz_inst/inst/clk_out1_clk_wiz_0
    BUFGCTRL_X0Y16       BUFG (Prop_bufg_I_O)         0.029    -1.673 r  clk_wiz_inst/inst/clkout1_buf/O
                         net (fo=649, routed)         0.917    -0.756    Data_Mem/RAM_reg_0_63_30_30/WCLK
    SLICE_X12Y47         RAMS64E                                      r  Data_Mem/RAM_reg_0_63_30_30/SP/CLK
                         clock pessimism              0.251    -0.506    
    SLICE_X12Y47         RAMS64E (Hold_rams64e_CLK_I)
                                                      0.144    -0.362    Data_Mem/RAM_reg_0_63_30_30/SP
  -------------------------------------------------------------------
                         required time                          0.362    
                         arrival time                          -0.281    
  -------------------------------------------------------------------
                         slack                                  0.080    

Slack (MET) :             0.082ns  (arrival time - required time)
  Source:                 Core_Unit/DatapathCore/ff_Memory/ff_WriteDataM/qout_reg[27]/C
                            (rising edge-triggered cell FDRE clocked by clk_out1_clk_wiz_0  {rise@0.000ns fall@6.667ns period=13.333ns})
  Destination:            Data_Mem/RAM_reg_0_63_27_27/SP/I
                            (rising edge-triggered cell RAMS64E clocked by clk_out1_clk_wiz_0  {rise@0.000ns fall@6.667ns period=13.333ns})
  Path Group:             clk_out1_clk_wiz_0
  Path Type:              Hold (Min at Fast Process Corner)
  Requirement:            0.000ns  (clk_out1_clk_wiz_0 rise@0.000ns - clk_out1_clk_wiz_0 rise@0.000ns)
  Data Path Delay:        0.242ns  (logic 0.141ns (58.263%)  route 0.101ns (41.737%))
  Logic Levels:           0  
  Clock Path Skew:        0.016ns (DCD - SCD - CPR)
    Destination Clock Delay (DCD):    -0.756ns
    Source Clock Delay      (SCD):    -0.522ns
    Clock Pessimism Removal (CPR):    -0.251ns

    Location             Delay type                Incr(ns)  Path(ns)    Netlist Resource(s)
  -------------------------------------------------------------------    -------------------
                         (clock clk_out1_clk_wiz_0 rise edge)
                                                      0.000     0.000 r  
    E3                                                0.000     0.000 r  clk_100MHz (IN)
                         net (fo=0)                   0.000     0.000    clk_wiz_inst/inst/clk_in1
    E3                   IBUF (Prop_ibuf_I_O)         0.250     0.250 r  clk_wiz_inst/inst/clkin1_ibufg/O
                         net (fo=1, routed)           0.440     0.690    clk_wiz_inst/inst/clk_in1_clk_wiz_0
    MMCME2_ADV_X1Y2      MMCME2_ADV (Prop_mmcme2_adv_CLKIN1_CLKOUT0)
                                                     -2.379    -1.689 r  clk_wiz_inst/inst/mmcm_adv_inst/CLKOUT0
                         net (fo=1, routed)           0.499    -1.190    clk_wiz_inst/inst/clk_out1_clk_wiz_0
    BUFGCTRL_X0Y16       BUFG (Prop_bufg_I_O)         0.026    -1.164 r  clk_wiz_inst/inst/clkout1_buf/O
                         net (fo=649, routed)         0.642    -0.522    Core_Unit/DatapathCore/ff_Memory/ff_WriteDataM/clk_out1
    SLICE_X15Y49         FDRE                                         r  Core_Unit/DatapathCore/ff_Memory/ff_WriteDataM/qout_reg[27]/C
  -------------------------------------------------------------------    -------------------
    SLICE_X15Y49         FDRE (Prop_fdre_C_Q)         0.141    -0.381 r  Core_Unit/DatapathCore/ff_Memory/ff_WriteDataM/qout_reg[27]/Q
                         net (fo=1, routed)           0.101    -0.280    Data_Mem/RAM_reg_0_63_27_27/D
    SLICE_X12Y49         RAMS64E                                      r  Data_Mem/RAM_reg_0_63_27_27/SP/I
  -------------------------------------------------------------------    -------------------

                         (clock clk_out1_clk_wiz_0 rise edge)
                                                      0.000     0.000 r  
    E3                                                0.000     0.000 r  clk_100MHz (IN)
                         net (fo=0)                   0.000     0.000    clk_wiz_inst/inst/clk_in1
    E3                   IBUF (Prop_ibuf_I_O)         0.438     0.438 r  clk_wiz_inst/inst/clkin1_ibufg/O
                         net (fo=1, routed)           0.480     0.918    clk_wiz_inst/inst/clk_in1_clk_wiz_0
    MMCME2_ADV_X1Y2      MMCME2_ADV (Prop_mmcme2_adv_CLKIN1_CLKOUT0)
                                                     -3.163    -2.245 r  clk_wiz_inst/inst/mmcm_adv_inst/CLKOUT0
                         net (fo=1, routed)           0.544    -1.702    clk_wiz_inst/inst/clk_out1_clk_wiz_0
    BUFGCTRL_X0Y16       BUFG (Prop_bufg_I_O)         0.029    -1.673 r  clk_wiz_inst/inst/clkout1_buf/O
                         net (fo=649, routed)         0.917    -0.756    Data_Mem/RAM_reg_0_63_27_27/WCLK
    SLICE_X12Y49         RAMS64E                                      r  Data_Mem/RAM_reg_0_63_27_27/SP/CLK
                         clock pessimism              0.251    -0.506    
    SLICE_X12Y49         RAMS64E (Hold_rams64e_CLK_I)
                                                      0.144    -0.362    Data_Mem/RAM_reg_0_63_27_27/SP
  -------------------------------------------------------------------
                         required time                          0.362    
                         arrival time                          -0.280    
  -------------------------------------------------------------------
                         slack                                  0.082    

Slack (MET) :             0.095ns  (arrival time - required time)
  Source:                 Core_Unit/DatapathCore/ff_Decode/ff_PCPlus4F/ff_RE_interior/qout_reg[29]/C
                            (rising edge-triggered cell FDRE clocked by clk_out1_clk_wiz_0  {rise@0.000ns fall@6.667ns period=13.333ns})
  Destination:            Core_Unit/DatapathCore/ff_Execute/ff_PCPlus4E/qout_reg[29]/D
                            (rising edge-triggered cell FDRE clocked by clk_out1_clk_wiz_0  {rise@0.000ns fall@6.667ns period=13.333ns})
  Path Group:             clk_out1_clk_wiz_0
  Path Type:              Hold (Min at Fast Process Corner)
  Requirement:            0.000ns  (clk_out1_clk_wiz_0 rise@0.000ns - clk_out1_clk_wiz_0 rise@0.000ns)
  Data Path Delay:        0.477ns  (logic 0.141ns (29.583%)  route 0.336ns (70.417%))
  Logic Levels:           0  
  Clock Path Skew:        0.307ns (DCD - SCD - CPR)
    Destination Clock Delay (DCD):    -0.756ns
    Source Clock Delay      (SCD):    -0.559ns
    Clock Pessimism Removal (CPR):    -0.504ns

    Location             Delay type                Incr(ns)  Path(ns)    Netlist Resource(s)
  -------------------------------------------------------------------    -------------------
                         (clock clk_out1_clk_wiz_0 rise edge)
                                                      0.000     0.000 r  
    E3                                                0.000     0.000 r  clk_100MHz (IN)
                         net (fo=0)                   0.000     0.000    clk_wiz_inst/inst/clk_in1
    E3                   IBUF (Prop_ibuf_I_O)         0.250     0.250 r  clk_wiz_inst/inst/clkin1_ibufg/O
                         net (fo=1, routed)           0.440     0.690    clk_wiz_inst/inst/clk_in1_clk_wiz_0
    MMCME2_ADV_X1Y2      MMCME2_ADV (Prop_mmcme2_adv_CLKIN1_CLKOUT0)
                                                     -2.379    -1.689 r  clk_wiz_inst/inst/mmcm_adv_inst/CLKOUT0
                         net (fo=1, routed)           0.499    -1.190    clk_wiz_inst/inst/clk_out1_clk_wiz_0
    BUFGCTRL_X0Y16       BUFG (Prop_bufg_I_O)         0.026    -1.164 r  clk_wiz_inst/inst/clkout1_buf/O
                         net (fo=649, routed)         0.605    -0.559    Core_Unit/DatapathCore/ff_Decode/ff_PCPlus4F/ff_RE_interior/clk_out1
    SLICE_X3Y51          FDRE                                         r  Core_Unit/DatapathCore/ff_Decode/ff_PCPlus4F/ff_RE_interior/qout_reg[29]/C
  -------------------------------------------------------------------    -------------------
    SLICE_X3Y51          FDRE (Prop_fdre_C_Q)         0.141    -0.418 r  Core_Unit/DatapathCore/ff_Decode/ff_PCPlus4F/ff_RE_interior/qout_reg[29]/Q
                         net (fo=1, routed)           0.336    -0.083    Core_Unit/DatapathCore/ff_Execute/ff_PCPlus4E/qout_reg[31]_1[28]
    SLICE_X9Y48          FDRE                                         r  Core_Unit/DatapathCore/ff_Execute/ff_PCPlus4E/qout_reg[29]/D
  -------------------------------------------------------------------    -------------------

                         (clock clk_out1_clk_wiz_0 rise edge)
                                                      0.000     0.000 r  
    E3                                                0.000     0.000 r  clk_100MHz (IN)
                         net (fo=0)                   0.000     0.000    clk_wiz_inst/inst/clk_in1
    E3                   IBUF (Prop_ibuf_I_O)         0.438     0.438 r  clk_wiz_inst/inst/clkin1_ibufg/O
                         net (fo=1, routed)           0.480     0.918    clk_wiz_inst/inst/clk_in1_clk_wiz_0
    MMCME2_ADV_X1Y2      MMCME2_ADV (Prop_mmcme2_adv_CLKIN1_CLKOUT0)
                                                     -3.163    -2.245 r  clk_wiz_inst/inst/mmcm_adv_inst/CLKOUT0
                         net (fo=1, routed)           0.544    -1.702    clk_wiz_inst/inst/clk_out1_clk_wiz_0
    BUFGCTRL_X0Y16       BUFG (Prop_bufg_I_O)         0.029    -1.673 r  clk_wiz_inst/inst/clkout1_buf/O
                         net (fo=649, routed)         0.917    -0.756    Core_Unit/DatapathCore/ff_Execute/ff_PCPlus4E/clk_out1
    SLICE_X9Y48          FDRE                                         r  Core_Unit/DatapathCore/ff_Execute/ff_PCPlus4E/qout_reg[29]/C
                         clock pessimism              0.504    -0.252    
    SLICE_X9Y48          FDRE (Hold_fdre_C_D)         0.075    -0.177    Core_Unit/DatapathCore/ff_Execute/ff_PCPlus4E/qout_reg[29]
  -------------------------------------------------------------------
                         required time                          0.177    
                         arrival time                          -0.083    
  -------------------------------------------------------------------
                         slack                                  0.095    

Slack (MET) :             0.098ns  (arrival time - required time)
  Source:                 Core_Unit/DatapathCore/ff_Memory/ff_WriteDataM/qout_reg[26]/C
                            (rising edge-triggered cell FDRE clocked by clk_out1_clk_wiz_0  {rise@0.000ns fall@6.667ns period=13.333ns})
  Destination:            Data_Mem/RAM_reg_0_63_26_26/SP/I
                            (rising edge-triggered cell RAMS64E clocked by clk_out1_clk_wiz_0  {rise@0.000ns fall@6.667ns period=13.333ns})
  Path Group:             clk_out1_clk_wiz_0
  Path Type:              Hold (Min at Fast Process Corner)
  Requirement:            0.000ns  (clk_out1_clk_wiz_0 rise@0.000ns - clk_out1_clk_wiz_0 rise@0.000ns)
  Data Path Delay:        0.257ns  (logic 0.141ns (54.828%)  route 0.116ns (45.172%))
  Logic Levels:           0  
  Clock Path Skew:        0.013ns (DCD - SCD - CPR)
    Destination Clock Delay (DCD):    -0.756ns
    Source Clock Delay      (SCD):    -0.522ns
    Clock Pessimism Removal (CPR):    -0.248ns

    Location             Delay type                Incr(ns)  Path(ns)    Netlist Resource(s)
  -------------------------------------------------------------------    -------------------
                         (clock clk_out1_clk_wiz_0 rise edge)
                                                      0.000     0.000 r  
    E3                                                0.000     0.000 r  clk_100MHz (IN)
                         net (fo=0)                   0.000     0.000    clk_wiz_inst/inst/clk_in1
    E3                   IBUF (Prop_ibuf_I_O)         0.250     0.250 r  clk_wiz_inst/inst/clkin1_ibufg/O
                         net (fo=1, routed)           0.440     0.690    clk_wiz_inst/inst/clk_in1_clk_wiz_0
    MMCME2_ADV_X1Y2      MMCME2_ADV (Prop_mmcme2_adv_CLKIN1_CLKOUT0)
                                                     -2.379    -1.689 r  clk_wiz_inst/inst/mmcm_adv_inst/CLKOUT0
                         net (fo=1, routed)           0.499    -1.190    clk_wiz_inst/inst/clk_out1_clk_wiz_0
    BUFGCTRL_X0Y16       BUFG (Prop_bufg_I_O)         0.026    -1.164 r  clk_wiz_inst/inst/clkout1_buf/O
                         net (fo=649, routed)         0.642    -0.522    Core_Unit/DatapathCore/ff_Memory/ff_WriteDataM/clk_out1
    SLICE_X13Y49         FDRE                                         r  Core_Unit/DatapathCore/ff_Memory/ff_WriteDataM/qout_reg[26]/C
  -------------------------------------------------------------------    -------------------
    SLICE_X13Y49         FDRE (Prop_fdre_C_Q)         0.141    -0.381 r  Core_Unit/DatapathCore/ff_Memory/ff_WriteDataM/qout_reg[26]/Q
                         net (fo=1, routed)           0.116    -0.265    Data_Mem/RAM_reg_0_63_26_26/D
    SLICE_X12Y49         RAMS64E                                      r  Data_Mem/RAM_reg_0_63_26_26/SP/I
  -------------------------------------------------------------------    -------------------

                         (clock clk_out1_clk_wiz_0 rise edge)
                                                      0.000     0.000 r  
    E3                                                0.000     0.000 r  clk_100MHz (IN)
                         net (fo=0)                   0.000     0.000    clk_wiz_inst/inst/clk_in1
    E3                   IBUF (Prop_ibuf_I_O)         0.438     0.438 r  clk_wiz_inst/inst/clkin1_ibufg/O
                         net (fo=1, routed)           0.480     0.918    clk_wiz_inst/inst/clk_in1_clk_wiz_0
    MMCME2_ADV_X1Y2      MMCME2_ADV (Prop_mmcme2_adv_CLKIN1_CLKOUT0)
                                                     -3.163    -2.245 r  clk_wiz_inst/inst/mmcm_adv_inst/CLKOUT0
                         net (fo=1, routed)           0.544    -1.702    clk_wiz_inst/inst/clk_out1_clk_wiz_0
    BUFGCTRL_X0Y16       BUFG (Prop_bufg_I_O)         0.029    -1.673 r  clk_wiz_inst/inst/clkout1_buf/O
                         net (fo=649, routed)         0.917    -0.756    Data_Mem/RAM_reg_0_63_26_26/WCLK
    SLICE_X12Y49         RAMS64E                                      r  Data_Mem/RAM_reg_0_63_26_26/SP/CLK
                         clock pessimism              0.248    -0.509    
    SLICE_X12Y49         RAMS64E (Hold_rams64e_CLK_I)
                                                      0.146    -0.363    Data_Mem/RAM_reg_0_63_26_26/SP
  -------------------------------------------------------------------
                         required time                          0.363    
                         arrival time                          -0.265    
  -------------------------------------------------------------------
                         slack                                  0.098    

Slack (MET) :             0.125ns  (arrival time - required time)
  Source:                 Core_Unit/DatapathCore/ff_Memory/ff_WriteDataM/qout_reg[12]/C
                            (rising edge-triggered cell FDRE clocked by clk_out1_clk_wiz_0  {rise@0.000ns fall@6.667ns period=13.333ns})
  Destination:            Data_Mem/RAM_reg_0_63_12_12/SP/I
                            (rising edge-triggered cell RAMS64E clocked by clk_out1_clk_wiz_0  {rise@0.000ns fall@6.667ns period=13.333ns})
  Path Group:             clk_out1_clk_wiz_0
  Path Type:              Hold (Min at Fast Process Corner)
  Requirement:            0.000ns  (clk_out1_clk_wiz_0 rise@0.000ns - clk_out1_clk_wiz_0 rise@0.000ns)
  Data Path Delay:        0.284ns  (logic 0.141ns (49.584%)  route 0.143ns (50.416%))
  Logic Levels:           0  
  Clock Path Skew:        0.015ns (DCD - SCD - CPR)
    Destination Clock Delay (DCD):    -0.758ns
    Source Clock Delay      (SCD):    -0.523ns
    Clock Pessimism Removal (CPR):    -0.251ns

    Location             Delay type                Incr(ns)  Path(ns)    Netlist Resource(s)
  -------------------------------------------------------------------    -------------------
                         (clock clk_out1_clk_wiz_0 rise edge)
                                                      0.000     0.000 r  
    E3                                                0.000     0.000 r  clk_100MHz (IN)
                         net (fo=0)                   0.000     0.000    clk_wiz_inst/inst/clk_in1
    E3                   IBUF (Prop_ibuf_I_O)         0.250     0.250 r  clk_wiz_inst/inst/clkin1_ibufg/O
                         net (fo=1, routed)           0.440     0.690    clk_wiz_inst/inst/clk_in1_clk_wiz_0
    MMCME2_ADV_X1Y2      MMCME2_ADV (Prop_mmcme2_adv_CLKIN1_CLKOUT0)
                                                     -2.379    -1.689 r  clk_wiz_inst/inst/mmcm_adv_inst/CLKOUT0
                         net (fo=1, routed)           0.499    -1.190    clk_wiz_inst/inst/clk_out1_clk_wiz_0
    BUFGCTRL_X0Y16       BUFG (Prop_bufg_I_O)         0.026    -1.164 r  clk_wiz_inst/inst/clkout1_buf/O
                         net (fo=649, routed)         0.641    -0.523    Core_Unit/DatapathCore/ff_Memory/ff_WriteDataM/clk_out1
    SLICE_X11Y43         FDRE                                         r  Core_Unit/DatapathCore/ff_Memory/ff_WriteDataM/qout_reg[12]/C
  -------------------------------------------------------------------    -------------------
    SLICE_X11Y43         FDRE (Prop_fdre_C_Q)         0.141    -0.382 r  Core_Unit/DatapathCore/ff_Memory/ff_WriteDataM/qout_reg[12]/Q
                         net (fo=1, routed)           0.143    -0.238    Data_Mem/RAM_reg_0_63_12_12/D
    SLICE_X10Y41         RAMS64E                                      r  Data_Mem/RAM_reg_0_63_12_12/SP/I
  -------------------------------------------------------------------    -------------------

                         (clock clk_out1_clk_wiz_0 rise edge)
                                                      0.000     0.000 r  
    E3                                                0.000     0.000 r  clk_100MHz (IN)
                         net (fo=0)                   0.000     0.000    clk_wiz_inst/inst/clk_in1
    E3                   IBUF (Prop_ibuf_I_O)         0.438     0.438 r  clk_wiz_inst/inst/clkin1_ibufg/O
                         net (fo=1, routed)           0.480     0.918    clk_wiz_inst/inst/clk_in1_clk_wiz_0
    MMCME2_ADV_X1Y2      MMCME2_ADV (Prop_mmcme2_adv_CLKIN1_CLKOUT0)
                                                     -3.163    -2.245 r  clk_wiz_inst/inst/mmcm_adv_inst/CLKOUT0
                         net (fo=1, routed)           0.544    -1.702    clk_wiz_inst/inst/clk_out1_clk_wiz_0
    BUFGCTRL_X0Y16       BUFG (Prop_bufg_I_O)         0.029    -1.673 r  clk_wiz_inst/inst/clkout1_buf/O
                         net (fo=649, routed)         0.915    -0.758    Data_Mem/RAM_reg_0_63_12_12/WCLK
    SLICE_X10Y41         RAMS64E                                      r  Data_Mem/RAM_reg_0_63_12_12/SP/CLK
                         clock pessimism              0.251    -0.508    
    SLICE_X10Y41         RAMS64E (Hold_rams64e_CLK_I)
                                                      0.144    -0.364    Data_Mem/RAM_reg_0_63_12_12/SP
  -------------------------------------------------------------------
                         required time                          0.364    
                         arrival time                          -0.238    
  -------------------------------------------------------------------
                         slack                                  0.125    

Slack (MET) :             0.126ns  (arrival time - required time)
  Source:                 Core_Unit/DatapathCore/ff_Memory/ff_ResultSrcM/qout_reg[1]/C
                            (rising edge-triggered cell FDRE clocked by clk_out1_clk_wiz_0  {rise@0.000ns fall@6.667ns period=13.333ns})
  Destination:            Core_Unit/DatapathCore/ff_Writeback/ff_ResultSrcW/qout_reg[1]/D
                            (rising edge-triggered cell FDRE clocked by clk_out1_clk_wiz_0  {rise@0.000ns fall@6.667ns period=13.333ns})
  Path Group:             clk_out1_clk_wiz_0
  Path Type:              Hold (Min at Fast Process Corner)
  Requirement:            0.000ns  (clk_out1_clk_wiz_0 rise@0.000ns - clk_out1_clk_wiz_0 rise@0.000ns)
  Data Path Delay:        0.197ns  (logic 0.141ns (71.611%)  route 0.056ns (28.389%))
  Logic Levels:           0  
  Clock Path Skew:        0.000ns (DCD - SCD - CPR)
    Destination Clock Delay (DCD):    -0.757ns
    Source Clock Delay      (SCD):    -0.523ns
    Clock Pessimism Removal (CPR):    -0.235ns

    Location             Delay type                Incr(ns)  Path(ns)    Netlist Resource(s)
  -------------------------------------------------------------------    -------------------
                         (clock clk_out1_clk_wiz_0 rise edge)
                                                      0.000     0.000 r  
    E3                                                0.000     0.000 r  clk_100MHz (IN)
                         net (fo=0)                   0.000     0.000    clk_wiz_inst/inst/clk_in1
    E3                   IBUF (Prop_ibuf_I_O)         0.250     0.250 r  clk_wiz_inst/inst/clkin1_ibufg/O
                         net (fo=1, routed)           0.440     0.690    clk_wiz_inst/inst/clk_in1_clk_wiz_0
    MMCME2_ADV_X1Y2      MMCME2_ADV (Prop_mmcme2_adv_CLKIN1_CLKOUT0)
                                                     -2.379    -1.689 r  clk_wiz_inst/inst/mmcm_adv_inst/CLKOUT0
                         net (fo=1, routed)           0.499    -1.190    clk_wiz_inst/inst/clk_out1_clk_wiz_0
    BUFGCTRL_X0Y16       BUFG (Prop_bufg_I_O)         0.026    -1.164 r  clk_wiz_inst/inst/clkout1_buf/O
                         net (fo=649, routed)         0.641    -0.523    Core_Unit/DatapathCore/ff_Memory/ff_ResultSrcM/clk_out1
    SLICE_X9Y44          FDRE                                         r  Core_Unit/DatapathCore/ff_Memory/ff_ResultSrcM/qout_reg[1]/C
  -------------------------------------------------------------------    -------------------
    SLICE_X9Y44          FDRE (Prop_fdre_C_Q)         0.141    -0.382 r  Core_Unit/DatapathCore/ff_Memory/ff_ResultSrcM/qout_reg[1]/Q
                         net (fo=1, routed)           0.056    -0.326    Core_Unit/DatapathCore/ff_Writeback/ff_ResultSrcW/D[1]
    SLICE_X9Y44          FDRE                                         r  Core_Unit/DatapathCore/ff_Writeback/ff_ResultSrcW/qout_reg[1]/D
  -------------------------------------------------------------------    -------------------

                         (clock clk_out1_clk_wiz_0 rise edge)
                                                      0.000     0.000 r  
    E3                                                0.000     0.000 r  clk_100MHz (IN)
                         net (fo=0)                   0.000     0.000    clk_wiz_inst/inst/clk_in1
    E3                   IBUF (Prop_ibuf_I_O)         0.438     0.438 r  clk_wiz_inst/inst/clkin1_ibufg/O
                         net (fo=1, routed)           0.480     0.918    clk_wiz_inst/inst/clk_in1_clk_wiz_0
    MMCME2_ADV_X1Y2      MMCME2_ADV (Prop_mmcme2_adv_CLKIN1_CLKOUT0)
                                                     -3.163    -2.245 r  clk_wiz_inst/inst/mmcm_adv_inst/CLKOUT0
                         net (fo=1, routed)           0.544    -1.702    clk_wiz_inst/inst/clk_out1_clk_wiz_0
    BUFGCTRL_X0Y16       BUFG (Prop_bufg_I_O)         0.029    -1.673 r  clk_wiz_inst/inst/clkout1_buf/O
                         net (fo=649, routed)         0.916    -0.757    Core_Unit/DatapathCore/ff_Writeback/ff_ResultSrcW/clk_out1
    SLICE_X9Y44          FDRE                                         r  Core_Unit/DatapathCore/ff_Writeback/ff_ResultSrcW/qout_reg[1]/C
                         clock pessimism              0.235    -0.523    
    SLICE_X9Y44          FDRE (Hold_fdre_C_D)         0.071    -0.452    Core_Unit/DatapathCore/ff_Writeback/ff_ResultSrcW/qout_reg[1]
  -------------------------------------------------------------------
                         required time                          0.452    
                         arrival time                          -0.326    
  -------------------------------------------------------------------
                         slack                                  0.126    

Slack (MET) :             0.128ns  (arrival time - required time)
  Source:                 Core_Unit/DatapathCore/ff_Memory/ff_WriteDataM/qout_reg[13]/C
                            (rising edge-triggered cell FDRE clocked by clk_out1_clk_wiz_0  {rise@0.000ns fall@6.667ns period=13.333ns})
  Destination:            Data_Mem/RAM_reg_0_63_13_13/SP/I
                            (rising edge-triggered cell RAMS64E clocked by clk_out1_clk_wiz_0  {rise@0.000ns fall@6.667ns period=13.333ns})
  Path Group:             clk_out1_clk_wiz_0
  Path Type:              Hold (Min at Fast Process Corner)
  Requirement:            0.000ns  (clk_out1_clk_wiz_0 rise@0.000ns - clk_out1_clk_wiz_0 rise@0.000ns)
  Data Path Delay:        0.285ns  (logic 0.141ns (49.450%)  route 0.144ns (50.550%))
  Logic Levels:           0  
  Clock Path Skew:        0.013ns (DCD - SCD - CPR)
    Destination Clock Delay (DCD):    -0.757ns
    Source Clock Delay      (SCD):    -0.523ns
    Clock Pessimism Removal (CPR):    -0.248ns

    Location             Delay type                Incr(ns)  Path(ns)    Netlist Resource(s)
  -------------------------------------------------------------------    -------------------
                         (clock clk_out1_clk_wiz_0 rise edge)
                                                      0.000     0.000 r  
    E3                                                0.000     0.000 r  clk_100MHz (IN)
                         net (fo=0)                   0.000     0.000    clk_wiz_inst/inst/clk_in1
    E3                   IBUF (Prop_ibuf_I_O)         0.250     0.250 r  clk_wiz_inst/inst/clkin1_ibufg/O
                         net (fo=1, routed)           0.440     0.690    clk_wiz_inst/inst/clk_in1_clk_wiz_0
    MMCME2_ADV_X1Y2      MMCME2_ADV (Prop_mmcme2_adv_CLKIN1_CLKOUT0)
                                                     -2.379    -1.689 r  clk_wiz_inst/inst/mmcm_adv_inst/CLKOUT0
                         net (fo=1, routed)           0.499    -1.190    clk_wiz_inst/inst/clk_out1_clk_wiz_0
    BUFGCTRL_X0Y16       BUFG (Prop_bufg_I_O)         0.026    -1.164 r  clk_wiz_inst/inst/clkout1_buf/O
                         net (fo=649, routed)         0.641    -0.523    Core_Unit/DatapathCore/ff_Memory/ff_WriteDataM/clk_out1
    SLICE_X9Y45          FDRE                                         r  Core_Unit/DatapathCore/ff_Memory/ff_WriteDataM/qout_reg[13]/C
  -------------------------------------------------------------------    -------------------
    SLICE_X9Y45          FDRE (Prop_fdre_C_Q)         0.141    -0.382 r  Core_Unit/DatapathCore/ff_Memory/ff_WriteDataM/qout_reg[13]/Q
                         net (fo=1, routed)           0.144    -0.238    Data_Mem/RAM_reg_0_63_13_13/D
    SLICE_X8Y45          RAMS64E                                      r  Data_Mem/RAM_reg_0_63_13_13/SP/I
  -------------------------------------------------------------------    -------------------

                         (clock clk_out1_clk_wiz_0 rise edge)
                                                      0.000     0.000 r  
    E3                                                0.000     0.000 r  clk_100MHz (IN)
                         net (fo=0)                   0.000     0.000    clk_wiz_inst/inst/clk_in1
    E3                   IBUF (Prop_ibuf_I_O)         0.438     0.438 r  clk_wiz_inst/inst/clkin1_ibufg/O
                         net (fo=1, routed)           0.480     0.918    clk_wiz_inst/inst/clk_in1_clk_wiz_0
    MMCME2_ADV_X1Y2      MMCME2_ADV (Prop_mmcme2_adv_CLKIN1_CLKOUT0)
                                                     -3.163    -2.245 r  clk_wiz_inst/inst/mmcm_adv_inst/CLKOUT0
                         net (fo=1, routed)           0.544    -1.702    clk_wiz_inst/inst/clk_out1_clk_wiz_0
    BUFGCTRL_X0Y16       BUFG (Prop_bufg_I_O)         0.029    -1.673 r  clk_wiz_inst/inst/clkout1_buf/O
                         net (fo=649, routed)         0.916    -0.757    Data_Mem/RAM_reg_0_63_13_13/WCLK
    SLICE_X8Y45          RAMS64E                                      r  Data_Mem/RAM_reg_0_63_13_13/SP/CLK
                         clock pessimism              0.248    -0.510    
    SLICE_X8Y45          RAMS64E (Hold_rams64e_CLK_I)
                                                      0.144    -0.366    Data_Mem/RAM_reg_0_63_13_13/SP
  -------------------------------------------------------------------
                         required time                          0.366    
                         arrival time                          -0.238    
  -------------------------------------------------------------------
                         slack                                  0.128    

Slack (MET) :             0.131ns  (arrival time - required time)
  Source:                 Core_Unit/DatapathCore/ff_Memory/ff_WriteDataM/qout_reg[5]/C
                            (rising edge-triggered cell FDRE clocked by clk_out1_clk_wiz_0  {rise@0.000ns fall@6.667ns period=13.333ns})
  Destination:            Data_Mem/RAM_reg_0_63_5_5/SP/I
                            (rising edge-triggered cell RAMS64E clocked by clk_out1_clk_wiz_0  {rise@0.000ns fall@6.667ns period=13.333ns})
  Path Group:             clk_out1_clk_wiz_0
  Path Type:              Hold (Min at Fast Process Corner)
  Requirement:            0.000ns  (clk_out1_clk_wiz_0 rise@0.000ns - clk_out1_clk_wiz_0 rise@0.000ns)
  Data Path Delay:        0.312ns  (logic 0.141ns (45.201%)  route 0.171ns (54.799%))
  Logic Levels:           0  
  Clock Path Skew:        0.037ns (DCD - SCD - CPR)
    Destination Clock Delay (DCD):    -0.758ns
    Source Clock Delay      (SCD):    -0.524ns
    Clock Pessimism Removal (CPR):    -0.272ns

    Location             Delay type                Incr(ns)  Path(ns)    Netlist Resource(s)
  -------------------------------------------------------------------    -------------------
                         (clock clk_out1_clk_wiz_0 rise edge)
                                                      0.000     0.000 r  
    E3                                                0.000     0.000 r  clk_100MHz (IN)
                         net (fo=0)                   0.000     0.000    clk_wiz_inst/inst/clk_in1
    E3                   IBUF (Prop_ibuf_I_O)         0.250     0.250 r  clk_wiz_inst/inst/clkin1_ibufg/O
                         net (fo=1, routed)           0.440     0.690    clk_wiz_inst/inst/clk_in1_clk_wiz_0
    MMCME2_ADV_X1Y2      MMCME2_ADV (Prop_mmcme2_adv_CLKIN1_CLKOUT0)
                                                     -2.379    -1.689 r  clk_wiz_inst/inst/mmcm_adv_inst/CLKOUT0
                         net (fo=1, routed)           0.499    -1.190    clk_wiz_inst/inst/clk_out1_clk_wiz_0
    BUFGCTRL_X0Y16       BUFG (Prop_bufg_I_O)         0.026    -1.164 r  clk_wiz_inst/inst/clkout1_buf/O
                         net (fo=649, routed)         0.640    -0.524    Core_Unit/DatapathCore/ff_Memory/ff_WriteDataM/clk_out1
    SLICE_X13Y42         FDRE                                         r  Core_Unit/DatapathCore/ff_Memory/ff_WriteDataM/qout_reg[5]/C
  -------------------------------------------------------------------    -------------------
    SLICE_X13Y42         FDRE (Prop_fdre_C_Q)         0.141    -0.383 r  Core_Unit/DatapathCore/ff_Memory/ff_WriteDataM/qout_reg[5]/Q
                         net (fo=1, routed)           0.171    -0.212    Data_Mem/RAM_reg_0_63_5_5/D
    SLICE_X10Y42         RAMS64E                                      r  Data_Mem/RAM_reg_0_63_5_5/SP/I
  -------------------------------------------------------------------    -------------------

                         (clock clk_out1_clk_wiz_0 rise edge)
                                                      0.000     0.000 r  
    E3                                                0.000     0.000 r  clk_100MHz (IN)
                         net (fo=0)                   0.000     0.000    clk_wiz_inst/inst/clk_in1
    E3                   IBUF (Prop_ibuf_I_O)         0.438     0.438 r  clk_wiz_inst/inst/clkin1_ibufg/O
                         net (fo=1, routed)           0.480     0.918    clk_wiz_inst/inst/clk_in1_clk_wiz_0
    MMCME2_ADV_X1Y2      MMCME2_ADV (Prop_mmcme2_adv_CLKIN1_CLKOUT0)
                                                     -3.163    -2.245 r  clk_wiz_inst/inst/mmcm_adv_inst/CLKOUT0
                         net (fo=1, routed)           0.544    -1.702    clk_wiz_inst/inst/clk_out1_clk_wiz_0
    BUFGCTRL_X0Y16       BUFG (Prop_bufg_I_O)         0.029    -1.673 r  clk_wiz_inst/inst/clkout1_buf/O
                         net (fo=649, routed)         0.915    -0.758    Data_Mem/RAM_reg_0_63_5_5/WCLK
    SLICE_X10Y42         RAMS64E                                      r  Data_Mem/RAM_reg_0_63_5_5/SP/CLK
                         clock pessimism              0.272    -0.487    
    SLICE_X10Y42         RAMS64E (Hold_rams64e_CLK_I)
                                                      0.144    -0.343    Data_Mem/RAM_reg_0_63_5_5/SP
  -------------------------------------------------------------------
                         required time                          0.343    
                         arrival time                          -0.212    
  -------------------------------------------------------------------
                         slack                                  0.131    

Slack (MET) :             0.132ns  (arrival time - required time)
  Source:                 Core_Unit/DatapathCore/ff_Memory/ff_WriteDataM/qout_reg[14]/C
                            (rising edge-triggered cell FDRE clocked by clk_out1_clk_wiz_0  {rise@0.000ns fall@6.667ns period=13.333ns})
  Destination:            Data_Mem/RAM_reg_0_63_14_14/SP/I
                            (rising edge-triggered cell RAMS64E clocked by clk_out1_clk_wiz_0  {rise@0.000ns fall@6.667ns period=13.333ns})
  Path Group:             clk_out1_clk_wiz_0
  Path Type:              Hold (Min at Fast Process Corner)
  Requirement:            0.000ns  (clk_out1_clk_wiz_0 rise@0.000ns - clk_out1_clk_wiz_0 rise@0.000ns)
  Data Path Delay:        0.316ns  (logic 0.141ns (44.558%)  route 0.175ns (55.442%))
  Logic Levels:           0  
  Clock Path Skew:        0.037ns (DCD - SCD - CPR)
    Destination Clock Delay (DCD):    -0.757ns
    Source Clock Delay      (SCD):    -0.523ns
    Clock Pessimism Removal (CPR):    -0.272ns

    Location             Delay type                Incr(ns)  Path(ns)    Netlist Resource(s)
  -------------------------------------------------------------------    -------------------
                         (clock clk_out1_clk_wiz_0 rise edge)
                                                      0.000     0.000 r  
    E3                                                0.000     0.000 r  clk_100MHz (IN)
                         net (fo=0)                   0.000     0.000    clk_wiz_inst/inst/clk_in1
    E3                   IBUF (Prop_ibuf_I_O)         0.250     0.250 r  clk_wiz_inst/inst/clkin1_ibufg/O
                         net (fo=1, routed)           0.440     0.690    clk_wiz_inst/inst/clk_in1_clk_wiz_0
    MMCME2_ADV_X1Y2      MMCME2_ADV (Prop_mmcme2_adv_CLKIN1_CLKOUT0)
                                                     -2.379    -1.689 r  clk_wiz_inst/inst/mmcm_adv_inst/CLKOUT0
                         net (fo=1, routed)           0.499    -1.190    clk_wiz_inst/inst/clk_out1_clk_wiz_0
    BUFGCTRL_X0Y16       BUFG (Prop_bufg_I_O)         0.026    -1.164 r  clk_wiz_inst/inst/clkout1_buf/O
                         net (fo=649, routed)         0.641    -0.523    Core_Unit/DatapathCore/ff_Memory/ff_WriteDataM/clk_out1
    SLICE_X11Y45         FDRE                                         r  Core_Unit/DatapathCore/ff_Memory/ff_WriteDataM/qout_reg[14]/C
  -------------------------------------------------------------------    -------------------
    SLICE_X11Y45         FDRE (Prop_fdre_C_Q)         0.141    -0.382 r  Core_Unit/DatapathCore/ff_Memory/ff_WriteDataM/qout_reg[14]/Q
                         net (fo=1, routed)           0.175    -0.206    Data_Mem/RAM_reg_0_63_14_14/D
    SLICE_X8Y45          RAMS64E                                      r  Data_Mem/RAM_reg_0_63_14_14/SP/I
  -------------------------------------------------------------------    -------------------

                         (clock clk_out1_clk_wiz_0 rise edge)
                                                      0.000     0.000 r  
    E3                                                0.000     0.000 r  clk_100MHz (IN)
                         net (fo=0)                   0.000     0.000    clk_wiz_inst/inst/clk_in1
    E3                   IBUF (Prop_ibuf_I_O)         0.438     0.438 r  clk_wiz_inst/inst/clkin1_ibufg/O
                         net (fo=1, routed)           0.480     0.918    clk_wiz_inst/inst/clk_in1_clk_wiz_0
    MMCME2_ADV_X1Y2      MMCME2_ADV (Prop_mmcme2_adv_CLKIN1_CLKOUT0)
                                                     -3.163    -2.245 r  clk_wiz_inst/inst/mmcm_adv_inst/CLKOUT0
                         net (fo=1, routed)           0.544    -1.702    clk_wiz_inst/inst/clk_out1_clk_wiz_0
    BUFGCTRL_X0Y16       BUFG (Prop_bufg_I_O)         0.029    -1.673 r  clk_wiz_inst/inst/clkout1_buf/O
                         net (fo=649, routed)         0.916    -0.757    Data_Mem/RAM_reg_0_63_14_14/WCLK
    SLICE_X8Y45          RAMS64E                                      r  Data_Mem/RAM_reg_0_63_14_14/SP/CLK
                         clock pessimism              0.272    -0.486    
    SLICE_X8Y45          RAMS64E (Hold_rams64e_CLK_I)
                                                      0.147    -0.339    Data_Mem/RAM_reg_0_63_14_14/SP
  -------------------------------------------------------------------
                         required time                          0.339    
                         arrival time                          -0.206    
  -------------------------------------------------------------------
                         slack                                  0.132    





Pulse Width Checks
--------------------------------------------------------------------------------------
Clock Name:         clk_out1_clk_wiz_0
Waveform(ns):       { 0.000 6.667 }
Period(ns):         13.333
Sources:            { clk_wiz_inst/inst/mmcm_adv_inst/CLKOUT0 }

Check Type        Corner  Lib Pin             Reference Pin  Required(ns)  Actual(ns)  Slack(ns)  Location         Pin
Min Period        n/a     BUFG/I              n/a            2.155         13.333      11.178     BUFGCTRL_X0Y16   clk_wiz_inst/inst/clkout1_buf/I
Min Period        n/a     MMCME2_ADV/CLKOUT0  n/a            1.249         13.333      12.084     MMCME2_ADV_X1Y2  clk_wiz_inst/inst/mmcm_adv_inst/CLKOUT0
Min Period        n/a     FDRE/C              n/a            1.000         13.333      12.333     SLICE_X4Y43      Core_Unit/DatapathCore/ff_Decode/ff_PCF/ff_RE_interior/qout_reg[0]/C
Min Period        n/a     FDRE/C              n/a            1.000         13.333      12.333     SLICE_X4Y43      Core_Unit/DatapathCore/ff_Decode/ff_PCF/ff_RE_interior/qout_reg[10]/C
Min Period        n/a     FDRE/C              n/a            1.000         13.333      12.333     SLICE_X4Y45      Core_Unit/DatapathCore/ff_Decode/ff_PCF/ff_RE_interior/qout_reg[11]/C
Min Period        n/a     FDRE/C              n/a            1.000         13.333      12.333     SLICE_X4Y46      Core_Unit/DatapathCore/ff_Decode/ff_PCF/ff_RE_interior/qout_reg[12]/C
Min Period        n/a     FDRE/C              n/a            1.000         13.333      12.333     SLICE_X4Y45      Core_Unit/DatapathCore/ff_Decode/ff_PCF/ff_RE_interior/qout_reg[13]/C
Min Period        n/a     FDRE/C              n/a            1.000         13.333      12.333     SLICE_X3Y45      Core_Unit/DatapathCore/ff_Decode/ff_PCF/ff_RE_interior/qout_reg[14]/C
Min Period        n/a     FDRE/C              n/a            1.000         13.333      12.333     SLICE_X3Y45      Core_Unit/DatapathCore/ff_Decode/ff_PCF/ff_RE_interior/qout_reg[15]/C
Min Period        n/a     FDRE/C              n/a            1.000         13.333      12.333     SLICE_X4Y46      Core_Unit/DatapathCore/ff_Decode/ff_PCF/ff_RE_interior/qout_reg[16]/C
Max Period        n/a     MMCME2_ADV/CLKOUT0  n/a            213.360       13.333      200.027    MMCME2_ADV_X1Y2  clk_wiz_inst/inst/mmcm_adv_inst/CLKOUT0
Low Pulse Width   Slow    RAMD32/CLK          n/a            1.250         6.667       5.417      SLICE_X12Y42     Core_Unit/DatapathCore/reg_file_int/Reg_File_Block_reg_r1_0_31_0_5/RAMA/CLK
Low Pulse Width   Fast    RAMD32/CLK          n/a            1.250         6.667       5.417      SLICE_X12Y42     Core_Unit/DatapathCore/reg_file_int/Reg_File_Block_reg_r1_0_31_0_5/RAMA/CLK
Low Pulse Width   Slow    RAMD32/CLK          n/a            1.250         6.667       5.417      SLICE_X12Y42     Core_Unit/DatapathCore/reg_file_int/Reg_File_Block_reg_r1_0_31_0_5/RAMA_D1/CLK
Low Pulse Width   Fast    RAMD32/CLK          n/a            1.250         6.667       5.417      SLICE_X12Y42     Core_Unit/DatapathCore/reg_file_int/Reg_File_Block_reg_r1_0_31_0_5/RAMA_D1/CLK
Low Pulse Width   Slow    RAMD32/CLK          n/a            1.250         6.667       5.417      SLICE_X12Y42     Core_Unit/DatapathCore/reg_file_int/Reg_File_Block_reg_r1_0_31_0_5/RAMB/CLK
Low Pulse Width   Fast    RAMD32/CLK          n/a            1.250         6.667       5.417      SLICE_X12Y42     Core_Unit/DatapathCore/reg_file_int/Reg_File_Block_reg_r1_0_31_0_5/RAMB/CLK
Low Pulse Width   Slow    RAMD32/CLK          n/a            1.250         6.667       5.417      SLICE_X12Y42     Core_Unit/DatapathCore/reg_file_int/Reg_File_Block_reg_r1_0_31_0_5/RAMB_D1/CLK
Low Pulse Width   Fast    RAMD32/CLK          n/a            1.250         6.667       5.417      SLICE_X12Y42     Core_Unit/DatapathCore/reg_file_int/Reg_File_Block_reg_r1_0_31_0_5/RAMB_D1/CLK
Low Pulse Width   Slow    RAMD32/CLK          n/a            1.250         6.667       5.417      SLICE_X12Y42     Core_Unit/DatapathCore/reg_file_int/Reg_File_Block_reg_r1_0_31_0_5/RAMC/CLK
Low Pulse Width   Fast    RAMD32/CLK          n/a            1.250         6.667       5.417      SLICE_X12Y42     Core_Unit/DatapathCore/reg_file_int/Reg_File_Block_reg_r1_0_31_0_5/RAMC/CLK
High Pulse Width  Slow    RAMD32/CLK          n/a            1.250         6.667       5.417      SLICE_X12Y42     Core_Unit/DatapathCore/reg_file_int/Reg_File_Block_reg_r1_0_31_0_5/RAMA/CLK
High Pulse Width  Fast    RAMD32/CLK          n/a            1.250         6.667       5.417      SLICE_X12Y42     Core_Unit/DatapathCore/reg_file_int/Reg_File_Block_reg_r1_0_31_0_5/RAMA/CLK
High Pulse Width  Slow    RAMD32/CLK          n/a            1.250         6.667       5.417      SLICE_X12Y42     Core_Unit/DatapathCore/reg_file_int/Reg_File_Block_reg_r1_0_31_0_5/RAMA_D1/CLK
High Pulse Width  Fast    RAMD32/CLK          n/a            1.250         6.667       5.417      SLICE_X12Y42     Core_Unit/DatapathCore/reg_file_int/Reg_File_Block_reg_r1_0_31_0_5/RAMA_D1/CLK
High Pulse Width  Slow    RAMD32/CLK          n/a            1.250         6.667       5.417      SLICE_X12Y42     Core_Unit/DatapathCore/reg_file_int/Reg_File_Block_reg_r1_0_31_0_5/RAMB/CLK
High Pulse Width  Fast    RAMD32/CLK          n/a            1.250         6.667       5.417      SLICE_X12Y42     Core_Unit/DatapathCore/reg_file_int/Reg_File_Block_reg_r1_0_31_0_5/RAMB/CLK
High Pulse Width  Slow    RAMD32/CLK          n/a            1.250         6.667       5.417      SLICE_X12Y42     Core_Unit/DatapathCore/reg_file_int/Reg_File_Block_reg_r1_0_31_0_5/RAMB_D1/CLK
High Pulse Width  Fast    RAMD32/CLK          n/a            1.250         6.667       5.417      SLICE_X12Y42     Core_Unit/DatapathCore/reg_file_int/Reg_File_Block_reg_r1_0_31_0_5/RAMB_D1/CLK
High Pulse Width  Slow    RAMD32/CLK          n/a            1.250         6.667       5.417      SLICE_X12Y42     Core_Unit/DatapathCore/reg_file_int/Reg_File_Block_reg_r1_0_31_0_5/RAMC/CLK
High Pulse Width  Fast    RAMD32/CLK          n/a            1.250         6.667       5.417      SLICE_X12Y42     Core_Unit/DatapathCore/reg_file_int/Reg_File_Block_reg_r1_0_31_0_5/RAMC/CLK



---------------------------------------------------------------------------------------------------
From Clock:  clkfbout_clk_wiz_0
  To Clock:  clkfbout_clk_wiz_0

Setup :           NA  Failing Endpoints,  Worst Slack           NA  ,  Total Violation           NA
Hold  :           NA  Failing Endpoints,  Worst Slack           NA  ,  Total Violation           NA
PW    :            0  Failing Endpoints,  Worst Slack       37.845ns,  Total Violation        0.000ns
---------------------------------------------------------------------------------------------------


Pulse Width Checks
--------------------------------------------------------------------------------------
Clock Name:         clkfbout_clk_wiz_0
Waveform(ns):       { 0.000 20.000 }
Period(ns):         40.000
Sources:            { clk_wiz_inst/inst/mmcm_adv_inst/CLKFBOUT }

Check Type  Corner  Lib Pin              Reference Pin  Required(ns)  Actual(ns)  Slack(ns)  Location         Pin
Min Period  n/a     BUFG/I               n/a            2.155         40.000      37.845     BUFGCTRL_X0Y17   clk_wiz_inst/inst/clkf_buf/I
Min Period  n/a     MMCME2_ADV/CLKFBOUT  n/a            1.249         40.000      38.751     MMCME2_ADV_X1Y2  clk_wiz_inst/inst/mmcm_adv_inst/CLKFBOUT
Min Period  n/a     MMCME2_ADV/CLKFBIN   n/a            1.249         40.000      38.751     MMCME2_ADV_X1Y2  clk_wiz_inst/inst/mmcm_adv_inst/CLKFBIN
Max Period  n/a     MMCME2_ADV/CLKFBIN   n/a            100.000       40.000      60.000     MMCME2_ADV_X1Y2  clk_wiz_inst/inst/mmcm_adv_inst/CLKFBIN
Max Period  n/a     MMCME2_ADV/CLKFBOUT  n/a            213.360       40.000      173.360    MMCME2_ADV_X1Y2  clk_wiz_inst/inst/mmcm_adv_inst/CLKFBOUT



--------------------------------------------------------------------------------------
Path Group:  (none)
From Clock:  clk_out1_clk_wiz_0
  To Clock:  

Max Delay            36 Endpoints
Min Delay            36 Endpoints
--------------------------------------------------------------------------------------


Max Delay Paths
--------------------------------------------------------------------------------------
Slack:                    inf
  Source:                 Core_Unit/DatapathCore/ff_Writeback/ff_RdW/qout_reg[4]/C
                            (rising edge-triggered cell FDRE clocked by clk_out1_clk_wiz_0  {rise@0.000ns fall@6.667ns period=13.333ns})
  Destination:            FlushD_OBS
                            (output port)
  Path Group:             (none)
  Path Type:              Max at Slow Process Corner
  Data Path Delay:        17.977ns  (logic 4.685ns (26.063%)  route 13.292ns (73.937%))
  Logic Levels:           11  (LUT2=1 LUT3=1 LUT4=1 LUT5=2 LUT6=5 OBUF=1)
  Clock Uncertainty:      0.353ns  ((TSJ^2 + DJ^2)^1/2) / 2 + PE
    Total System Jitter     (TSJ):    0.050ns
    Discrete Jitter          (DJ):    0.226ns
    Phase Error              (PE):    0.237ns

    Location             Delay type                Incr(ns)  Path(ns)    Netlist Resource(s)
  -------------------------------------------------------------------    -------------------
                         (clock clk_out1_clk_wiz_0 rise edge)
                                                      0.000     0.000 r  
    E3                                                0.000     0.000 r  clk_100MHz (IN)
                         net (fo=0)                   0.000     0.000    clk_wiz_inst/inst/clk_in1
    E3                   IBUF (Prop_ibuf_I_O)         1.482     1.482 r  clk_wiz_inst/inst/clkin1_ibufg/O
                         net (fo=1, routed)           1.233     2.715    clk_wiz_inst/inst/clk_in1_clk_wiz_0
    MMCME2_ADV_X1Y2      MMCME2_ADV (Prop_mmcme2_adv_CLKIN1_CLKOUT0)
                                                     -7.070    -4.355 r  clk_wiz_inst/inst/mmcm_adv_inst/CLKOUT0
                         net (fo=1, routed)           1.719    -2.636    clk_wiz_inst/inst/clk_out1_clk_wiz_0
    BUFGCTRL_X0Y16       BUFG (Prop_bufg_I_O)         0.096    -2.540 r  clk_wiz_inst/inst/clkout1_buf/O
                         net (fo=649, routed)         1.819    -0.721    Core_Unit/DatapathCore/ff_Writeback/ff_RdW/clk_out1
    SLICE_X9Y42          FDRE                                         r  Core_Unit/DatapathCore/ff_Writeback/ff_RdW/qout_reg[4]/C
  -------------------------------------------------------------------    -------------------
    SLICE_X9Y42          FDRE (Prop_fdre_C_Q)         0.419    -0.302 r  Core_Unit/DatapathCore/ff_Writeback/ff_RdW/qout_reg[4]/Q
                         net (fo=95, routed)          0.770     0.469    Core_Unit/DatapathCore/ff_Writeback/ff_RdW/Q[4]
    SLICE_X11Y41         LUT2 (Prop_lut2_I0_O)        0.296     0.765 r  Core_Unit/DatapathCore/ff_Writeback/ff_RdW/Sum_carry_i_23/O
                         net (fo=12, routed)          1.029     1.794    Core_Unit/DatapathCore/ff_Writeback/ff_RdW/Sum_carry_i_23_n_0
    SLICE_X8Y40          LUT6 (Prop_lut6_I1_O)        0.124     1.918 r  Core_Unit/DatapathCore/ff_Writeback/ff_RdW/Sum_carry_i_20/O
                         net (fo=1, routed)           0.282     2.200    Core_Unit/DatapathCore/ff_Execute/ff_ImmExtE/qout[3]_i_2
    SLICE_X8Y40          LUT5 (Prop_lut5_I2_O)        0.124     2.324 r  Core_Unit/DatapathCore/ff_Execute/ff_ImmExtE/Sum_carry_i_12/O
                         net (fo=115, routed)         1.725     4.049    Core_Unit/DatapathCore/ff_Execute/ff_Rd1E/slt0_carry_0
    SLICE_X24Y42         LUT5 (Prop_lut5_I1_O)        0.124     4.173 f  Core_Unit/DatapathCore/ff_Execute/ff_Rd1E/qout[13]_i_11/O
                         net (fo=4, routed)           0.825     4.998    Core_Unit/DatapathCore/ff_Execute/ff_Rd1E/qout[13]_i_11_n_0
    SLICE_X23Y43         LUT6 (Prop_lut6_I1_O)        0.124     5.122 f  Core_Unit/DatapathCore/ff_Execute/ff_Rd1E/qout[11]_i_5/O
                         net (fo=4, routed)           1.181     6.303    Core_Unit/DatapathCore/ff_Execute/ff_Rd1E/qout_reg[1]_4
    SLICE_X24Y43         LUT3 (Prop_lut3_I2_O)        0.152     6.455 f  Core_Unit/DatapathCore/ff_Execute/ff_Rd1E/qout[11]_i_3/O
                         net (fo=1, routed)           0.814     7.269    Core_Unit/DatapathCore/ff_Execute/ff_AluControlE/qout_reg[11]
    SLICE_X20Y43         LUT6 (Prop_lut6_I3_O)        0.326     7.595 f  Core_Unit/DatapathCore/ff_Execute/ff_AluControlE/qout[11]_i_1__1/O
                         net (fo=2, routed)           1.308     8.903    Core_Unit/DatapathCore/ff_Execute/ff_AluControlE/qout_reg[2]_1[10]
    SLICE_X16Y42         LUT4 (Prop_lut4_I2_O)        0.124     9.027 f  Core_Unit/DatapathCore/ff_Execute/ff_AluControlE/FlushD_OBS_OBUF_inst_i_7/O
                         net (fo=1, routed)           1.167    10.194    Core_Unit/DatapathCore/ff_Execute/ff_AluControlE/FlushD_OBS_OBUF_inst_i_7_n_0
    SLICE_X14Y43         LUT6 (Prop_lut6_I4_O)        0.124    10.318 r  Core_Unit/DatapathCore/ff_Execute/ff_AluControlE/FlushD_OBS_OBUF_inst_i_2/O
                         net (fo=1, routed)           1.164    11.482    Core_Unit/DatapathCore/ff_Execute/ff_InstrE/FlushD_OBS
    SLICE_X8Y46          LUT6 (Prop_lut6_I1_O)        0.124    11.606 r  Core_Unit/DatapathCore/ff_Execute/ff_InstrE/FlushD_OBS_OBUF_inst_i_1/O
                         net (fo=1, routed)           3.026    14.632    FlushD_OBS_OBUF
    N17                  OBUF (Prop_obuf_I_O)         2.624    17.257 r  FlushD_OBS_OBUF_inst/O
                         net (fo=0)                   0.000    17.257    FlushD_OBS
    N17                                                               r  FlushD_OBS (OUT)
  -------------------------------------------------------------------    -------------------

Slack:                    inf
  Source:                 Core_Unit/DatapathCore/ff_Writeback/ff_RdW/qout_reg[4]/C
                            (rising edge-triggered cell FDRE clocked by clk_out1_clk_wiz_0  {rise@0.000ns fall@6.667ns period=13.333ns})
  Destination:            FlushE_OBS
                            (output port)
  Path Group:             (none)
  Path Type:              Max at Slow Process Corner
  Data Path Delay:        16.671ns  (logic 5.091ns (30.538%)  route 11.580ns (69.462%))
  Logic Levels:           12  (LUT2=1 LUT5=3 LUT6=6 MUXF7=1 OBUF=1)
  Clock Uncertainty:      0.353ns  ((TSJ^2 + DJ^2)^1/2) / 2 + PE
    Total System Jitter     (TSJ):    0.050ns
    Discrete Jitter          (DJ):    0.226ns
    Phase Error              (PE):    0.237ns

    Location             Delay type                Incr(ns)  Path(ns)    Netlist Resource(s)
  -------------------------------------------------------------------    -------------------
                         (clock clk_out1_clk_wiz_0 rise edge)
                                                      0.000     0.000 r  
    E3                                                0.000     0.000 r  clk_100MHz (IN)
                         net (fo=0)                   0.000     0.000    clk_wiz_inst/inst/clk_in1
    E3                   IBUF (Prop_ibuf_I_O)         1.482     1.482 r  clk_wiz_inst/inst/clkin1_ibufg/O
                         net (fo=1, routed)           1.233     2.715    clk_wiz_inst/inst/clk_in1_clk_wiz_0
    MMCME2_ADV_X1Y2      MMCME2_ADV (Prop_mmcme2_adv_CLKIN1_CLKOUT0)
                                                     -7.070    -4.355 r  clk_wiz_inst/inst/mmcm_adv_inst/CLKOUT0
                         net (fo=1, routed)           1.719    -2.636    clk_wiz_inst/inst/clk_out1_clk_wiz_0
    BUFGCTRL_X0Y16       BUFG (Prop_bufg_I_O)         0.096    -2.540 r  clk_wiz_inst/inst/clkout1_buf/O
                         net (fo=649, routed)         1.819    -0.721    Core_Unit/DatapathCore/ff_Writeback/ff_RdW/clk_out1
    SLICE_X9Y42          FDRE                                         r  Core_Unit/DatapathCore/ff_Writeback/ff_RdW/qout_reg[4]/C
  -------------------------------------------------------------------    -------------------
    SLICE_X9Y42          FDRE (Prop_fdre_C_Q)         0.419    -0.302 r  Core_Unit/DatapathCore/ff_Writeback/ff_RdW/qout_reg[4]/Q
                         net (fo=95, routed)          0.770     0.469    Core_Unit/DatapathCore/ff_Writeback/ff_RdW/Q[4]
    SLICE_X11Y41         LUT2 (Prop_lut2_I0_O)        0.296     0.765 r  Core_Unit/DatapathCore/ff_Writeback/ff_RdW/Sum_carry_i_23/O
                         net (fo=12, routed)          1.029     1.794    Core_Unit/DatapathCore/ff_Writeback/ff_RdW/Sum_carry_i_23_n_0
    SLICE_X8Y40          LUT6 (Prop_lut6_I1_O)        0.124     1.918 r  Core_Unit/DatapathCore/ff_Writeback/ff_RdW/Sum_carry_i_20/O
                         net (fo=1, routed)           0.282     2.200    Core_Unit/DatapathCore/ff_Execute/ff_ImmExtE/qout[3]_i_2
    SLICE_X8Y40          LUT5 (Prop_lut5_I2_O)        0.124     2.324 r  Core_Unit/DatapathCore/ff_Execute/ff_ImmExtE/Sum_carry_i_12/O
                         net (fo=115, routed)         1.657     3.981    Core_Unit/DatapathCore/ff_Execute/ff_Rd1E/slt0_carry_0
    SLICE_X25Y44         LUT5 (Prop_lut5_I1_O)        0.152     4.133 f  Core_Unit/DatapathCore/ff_Execute/ff_Rd1E/qout[28]_i_20/O
                         net (fo=4, routed)           0.977     5.110    Core_Unit/DatapathCore/ff_Execute/ff_Rd1E/qout[28]_i_20_n_0
    SLICE_X25Y46         LUT6 (Prop_lut6_I0_O)        0.326     5.436 f  Core_Unit/DatapathCore/ff_Execute/ff_Rd1E/qout[28]_i_11/O
                         net (fo=4, routed)           0.626     6.062    Core_Unit/DatapathCore/ff_Execute/ff_ImmExtE/FlushD_OBS_OBUF_inst_i_16_0
    SLICE_X23Y47         LUT6 (Prop_lut6_I3_O)        0.124     6.186 f  Core_Unit/DatapathCore/ff_Execute/ff_ImmExtE/FlushD_OBS_OBUF_inst_i_24/O
                         net (fo=1, routed)           0.000     6.186    Core_Unit/DatapathCore/ff_Execute/ff_ImmExtE/data6[27]
    SLICE_X23Y47         MUXF7 (Prop_muxf7_I0_O)      0.212     6.398 f  Core_Unit/DatapathCore/ff_Execute/ff_ImmExtE/FlushD_OBS_OBUF_inst_i_16/O
                         net (fo=1, routed)           0.661     7.059    Core_Unit/DatapathCore/ff_Execute/ff_AluControlE/FlushD_OBS_OBUF_inst_i_5_1
    SLICE_X22Y47         LUT6 (Prop_lut6_I2_O)        0.299     7.358 r  Core_Unit/DatapathCore/ff_Execute/ff_AluControlE/FlushD_OBS_OBUF_inst_i_10/O
                         net (fo=1, routed)           0.804     8.162    Core_Unit/DatapathCore/ff_Execute/ff_AluControlE/FlushD_OBS_OBUF_inst_i_10_n_0
    SLICE_X20Y48         LUT6 (Prop_lut6_I3_O)        0.124     8.286 r  Core_Unit/DatapathCore/ff_Execute/ff_AluControlE/FlushD_OBS_OBUF_inst_i_5/O
                         net (fo=2, routed)           0.999     9.284    Core_Unit/DatapathCore/ff_Execute/ff_AluControlE/FlushD_OBS_OBUF_inst_i_5_n_0
    SLICE_X9Y43          LUT6 (Prop_lut6_I3_O)        0.124     9.408 r  Core_Unit/DatapathCore/ff_Execute/ff_AluControlE/FlushE_OBS_OBUF_inst_i_2/O
                         net (fo=37, routed)          1.135    10.544    Core_Unit/DatapathCore/ff_Execute/ff_JumpE/BrBase__0
    SLICE_X1Y50          LUT5 (Prop_lut5_I3_O)        0.124    10.668 r  Core_Unit/DatapathCore/ff_Execute/ff_JumpE/FlushE_OBS_OBUF_inst_i_1/O
                         net (fo=1, routed)           2.640    13.307    FlushE_OBS_OBUF
    P14                  OBUF (Prop_obuf_I_O)         2.643    15.950 r  FlushE_OBS_OBUF_inst/O
                         net (fo=0)                   0.000    15.950    FlushE_OBS
    P14                                                               r  FlushE_OBS (OUT)
  -------------------------------------------------------------------    -------------------

Slack:                    inf
  Source:                 Core_Unit/DatapathCore/ff_Decode/ff_RDIM/ff_RE_interior/qout_reg[20]/C
                            (rising edge-triggered cell FDRE clocked by clk_out1_clk_wiz_0  {rise@0.000ns fall@6.667ns period=13.333ns})
  Destination:            StallD_OBS
                            (output port)
  Path Group:             (none)
  Path Type:              Max at Slow Process Corner
  Data Path Delay:        9.883ns  (logic 3.472ns (35.125%)  route 6.412ns (64.875%))
  Logic Levels:           4  (LUT3=1 LUT5=1 LUT6=1 OBUF=1)
  Clock Uncertainty:      0.353ns  ((TSJ^2 + DJ^2)^1/2) / 2 + PE
    Total System Jitter     (TSJ):    0.050ns
    Discrete Jitter          (DJ):    0.226ns
    Phase Error              (PE):    0.237ns

    Location             Delay type                Incr(ns)  Path(ns)    Netlist Resource(s)
  -------------------------------------------------------------------    -------------------
                         (clock clk_out1_clk_wiz_0 rise edge)
                                                      0.000     0.000 r  
    E3                                                0.000     0.000 r  clk_100MHz (IN)
                         net (fo=0)                   0.000     0.000    clk_wiz_inst/inst/clk_in1
    E3                   IBUF (Prop_ibuf_I_O)         1.482     1.482 r  clk_wiz_inst/inst/clkin1_ibufg/O
                         net (fo=1, routed)           1.233     2.715    clk_wiz_inst/inst/clk_in1_clk_wiz_0
    MMCME2_ADV_X1Y2      MMCME2_ADV (Prop_mmcme2_adv_CLKIN1_CLKOUT0)
                                                     -7.070    -4.355 r  clk_wiz_inst/inst/mmcm_adv_inst/CLKOUT0
                         net (fo=1, routed)           1.719    -2.636    clk_wiz_inst/inst/clk_out1_clk_wiz_0
    BUFGCTRL_X0Y16       BUFG (Prop_bufg_I_O)         0.096    -2.540 r  clk_wiz_inst/inst/clkout1_buf/O
                         net (fo=649, routed)         1.899    -0.641    Core_Unit/DatapathCore/ff_Decode/ff_RDIM/ff_RE_interior/clk_out1
    SLICE_X4Y47          FDRE                                         r  Core_Unit/DatapathCore/ff_Decode/ff_RDIM/ff_RE_interior/qout_reg[20]/C
  -------------------------------------------------------------------    -------------------
    SLICE_X4Y47          FDRE (Prop_fdre_C_Q)         0.456    -0.185 r  Core_Unit/DatapathCore/ff_Decode/ff_RDIM/ff_RE_interior/qout_reg[20]/Q
                         net (fo=69, routed)          1.485     1.300    Core_Unit/DatapathCore/ff_Decode/ff_RDIM/ff_RE_interior/qout_reg[20]_0
    SLICE_X5Y42          LUT6 (Prop_lut6_I0_O)        0.124     1.424 r  Core_Unit/DatapathCore/ff_Decode/ff_RDIM/ff_RE_interior/StallF_OBS_OBUF_inst_i_4/O
                         net (fo=1, routed)           0.665     2.089    Core_Unit/DatapathCore/ff_Decode/ff_RDIM/ff_RE_interior/StallF_OBS_OBUF_inst_i_4_n_0
    SLICE_X5Y42          LUT5 (Prop_lut5_I2_O)        0.124     2.213 r  Core_Unit/DatapathCore/ff_Decode/ff_RDIM/ff_RE_interior/StallF_OBS_OBUF_inst_i_2/O
                         net (fo=1, routed)           0.851     3.064    Core_Unit/DatapathCore/ff_Decode/ff_RDIM/ff_RE_interior/HazardUnit/STUv2/F2DE__8
    SLICE_X7Y43          LUT3 (Prop_lut3_I1_O)        0.124     3.188 r  Core_Unit/DatapathCore/ff_Decode/ff_RDIM/ff_RE_interior/StallF_OBS_OBUF_inst_i_1/O
                         net (fo=6, routed)           3.411     6.599    StallD_OBS_OBUF
    N14                  OBUF (Prop_obuf_I_O)         2.644     9.243 r  StallD_OBS_OBUF_inst/O
                         net (fo=0)                   0.000     9.243    StallD_OBS
    N14                                                               r  StallD_OBS (OUT)
  -------------------------------------------------------------------    -------------------

Slack:                    inf
  Source:                 Core_Unit/DatapathCore/ff_Decode/ff_RDIM/ff_RE_interior/qout_reg[20]/C
                            (rising edge-triggered cell FDRE clocked by clk_out1_clk_wiz_0  {rise@0.000ns fall@6.667ns period=13.333ns})
  Destination:            StallF_OBS
                            (output port)
  Path Group:             (none)
  Path Type:              Max at Slow Process Corner
  Data Path Delay:        9.734ns  (logic 3.473ns (35.680%)  route 6.261ns (64.320%))
  Logic Levels:           4  (LUT3=1 LUT5=1 LUT6=1 OBUF=1)
  Clock Uncertainty:      0.353ns  ((TSJ^2 + DJ^2)^1/2) / 2 + PE
    Total System Jitter     (TSJ):    0.050ns
    Discrete Jitter          (DJ):    0.226ns
    Phase Error              (PE):    0.237ns

    Location             Delay type                Incr(ns)  Path(ns)    Netlist Resource(s)
  -------------------------------------------------------------------    -------------------
                         (clock clk_out1_clk_wiz_0 rise edge)
                                                      0.000     0.000 r  
    E3                                                0.000     0.000 r  clk_100MHz (IN)
                         net (fo=0)                   0.000     0.000    clk_wiz_inst/inst/clk_in1
    E3                   IBUF (Prop_ibuf_I_O)         1.482     1.482 r  clk_wiz_inst/inst/clkin1_ibufg/O
                         net (fo=1, routed)           1.233     2.715    clk_wiz_inst/inst/clk_in1_clk_wiz_0
    MMCME2_ADV_X1Y2      MMCME2_ADV (Prop_mmcme2_adv_CLKIN1_CLKOUT0)
                                                     -7.070    -4.355 r  clk_wiz_inst/inst/mmcm_adv_inst/CLKOUT0
                         net (fo=1, routed)           1.719    -2.636    clk_wiz_inst/inst/clk_out1_clk_wiz_0
    BUFGCTRL_X0Y16       BUFG (Prop_bufg_I_O)         0.096    -2.540 r  clk_wiz_inst/inst/clkout1_buf/O
                         net (fo=649, routed)         1.899    -0.641    Core_Unit/DatapathCore/ff_Decode/ff_RDIM/ff_RE_interior/clk_out1
    SLICE_X4Y47          FDRE                                         r  Core_Unit/DatapathCore/ff_Decode/ff_RDIM/ff_RE_interior/qout_reg[20]/C
  -------------------------------------------------------------------    -------------------
    SLICE_X4Y47          FDRE (Prop_fdre_C_Q)         0.456    -0.185 r  Core_Unit/DatapathCore/ff_Decode/ff_RDIM/ff_RE_interior/qout_reg[20]/Q
                         net (fo=69, routed)          1.485     1.300    Core_Unit/DatapathCore/ff_Decode/ff_RDIM/ff_RE_interior/qout_reg[20]_0
    SLICE_X5Y42          LUT6 (Prop_lut6_I0_O)        0.124     1.424 r  Core_Unit/DatapathCore/ff_Decode/ff_RDIM/ff_RE_interior/StallF_OBS_OBUF_inst_i_4/O
                         net (fo=1, routed)           0.665     2.089    Core_Unit/DatapathCore/ff_Decode/ff_RDIM/ff_RE_interior/StallF_OBS_OBUF_inst_i_4_n_0
    SLICE_X5Y42          LUT5 (Prop_lut5_I2_O)        0.124     2.213 r  Core_Unit/DatapathCore/ff_Decode/ff_RDIM/ff_RE_interior/StallF_OBS_OBUF_inst_i_2/O
                         net (fo=1, routed)           0.851     3.064    Core_Unit/DatapathCore/ff_Decode/ff_RDIM/ff_RE_interior/HazardUnit/STUv2/F2DE__8
    SLICE_X7Y43          LUT3 (Prop_lut3_I1_O)        0.124     3.188 r  Core_Unit/DatapathCore/ff_Decode/ff_RDIM/ff_RE_interior/StallF_OBS_OBUF_inst_i_1/O
                         net (fo=6, routed)           3.260     6.448    StallD_OBS_OBUF
    T18                  OBUF (Prop_obuf_I_O)         2.645     9.093 r  StallF_OBS_OBUF_inst/O
                         net (fo=0)                   0.000     9.093    StallF_OBS
    T18                                                               r  StallF_OBS (OUT)
  -------------------------------------------------------------------    -------------------

Slack:                    inf
  Source:                 Core_Unit/DatapathCore/ff_Execute/ff_ImmExtE/qout_reg[10]_lopt_replica/C
                            (rising edge-triggered cell FDRE clocked by clk_out1_clk_wiz_0  {rise@0.000ns fall@6.667ns period=13.333ns})
  Destination:            InstrE_OBS[30]
                            (output port)
  Path Group:             (none)
  Path Type:              Max at Slow Process Corner
  Data Path Delay:        6.443ns  (logic 3.269ns (50.735%)  route 3.174ns (49.265%))
  Logic Levels:           1  (OBUF=1)
  Clock Uncertainty:      0.353ns  ((TSJ^2 + DJ^2)^1/2) / 2 + PE
    Total System Jitter     (TSJ):    0.050ns
    Discrete Jitter          (DJ):    0.226ns
    Phase Error              (PE):    0.237ns

    Location             Delay type                Incr(ns)  Path(ns)    Netlist Resource(s)
  -------------------------------------------------------------------    -------------------
                         (clock clk_out1_clk_wiz_0 rise edge)
                                                      0.000     0.000 r  
    E3                                                0.000     0.000 r  clk_100MHz (IN)
                         net (fo=0)                   0.000     0.000    clk_wiz_inst/inst/clk_in1
    E3                   IBUF (Prop_ibuf_I_O)         1.482     1.482 r  clk_wiz_inst/inst/clkin1_ibufg/O
                         net (fo=1, routed)           1.233     2.715    clk_wiz_inst/inst/clk_in1_clk_wiz_0
    MMCME2_ADV_X1Y2      MMCME2_ADV (Prop_mmcme2_adv_CLKIN1_CLKOUT0)
                                                     -7.070    -4.355 r  clk_wiz_inst/inst/mmcm_adv_inst/CLKOUT0
                         net (fo=1, routed)           1.719    -2.636    clk_wiz_inst/inst/clk_out1_clk_wiz_0
    BUFGCTRL_X0Y16       BUFG (Prop_bufg_I_O)         0.096    -2.540 r  clk_wiz_inst/inst/clkout1_buf/O
                         net (fo=649, routed)         1.820    -0.720    Core_Unit/DatapathCore/ff_Execute/ff_ImmExtE/clk_out1
    SLICE_X10Y45         FDRE                                         r  Core_Unit/DatapathCore/ff_Execute/ff_ImmExtE/qout_reg[10]_lopt_replica/C
  -------------------------------------------------------------------    -------------------
    SLICE_X10Y45         FDRE (Prop_fdre_C_Q)         0.478    -0.242 r  Core_Unit/DatapathCore/ff_Execute/ff_ImmExtE/qout_reg[10]_lopt_replica/Q
                         net (fo=1, routed)           3.174     2.933    lopt_18
    M16                  OBUF (Prop_obuf_I_O)         2.791     5.723 r  InstrE_OBS_OBUF[30]_inst/O
                         net (fo=0)                   0.000     5.723    InstrE_OBS[30]
    M16                                                               r  InstrE_OBS[30] (OUT)
  -------------------------------------------------------------------    -------------------

Slack:                    inf
  Source:                 Core_Unit/DatapathCore/ff_Execute/ff_InstrE/qout_reg[12]/C
                            (rising edge-triggered cell FDRE clocked by clk_out1_clk_wiz_0  {rise@0.000ns fall@6.667ns period=13.333ns})
  Destination:            InstrE_OBS[12]
                            (output port)
  Path Group:             (none)
  Path Type:              Max at Slow Process Corner
  Data Path Delay:        6.351ns  (logic 3.110ns (48.965%)  route 3.241ns (51.035%))
  Logic Levels:           1  (OBUF=1)
  Clock Uncertainty:      0.353ns  ((TSJ^2 + DJ^2)^1/2) / 2 + PE
    Total System Jitter     (TSJ):    0.050ns
    Discrete Jitter          (DJ):    0.226ns
    Phase Error              (PE):    0.237ns

    Location             Delay type                Incr(ns)  Path(ns)    Netlist Resource(s)
  -------------------------------------------------------------------    -------------------
                         (clock clk_out1_clk_wiz_0 rise edge)
                                                      0.000     0.000 r  
    E3                                                0.000     0.000 r  clk_100MHz (IN)
                         net (fo=0)                   0.000     0.000    clk_wiz_inst/inst/clk_in1
    E3                   IBUF (Prop_ibuf_I_O)         1.482     1.482 r  clk_wiz_inst/inst/clkin1_ibufg/O
                         net (fo=1, routed)           1.233     2.715    clk_wiz_inst/inst/clk_in1_clk_wiz_0
    MMCME2_ADV_X1Y2      MMCME2_ADV (Prop_mmcme2_adv_CLKIN1_CLKOUT0)
                                                     -7.070    -4.355 r  clk_wiz_inst/inst/mmcm_adv_inst/CLKOUT0
                         net (fo=1, routed)           1.719    -2.636    clk_wiz_inst/inst/clk_out1_clk_wiz_0
    BUFGCTRL_X0Y16       BUFG (Prop_bufg_I_O)         0.096    -2.540 r  clk_wiz_inst/inst/clkout1_buf/O
                         net (fo=649, routed)         1.898    -0.642    Core_Unit/DatapathCore/ff_Execute/ff_InstrE/clk_out1
    SLICE_X7Y43          FDRE                                         r  Core_Unit/DatapathCore/ff_Execute/ff_InstrE/qout_reg[12]/C
  -------------------------------------------------------------------    -------------------
    SLICE_X7Y43          FDRE (Prop_fdre_C_Q)         0.456    -0.186 r  Core_Unit/DatapathCore/ff_Execute/ff_InstrE/qout_reg[12]/Q
                         net (fo=39, routed)          3.241     3.055    InstrE_OBS_OBUF[12]
    T11                  OBUF (Prop_obuf_I_O)         2.654     5.709 r  InstrE_OBS_OBUF[12]_inst/O
                         net (fo=0)                   0.000     5.709    InstrE_OBS[12]
    T11                                                               r  InstrE_OBS[12] (OUT)
  -------------------------------------------------------------------    -------------------

Slack:                    inf
  Source:                 Core_Unit/DatapathCore/ff_Execute/ff_JumpE/qout_reg/C
                            (rising edge-triggered cell FDRE clocked by clk_out1_clk_wiz_0  {rise@0.000ns fall@6.667ns period=13.333ns})
  Destination:            InstrE_OBS[2]
                            (output port)
  Path Group:             (none)
  Path Type:              Max at Slow Process Corner
  Data Path Delay:        6.177ns  (logic 3.261ns (52.798%)  route 2.916ns (47.202%))
  Logic Levels:           1  (OBUF=1)
  Clock Uncertainty:      0.353ns  ((TSJ^2 + DJ^2)^1/2) / 2 + PE
    Total System Jitter     (TSJ):    0.050ns
    Discrete Jitter          (DJ):    0.226ns
    Phase Error              (PE):    0.237ns

    Location             Delay type                Incr(ns)  Path(ns)    Netlist Resource(s)
  -------------------------------------------------------------------    -------------------
                         (clock clk_out1_clk_wiz_0 rise edge)
                                                      0.000     0.000 r  
    E3                                                0.000     0.000 r  clk_100MHz (IN)
                         net (fo=0)                   0.000     0.000    clk_wiz_inst/inst/clk_in1
    E3                   IBUF (Prop_ibuf_I_O)         1.482     1.482 r  clk_wiz_inst/inst/clkin1_ibufg/O
                         net (fo=1, routed)           1.233     2.715    clk_wiz_inst/inst/clk_in1_clk_wiz_0
    MMCME2_ADV_X1Y2      MMCME2_ADV (Prop_mmcme2_adv_CLKIN1_CLKOUT0)
                                                     -7.070    -4.355 r  clk_wiz_inst/inst/mmcm_adv_inst/CLKOUT0
                         net (fo=1, routed)           1.719    -2.636    clk_wiz_inst/inst/clk_out1_clk_wiz_0
    BUFGCTRL_X0Y16       BUFG (Prop_bufg_I_O)         0.096    -2.540 r  clk_wiz_inst/inst/clkout1_buf/O
                         net (fo=649, routed)         1.897    -0.643    Core_Unit/DatapathCore/ff_Execute/ff_JumpE/clk_out1
    SLICE_X7Y42          FDRE                                         r  Core_Unit/DatapathCore/ff_Execute/ff_JumpE/qout_reg/C
  -------------------------------------------------------------------    -------------------
    SLICE_X7Y42          FDRE (Prop_fdre_C_Q)         0.419    -0.224 r  Core_Unit/DatapathCore/ff_Execute/ff_JumpE/qout_reg/Q
                         net (fo=40, routed)          2.916     2.692    InstrE_OBS_OBUF[2]
    T9                   OBUF (Prop_obuf_I_O)         2.842     5.534 r  InstrE_OBS_OBUF[2]_inst/O
                         net (fo=0)                   0.000     5.534    InstrE_OBS[2]
    T9                                                                r  InstrE_OBS[2] (OUT)
  -------------------------------------------------------------------    -------------------

Slack:                    inf
  Source:                 Core_Unit/DatapathCore/ff_Execute/ff_ImmExtE/qout_reg[8]_lopt_replica/C
                            (rising edge-triggered cell FDRE clocked by clk_out1_clk_wiz_0  {rise@0.000ns fall@6.667ns period=13.333ns})
  Destination:            InstrE_OBS[28]
                            (output port)
  Path Group:             (none)
  Path Type:              Max at Slow Process Corner
  Data Path Delay:        6.238ns  (logic 3.259ns (52.253%)  route 2.978ns (47.747%))
  Logic Levels:           1  (OBUF=1)
  Clock Uncertainty:      0.353ns  ((TSJ^2 + DJ^2)^1/2) / 2 + PE
    Total System Jitter     (TSJ):    0.050ns
    Discrete Jitter          (DJ):    0.226ns
    Phase Error              (PE):    0.237ns

    Location             Delay type                Incr(ns)  Path(ns)    Netlist Resource(s)
  -------------------------------------------------------------------    -------------------
                         (clock clk_out1_clk_wiz_0 rise edge)
                                                      0.000     0.000 r  
    E3                                                0.000     0.000 r  clk_100MHz (IN)
                         net (fo=0)                   0.000     0.000    clk_wiz_inst/inst/clk_in1
    E3                   IBUF (Prop_ibuf_I_O)         1.482     1.482 r  clk_wiz_inst/inst/clkin1_ibufg/O
                         net (fo=1, routed)           1.233     2.715    clk_wiz_inst/inst/clk_in1_clk_wiz_0
    MMCME2_ADV_X1Y2      MMCME2_ADV (Prop_mmcme2_adv_CLKIN1_CLKOUT0)
                                                     -7.070    -4.355 r  clk_wiz_inst/inst/mmcm_adv_inst/CLKOUT0
                         net (fo=1, routed)           1.719    -2.636    clk_wiz_inst/inst/clk_out1_clk_wiz_0
    BUFGCTRL_X0Y16       BUFG (Prop_bufg_I_O)         0.096    -2.540 r  clk_wiz_inst/inst/clkout1_buf/O
                         net (fo=649, routed)         1.820    -0.720    Core_Unit/DatapathCore/ff_Execute/ff_ImmExtE/clk_out1
    SLICE_X8Y46          FDRE                                         r  Core_Unit/DatapathCore/ff_Execute/ff_ImmExtE/qout_reg[8]_lopt_replica/C
  -------------------------------------------------------------------    -------------------
    SLICE_X8Y46          FDRE (Prop_fdre_C_Q)         0.478    -0.242 r  Core_Unit/DatapathCore/ff_Execute/ff_ImmExtE/qout_reg[8]_lopt_replica/Q
                         net (fo=1, routed)           2.978     2.737    lopt_15
    N15                  OBUF (Prop_obuf_I_O)         2.781     5.518 r  InstrE_OBS_OBUF[28]_inst/O
                         net (fo=0)                   0.000     5.518    InstrE_OBS[28]
    N15                                                               r  InstrE_OBS[28] (OUT)
  -------------------------------------------------------------------    -------------------

Slack:                    inf
  Source:                 Core_Unit/DatapathCore/ff_Execute/ff_ImmExtE/qout_reg[5]_lopt_replica/C
                            (rising edge-triggered cell FDRE clocked by clk_out1_clk_wiz_0  {rise@0.000ns fall@6.667ns period=13.333ns})
  Destination:            InstrE_OBS[25]
                            (output port)
  Path Group:             (none)
  Path Type:              Max at Slow Process Corner
  Data Path Delay:        6.133ns  (logic 3.289ns (53.631%)  route 2.844ns (46.369%))
  Logic Levels:           1  (OBUF=1)
  Clock Uncertainty:      0.353ns  ((TSJ^2 + DJ^2)^1/2) / 2 + PE
    Total System Jitter     (TSJ):    0.050ns
    Discrete Jitter          (DJ):    0.226ns
    Phase Error              (PE):    0.237ns

    Location             Delay type                Incr(ns)  Path(ns)    Netlist Resource(s)
  -------------------------------------------------------------------    -------------------
                         (clock clk_out1_clk_wiz_0 rise edge)
                                                      0.000     0.000 r  
    E3                                                0.000     0.000 r  clk_100MHz (IN)
                         net (fo=0)                   0.000     0.000    clk_wiz_inst/inst/clk_in1
    E3                   IBUF (Prop_ibuf_I_O)         1.482     1.482 r  clk_wiz_inst/inst/clkin1_ibufg/O
                         net (fo=1, routed)           1.233     2.715    clk_wiz_inst/inst/clk_in1_clk_wiz_0
    MMCME2_ADV_X1Y2      MMCME2_ADV (Prop_mmcme2_adv_CLKIN1_CLKOUT0)
                                                     -7.070    -4.355 r  clk_wiz_inst/inst/mmcm_adv_inst/CLKOUT0
                         net (fo=1, routed)           1.719    -2.636    clk_wiz_inst/inst/clk_out1_clk_wiz_0
    BUFGCTRL_X0Y16       BUFG (Prop_bufg_I_O)         0.096    -2.540 r  clk_wiz_inst/inst/clkout1_buf/O
                         net (fo=649, routed)         1.899    -0.641    Core_Unit/DatapathCore/ff_Execute/ff_ImmExtE/clk_out1
    SLICE_X2Y43          FDRE                                         r  Core_Unit/DatapathCore/ff_Execute/ff_ImmExtE/qout_reg[5]_lopt_replica/C
  -------------------------------------------------------------------    -------------------
    SLICE_X2Y43          FDRE (Prop_fdre_C_Q)         0.478    -0.163 r  Core_Unit/DatapathCore/ff_Execute/ff_ImmExtE/qout_reg[5]_lopt_replica/Q
                         net (fo=1, routed)           2.844     2.681    lopt_12
    R17                  OBUF (Prop_obuf_I_O)         2.811     5.493 r  InstrE_OBS_OBUF[25]_inst/O
                         net (fo=0)                   0.000     5.493    InstrE_OBS[25]
    R17                                                               r  InstrE_OBS[25] (OUT)
  -------------------------------------------------------------------    -------------------

Slack:                    inf
  Source:                 Core_Unit/DatapathCore/ff_Execute/ff_JumpE/qout_reg/C
                            (rising edge-triggered cell FDRE clocked by clk_out1_clk_wiz_0  {rise@0.000ns fall@6.667ns period=13.333ns})
  Destination:            InstrE_OBS[3]
                            (output port)
  Path Group:             (none)
  Path Type:              Max at Slow Process Corner
  Data Path Delay:        6.009ns  (logic 3.240ns (53.924%)  route 2.769ns (46.076%))
  Logic Levels:           1  (OBUF=1)
  Clock Uncertainty:      0.353ns  ((TSJ^2 + DJ^2)^1/2) / 2 + PE
    Total System Jitter     (TSJ):    0.050ns
    Discrete Jitter          (DJ):    0.226ns
    Phase Error              (PE):    0.237ns

    Location             Delay type                Incr(ns)  Path(ns)    Netlist Resource(s)
  -------------------------------------------------------------------    -------------------
                         (clock clk_out1_clk_wiz_0 rise edge)
                                                      0.000     0.000 r  
    E3                                                0.000     0.000 r  clk_100MHz (IN)
                         net (fo=0)                   0.000     0.000    clk_wiz_inst/inst/clk_in1
    E3                   IBUF (Prop_ibuf_I_O)         1.482     1.482 r  clk_wiz_inst/inst/clkin1_ibufg/O
                         net (fo=1, routed)           1.233     2.715    clk_wiz_inst/inst/clk_in1_clk_wiz_0
    MMCME2_ADV_X1Y2      MMCME2_ADV (Prop_mmcme2_adv_CLKIN1_CLKOUT0)
                                                     -7.070    -4.355 r  clk_wiz_inst/inst/mmcm_adv_inst/CLKOUT0
                         net (fo=1, routed)           1.719    -2.636    clk_wiz_inst/inst/clk_out1_clk_wiz_0
    BUFGCTRL_X0Y16       BUFG (Prop_bufg_I_O)         0.096    -2.540 r  clk_wiz_inst/inst/clkout1_buf/O
                         net (fo=649, routed)         1.897    -0.643    Core_Unit/DatapathCore/ff_Execute/ff_JumpE/clk_out1
    SLICE_X7Y42          FDRE                                         r  Core_Unit/DatapathCore/ff_Execute/ff_JumpE/qout_reg/C
  -------------------------------------------------------------------    -------------------
    SLICE_X7Y42          FDRE (Prop_fdre_C_Q)         0.419    -0.224 r  Core_Unit/DatapathCore/ff_Execute/ff_JumpE/qout_reg/Q
                         net (fo=40, routed)          2.769     2.545    InstrE_OBS_OBUF[2]
    U13                  OBUF (Prop_obuf_I_O)         2.821     5.367 r  InstrE_OBS_OBUF[3]_inst/O
                         net (fo=0)                   0.000     5.367    InstrE_OBS[3]
    U13                                                               r  InstrE_OBS[3] (OUT)
  -------------------------------------------------------------------    -------------------





Min Delay Paths
--------------------------------------------------------------------------------------
Slack:                    inf
  Source:                 Core_Unit/DatapathCore/ff_Execute/ff_InstrE/qout_reg[1]_lopt_replica/C
                            (rising edge-triggered cell FDRE clocked by clk_out1_clk_wiz_0  {rise@0.000ns fall@6.667ns period=13.333ns})
  Destination:            InstrE_OBS[0]
                            (output port)
  Path Group:             (none)
  Path Type:              Min at Fast Process Corner
  Data Path Delay:        1.675ns  (logic 1.329ns (79.339%)  route 0.346ns (20.661%))
  Logic Levels:           1  (OBUF=1)
  Clock Uncertainty:      0.353ns  ((TSJ^2 + DJ^2)^1/2) / 2 + PE
    Total System Jitter     (TSJ):    0.050ns
    Discrete Jitter          (DJ):    0.226ns
    Phase Error              (PE):    0.237ns

    Location             Delay type                Incr(ns)  Path(ns)    Netlist Resource(s)
  -------------------------------------------------------------------    -------------------
                         (clock clk_out1_clk_wiz_0 rise edge)
                                                      0.000     0.000 r  
    E3                                                0.000     0.000 r  clk_100MHz (IN)
                         net (fo=0)                   0.000     0.000    clk_wiz_inst/inst/clk_in1
    E3                   IBUF (Prop_ibuf_I_O)         0.250     0.250 r  clk_wiz_inst/inst/clkin1_ibufg/O
                         net (fo=1, routed)           0.440     0.690    clk_wiz_inst/inst/clk_in1_clk_wiz_0
    MMCME2_ADV_X1Y2      MMCME2_ADV (Prop_mmcme2_adv_CLKIN1_CLKOUT0)
                                                     -2.379    -1.689 r  clk_wiz_inst/inst/mmcm_adv_inst/CLKOUT0
                         net (fo=1, routed)           0.499    -1.190    clk_wiz_inst/inst/clk_out1_clk_wiz_0
    BUFGCTRL_X0Y16       BUFG (Prop_bufg_I_O)         0.026    -1.164 r  clk_wiz_inst/inst/clkout1_buf/O
                         net (fo=649, routed)         0.670    -0.494    Core_Unit/DatapathCore/ff_Execute/ff_InstrE/clk_out1
    SLICE_X2Y45          FDRE                                         r  Core_Unit/DatapathCore/ff_Execute/ff_InstrE/qout_reg[1]_lopt_replica/C
  -------------------------------------------------------------------    -------------------
    SLICE_X2Y45          FDRE (Prop_fdre_C_Q)         0.164    -0.330 r  Core_Unit/DatapathCore/ff_Execute/ff_InstrE/qout_reg[1]_lopt_replica/Q
                         net (fo=1, routed)           0.346     0.016    lopt
    R10                  OBUF (Prop_obuf_I_O)         1.165     1.182 r  InstrE_OBS_OBUF[0]_inst/O
                         net (fo=0)                   0.000     1.182    InstrE_OBS[0]
    R10                                                               r  InstrE_OBS[0] (OUT)
  -------------------------------------------------------------------    -------------------

Slack:                    inf
  Source:                 Core_Unit/DatapathCore/ff_Execute/ff_InstrE/qout_reg[6]/C
                            (rising edge-triggered cell FDRE clocked by clk_out1_clk_wiz_0  {rise@0.000ns fall@6.667ns period=13.333ns})
  Destination:            InstrE_OBS[6]
                            (output port)
  Path Group:             (none)
  Path Type:              Min at Fast Process Corner
  Data Path Delay:        1.757ns  (logic 1.326ns (75.462%)  route 0.431ns (24.538%))
  Logic Levels:           1  (OBUF=1)
  Clock Uncertainty:      0.353ns  ((TSJ^2 + DJ^2)^1/2) / 2 + PE
    Total System Jitter     (TSJ):    0.050ns
    Discrete Jitter          (DJ):    0.226ns
    Phase Error              (PE):    0.237ns

    Location             Delay type                Incr(ns)  Path(ns)    Netlist Resource(s)
  -------------------------------------------------------------------    -------------------
                         (clock clk_out1_clk_wiz_0 rise edge)
                                                      0.000     0.000 r  
    E3                                                0.000     0.000 r  clk_100MHz (IN)
                         net (fo=0)                   0.000     0.000    clk_wiz_inst/inst/clk_in1
    E3                   IBUF (Prop_ibuf_I_O)         0.250     0.250 r  clk_wiz_inst/inst/clkin1_ibufg/O
                         net (fo=1, routed)           0.440     0.690    clk_wiz_inst/inst/clk_in1_clk_wiz_0
    MMCME2_ADV_X1Y2      MMCME2_ADV (Prop_mmcme2_adv_CLKIN1_CLKOUT0)
                                                     -2.379    -1.689 r  clk_wiz_inst/inst/mmcm_adv_inst/CLKOUT0
                         net (fo=1, routed)           0.499    -1.190    clk_wiz_inst/inst/clk_out1_clk_wiz_0
    BUFGCTRL_X0Y16       BUFG (Prop_bufg_I_O)         0.026    -1.164 r  clk_wiz_inst/inst/clkout1_buf/O
                         net (fo=649, routed)         0.670    -0.494    Core_Unit/DatapathCore/ff_Execute/ff_InstrE/clk_out1
    SLICE_X2Y46          FDRE                                         r  Core_Unit/DatapathCore/ff_Execute/ff_InstrE/qout_reg[6]/C
  -------------------------------------------------------------------    -------------------
    SLICE_X2Y46          FDRE (Prop_fdre_C_Q)         0.164    -0.330 r  Core_Unit/DatapathCore/ff_Execute/ff_InstrE/qout_reg[6]/Q
                         net (fo=1, routed)           0.431     0.102    InstrE_OBS_OBUF[6]
    U14                  OBUF (Prop_obuf_I_O)         1.162     1.264 r  InstrE_OBS_OBUF[6]_inst/O
                         net (fo=0)                   0.000     1.264    InstrE_OBS[6]
    U14                                                               r  InstrE_OBS[6] (OUT)
  -------------------------------------------------------------------    -------------------

Slack:                    inf
  Source:                 Core_Unit/DatapathCore/ff_Execute/ff_InstrE/qout_reg[5]/C
                            (rising edge-triggered cell FDRE clocked by clk_out1_clk_wiz_0  {rise@0.000ns fall@6.667ns period=13.333ns})
  Destination:            InstrE_OBS[5]
                            (output port)
  Path Group:             (none)
  Path Type:              Min at Fast Process Corner
  Data Path Delay:        1.762ns  (logic 1.328ns (75.357%)  route 0.434ns (24.643%))
  Logic Levels:           1  (OBUF=1)
  Clock Uncertainty:      0.353ns  ((TSJ^2 + DJ^2)^1/2) / 2 + PE
    Total System Jitter     (TSJ):    0.050ns
    Discrete Jitter          (DJ):    0.226ns
    Phase Error              (PE):    0.237ns

    Location             Delay type                Incr(ns)  Path(ns)    Netlist Resource(s)
  -------------------------------------------------------------------    -------------------
                         (clock clk_out1_clk_wiz_0 rise edge)
                                                      0.000     0.000 r  
    E3                                                0.000     0.000 r  clk_100MHz (IN)
                         net (fo=0)                   0.000     0.000    clk_wiz_inst/inst/clk_in1
    E3                   IBUF (Prop_ibuf_I_O)         0.250     0.250 r  clk_wiz_inst/inst/clkin1_ibufg/O
                         net (fo=1, routed)           0.440     0.690    clk_wiz_inst/inst/clk_in1_clk_wiz_0
    MMCME2_ADV_X1Y2      MMCME2_ADV (Prop_mmcme2_adv_CLKIN1_CLKOUT0)
                                                     -2.379    -1.689 r  clk_wiz_inst/inst/mmcm_adv_inst/CLKOUT0
                         net (fo=1, routed)           0.499    -1.190    clk_wiz_inst/inst/clk_out1_clk_wiz_0
    BUFGCTRL_X0Y16       BUFG (Prop_bufg_I_O)         0.026    -1.164 r  clk_wiz_inst/inst/clkout1_buf/O
                         net (fo=649, routed)         0.670    -0.494    Core_Unit/DatapathCore/ff_Execute/ff_InstrE/clk_out1
    SLICE_X2Y45          FDRE                                         r  Core_Unit/DatapathCore/ff_Execute/ff_InstrE/qout_reg[5]/C
  -------------------------------------------------------------------    -------------------
    SLICE_X2Y45          FDRE (Prop_fdre_C_Q)         0.164    -0.330 r  Core_Unit/DatapathCore/ff_Execute/ff_InstrE/qout_reg[5]/Q
                         net (fo=1, routed)           0.434     0.105    InstrE_OBS_OBUF[5]
    V14                  OBUF (Prop_obuf_I_O)         1.164     1.268 r  InstrE_OBS_OBUF[5]_inst/O
                         net (fo=0)                   0.000     1.268    InstrE_OBS[5]
    V14                                                               r  InstrE_OBS[5] (OUT)
  -------------------------------------------------------------------    -------------------

Slack:                    inf
  Source:                 Core_Unit/DatapathCore/ff_Execute/ff_InstrE/qout_reg[1]/C
                            (rising edge-triggered cell FDRE clocked by clk_out1_clk_wiz_0  {rise@0.000ns fall@6.667ns period=13.333ns})
  Destination:            InstrE_OBS[1]
                            (output port)
  Path Group:             (none)
  Path Type:              Min at Fast Process Corner
  Data Path Delay:        1.762ns  (logic 1.350ns (76.635%)  route 0.412ns (23.365%))
  Logic Levels:           1  (OBUF=1)
  Clock Uncertainty:      0.353ns  ((TSJ^2 + DJ^2)^1/2) / 2 + PE
    Total System Jitter     (TSJ):    0.050ns
    Discrete Jitter          (DJ):    0.226ns
    Phase Error              (PE):    0.237ns

    Location             Delay type                Incr(ns)  Path(ns)    Netlist Resource(s)
  -------------------------------------------------------------------    -------------------
                         (clock clk_out1_clk_wiz_0 rise edge)
                                                      0.000     0.000 r  
    E3                                                0.000     0.000 r  clk_100MHz (IN)
                         net (fo=0)                   0.000     0.000    clk_wiz_inst/inst/clk_in1
    E3                   IBUF (Prop_ibuf_I_O)         0.250     0.250 r  clk_wiz_inst/inst/clkin1_ibufg/O
                         net (fo=1, routed)           0.440     0.690    clk_wiz_inst/inst/clk_in1_clk_wiz_0
    MMCME2_ADV_X1Y2      MMCME2_ADV (Prop_mmcme2_adv_CLKIN1_CLKOUT0)
                                                     -2.379    -1.689 r  clk_wiz_inst/inst/mmcm_adv_inst/CLKOUT0
                         net (fo=1, routed)           0.499    -1.190    clk_wiz_inst/inst/clk_out1_clk_wiz_0
    BUFGCTRL_X0Y16       BUFG (Prop_bufg_I_O)         0.026    -1.164 r  clk_wiz_inst/inst/clkout1_buf/O
                         net (fo=649, routed)         0.670    -0.494    Core_Unit/DatapathCore/ff_Execute/ff_InstrE/clk_out1
    SLICE_X2Y45          FDRE                                         r  Core_Unit/DatapathCore/ff_Execute/ff_InstrE/qout_reg[1]/C
  -------------------------------------------------------------------    -------------------
    SLICE_X2Y45          FDRE (Prop_fdre_C_Q)         0.164    -0.330 r  Core_Unit/DatapathCore/ff_Execute/ff_InstrE/qout_reg[1]/Q
                         net (fo=1, routed)           0.412     0.082    InstrE_OBS_OBUF[0]
    T10                  OBUF (Prop_obuf_I_O)         1.186     1.269 r  InstrE_OBS_OBUF[1]_inst/O
                         net (fo=0)                   0.000     1.269    InstrE_OBS[1]
    T10                                                               r  InstrE_OBS[1] (OUT)
  -------------------------------------------------------------------    -------------------

Slack:                    inf
  Source:                 Core_Unit/DatapathCore/ff_Execute/ff_InstrE/qout_reg[4]/C
                            (rising edge-triggered cell FDRE clocked by clk_out1_clk_wiz_0  {rise@0.000ns fall@6.667ns period=13.333ns})
  Destination:            InstrE_OBS[4]
                            (output port)
  Path Group:             (none)
  Path Type:              Min at Fast Process Corner
  Data Path Delay:        1.764ns  (logic 1.330ns (75.426%)  route 0.433ns (24.574%))
  Logic Levels:           1  (OBUF=1)
  Clock Uncertainty:      0.353ns  ((TSJ^2 + DJ^2)^1/2) / 2 + PE
    Total System Jitter     (TSJ):    0.050ns
    Discrete Jitter          (DJ):    0.226ns
    Phase Error              (PE):    0.237ns

    Location             Delay type                Incr(ns)  Path(ns)    Netlist Resource(s)
  -------------------------------------------------------------------    -------------------
                         (clock clk_out1_clk_wiz_0 rise edge)
                                                      0.000     0.000 r  
    E3                                                0.000     0.000 r  clk_100MHz (IN)
                         net (fo=0)                   0.000     0.000    clk_wiz_inst/inst/clk_in1
    E3                   IBUF (Prop_ibuf_I_O)         0.250     0.250 r  clk_wiz_inst/inst/clkin1_ibufg/O
                         net (fo=1, routed)           0.440     0.690    clk_wiz_inst/inst/clk_in1_clk_wiz_0
    MMCME2_ADV_X1Y2      MMCME2_ADV (Prop_mmcme2_adv_CLKIN1_CLKOUT0)
                                                     -2.379    -1.689 r  clk_wiz_inst/inst/mmcm_adv_inst/CLKOUT0
                         net (fo=1, routed)           0.499    -1.190    clk_wiz_inst/inst/clk_out1_clk_wiz_0
    BUFGCTRL_X0Y16       BUFG (Prop_bufg_I_O)         0.026    -1.164 r  clk_wiz_inst/inst/clkout1_buf/O
                         net (fo=649, routed)         0.670    -0.494    Core_Unit/DatapathCore/ff_Execute/ff_InstrE/clk_out1
    SLICE_X2Y45          FDRE                                         r  Core_Unit/DatapathCore/ff_Execute/ff_InstrE/qout_reg[4]/C
  -------------------------------------------------------------------    -------------------
    SLICE_X2Y45          FDRE (Prop_fdre_C_Q)         0.164    -0.330 r  Core_Unit/DatapathCore/ff_Execute/ff_InstrE/qout_reg[4]/Q
                         net (fo=1, routed)           0.433     0.104    InstrE_OBS_OBUF[4]
    T13                  OBUF (Prop_obuf_I_O)         1.166     1.270 r  InstrE_OBS_OBUF[4]_inst/O
                         net (fo=0)                   0.000     1.270    InstrE_OBS[4]
    T13                                                               r  InstrE_OBS[4] (OUT)
  -------------------------------------------------------------------    -------------------

Slack:                    inf
  Source:                 Core_Unit/DatapathCore/ff_Execute/ff_RdE/qout_reg[0]_lopt_replica/C
                            (rising edge-triggered cell FDRE clocked by clk_out1_clk_wiz_0  {rise@0.000ns fall@6.667ns period=13.333ns})
  Destination:            InstrE_OBS[7]
                            (output port)
  Path Group:             (none)
  Path Type:              Min at Fast Process Corner
  Data Path Delay:        1.836ns  (logic 1.342ns (73.117%)  route 0.494ns (26.883%))
  Logic Levels:           1  (OBUF=1)
  Clock Uncertainty:      0.353ns  ((TSJ^2 + DJ^2)^1/2) / 2 + PE
    Total System Jitter     (TSJ):    0.050ns
    Discrete Jitter          (DJ):    0.226ns
    Phase Error              (PE):    0.237ns

    Location             Delay type                Incr(ns)  Path(ns)    Netlist Resource(s)
  -------------------------------------------------------------------    -------------------
                         (clock clk_out1_clk_wiz_0 rise edge)
                                                      0.000     0.000 r  
    E3                                                0.000     0.000 r  clk_100MHz (IN)
                         net (fo=0)                   0.000     0.000    clk_wiz_inst/inst/clk_in1
    E3                   IBUF (Prop_ibuf_I_O)         0.250     0.250 r  clk_wiz_inst/inst/clkin1_ibufg/O
                         net (fo=1, routed)           0.440     0.690    clk_wiz_inst/inst/clk_in1_clk_wiz_0
    MMCME2_ADV_X1Y2      MMCME2_ADV (Prop_mmcme2_adv_CLKIN1_CLKOUT0)
                                                     -2.379    -1.689 r  clk_wiz_inst/inst/mmcm_adv_inst/CLKOUT0
                         net (fo=1, routed)           0.499    -1.190    clk_wiz_inst/inst/clk_out1_clk_wiz_0
    BUFGCTRL_X0Y16       BUFG (Prop_bufg_I_O)         0.026    -1.164 r  clk_wiz_inst/inst/clkout1_buf/O
                         net (fo=649, routed)         0.670    -0.494    Core_Unit/DatapathCore/ff_Execute/ff_RdE/clk_out1
    SLICE_X2Y44          FDRE                                         r  Core_Unit/DatapathCore/ff_Execute/ff_RdE/qout_reg[0]_lopt_replica/C
  -------------------------------------------------------------------    -------------------
    SLICE_X2Y44          FDRE (Prop_fdre_C_Q)         0.164    -0.330 r  Core_Unit/DatapathCore/ff_Execute/ff_RdE/qout_reg[0]_lopt_replica/Q
                         net (fo=1, routed)           0.494     0.164    lopt_19
    V11                  OBUF (Prop_obuf_I_O)         1.178     1.342 r  InstrE_OBS_OBUF[7]_inst/O
                         net (fo=0)                   0.000     1.342    InstrE_OBS[7]
    V11                                                               r  InstrE_OBS[7] (OUT)
  -------------------------------------------------------------------    -------------------

Slack:                    inf
  Source:                 Core_Unit/DatapathCore/ff_Execute/ff_RdE/qout_reg[2]_lopt_replica/C
                            (rising edge-triggered cell FDRE clocked by clk_out1_clk_wiz_0  {rise@0.000ns fall@6.667ns period=13.333ns})
  Destination:            InstrE_OBS[9]
                            (output port)
  Path Group:             (none)
  Path Type:              Min at Fast Process Corner
  Data Path Delay:        1.863ns  (logic 1.344ns (72.134%)  route 0.519ns (27.866%))
  Logic Levels:           1  (OBUF=1)
  Clock Uncertainty:      0.353ns  ((TSJ^2 + DJ^2)^1/2) / 2 + PE
    Total System Jitter     (TSJ):    0.050ns
    Discrete Jitter          (DJ):    0.226ns
    Phase Error              (PE):    0.237ns

    Location             Delay type                Incr(ns)  Path(ns)    Netlist Resource(s)
  -------------------------------------------------------------------    -------------------
                         (clock clk_out1_clk_wiz_0 rise edge)
                                                      0.000     0.000 r  
    E3                                                0.000     0.000 r  clk_100MHz (IN)
                         net (fo=0)                   0.000     0.000    clk_wiz_inst/inst/clk_in1
    E3                   IBUF (Prop_ibuf_I_O)         0.250     0.250 r  clk_wiz_inst/inst/clkin1_ibufg/O
                         net (fo=1, routed)           0.440     0.690    clk_wiz_inst/inst/clk_in1_clk_wiz_0
    MMCME2_ADV_X1Y2      MMCME2_ADV (Prop_mmcme2_adv_CLKIN1_CLKOUT0)
                                                     -2.379    -1.689 r  clk_wiz_inst/inst/mmcm_adv_inst/CLKOUT0
                         net (fo=1, routed)           0.499    -1.190    clk_wiz_inst/inst/clk_out1_clk_wiz_0
    BUFGCTRL_X0Y16       BUFG (Prop_bufg_I_O)         0.026    -1.164 r  clk_wiz_inst/inst/clkout1_buf/O
                         net (fo=649, routed)         0.670    -0.494    Core_Unit/DatapathCore/ff_Execute/ff_RdE/clk_out1
    SLICE_X2Y43          FDRE                                         r  Core_Unit/DatapathCore/ff_Execute/ff_RdE/qout_reg[2]_lopt_replica/C
  -------------------------------------------------------------------    -------------------
    SLICE_X2Y43          FDRE (Prop_fdre_C_Q)         0.164    -0.330 r  Core_Unit/DatapathCore/ff_Execute/ff_RdE/qout_reg[2]_lopt_replica/Q
                         net (fo=1, routed)           0.519     0.189    lopt_21
    V12                  OBUF (Prop_obuf_I_O)         1.180     1.369 r  InstrE_OBS_OBUF[9]_inst/O
                         net (fo=0)                   0.000     1.369    InstrE_OBS[9]
    V12                                                               r  InstrE_OBS[9] (OUT)
  -------------------------------------------------------------------    -------------------

Slack:                    inf
  Source:                 Core_Unit/DatapathCore/ff_Execute/ff_RdE/qout_reg[1]_lopt_replica/C
                            (rising edge-triggered cell FDRE clocked by clk_out1_clk_wiz_0  {rise@0.000ns fall@6.667ns period=13.333ns})
  Destination:            InstrE_OBS[8]
                            (output port)
  Path Group:             (none)
  Path Type:              Min at Fast Process Corner
  Data Path Delay:        1.885ns  (logic 1.352ns (71.759%)  route 0.532ns (28.241%))
  Logic Levels:           1  (OBUF=1)
  Clock Uncertainty:      0.353ns  ((TSJ^2 + DJ^2)^1/2) / 2 + PE
    Total System Jitter     (TSJ):    0.050ns
    Discrete Jitter          (DJ):    0.226ns
    Phase Error              (PE):    0.237ns

    Location             Delay type                Incr(ns)  Path(ns)    Netlist Resource(s)
  -------------------------------------------------------------------    -------------------
                         (clock clk_out1_clk_wiz_0 rise edge)
                                                      0.000     0.000 r  
    E3                                                0.000     0.000 r  clk_100MHz (IN)
                         net (fo=0)                   0.000     0.000    clk_wiz_inst/inst/clk_in1
    E3                   IBUF (Prop_ibuf_I_O)         0.250     0.250 r  clk_wiz_inst/inst/clkin1_ibufg/O
                         net (fo=1, routed)           0.440     0.690    clk_wiz_inst/inst/clk_in1_clk_wiz_0
    MMCME2_ADV_X1Y2      MMCME2_ADV (Prop_mmcme2_adv_CLKIN1_CLKOUT0)
                                                     -2.379    -1.689 r  clk_wiz_inst/inst/mmcm_adv_inst/CLKOUT0
                         net (fo=1, routed)           0.499    -1.190    clk_wiz_inst/inst/clk_out1_clk_wiz_0
    BUFGCTRL_X0Y16       BUFG (Prop_bufg_I_O)         0.026    -1.164 r  clk_wiz_inst/inst/clkout1_buf/O
                         net (fo=649, routed)         0.670    -0.494    Core_Unit/DatapathCore/ff_Execute/ff_RdE/clk_out1
    SLICE_X2Y43          FDRE                                         r  Core_Unit/DatapathCore/ff_Execute/ff_RdE/qout_reg[1]_lopt_replica/C
  -------------------------------------------------------------------    -------------------
    SLICE_X2Y43          FDRE (Prop_fdre_C_Q)         0.164    -0.330 r  Core_Unit/DatapathCore/ff_Execute/ff_RdE/qout_reg[1]_lopt_replica/Q
                         net (fo=1, routed)           0.532     0.203    lopt_20
    V10                  OBUF (Prop_obuf_I_O)         1.188     1.391 r  InstrE_OBS_OBUF[8]_inst/O
                         net (fo=0)                   0.000     1.391    InstrE_OBS[8]
    V10                                                               r  InstrE_OBS[8] (OUT)
  -------------------------------------------------------------------    -------------------

Slack:                    inf
  Source:                 Core_Unit/DatapathCore/ff_Execute/ff_Rd1E/qout_reg[0]_lopt_replica/C
                            (rising edge-triggered cell FDRE clocked by clk_out1_clk_wiz_0  {rise@0.000ns fall@6.667ns period=13.333ns})
  Destination:            InstrE_OBS[15]
                            (output port)
  Path Group:             (none)
  Path Type:              Min at Fast Process Corner
  Data Path Delay:        1.904ns  (logic 1.300ns (68.251%)  route 0.605ns (31.749%))
  Logic Levels:           1  (OBUF=1)
  Clock Uncertainty:      0.353ns  ((TSJ^2 + DJ^2)^1/2) / 2 + PE
    Total System Jitter     (TSJ):    0.050ns
    Discrete Jitter          (DJ):    0.226ns
    Phase Error              (PE):    0.237ns

    Location             Delay type                Incr(ns)  Path(ns)    Netlist Resource(s)
  -------------------------------------------------------------------    -------------------
                         (clock clk_out1_clk_wiz_0 rise edge)
                                                      0.000     0.000 r  
    E3                                                0.000     0.000 r  clk_100MHz (IN)
                         net (fo=0)                   0.000     0.000    clk_wiz_inst/inst/clk_in1
    E3                   IBUF (Prop_ibuf_I_O)         0.250     0.250 r  clk_wiz_inst/inst/clkin1_ibufg/O
                         net (fo=1, routed)           0.440     0.690    clk_wiz_inst/inst/clk_in1_clk_wiz_0
    MMCME2_ADV_X1Y2      MMCME2_ADV (Prop_mmcme2_adv_CLKIN1_CLKOUT0)
                                                     -2.379    -1.689 r  clk_wiz_inst/inst/mmcm_adv_inst/CLKOUT0
                         net (fo=1, routed)           0.499    -1.190    clk_wiz_inst/inst/clk_out1_clk_wiz_0
    BUFGCTRL_X0Y16       BUFG (Prop_bufg_I_O)         0.026    -1.164 r  clk_wiz_inst/inst/clkout1_buf/O
                         net (fo=649, routed)         0.670    -0.494    Core_Unit/DatapathCore/ff_Execute/ff_Rd1E/clk_out1
    SLICE_X7Y49          FDRE                                         r  Core_Unit/DatapathCore/ff_Execute/ff_Rd1E/qout_reg[0]_lopt_replica/C
  -------------------------------------------------------------------    -------------------
    SLICE_X7Y49          FDRE (Prop_fdre_C_Q)         0.141    -0.353 r  Core_Unit/DatapathCore/ff_Execute/ff_Rd1E/qout_reg[0]_lopt_replica/Q
                         net (fo=1, routed)           0.605     0.252    lopt_2
    U18                  OBUF (Prop_obuf_I_O)         1.159     1.411 r  InstrE_OBS_OBUF[15]_inst/O
                         net (fo=0)                   0.000     1.411    InstrE_OBS[15]
    U18                                                               r  InstrE_OBS[15] (OUT)
  -------------------------------------------------------------------    -------------------

Slack:                    inf
  Source:                 Core_Unit/DatapathCore/ff_Execute/ff_Rd1E/qout_reg[4]_lopt_replica/C
                            (rising edge-triggered cell FDRE clocked by clk_out1_clk_wiz_0  {rise@0.000ns fall@6.667ns period=13.333ns})
  Destination:            InstrE_OBS[19]
                            (output port)
  Path Group:             (none)
  Path Type:              Min at Fast Process Corner
  Data Path Delay:        1.904ns  (logic 1.305ns (68.540%)  route 0.599ns (31.460%))
  Logic Levels:           1  (OBUF=1)
  Clock Uncertainty:      0.353ns  ((TSJ^2 + DJ^2)^1/2) / 2 + PE
    Total System Jitter     (TSJ):    0.050ns
    Discrete Jitter          (DJ):    0.226ns
    Phase Error              (PE):    0.237ns

    Location             Delay type                Incr(ns)  Path(ns)    Netlist Resource(s)
  -------------------------------------------------------------------    -------------------
                         (clock clk_out1_clk_wiz_0 rise edge)
                                                      0.000     0.000 r  
    E3                                                0.000     0.000 r  clk_100MHz (IN)
                         net (fo=0)                   0.000     0.000    clk_wiz_inst/inst/clk_in1
    E3                   IBUF (Prop_ibuf_I_O)         0.250     0.250 r  clk_wiz_inst/inst/clkin1_ibufg/O
                         net (fo=1, routed)           0.440     0.690    clk_wiz_inst/inst/clk_in1_clk_wiz_0
    MMCME2_ADV_X1Y2      MMCME2_ADV (Prop_mmcme2_adv_CLKIN1_CLKOUT0)
                                                     -2.379    -1.689 r  clk_wiz_inst/inst/mmcm_adv_inst/CLKOUT0
                         net (fo=1, routed)           0.499    -1.190    clk_wiz_inst/inst/clk_out1_clk_wiz_0
    BUFGCTRL_X0Y16       BUFG (Prop_bufg_I_O)         0.026    -1.164 r  clk_wiz_inst/inst/clkout1_buf/O
                         net (fo=649, routed)         0.670    -0.494    Core_Unit/DatapathCore/ff_Execute/ff_Rd1E/clk_out1
    SLICE_X6Y49          FDRE                                         r  Core_Unit/DatapathCore/ff_Execute/ff_Rd1E/qout_reg[4]_lopt_replica/C
  -------------------------------------------------------------------    -------------------
    SLICE_X6Y49          FDRE (Prop_fdre_C_Q)         0.164    -0.330 r  Core_Unit/DatapathCore/ff_Execute/ff_Rd1E/qout_reg[4]_lopt_replica/Q
                         net (fo=1, routed)           0.599     0.269    lopt_6
    T16                  OBUF (Prop_obuf_I_O)         1.141     1.411 r  InstrE_OBS_OBUF[19]_inst/O
                         net (fo=0)                   0.000     1.411    InstrE_OBS[19]
    T16                                                               r  InstrE_OBS[19] (OUT)
  -------------------------------------------------------------------    -------------------





--------------------------------------------------------------------------------------
Path Group:  (none)
From Clock:  clkfbout_clk_wiz_0
  To Clock:  

Max Delay             1 Endpoint
Min Delay             1 Endpoint
--------------------------------------------------------------------------------------


Max Delay Paths
--------------------------------------------------------------------------------------
Slack:                    inf
  Source:                 clk_wiz_inst/inst/mmcm_adv_inst/CLKFBOUT
                            (clock source 'clkfbout_clk_wiz_0'  {rise@0.000ns fall@20.000ns period=40.000ns})
  Destination:            clk_wiz_inst/inst/mmcm_adv_inst/CLKFBIN
  Path Group:             (none)
  Path Type:              Max at Fast Process Corner
  Data Path Delay:        1.396ns  (logic 0.029ns (2.077%)  route 1.367ns (97.923%))
  Logic Levels:           1  (BUFG=1)
  Clock Uncertainty:      0.317ns  ((TSJ^2 + DJ^2)^1/2) / 2 + PE
    Total System Jitter     (TSJ):    0.050ns
    Discrete Jitter          (DJ):    0.153ns
    Phase Error              (PE):    0.237ns

    Location             Delay type                Incr(ns)  Path(ns)    Netlist Resource(s)
  -------------------------------------------------------------------    -------------------
                         (clock clkfbout_clk_wiz_0 fall edge)
                                                     20.000    20.000 f  
    E3                                                0.000    20.000 f  clk_100MHz (IN)
                         net (fo=0)                   0.000    20.000    clk_wiz_inst/inst/clk_in1
    E3                   IBUF (Prop_ibuf_I_O)         0.438    20.438 f  clk_wiz_inst/inst/clkin1_ibufg/O
                         net (fo=1, routed)           0.480    20.918    clk_wiz_inst/inst/clk_in1_clk_wiz_0
  -------------------------------------------------------------------    -------------------
    MMCME2_ADV_X1Y2      MMCME2_ADV (Prop_mmcme2_adv_CLKIN1_CLKFBOUT)
                                                     -3.163    17.755 f  clk_wiz_inst/inst/mmcm_adv_inst/CLKFBOUT
                         net (fo=1, routed)           0.544    18.298    clk_wiz_inst/inst/clkfbout_clk_wiz_0
    BUFGCTRL_X0Y17       BUFG (Prop_bufg_I_O)         0.029    18.327 f  clk_wiz_inst/inst/clkf_buf/O
                         net (fo=1, routed)           0.824    19.151    clk_wiz_inst/inst/clkfbout_buf_clk_wiz_0
    MMCME2_ADV_X1Y2      MMCME2_ADV                                   f  clk_wiz_inst/inst/mmcm_adv_inst/CLKFBIN
  -------------------------------------------------------------------    -------------------





Min Delay Paths
--------------------------------------------------------------------------------------
Slack:                    inf
  Source:                 clk_wiz_inst/inst/mmcm_adv_inst/CLKFBOUT
                            (clock source 'clkfbout_clk_wiz_0'  {rise@0.000ns fall@20.000ns period=40.000ns})
  Destination:            clk_wiz_inst/inst/mmcm_adv_inst/CLKFBIN
  Path Group:             (none)
  Path Type:              Min at Slow Process Corner
  Data Path Delay:        3.236ns  (logic 0.091ns (2.812%)  route 3.145ns (97.188%))
  Logic Levels:           1  (BUFG=1)
  Clock Uncertainty:      0.317ns  ((TSJ^2 + DJ^2)^1/2) / 2 + PE
    Total System Jitter     (TSJ):    0.050ns
    Discrete Jitter          (DJ):    0.153ns
    Phase Error              (PE):    0.237ns

    Location             Delay type                Incr(ns)  Path(ns)    Netlist Resource(s)
  -------------------------------------------------------------------    -------------------
                         (clock clkfbout_clk_wiz_0 rise edge)
                                                      0.000     0.000 r  
    E3                                                0.000     0.000 r  clk_100MHz (IN)
                         net (fo=0)                   0.000     0.000    clk_wiz_inst/inst/clk_in1
    E3                   IBUF (Prop_ibuf_I_O)         1.411     1.411 r  clk_wiz_inst/inst/clkin1_ibufg/O
                         net (fo=1, routed)           1.162     2.573    clk_wiz_inst/inst/clk_in1_clk_wiz_0
  -------------------------------------------------------------------    -------------------
    MMCME2_ADV_X1Y2      MMCME2_ADV (Prop_mmcme2_adv_CLKIN1_CLKFBOUT)
                                                     -7.324    -4.751 r  clk_wiz_inst/inst/mmcm_adv_inst/CLKFBOUT
                         net (fo=1, routed)           1.639    -3.112    clk_wiz_inst/inst/clkfbout_clk_wiz_0
    BUFGCTRL_X0Y17       BUFG (Prop_bufg_I_O)         0.091    -3.021 r  clk_wiz_inst/inst/clkf_buf/O
                         net (fo=1, routed)           1.506    -1.515    clk_wiz_inst/inst/clkfbout_buf_clk_wiz_0
    MMCME2_ADV_X1Y2      MMCME2_ADV                                   r  clk_wiz_inst/inst/mmcm_adv_inst/CLKFBIN
  -------------------------------------------------------------------    -------------------





--------------------------------------------------------------------------------------
Path Group:  (none)
From Clock:  
  To Clock:  clk_out1_clk_wiz_0

Max Delay           529 Endpoints
Min Delay           529 Endpoints
--------------------------------------------------------------------------------------


Max Delay Paths
--------------------------------------------------------------------------------------
Slack:                    inf
  Source:                 reset
                            (input port)
  Destination:            Core_Unit/DatapathCore/ff_Execute/ff_PCPlus4E/qout_reg[25]/R
                            (rising edge-triggered cell FDRE clocked by clk_out1_clk_wiz_0  {rise@0.000ns fall@6.667ns period=13.333ns})
  Path Group:             (none)
  Path Type:              Setup (Max at Slow Process Corner)
  Data Path Delay:        7.167ns  (logic 1.602ns (22.347%)  route 5.565ns (77.653%))
  Logic Levels:           2  (IBUF=1 LUT6=1)
  Clock Path Skew:        -1.416ns (DCD - SCD + CPR)
    Destination Clock Delay (DCD):    -1.416ns
    Source Clock Delay      (SCD):    0.000ns
    Clock Pessimism Removal (CPR):    0.000ns
  Clock Uncertainty:      0.353ns  ((TSJ^2 + DJ^2)^1/2) / 2 + PE
    Total System Jitter     (TSJ):    0.050ns
    Discrete Jitter          (DJ):    0.226ns
    Phase Error              (PE):    0.237ns

    Location             Delay type                Incr(ns)  Path(ns)    Netlist Resource(s)
  -------------------------------------------------------------------    -------------------
    J15                                               0.000     0.000 r  reset (IN)
                         net (fo=0)                   0.000     0.000    reset
    J15                  IBUF (Prop_ibuf_I_O)         1.478     1.478 r  reset_IBUF_inst/O
                         net (fo=244, routed)         4.441     5.918    Core_Unit/DatapathCore/ff_Execute/ff_InstrE/reset_IBUF
    SLICE_X9Y43          LUT6 (Prop_lut6_I5_O)        0.124     6.042 r  Core_Unit/DatapathCore/ff_Execute/ff_InstrE/qout[19]_i_1__1/O
                         net (fo=198, routed)         1.125     7.167    Core_Unit/DatapathCore/ff_Execute/ff_PCPlus4E/SR[0]
    SLICE_X7Y50          FDRE                                         r  Core_Unit/DatapathCore/ff_Execute/ff_PCPlus4E/qout_reg[25]/R
  -------------------------------------------------------------------    -------------------

                         (clock clk_out1_clk_wiz_0 rise edge)
                                                      0.000     0.000 r  
    E3                                                0.000     0.000 r  clk_100MHz (IN)
                         net (fo=0)                   0.000     0.000    clk_wiz_inst/inst/clk_in1
    E3                   IBUF (Prop_ibuf_I_O)         1.411     1.411 r  clk_wiz_inst/inst/clkin1_ibufg/O
                         net (fo=1, routed)           1.162     2.573    clk_wiz_inst/inst/clk_in1_clk_wiz_0
    MMCME2_ADV_X1Y2      MMCME2_ADV (Prop_mmcme2_adv_CLKIN1_CLKOUT0)
                                                     -7.324    -4.751 r  clk_wiz_inst/inst/mmcm_adv_inst/CLKOUT0
                         net (fo=1, routed)           1.639    -3.112    clk_wiz_inst/inst/clk_out1_clk_wiz_0
    BUFGCTRL_X0Y16       BUFG (Prop_bufg_I_O)         0.091    -3.021 r  clk_wiz_inst/inst/clkout1_buf/O
                         net (fo=649, routed)         1.604    -1.416    Core_Unit/DatapathCore/ff_Execute/ff_PCPlus4E/clk_out1
    SLICE_X7Y50          FDRE                                         r  Core_Unit/DatapathCore/ff_Execute/ff_PCPlus4E/qout_reg[25]/C

Slack:                    inf
  Source:                 reset
                            (input port)
  Destination:            Core_Unit/DatapathCore/ff_Execute/ff_PCPlus4E/qout_reg[26]/R
                            (rising edge-triggered cell FDRE clocked by clk_out1_clk_wiz_0  {rise@0.000ns fall@6.667ns period=13.333ns})
  Path Group:             (none)
  Path Type:              Setup (Max at Slow Process Corner)
  Data Path Delay:        7.167ns  (logic 1.602ns (22.347%)  route 5.565ns (77.653%))
  Logic Levels:           2  (IBUF=1 LUT6=1)
  Clock Path Skew:        -1.416ns (DCD - SCD + CPR)
    Destination Clock Delay (DCD):    -1.416ns
    Source Clock Delay      (SCD):    0.000ns
    Clock Pessimism Removal (CPR):    0.000ns
  Clock Uncertainty:      0.353ns  ((TSJ^2 + DJ^2)^1/2) / 2 + PE
    Total System Jitter     (TSJ):    0.050ns
    Discrete Jitter          (DJ):    0.226ns
    Phase Error              (PE):    0.237ns

    Location             Delay type                Incr(ns)  Path(ns)    Netlist Resource(s)
  -------------------------------------------------------------------    -------------------
    J15                                               0.000     0.000 r  reset (IN)
                         net (fo=0)                   0.000     0.000    reset
    J15                  IBUF (Prop_ibuf_I_O)         1.478     1.478 r  reset_IBUF_inst/O
                         net (fo=244, routed)         4.441     5.918    Core_Unit/DatapathCore/ff_Execute/ff_InstrE/reset_IBUF
    SLICE_X9Y43          LUT6 (Prop_lut6_I5_O)        0.124     6.042 r  Core_Unit/DatapathCore/ff_Execute/ff_InstrE/qout[19]_i_1__1/O
                         net (fo=198, routed)         1.125     7.167    Core_Unit/DatapathCore/ff_Execute/ff_PCPlus4E/SR[0]
    SLICE_X7Y50          FDRE                                         r  Core_Unit/DatapathCore/ff_Execute/ff_PCPlus4E/qout_reg[26]/R
  -------------------------------------------------------------------    -------------------

                         (clock clk_out1_clk_wiz_0 rise edge)
                                                      0.000     0.000 r  
    E3                                                0.000     0.000 r  clk_100MHz (IN)
                         net (fo=0)                   0.000     0.000    clk_wiz_inst/inst/clk_in1
    E3                   IBUF (Prop_ibuf_I_O)         1.411     1.411 r  clk_wiz_inst/inst/clkin1_ibufg/O
                         net (fo=1, routed)           1.162     2.573    clk_wiz_inst/inst/clk_in1_clk_wiz_0
    MMCME2_ADV_X1Y2      MMCME2_ADV (Prop_mmcme2_adv_CLKIN1_CLKOUT0)
                                                     -7.324    -4.751 r  clk_wiz_inst/inst/mmcm_adv_inst/CLKOUT0
                         net (fo=1, routed)           1.639    -3.112    clk_wiz_inst/inst/clk_out1_clk_wiz_0
    BUFGCTRL_X0Y16       BUFG (Prop_bufg_I_O)         0.091    -3.021 r  clk_wiz_inst/inst/clkout1_buf/O
                         net (fo=649, routed)         1.604    -1.416    Core_Unit/DatapathCore/ff_Execute/ff_PCPlus4E/clk_out1
    SLICE_X7Y50          FDRE                                         r  Core_Unit/DatapathCore/ff_Execute/ff_PCPlus4E/qout_reg[26]/C

Slack:                    inf
  Source:                 reset
                            (input port)
  Destination:            Core_Unit/DatapathCore/ff_Execute/ff_PCPlus4E/qout_reg[27]/R
                            (rising edge-triggered cell FDRE clocked by clk_out1_clk_wiz_0  {rise@0.000ns fall@6.667ns period=13.333ns})
  Path Group:             (none)
  Path Type:              Setup (Max at Slow Process Corner)
  Data Path Delay:        7.167ns  (logic 1.602ns (22.347%)  route 5.565ns (77.653%))
  Logic Levels:           2  (IBUF=1 LUT6=1)
  Clock Path Skew:        -1.416ns (DCD - SCD + CPR)
    Destination Clock Delay (DCD):    -1.416ns
    Source Clock Delay      (SCD):    0.000ns
    Clock Pessimism Removal (CPR):    0.000ns
  Clock Uncertainty:      0.353ns  ((TSJ^2 + DJ^2)^1/2) / 2 + PE
    Total System Jitter     (TSJ):    0.050ns
    Discrete Jitter          (DJ):    0.226ns
    Phase Error              (PE):    0.237ns

    Location             Delay type                Incr(ns)  Path(ns)    Netlist Resource(s)
  -------------------------------------------------------------------    -------------------
    J15                                               0.000     0.000 r  reset (IN)
                         net (fo=0)                   0.000     0.000    reset
    J15                  IBUF (Prop_ibuf_I_O)         1.478     1.478 r  reset_IBUF_inst/O
                         net (fo=244, routed)         4.441     5.918    Core_Unit/DatapathCore/ff_Execute/ff_InstrE/reset_IBUF
    SLICE_X9Y43          LUT6 (Prop_lut6_I5_O)        0.124     6.042 r  Core_Unit/DatapathCore/ff_Execute/ff_InstrE/qout[19]_i_1__1/O
                         net (fo=198, routed)         1.125     7.167    Core_Unit/DatapathCore/ff_Execute/ff_PCPlus4E/SR[0]
    SLICE_X7Y50          FDRE                                         r  Core_Unit/DatapathCore/ff_Execute/ff_PCPlus4E/qout_reg[27]/R
  -------------------------------------------------------------------    -------------------

                         (clock clk_out1_clk_wiz_0 rise edge)
                                                      0.000     0.000 r  
    E3                                                0.000     0.000 r  clk_100MHz (IN)
                         net (fo=0)                   0.000     0.000    clk_wiz_inst/inst/clk_in1
    E3                   IBUF (Prop_ibuf_I_O)         1.411     1.411 r  clk_wiz_inst/inst/clkin1_ibufg/O
                         net (fo=1, routed)           1.162     2.573    clk_wiz_inst/inst/clk_in1_clk_wiz_0
    MMCME2_ADV_X1Y2      MMCME2_ADV (Prop_mmcme2_adv_CLKIN1_CLKOUT0)
                                                     -7.324    -4.751 r  clk_wiz_inst/inst/mmcm_adv_inst/CLKOUT0
                         net (fo=1, routed)           1.639    -3.112    clk_wiz_inst/inst/clk_out1_clk_wiz_0
    BUFGCTRL_X0Y16       BUFG (Prop_bufg_I_O)         0.091    -3.021 r  clk_wiz_inst/inst/clkout1_buf/O
                         net (fo=649, routed)         1.604    -1.416    Core_Unit/DatapathCore/ff_Execute/ff_PCPlus4E/clk_out1
    SLICE_X7Y50          FDRE                                         r  Core_Unit/DatapathCore/ff_Execute/ff_PCPlus4E/qout_reg[27]/C

Slack:                    inf
  Source:                 reset
                            (input port)
  Destination:            Core_Unit/DatapathCore/ff_Execute/ff_ImmExtE/qout_reg[8]_lopt_replica_2/R
                            (rising edge-triggered cell FDRE clocked by clk_out1_clk_wiz_0  {rise@0.000ns fall@6.667ns period=13.333ns})
  Path Group:             (none)
  Path Type:              Setup (Max at Slow Process Corner)
  Data Path Delay:        7.111ns  (logic 1.602ns (22.524%)  route 5.509ns (77.476%))
  Logic Levels:           2  (IBUF=1 LUT6=1)
  Clock Path Skew:        -1.249ns (DCD - SCD + CPR)
    Destination Clock Delay (DCD):    -1.249ns
    Source Clock Delay      (SCD):    0.000ns
    Clock Pessimism Removal (CPR):    0.000ns
  Clock Uncertainty:      0.353ns  ((TSJ^2 + DJ^2)^1/2) / 2 + PE
    Total System Jitter     (TSJ):    0.050ns
    Discrete Jitter          (DJ):    0.226ns
    Phase Error              (PE):    0.237ns

    Location             Delay type                Incr(ns)  Path(ns)    Netlist Resource(s)
  -------------------------------------------------------------------    -------------------
    J15                                               0.000     0.000 r  reset (IN)
                         net (fo=0)                   0.000     0.000    reset
    J15                  IBUF (Prop_ibuf_I_O)         1.478     1.478 r  reset_IBUF_inst/O
                         net (fo=244, routed)         4.441     5.918    Core_Unit/DatapathCore/ff_Execute/ff_InstrE/reset_IBUF
    SLICE_X9Y43          LUT6 (Prop_lut6_I5_O)        0.124     6.042 r  Core_Unit/DatapathCore/ff_Execute/ff_InstrE/qout[19]_i_1__1/O
                         net (fo=198, routed)         1.068     7.111    Core_Unit/DatapathCore/ff_Execute/ff_ImmExtE/SR[0]
    SLICE_X2Y47          FDRE                                         r  Core_Unit/DatapathCore/ff_Execute/ff_ImmExtE/qout_reg[8]_lopt_replica_2/R
  -------------------------------------------------------------------    -------------------

                         (clock clk_out1_clk_wiz_0 rise edge)
                                                      0.000     0.000 r  
    E3                                                0.000     0.000 r  clk_100MHz (IN)
                         net (fo=0)                   0.000     0.000    clk_wiz_inst/inst/clk_in1
    E3                   IBUF (Prop_ibuf_I_O)         1.411     1.411 r  clk_wiz_inst/inst/clkin1_ibufg/O
                         net (fo=1, routed)           1.162     2.573    clk_wiz_inst/inst/clk_in1_clk_wiz_0
    MMCME2_ADV_X1Y2      MMCME2_ADV (Prop_mmcme2_adv_CLKIN1_CLKOUT0)
                                                     -7.324    -4.751 r  clk_wiz_inst/inst/mmcm_adv_inst/CLKOUT0
                         net (fo=1, routed)           1.639    -3.112    clk_wiz_inst/inst/clk_out1_clk_wiz_0
    BUFGCTRL_X0Y16       BUFG (Prop_bufg_I_O)         0.091    -3.021 r  clk_wiz_inst/inst/clkout1_buf/O
                         net (fo=649, routed)         1.772    -1.249    Core_Unit/DatapathCore/ff_Execute/ff_ImmExtE/clk_out1
    SLICE_X2Y47          FDRE                                         r  Core_Unit/DatapathCore/ff_Execute/ff_ImmExtE/qout_reg[8]_lopt_replica_2/C

Slack:                    inf
  Source:                 reset
                            (input port)
  Destination:            Core_Unit/DatapathCore/ff_Execute/ff_ImmExtE/qout_reg[8]_lopt_replica_3/R
                            (rising edge-triggered cell FDRE clocked by clk_out1_clk_wiz_0  {rise@0.000ns fall@6.667ns period=13.333ns})
  Path Group:             (none)
  Path Type:              Setup (Max at Slow Process Corner)
  Data Path Delay:        7.111ns  (logic 1.602ns (22.524%)  route 5.509ns (77.476%))
  Logic Levels:           2  (IBUF=1 LUT6=1)
  Clock Path Skew:        -1.249ns (DCD - SCD + CPR)
    Destination Clock Delay (DCD):    -1.249ns
    Source Clock Delay      (SCD):    0.000ns
    Clock Pessimism Removal (CPR):    0.000ns
  Clock Uncertainty:      0.353ns  ((TSJ^2 + DJ^2)^1/2) / 2 + PE
    Total System Jitter     (TSJ):    0.050ns
    Discrete Jitter          (DJ):    0.226ns
    Phase Error              (PE):    0.237ns

    Location             Delay type                Incr(ns)  Path(ns)    Netlist Resource(s)
  -------------------------------------------------------------------    -------------------
    J15                                               0.000     0.000 r  reset (IN)
                         net (fo=0)                   0.000     0.000    reset
    J15                  IBUF (Prop_ibuf_I_O)         1.478     1.478 r  reset_IBUF_inst/O
                         net (fo=244, routed)         4.441     5.918    Core_Unit/DatapathCore/ff_Execute/ff_InstrE/reset_IBUF
    SLICE_X9Y43          LUT6 (Prop_lut6_I5_O)        0.124     6.042 r  Core_Unit/DatapathCore/ff_Execute/ff_InstrE/qout[19]_i_1__1/O
                         net (fo=198, routed)         1.068     7.111    Core_Unit/DatapathCore/ff_Execute/ff_ImmExtE/SR[0]
    SLICE_X2Y47          FDRE                                         r  Core_Unit/DatapathCore/ff_Execute/ff_ImmExtE/qout_reg[8]_lopt_replica_3/R
  -------------------------------------------------------------------    -------------------

                         (clock clk_out1_clk_wiz_0 rise edge)
                                                      0.000     0.000 r  
    E3                                                0.000     0.000 r  clk_100MHz (IN)
                         net (fo=0)                   0.000     0.000    clk_wiz_inst/inst/clk_in1
    E3                   IBUF (Prop_ibuf_I_O)         1.411     1.411 r  clk_wiz_inst/inst/clkin1_ibufg/O
                         net (fo=1, routed)           1.162     2.573    clk_wiz_inst/inst/clk_in1_clk_wiz_0
    MMCME2_ADV_X1Y2      MMCME2_ADV (Prop_mmcme2_adv_CLKIN1_CLKOUT0)
                                                     -7.324    -4.751 r  clk_wiz_inst/inst/mmcm_adv_inst/CLKOUT0
                         net (fo=1, routed)           1.639    -3.112    clk_wiz_inst/inst/clk_out1_clk_wiz_0
    BUFGCTRL_X0Y16       BUFG (Prop_bufg_I_O)         0.091    -3.021 r  clk_wiz_inst/inst/clkout1_buf/O
                         net (fo=649, routed)         1.772    -1.249    Core_Unit/DatapathCore/ff_Execute/ff_ImmExtE/clk_out1
    SLICE_X2Y47          FDRE                                         r  Core_Unit/DatapathCore/ff_Execute/ff_ImmExtE/qout_reg[8]_lopt_replica_3/C

Slack:                    inf
  Source:                 reset
                            (input port)
  Destination:            Core_Unit/DatapathCore/ff_Execute/ff_RD1E/qout_reg[15]/R
                            (rising edge-triggered cell FDRE clocked by clk_out1_clk_wiz_0  {rise@0.000ns fall@6.667ns period=13.333ns})
  Path Group:             (none)
  Path Type:              Setup (Max at Slow Process Corner)
  Data Path Delay:        7.091ns  (logic 1.602ns (22.587%)  route 5.489ns (77.413%))
  Logic Levels:           2  (IBUF=1 LUT6=1)
  Clock Path Skew:        -1.329ns (DCD - SCD + CPR)
    Destination Clock Delay (DCD):    -1.329ns
    Source Clock Delay      (SCD):    0.000ns
    Clock Pessimism Removal (CPR):    0.000ns
  Clock Uncertainty:      0.353ns  ((TSJ^2 + DJ^2)^1/2) / 2 + PE
    Total System Jitter     (TSJ):    0.050ns
    Discrete Jitter          (DJ):    0.226ns
    Phase Error              (PE):    0.237ns

    Location             Delay type                Incr(ns)  Path(ns)    Netlist Resource(s)
  -------------------------------------------------------------------    -------------------
    J15                                               0.000     0.000 r  reset (IN)
                         net (fo=0)                   0.000     0.000    reset
    J15                  IBUF (Prop_ibuf_I_O)         1.478     1.478 r  reset_IBUF_inst/O
                         net (fo=244, routed)         4.441     5.918    Core_Unit/DatapathCore/ff_Execute/ff_InstrE/reset_IBUF
    SLICE_X9Y43          LUT6 (Prop_lut6_I5_O)        0.124     6.042 r  Core_Unit/DatapathCore/ff_Execute/ff_InstrE/qout[19]_i_1__1/O
                         net (fo=198, routed)         1.048     7.091    Core_Unit/DatapathCore/ff_Execute/ff_RD1E/SR[0]
    SLICE_X13Y45         FDRE                                         r  Core_Unit/DatapathCore/ff_Execute/ff_RD1E/qout_reg[15]/R
  -------------------------------------------------------------------    -------------------

                         (clock clk_out1_clk_wiz_0 rise edge)
                                                      0.000     0.000 r  
    E3                                                0.000     0.000 r  clk_100MHz (IN)
                         net (fo=0)                   0.000     0.000    clk_wiz_inst/inst/clk_in1
    E3                   IBUF (Prop_ibuf_I_O)         1.411     1.411 r  clk_wiz_inst/inst/clkin1_ibufg/O
                         net (fo=1, routed)           1.162     2.573    clk_wiz_inst/inst/clk_in1_clk_wiz_0
    MMCME2_ADV_X1Y2      MMCME2_ADV (Prop_mmcme2_adv_CLKIN1_CLKOUT0)
                                                     -7.324    -4.751 r  clk_wiz_inst/inst/mmcm_adv_inst/CLKOUT0
                         net (fo=1, routed)           1.639    -3.112    clk_wiz_inst/inst/clk_out1_clk_wiz_0
    BUFGCTRL_X0Y16       BUFG (Prop_bufg_I_O)         0.091    -3.021 r  clk_wiz_inst/inst/clkout1_buf/O
                         net (fo=649, routed)         1.692    -1.329    Core_Unit/DatapathCore/ff_Execute/ff_RD1E/clk_out1
    SLICE_X13Y45         FDRE                                         r  Core_Unit/DatapathCore/ff_Execute/ff_RD1E/qout_reg[15]/C

Slack:                    inf
  Source:                 reset
                            (input port)
  Destination:            Core_Unit/DatapathCore/ff_Execute/ff_RD1E/qout_reg[16]/R
                            (rising edge-triggered cell FDRE clocked by clk_out1_clk_wiz_0  {rise@0.000ns fall@6.667ns period=13.333ns})
  Path Group:             (none)
  Path Type:              Setup (Max at Slow Process Corner)
  Data Path Delay:        7.091ns  (logic 1.602ns (22.587%)  route 5.489ns (77.413%))
  Logic Levels:           2  (IBUF=1 LUT6=1)
  Clock Path Skew:        -1.329ns (DCD - SCD + CPR)
    Destination Clock Delay (DCD):    -1.329ns
    Source Clock Delay      (SCD):    0.000ns
    Clock Pessimism Removal (CPR):    0.000ns
  Clock Uncertainty:      0.353ns  ((TSJ^2 + DJ^2)^1/2) / 2 + PE
    Total System Jitter     (TSJ):    0.050ns
    Discrete Jitter          (DJ):    0.226ns
    Phase Error              (PE):    0.237ns

    Location             Delay type                Incr(ns)  Path(ns)    Netlist Resource(s)
  -------------------------------------------------------------------    -------------------
    J15                                               0.000     0.000 r  reset (IN)
                         net (fo=0)                   0.000     0.000    reset
    J15                  IBUF (Prop_ibuf_I_O)         1.478     1.478 r  reset_IBUF_inst/O
                         net (fo=244, routed)         4.441     5.918    Core_Unit/DatapathCore/ff_Execute/ff_InstrE/reset_IBUF
    SLICE_X9Y43          LUT6 (Prop_lut6_I5_O)        0.124     6.042 r  Core_Unit/DatapathCore/ff_Execute/ff_InstrE/qout[19]_i_1__1/O
                         net (fo=198, routed)         1.048     7.091    Core_Unit/DatapathCore/ff_Execute/ff_RD1E/SR[0]
    SLICE_X13Y45         FDRE                                         r  Core_Unit/DatapathCore/ff_Execute/ff_RD1E/qout_reg[16]/R
  -------------------------------------------------------------------    -------------------

                         (clock clk_out1_clk_wiz_0 rise edge)
                                                      0.000     0.000 r  
    E3                                                0.000     0.000 r  clk_100MHz (IN)
                         net (fo=0)                   0.000     0.000    clk_wiz_inst/inst/clk_in1
    E3                   IBUF (Prop_ibuf_I_O)         1.411     1.411 r  clk_wiz_inst/inst/clkin1_ibufg/O
                         net (fo=1, routed)           1.162     2.573    clk_wiz_inst/inst/clk_in1_clk_wiz_0
    MMCME2_ADV_X1Y2      MMCME2_ADV (Prop_mmcme2_adv_CLKIN1_CLKOUT0)
                                                     -7.324    -4.751 r  clk_wiz_inst/inst/mmcm_adv_inst/CLKOUT0
                         net (fo=1, routed)           1.639    -3.112    clk_wiz_inst/inst/clk_out1_clk_wiz_0
    BUFGCTRL_X0Y16       BUFG (Prop_bufg_I_O)         0.091    -3.021 r  clk_wiz_inst/inst/clkout1_buf/O
                         net (fo=649, routed)         1.692    -1.329    Core_Unit/DatapathCore/ff_Execute/ff_RD1E/clk_out1
    SLICE_X13Y45         FDRE                                         r  Core_Unit/DatapathCore/ff_Execute/ff_RD1E/qout_reg[16]/C

Slack:                    inf
  Source:                 reset
                            (input port)
  Destination:            Core_Unit/DatapathCore/ff_Execute/ff_RD1E/qout_reg[0]/R
                            (rising edge-triggered cell FDRE clocked by clk_out1_clk_wiz_0  {rise@0.000ns fall@6.667ns period=13.333ns})
  Path Group:             (none)
  Path Type:              Setup (Max at Slow Process Corner)
  Data Path Delay:        7.063ns  (logic 1.602ns (22.676%)  route 5.461ns (77.324%))
  Logic Levels:           2  (IBUF=1 LUT6=1)
  Clock Path Skew:        -1.330ns (DCD - SCD + CPR)
    Destination Clock Delay (DCD):    -1.330ns
    Source Clock Delay      (SCD):    0.000ns
    Clock Pessimism Removal (CPR):    0.000ns
  Clock Uncertainty:      0.353ns  ((TSJ^2 + DJ^2)^1/2) / 2 + PE
    Total System Jitter     (TSJ):    0.050ns
    Discrete Jitter          (DJ):    0.226ns
    Phase Error              (PE):    0.237ns

    Location             Delay type                Incr(ns)  Path(ns)    Netlist Resource(s)
  -------------------------------------------------------------------    -------------------
    J15                                               0.000     0.000 r  reset (IN)
                         net (fo=0)                   0.000     0.000    reset
    J15                  IBUF (Prop_ibuf_I_O)         1.478     1.478 r  reset_IBUF_inst/O
                         net (fo=244, routed)         4.441     5.918    Core_Unit/DatapathCore/ff_Execute/ff_InstrE/reset_IBUF
    SLICE_X9Y43          LUT6 (Prop_lut6_I5_O)        0.124     6.042 r  Core_Unit/DatapathCore/ff_Execute/ff_InstrE/qout[19]_i_1__1/O
                         net (fo=198, routed)         1.020     7.063    Core_Unit/DatapathCore/ff_Execute/ff_RD1E/SR[0]
    SLICE_X12Y41         FDRE                                         r  Core_Unit/DatapathCore/ff_Execute/ff_RD1E/qout_reg[0]/R
  -------------------------------------------------------------------    -------------------

                         (clock clk_out1_clk_wiz_0 rise edge)
                                                      0.000     0.000 r  
    E3                                                0.000     0.000 r  clk_100MHz (IN)
                         net (fo=0)                   0.000     0.000    clk_wiz_inst/inst/clk_in1
    E3                   IBUF (Prop_ibuf_I_O)         1.411     1.411 r  clk_wiz_inst/inst/clkin1_ibufg/O
                         net (fo=1, routed)           1.162     2.573    clk_wiz_inst/inst/clk_in1_clk_wiz_0
    MMCME2_ADV_X1Y2      MMCME2_ADV (Prop_mmcme2_adv_CLKIN1_CLKOUT0)
                                                     -7.324    -4.751 r  clk_wiz_inst/inst/mmcm_adv_inst/CLKOUT0
                         net (fo=1, routed)           1.639    -3.112    clk_wiz_inst/inst/clk_out1_clk_wiz_0
    BUFGCTRL_X0Y16       BUFG (Prop_bufg_I_O)         0.091    -3.021 r  clk_wiz_inst/inst/clkout1_buf/O
                         net (fo=649, routed)         1.691    -1.330    Core_Unit/DatapathCore/ff_Execute/ff_RD1E/clk_out1
    SLICE_X12Y41         FDRE                                         r  Core_Unit/DatapathCore/ff_Execute/ff_RD1E/qout_reg[0]/C

Slack:                    inf
  Source:                 reset
                            (input port)
  Destination:            Core_Unit/DatapathCore/ff_Execute/ff_RD2E/qout_reg[6]/R
                            (rising edge-triggered cell FDRE clocked by clk_out1_clk_wiz_0  {rise@0.000ns fall@6.667ns period=13.333ns})
  Path Group:             (none)
  Path Type:              Setup (Max at Slow Process Corner)
  Data Path Delay:        7.063ns  (logic 1.602ns (22.676%)  route 5.461ns (77.324%))
  Logic Levels:           2  (IBUF=1 LUT6=1)
  Clock Path Skew:        -1.330ns (DCD - SCD + CPR)
    Destination Clock Delay (DCD):    -1.330ns
    Source Clock Delay      (SCD):    0.000ns
    Clock Pessimism Removal (CPR):    0.000ns
  Clock Uncertainty:      0.353ns  ((TSJ^2 + DJ^2)^1/2) / 2 + PE
    Total System Jitter     (TSJ):    0.050ns
    Discrete Jitter          (DJ):    0.226ns
    Phase Error              (PE):    0.237ns

    Location             Delay type                Incr(ns)  Path(ns)    Netlist Resource(s)
  -------------------------------------------------------------------    -------------------
    J15                                               0.000     0.000 r  reset (IN)
                         net (fo=0)                   0.000     0.000    reset
    J15                  IBUF (Prop_ibuf_I_O)         1.478     1.478 r  reset_IBUF_inst/O
                         net (fo=244, routed)         4.441     5.918    Core_Unit/DatapathCore/ff_Execute/ff_InstrE/reset_IBUF
    SLICE_X9Y43          LUT6 (Prop_lut6_I5_O)        0.124     6.042 r  Core_Unit/DatapathCore/ff_Execute/ff_InstrE/qout[19]_i_1__1/O
                         net (fo=198, routed)         1.020     7.063    Core_Unit/DatapathCore/ff_Execute/ff_RD2E/SR[0]
    SLICE_X13Y41         FDRE                                         r  Core_Unit/DatapathCore/ff_Execute/ff_RD2E/qout_reg[6]/R
  -------------------------------------------------------------------    -------------------

                         (clock clk_out1_clk_wiz_0 rise edge)
                                                      0.000     0.000 r  
    E3                                                0.000     0.000 r  clk_100MHz (IN)
                         net (fo=0)                   0.000     0.000    clk_wiz_inst/inst/clk_in1
    E3                   IBUF (Prop_ibuf_I_O)         1.411     1.411 r  clk_wiz_inst/inst/clkin1_ibufg/O
                         net (fo=1, routed)           1.162     2.573    clk_wiz_inst/inst/clk_in1_clk_wiz_0
    MMCME2_ADV_X1Y2      MMCME2_ADV (Prop_mmcme2_adv_CLKIN1_CLKOUT0)
                                                     -7.324    -4.751 r  clk_wiz_inst/inst/mmcm_adv_inst/CLKOUT0
                         net (fo=1, routed)           1.639    -3.112    clk_wiz_inst/inst/clk_out1_clk_wiz_0
    BUFGCTRL_X0Y16       BUFG (Prop_bufg_I_O)         0.091    -3.021 r  clk_wiz_inst/inst/clkout1_buf/O
                         net (fo=649, routed)         1.691    -1.330    Core_Unit/DatapathCore/ff_Execute/ff_RD2E/clk_out1
    SLICE_X13Y41         FDRE                                         r  Core_Unit/DatapathCore/ff_Execute/ff_RD2E/qout_reg[6]/C

Slack:                    inf
  Source:                 reset
                            (input port)
  Destination:            Core_Unit/DatapathCore/ff_Execute/ff_RD1E/qout_reg[12]/R
                            (rising edge-triggered cell FDRE clocked by clk_out1_clk_wiz_0  {rise@0.000ns fall@6.667ns period=13.333ns})
  Path Group:             (none)
  Path Type:              Setup (Max at Slow Process Corner)
  Data Path Delay:        7.058ns  (logic 1.602ns (22.690%)  route 5.457ns (77.310%))
  Logic Levels:           2  (IBUF=1 LUT6=1)
  Clock Path Skew:        -1.329ns (DCD - SCD + CPR)
    Destination Clock Delay (DCD):    -1.329ns
    Source Clock Delay      (SCD):    0.000ns
    Clock Pessimism Removal (CPR):    0.000ns
  Clock Uncertainty:      0.353ns  ((TSJ^2 + DJ^2)^1/2) / 2 + PE
    Total System Jitter     (TSJ):    0.050ns
    Discrete Jitter          (DJ):    0.226ns
    Phase Error              (PE):    0.237ns

    Location             Delay type                Incr(ns)  Path(ns)    Netlist Resource(s)
  -------------------------------------------------------------------    -------------------
    J15                                               0.000     0.000 r  reset (IN)
                         net (fo=0)                   0.000     0.000    reset
    J15                  IBUF (Prop_ibuf_I_O)         1.478     1.478 r  reset_IBUF_inst/O
                         net (fo=244, routed)         4.441     5.918    Core_Unit/DatapathCore/ff_Execute/ff_InstrE/reset_IBUF
    SLICE_X9Y43          LUT6 (Prop_lut6_I5_O)        0.124     6.042 r  Core_Unit/DatapathCore/ff_Execute/ff_InstrE/qout[19]_i_1__1/O
                         net (fo=198, routed)         1.016     7.058    Core_Unit/DatapathCore/ff_Execute/ff_RD1E/SR[0]
    SLICE_X12Y43         FDRE                                         r  Core_Unit/DatapathCore/ff_Execute/ff_RD1E/qout_reg[12]/R
  -------------------------------------------------------------------    -------------------

                         (clock clk_out1_clk_wiz_0 rise edge)
                                                      0.000     0.000 r  
    E3                                                0.000     0.000 r  clk_100MHz (IN)
                         net (fo=0)                   0.000     0.000    clk_wiz_inst/inst/clk_in1
    E3                   IBUF (Prop_ibuf_I_O)         1.411     1.411 r  clk_wiz_inst/inst/clkin1_ibufg/O
                         net (fo=1, routed)           1.162     2.573    clk_wiz_inst/inst/clk_in1_clk_wiz_0
    MMCME2_ADV_X1Y2      MMCME2_ADV (Prop_mmcme2_adv_CLKIN1_CLKOUT0)
                                                     -7.324    -4.751 r  clk_wiz_inst/inst/mmcm_adv_inst/CLKOUT0
                         net (fo=1, routed)           1.639    -3.112    clk_wiz_inst/inst/clk_out1_clk_wiz_0
    BUFGCTRL_X0Y16       BUFG (Prop_bufg_I_O)         0.091    -3.021 r  clk_wiz_inst/inst/clkout1_buf/O
                         net (fo=649, routed)         1.692    -1.329    Core_Unit/DatapathCore/ff_Execute/ff_RD1E/clk_out1
    SLICE_X12Y43         FDRE                                         r  Core_Unit/DatapathCore/ff_Execute/ff_RD1E/qout_reg[12]/C





Min Delay Paths
--------------------------------------------------------------------------------------
Slack:                    inf
  Source:                 reset
                            (input port)
  Destination:            Core_Unit/DatapathCore/ff_Fetch/ff_RE_interior/qout_reg[29]/R
                            (rising edge-triggered cell FDRE clocked by clk_out1_clk_wiz_0  {rise@0.000ns fall@6.667ns period=13.333ns})
  Path Group:             (none)
  Path Type:              Hold (Min at Fast Process Corner)
  Data Path Delay:        1.479ns  (logic 0.245ns (16.600%)  route 1.233ns (83.400%))
  Logic Levels:           1  (IBUF=1)
  Clock Path Skew:        -0.798ns (DCD - SCD - CPR)
    Destination Clock Delay (DCD):    -0.798ns
    Source Clock Delay      (SCD):    0.000ns
    Clock Pessimism Removal (CPR):    -0.000ns

    Location             Delay type                Incr(ns)  Path(ns)    Netlist Resource(s)
  -------------------------------------------------------------------    -------------------
    J15                                               0.000     0.000 r  reset (IN)
                         net (fo=0)                   0.000     0.000    reset
    J15                  IBUF (Prop_ibuf_I_O)         0.245     0.245 r  reset_IBUF_inst/O
                         net (fo=244, routed)         1.233     1.479    Core_Unit/DatapathCore/ff_Fetch/ff_RE_interior/reset_IBUF
    SLICE_X5Y50          FDRE                                         r  Core_Unit/DatapathCore/ff_Fetch/ff_RE_interior/qout_reg[29]/R
  -------------------------------------------------------------------    -------------------

                         (clock clk_out1_clk_wiz_0 rise edge)
                                                      0.000     0.000 r  
    E3                                                0.000     0.000 r  clk_100MHz (IN)
                         net (fo=0)                   0.000     0.000    clk_wiz_inst/inst/clk_in1
    E3                   IBUF (Prop_ibuf_I_O)         0.438     0.438 r  clk_wiz_inst/inst/clkin1_ibufg/O
                         net (fo=1, routed)           0.480     0.918    clk_wiz_inst/inst/clk_in1_clk_wiz_0
    MMCME2_ADV_X1Y2      MMCME2_ADV (Prop_mmcme2_adv_CLKIN1_CLKOUT0)
                                                     -3.163    -2.245 r  clk_wiz_inst/inst/mmcm_adv_inst/CLKOUT0
                         net (fo=1, routed)           0.544    -1.702    clk_wiz_inst/inst/clk_out1_clk_wiz_0
    BUFGCTRL_X0Y16       BUFG (Prop_bufg_I_O)         0.029    -1.673 r  clk_wiz_inst/inst/clkout1_buf/O
                         net (fo=649, routed)         0.875    -0.798    Core_Unit/DatapathCore/ff_Fetch/ff_RE_interior/clk_out1
    SLICE_X5Y50          FDRE                                         r  Core_Unit/DatapathCore/ff_Fetch/ff_RE_interior/qout_reg[29]/C

Slack:                    inf
  Source:                 reset
                            (input port)
  Destination:            Core_Unit/DatapathCore/ff_Fetch/ff_RE_interior/qout_reg[30]/R
                            (rising edge-triggered cell FDRE clocked by clk_out1_clk_wiz_0  {rise@0.000ns fall@6.667ns period=13.333ns})
  Path Group:             (none)
  Path Type:              Hold (Min at Fast Process Corner)
  Data Path Delay:        1.479ns  (logic 0.245ns (16.600%)  route 1.233ns (83.400%))
  Logic Levels:           1  (IBUF=1)
  Clock Path Skew:        -0.798ns (DCD - SCD - CPR)
    Destination Clock Delay (DCD):    -0.798ns
    Source Clock Delay      (SCD):    0.000ns
    Clock Pessimism Removal (CPR):    -0.000ns

    Location             Delay type                Incr(ns)  Path(ns)    Netlist Resource(s)
  -------------------------------------------------------------------    -------------------
    J15                                               0.000     0.000 r  reset (IN)
                         net (fo=0)                   0.000     0.000    reset
    J15                  IBUF (Prop_ibuf_I_O)         0.245     0.245 r  reset_IBUF_inst/O
                         net (fo=244, routed)         1.233     1.479    Core_Unit/DatapathCore/ff_Fetch/ff_RE_interior/reset_IBUF
    SLICE_X5Y50          FDRE                                         r  Core_Unit/DatapathCore/ff_Fetch/ff_RE_interior/qout_reg[30]/R
  -------------------------------------------------------------------    -------------------

                         (clock clk_out1_clk_wiz_0 rise edge)
                                                      0.000     0.000 r  
    E3                                                0.000     0.000 r  clk_100MHz (IN)
                         net (fo=0)                   0.000     0.000    clk_wiz_inst/inst/clk_in1
    E3                   IBUF (Prop_ibuf_I_O)         0.438     0.438 r  clk_wiz_inst/inst/clkin1_ibufg/O
                         net (fo=1, routed)           0.480     0.918    clk_wiz_inst/inst/clk_in1_clk_wiz_0
    MMCME2_ADV_X1Y2      MMCME2_ADV (Prop_mmcme2_adv_CLKIN1_CLKOUT0)
                                                     -3.163    -2.245 r  clk_wiz_inst/inst/mmcm_adv_inst/CLKOUT0
                         net (fo=1, routed)           0.544    -1.702    clk_wiz_inst/inst/clk_out1_clk_wiz_0
    BUFGCTRL_X0Y16       BUFG (Prop_bufg_I_O)         0.029    -1.673 r  clk_wiz_inst/inst/clkout1_buf/O
                         net (fo=649, routed)         0.875    -0.798    Core_Unit/DatapathCore/ff_Fetch/ff_RE_interior/clk_out1
    SLICE_X5Y50          FDRE                                         r  Core_Unit/DatapathCore/ff_Fetch/ff_RE_interior/qout_reg[30]/C

Slack:                    inf
  Source:                 reset
                            (input port)
  Destination:            Core_Unit/DatapathCore/ff_Fetch/ff_RE_interior/qout_reg[31]/R
                            (rising edge-triggered cell FDRE clocked by clk_out1_clk_wiz_0  {rise@0.000ns fall@6.667ns period=13.333ns})
  Path Group:             (none)
  Path Type:              Hold (Min at Fast Process Corner)
  Data Path Delay:        1.479ns  (logic 0.245ns (16.600%)  route 1.233ns (83.400%))
  Logic Levels:           1  (IBUF=1)
  Clock Path Skew:        -0.798ns (DCD - SCD - CPR)
    Destination Clock Delay (DCD):    -0.798ns
    Source Clock Delay      (SCD):    0.000ns
    Clock Pessimism Removal (CPR):    -0.000ns

    Location             Delay type                Incr(ns)  Path(ns)    Netlist Resource(s)
  -------------------------------------------------------------------    -------------------
    J15                                               0.000     0.000 r  reset (IN)
                         net (fo=0)                   0.000     0.000    reset
    J15                  IBUF (Prop_ibuf_I_O)         0.245     0.245 r  reset_IBUF_inst/O
                         net (fo=244, routed)         1.233     1.479    Core_Unit/DatapathCore/ff_Fetch/ff_RE_interior/reset_IBUF
    SLICE_X5Y50          FDRE                                         r  Core_Unit/DatapathCore/ff_Fetch/ff_RE_interior/qout_reg[31]/R
  -------------------------------------------------------------------    -------------------

                         (clock clk_out1_clk_wiz_0 rise edge)
                                                      0.000     0.000 r  
    E3                                                0.000     0.000 r  clk_100MHz (IN)
                         net (fo=0)                   0.000     0.000    clk_wiz_inst/inst/clk_in1
    E3                   IBUF (Prop_ibuf_I_O)         0.438     0.438 r  clk_wiz_inst/inst/clkin1_ibufg/O
                         net (fo=1, routed)           0.480     0.918    clk_wiz_inst/inst/clk_in1_clk_wiz_0
    MMCME2_ADV_X1Y2      MMCME2_ADV (Prop_mmcme2_adv_CLKIN1_CLKOUT0)
                                                     -3.163    -2.245 r  clk_wiz_inst/inst/mmcm_adv_inst/CLKOUT0
                         net (fo=1, routed)           0.544    -1.702    clk_wiz_inst/inst/clk_out1_clk_wiz_0
    BUFGCTRL_X0Y16       BUFG (Prop_bufg_I_O)         0.029    -1.673 r  clk_wiz_inst/inst/clkout1_buf/O
                         net (fo=649, routed)         0.875    -0.798    Core_Unit/DatapathCore/ff_Fetch/ff_RE_interior/clk_out1
    SLICE_X5Y50          FDRE                                         r  Core_Unit/DatapathCore/ff_Fetch/ff_RE_interior/qout_reg[31]/C

Slack:                    inf
  Source:                 reset
                            (input port)
  Destination:            Core_Unit/DatapathCore/ff_Fetch/ff_RE_interior/qout_reg[25]/R
                            (rising edge-triggered cell FDRE clocked by clk_out1_clk_wiz_0  {rise@0.000ns fall@6.667ns period=13.333ns})
  Path Group:             (none)
  Path Type:              Hold (Min at Fast Process Corner)
  Data Path Delay:        1.510ns  (logic 0.245ns (16.257%)  route 1.264ns (83.743%))
  Logic Levels:           1  (IBUF=1)
  Clock Path Skew:        -0.726ns (DCD - SCD - CPR)
    Destination Clock Delay (DCD):    -0.726ns
    Source Clock Delay      (SCD):    0.000ns
    Clock Pessimism Removal (CPR):    -0.000ns

    Location             Delay type                Incr(ns)  Path(ns)    Netlist Resource(s)
  -------------------------------------------------------------------    -------------------
    J15                                               0.000     0.000 r  reset (IN)
                         net (fo=0)                   0.000     0.000    reset
    J15                  IBUF (Prop_ibuf_I_O)         0.245     0.245 r  reset_IBUF_inst/O
                         net (fo=244, routed)         1.264     1.510    Core_Unit/DatapathCore/ff_Fetch/ff_RE_interior/reset_IBUF
    SLICE_X5Y49          FDRE                                         r  Core_Unit/DatapathCore/ff_Fetch/ff_RE_interior/qout_reg[25]/R
  -------------------------------------------------------------------    -------------------

                         (clock clk_out1_clk_wiz_0 rise edge)
                                                      0.000     0.000 r  
    E3                                                0.000     0.000 r  clk_100MHz (IN)
                         net (fo=0)                   0.000     0.000    clk_wiz_inst/inst/clk_in1
    E3                   IBUF (Prop_ibuf_I_O)         0.438     0.438 r  clk_wiz_inst/inst/clkin1_ibufg/O
                         net (fo=1, routed)           0.480     0.918    clk_wiz_inst/inst/clk_in1_clk_wiz_0
    MMCME2_ADV_X1Y2      MMCME2_ADV (Prop_mmcme2_adv_CLKIN1_CLKOUT0)
                                                     -3.163    -2.245 r  clk_wiz_inst/inst/mmcm_adv_inst/CLKOUT0
                         net (fo=1, routed)           0.544    -1.702    clk_wiz_inst/inst/clk_out1_clk_wiz_0
    BUFGCTRL_X0Y16       BUFG (Prop_bufg_I_O)         0.029    -1.673 r  clk_wiz_inst/inst/clkout1_buf/O
                         net (fo=649, routed)         0.947    -0.726    Core_Unit/DatapathCore/ff_Fetch/ff_RE_interior/clk_out1
    SLICE_X5Y49          FDRE                                         r  Core_Unit/DatapathCore/ff_Fetch/ff_RE_interior/qout_reg[25]/C

Slack:                    inf
  Source:                 reset
                            (input port)
  Destination:            Core_Unit/DatapathCore/ff_Fetch/ff_RE_interior/qout_reg[26]/R
                            (rising edge-triggered cell FDRE clocked by clk_out1_clk_wiz_0  {rise@0.000ns fall@6.667ns period=13.333ns})
  Path Group:             (none)
  Path Type:              Hold (Min at Fast Process Corner)
  Data Path Delay:        1.510ns  (logic 0.245ns (16.257%)  route 1.264ns (83.743%))
  Logic Levels:           1  (IBUF=1)
  Clock Path Skew:        -0.726ns (DCD - SCD - CPR)
    Destination Clock Delay (DCD):    -0.726ns
    Source Clock Delay      (SCD):    0.000ns
    Clock Pessimism Removal (CPR):    -0.000ns

    Location             Delay type                Incr(ns)  Path(ns)    Netlist Resource(s)
  -------------------------------------------------------------------    -------------------
    J15                                               0.000     0.000 r  reset (IN)
                         net (fo=0)                   0.000     0.000    reset
    J15                  IBUF (Prop_ibuf_I_O)         0.245     0.245 r  reset_IBUF_inst/O
                         net (fo=244, routed)         1.264     1.510    Core_Unit/DatapathCore/ff_Fetch/ff_RE_interior/reset_IBUF
    SLICE_X5Y49          FDRE                                         r  Core_Unit/DatapathCore/ff_Fetch/ff_RE_interior/qout_reg[26]/R
  -------------------------------------------------------------------    -------------------

                         (clock clk_out1_clk_wiz_0 rise edge)
                                                      0.000     0.000 r  
    E3                                                0.000     0.000 r  clk_100MHz (IN)
                         net (fo=0)                   0.000     0.000    clk_wiz_inst/inst/clk_in1
    E3                   IBUF (Prop_ibuf_I_O)         0.438     0.438 r  clk_wiz_inst/inst/clkin1_ibufg/O
                         net (fo=1, routed)           0.480     0.918    clk_wiz_inst/inst/clk_in1_clk_wiz_0
    MMCME2_ADV_X1Y2      MMCME2_ADV (Prop_mmcme2_adv_CLKIN1_CLKOUT0)
                                                     -3.163    -2.245 r  clk_wiz_inst/inst/mmcm_adv_inst/CLKOUT0
                         net (fo=1, routed)           0.544    -1.702    clk_wiz_inst/inst/clk_out1_clk_wiz_0
    BUFGCTRL_X0Y16       BUFG (Prop_bufg_I_O)         0.029    -1.673 r  clk_wiz_inst/inst/clkout1_buf/O
                         net (fo=649, routed)         0.947    -0.726    Core_Unit/DatapathCore/ff_Fetch/ff_RE_interior/clk_out1
    SLICE_X5Y49          FDRE                                         r  Core_Unit/DatapathCore/ff_Fetch/ff_RE_interior/qout_reg[26]/C

Slack:                    inf
  Source:                 reset
                            (input port)
  Destination:            Core_Unit/DatapathCore/ff_Fetch/ff_RE_interior/qout_reg[27]/R
                            (rising edge-triggered cell FDRE clocked by clk_out1_clk_wiz_0  {rise@0.000ns fall@6.667ns period=13.333ns})
  Path Group:             (none)
  Path Type:              Hold (Min at Fast Process Corner)
  Data Path Delay:        1.510ns  (logic 0.245ns (16.257%)  route 1.264ns (83.743%))
  Logic Levels:           1  (IBUF=1)
  Clock Path Skew:        -0.726ns (DCD - SCD - CPR)
    Destination Clock Delay (DCD):    -0.726ns
    Source Clock Delay      (SCD):    0.000ns
    Clock Pessimism Removal (CPR):    -0.000ns

    Location             Delay type                Incr(ns)  Path(ns)    Netlist Resource(s)
  -------------------------------------------------------------------    -------------------
    J15                                               0.000     0.000 r  reset (IN)
                         net (fo=0)                   0.000     0.000    reset
    J15                  IBUF (Prop_ibuf_I_O)         0.245     0.245 r  reset_IBUF_inst/O
                         net (fo=244, routed)         1.264     1.510    Core_Unit/DatapathCore/ff_Fetch/ff_RE_interior/reset_IBUF
    SLICE_X5Y49          FDRE                                         r  Core_Unit/DatapathCore/ff_Fetch/ff_RE_interior/qout_reg[27]/R
  -------------------------------------------------------------------    -------------------

                         (clock clk_out1_clk_wiz_0 rise edge)
                                                      0.000     0.000 r  
    E3                                                0.000     0.000 r  clk_100MHz (IN)
                         net (fo=0)                   0.000     0.000    clk_wiz_inst/inst/clk_in1
    E3                   IBUF (Prop_ibuf_I_O)         0.438     0.438 r  clk_wiz_inst/inst/clkin1_ibufg/O
                         net (fo=1, routed)           0.480     0.918    clk_wiz_inst/inst/clk_in1_clk_wiz_0
    MMCME2_ADV_X1Y2      MMCME2_ADV (Prop_mmcme2_adv_CLKIN1_CLKOUT0)
                                                     -3.163    -2.245 r  clk_wiz_inst/inst/mmcm_adv_inst/CLKOUT0
                         net (fo=1, routed)           0.544    -1.702    clk_wiz_inst/inst/clk_out1_clk_wiz_0
    BUFGCTRL_X0Y16       BUFG (Prop_bufg_I_O)         0.029    -1.673 r  clk_wiz_inst/inst/clkout1_buf/O
                         net (fo=649, routed)         0.947    -0.726    Core_Unit/DatapathCore/ff_Fetch/ff_RE_interior/clk_out1
    SLICE_X5Y49          FDRE                                         r  Core_Unit/DatapathCore/ff_Fetch/ff_RE_interior/qout_reg[27]/C

Slack:                    inf
  Source:                 reset
                            (input port)
  Destination:            Core_Unit/DatapathCore/ff_Fetch/ff_RE_interior/qout_reg[28]/R
                            (rising edge-triggered cell FDRE clocked by clk_out1_clk_wiz_0  {rise@0.000ns fall@6.667ns period=13.333ns})
  Path Group:             (none)
  Path Type:              Hold (Min at Fast Process Corner)
  Data Path Delay:        1.510ns  (logic 0.245ns (16.257%)  route 1.264ns (83.743%))
  Logic Levels:           1  (IBUF=1)
  Clock Path Skew:        -0.726ns (DCD - SCD - CPR)
    Destination Clock Delay (DCD):    -0.726ns
    Source Clock Delay      (SCD):    0.000ns
    Clock Pessimism Removal (CPR):    -0.000ns

    Location             Delay type                Incr(ns)  Path(ns)    Netlist Resource(s)
  -------------------------------------------------------------------    -------------------
    J15                                               0.000     0.000 r  reset (IN)
                         net (fo=0)                   0.000     0.000    reset
    J15                  IBUF (Prop_ibuf_I_O)         0.245     0.245 r  reset_IBUF_inst/O
                         net (fo=244, routed)         1.264     1.510    Core_Unit/DatapathCore/ff_Fetch/ff_RE_interior/reset_IBUF
    SLICE_X5Y49          FDRE                                         r  Core_Unit/DatapathCore/ff_Fetch/ff_RE_interior/qout_reg[28]/R
  -------------------------------------------------------------------    -------------------

                         (clock clk_out1_clk_wiz_0 rise edge)
                                                      0.000     0.000 r  
    E3                                                0.000     0.000 r  clk_100MHz (IN)
                         net (fo=0)                   0.000     0.000    clk_wiz_inst/inst/clk_in1
    E3                   IBUF (Prop_ibuf_I_O)         0.438     0.438 r  clk_wiz_inst/inst/clkin1_ibufg/O
                         net (fo=1, routed)           0.480     0.918    clk_wiz_inst/inst/clk_in1_clk_wiz_0
    MMCME2_ADV_X1Y2      MMCME2_ADV (Prop_mmcme2_adv_CLKIN1_CLKOUT0)
                                                     -3.163    -2.245 r  clk_wiz_inst/inst/mmcm_adv_inst/CLKOUT0
                         net (fo=1, routed)           0.544    -1.702    clk_wiz_inst/inst/clk_out1_clk_wiz_0
    BUFGCTRL_X0Y16       BUFG (Prop_bufg_I_O)         0.029    -1.673 r  clk_wiz_inst/inst/clkout1_buf/O
                         net (fo=649, routed)         0.947    -0.726    Core_Unit/DatapathCore/ff_Fetch/ff_RE_interior/clk_out1
    SLICE_X5Y49          FDRE                                         r  Core_Unit/DatapathCore/ff_Fetch/ff_RE_interior/qout_reg[28]/C

Slack:                    inf
  Source:                 reset
                            (input port)
  Destination:            Core_Unit/DatapathCore/ff_Memory/ff_PCPlus4M/qout_reg[18]/R
                            (rising edge-triggered cell FDRE clocked by clk_out1_clk_wiz_0  {rise@0.000ns fall@6.667ns period=13.333ns})
  Path Group:             (none)
  Path Type:              Hold (Min at Fast Process Corner)
  Data Path Delay:        1.514ns  (logic 0.245ns (16.210%)  route 1.269ns (83.790%))
  Logic Levels:           1  (IBUF=1)
  Clock Path Skew:        -0.726ns (DCD - SCD - CPR)
    Destination Clock Delay (DCD):    -0.726ns
    Source Clock Delay      (SCD):    0.000ns
    Clock Pessimism Removal (CPR):    -0.000ns

    Location             Delay type                Incr(ns)  Path(ns)    Netlist Resource(s)
  -------------------------------------------------------------------    -------------------
    J15                                               0.000     0.000 r  reset (IN)
                         net (fo=0)                   0.000     0.000    reset
    J15                  IBUF (Prop_ibuf_I_O)         0.245     0.245 r  reset_IBUF_inst/O
                         net (fo=244, routed)         1.269     1.514    Core_Unit/DatapathCore/ff_Memory/ff_PCPlus4M/reset_IBUF
    SLICE_X4Y49          FDRE                                         r  Core_Unit/DatapathCore/ff_Memory/ff_PCPlus4M/qout_reg[18]/R
  -------------------------------------------------------------------    -------------------

                         (clock clk_out1_clk_wiz_0 rise edge)
                                                      0.000     0.000 r  
    E3                                                0.000     0.000 r  clk_100MHz (IN)
                         net (fo=0)                   0.000     0.000    clk_wiz_inst/inst/clk_in1
    E3                   IBUF (Prop_ibuf_I_O)         0.438     0.438 r  clk_wiz_inst/inst/clkin1_ibufg/O
                         net (fo=1, routed)           0.480     0.918    clk_wiz_inst/inst/clk_in1_clk_wiz_0
    MMCME2_ADV_X1Y2      MMCME2_ADV (Prop_mmcme2_adv_CLKIN1_CLKOUT0)
                                                     -3.163    -2.245 r  clk_wiz_inst/inst/mmcm_adv_inst/CLKOUT0
                         net (fo=1, routed)           0.544    -1.702    clk_wiz_inst/inst/clk_out1_clk_wiz_0
    BUFGCTRL_X0Y16       BUFG (Prop_bufg_I_O)         0.029    -1.673 r  clk_wiz_inst/inst/clkout1_buf/O
                         net (fo=649, routed)         0.947    -0.726    Core_Unit/DatapathCore/ff_Memory/ff_PCPlus4M/clk_out1
    SLICE_X4Y49          FDRE                                         r  Core_Unit/DatapathCore/ff_Memory/ff_PCPlus4M/qout_reg[18]/C

Slack:                    inf
  Source:                 reset
                            (input port)
  Destination:            Core_Unit/DatapathCore/ff_Memory/ff_PCPlus4M/qout_reg[19]/R
                            (rising edge-triggered cell FDRE clocked by clk_out1_clk_wiz_0  {rise@0.000ns fall@6.667ns period=13.333ns})
  Path Group:             (none)
  Path Type:              Hold (Min at Fast Process Corner)
  Data Path Delay:        1.514ns  (logic 0.245ns (16.210%)  route 1.269ns (83.790%))
  Logic Levels:           1  (IBUF=1)
  Clock Path Skew:        -0.726ns (DCD - SCD - CPR)
    Destination Clock Delay (DCD):    -0.726ns
    Source Clock Delay      (SCD):    0.000ns
    Clock Pessimism Removal (CPR):    -0.000ns

    Location             Delay type                Incr(ns)  Path(ns)    Netlist Resource(s)
  -------------------------------------------------------------------    -------------------
    J15                                               0.000     0.000 r  reset (IN)
                         net (fo=0)                   0.000     0.000    reset
    J15                  IBUF (Prop_ibuf_I_O)         0.245     0.245 r  reset_IBUF_inst/O
                         net (fo=244, routed)         1.269     1.514    Core_Unit/DatapathCore/ff_Memory/ff_PCPlus4M/reset_IBUF
    SLICE_X4Y49          FDRE                                         r  Core_Unit/DatapathCore/ff_Memory/ff_PCPlus4M/qout_reg[19]/R
  -------------------------------------------------------------------    -------------------

                         (clock clk_out1_clk_wiz_0 rise edge)
                                                      0.000     0.000 r  
    E3                                                0.000     0.000 r  clk_100MHz (IN)
                         net (fo=0)                   0.000     0.000    clk_wiz_inst/inst/clk_in1
    E3                   IBUF (Prop_ibuf_I_O)         0.438     0.438 r  clk_wiz_inst/inst/clkin1_ibufg/O
                         net (fo=1, routed)           0.480     0.918    clk_wiz_inst/inst/clk_in1_clk_wiz_0
    MMCME2_ADV_X1Y2      MMCME2_ADV (Prop_mmcme2_adv_CLKIN1_CLKOUT0)
                                                     -3.163    -2.245 r  clk_wiz_inst/inst/mmcm_adv_inst/CLKOUT0
                         net (fo=1, routed)           0.544    -1.702    clk_wiz_inst/inst/clk_out1_clk_wiz_0
    BUFGCTRL_X0Y16       BUFG (Prop_bufg_I_O)         0.029    -1.673 r  clk_wiz_inst/inst/clkout1_buf/O
                         net (fo=649, routed)         0.947    -0.726    Core_Unit/DatapathCore/ff_Memory/ff_PCPlus4M/clk_out1
    SLICE_X4Y49          FDRE                                         r  Core_Unit/DatapathCore/ff_Memory/ff_PCPlus4M/qout_reg[19]/C

Slack:                    inf
  Source:                 reset
                            (input port)
  Destination:            Core_Unit/DatapathCore/ff_Memory/ff_PCPlus4M/qout_reg[20]/R
                            (rising edge-triggered cell FDRE clocked by clk_out1_clk_wiz_0  {rise@0.000ns fall@6.667ns period=13.333ns})
  Path Group:             (none)
  Path Type:              Hold (Min at Fast Process Corner)
  Data Path Delay:        1.514ns  (logic 0.245ns (16.210%)  route 1.269ns (83.790%))
  Logic Levels:           1  (IBUF=1)
  Clock Path Skew:        -0.726ns (DCD - SCD - CPR)
    Destination Clock Delay (DCD):    -0.726ns
    Source Clock Delay      (SCD):    0.000ns
    Clock Pessimism Removal (CPR):    -0.000ns

    Location             Delay type                Incr(ns)  Path(ns)    Netlist Resource(s)
  -------------------------------------------------------------------    -------------------
    J15                                               0.000     0.000 r  reset (IN)
                         net (fo=0)                   0.000     0.000    reset
    J15                  IBUF (Prop_ibuf_I_O)         0.245     0.245 r  reset_IBUF_inst/O
                         net (fo=244, routed)         1.269     1.514    Core_Unit/DatapathCore/ff_Memory/ff_PCPlus4M/reset_IBUF
    SLICE_X4Y49          FDRE                                         r  Core_Unit/DatapathCore/ff_Memory/ff_PCPlus4M/qout_reg[20]/R
  -------------------------------------------------------------------    -------------------

                         (clock clk_out1_clk_wiz_0 rise edge)
                                                      0.000     0.000 r  
    E3                                                0.000     0.000 r  clk_100MHz (IN)
                         net (fo=0)                   0.000     0.000    clk_wiz_inst/inst/clk_in1
    E3                   IBUF (Prop_ibuf_I_O)         0.438     0.438 r  clk_wiz_inst/inst/clkin1_ibufg/O
                         net (fo=1, routed)           0.480     0.918    clk_wiz_inst/inst/clk_in1_clk_wiz_0
    MMCME2_ADV_X1Y2      MMCME2_ADV (Prop_mmcme2_adv_CLKIN1_CLKOUT0)
                                                     -3.163    -2.245 r  clk_wiz_inst/inst/mmcm_adv_inst/CLKOUT0
                         net (fo=1, routed)           0.544    -1.702    clk_wiz_inst/inst/clk_out1_clk_wiz_0
    BUFGCTRL_X0Y16       BUFG (Prop_bufg_I_O)         0.029    -1.673 r  clk_wiz_inst/inst/clkout1_buf/O
                         net (fo=649, routed)         0.947    -0.726    Core_Unit/DatapathCore/ff_Memory/ff_PCPlus4M/clk_out1
    SLICE_X4Y49          FDRE                                         r  Core_Unit/DatapathCore/ff_Memory/ff_PCPlus4M/qout_reg[20]/C





